[2025-03-04 01:33:59,347] INFO [ControllerEventThread controllerId=0] Starting (kafka.controller.ControllerEventManager$ControllerEventThread)
[2025-03-04 01:33:59,406] INFO [Controller id=0] 0 successfully elected as the controller. Epoch incremented to 1 and epoch zk version is now 1 (kafka.controller.KafkaController)
[2025-03-04 01:33:59,419] INFO [Controller id=0] Creating FeatureZNode at path: /feature with contents: FeatureZNode(2,Enabled,Map()) (kafka.controller.KafkaController)
[2025-03-04 01:33:59,487] INFO [Controller id=0] Registering handlers (kafka.controller.KafkaController)
[2025-03-04 01:33:59,494] INFO [Controller id=0] Deleting log dir event notifications (kafka.controller.KafkaController)
[2025-03-04 01:33:59,499] INFO [Controller id=0] Deleting isr change notifications (kafka.controller.KafkaController)
[2025-03-04 01:33:59,503] INFO [Controller id=0] Initializing controller context (kafka.controller.KafkaController)
[2025-03-04 01:33:59,526] INFO [Controller id=0] Initialized broker epochs cache: HashMap(0 -> 25) (kafka.controller.KafkaController)
[2025-03-04 01:33:59,537] DEBUG [Controller id=0] Register BrokerModifications handler for Set(0) (kafka.controller.KafkaController)
[2025-03-04 01:33:59,543] DEBUG [Channel manager on controller 0]: Controller 0 trying to connect to broker 0 (kafka.controller.ControllerChannelManager)
[2025-03-04 01:33:59,557] INFO [RequestSendThread controllerId=0] Starting (kafka.controller.RequestSendThread)
[2025-03-04 01:33:59,559] INFO [Controller id=0] Currently active brokers in the cluster: Set(0) (kafka.controller.KafkaController)
[2025-03-04 01:33:59,560] INFO [Controller id=0] Currently shutting brokers in the cluster: HashSet() (kafka.controller.KafkaController)
[2025-03-04 01:33:59,560] INFO [Controller id=0] Current list of topics in the cluster: HashSet() (kafka.controller.KafkaController)
[2025-03-04 01:33:59,560] INFO [Controller id=0] Fetching topic deletions in progress (kafka.controller.KafkaController)
[2025-03-04 01:33:59,563] INFO [Controller id=0] List of topics to be deleted:  (kafka.controller.KafkaController)
[2025-03-04 01:33:59,564] INFO [Controller id=0] List of topics ineligible for deletion:  (kafka.controller.KafkaController)
[2025-03-04 01:33:59,564] INFO [Controller id=0] Initializing topic deletion manager (kafka.controller.KafkaController)
[2025-03-04 01:33:59,565] INFO [Topic Deletion Manager 0] Initializing manager with initial deletions: Set(), initial ineligible deletions: HashSet() (kafka.controller.TopicDeletionManager)
[2025-03-04 01:33:59,582] INFO [Controller id=0] Sending update metadata request (kafka.controller.KafkaController)
[2025-03-04 01:33:59,606] INFO [ReplicaStateMachine controllerId=0] Initializing replica state (kafka.controller.ZkReplicaStateMachine)
[2025-03-04 01:33:59,607] INFO [ReplicaStateMachine controllerId=0] Triggering online replica state changes (kafka.controller.ZkReplicaStateMachine)
[2025-03-04 01:33:59,617] INFO [ReplicaStateMachine controllerId=0] Triggering offline replica state changes (kafka.controller.ZkReplicaStateMachine)
[2025-03-04 01:33:59,618] DEBUG [ReplicaStateMachine controllerId=0] Started replica state machine with initial state -> HashMap() (kafka.controller.ZkReplicaStateMachine)
[2025-03-04 01:33:59,618] INFO [PartitionStateMachine controllerId=0] Initializing partition state (kafka.controller.ZkPartitionStateMachine)
[2025-03-04 01:33:59,619] INFO [PartitionStateMachine controllerId=0] Triggering online partition state changes (kafka.controller.ZkPartitionStateMachine)
[2025-03-04 01:33:59,623] DEBUG [PartitionStateMachine controllerId=0] Started partition state machine with initial state -> HashMap() (kafka.controller.ZkPartitionStateMachine)
[2025-03-04 01:33:59,623] INFO [Controller id=0] Ready to serve as the new controller with epoch 1 (kafka.controller.KafkaController)
[2025-03-04 01:33:59,632] INFO [Controller id=0] Partitions undergoing preferred replica election:  (kafka.controller.KafkaController)
[2025-03-04 01:33:59,632] INFO [Controller id=0] Partitions that completed preferred replica election:  (kafka.controller.KafkaController)
[2025-03-04 01:33:59,633] INFO [Controller id=0] Skipping preferred replica election for partitions due to topic deletion:  (kafka.controller.KafkaController)
[2025-03-04 01:33:59,635] INFO [Controller id=0] Resuming preferred replica election for partitions:  (kafka.controller.KafkaController)
[2025-03-04 01:33:59,638] INFO [Controller id=0] Starting replica leader election (PREFERRED) for partitions  triggered by ZkTriggered (kafka.controller.KafkaController)
[2025-03-04 01:33:59,670] INFO [Controller id=0] Starting the controller scheduler (kafka.controller.KafkaController)
[2025-03-04 01:34:00,122] INFO [RequestSendThread controllerId=0] Controller 0 connected to DESKTOP-8GKE7FT:9092 (id: 0 rack: null) for sending state change requests (kafka.controller.RequestSendThread)
[2025-03-04 01:34:04,673] INFO [Controller id=0] Processing automatic preferred replica leader election (kafka.controller.KafkaController)
[2025-03-04 01:34:04,674] TRACE [Controller id=0] Checking need to trigger auto leader balancing (kafka.controller.KafkaController)
[2025-03-04 01:35:42,692] INFO [Controller id=0] New topics: [Set(quickstart-events)], deleted topics: [HashSet()], new partition replica assignment [Set(TopicIdReplicaAssignment(quickstart-events,Some(6ThyVbL1RIqFBOBghHlrBQ),Map(quickstart-events-0 -> ReplicaAssignment(replicas=0, addingReplicas=, removingReplicas=))))] (kafka.controller.KafkaController)
[2025-03-04 01:35:42,695] INFO [Controller id=0] New partition creation callback for quickstart-events-0 (kafka.controller.KafkaController)
[2025-03-04 01:39:04,700] INFO [Controller id=0] Processing automatic preferred replica leader election (kafka.controller.KafkaController)
[2025-03-04 01:39:04,700] TRACE [Controller id=0] Checking need to trigger auto leader balancing (kafka.controller.KafkaController)
[2025-03-04 01:39:04,706] DEBUG [Controller id=0] Topics not in preferred replica for broker 0 Map() (kafka.controller.KafkaController)
[2025-03-04 01:39:04,709] TRACE [Controller id=0] Leader imbalance ratio for broker 0 is 0.0 (kafka.controller.KafkaController)
[2025-03-04 01:44:04,724] INFO [Controller id=0] Processing automatic preferred replica leader election (kafka.controller.KafkaController)
[2025-03-04 01:44:04,725] TRACE [Controller id=0] Checking need to trigger auto leader balancing (kafka.controller.KafkaController)
[2025-03-04 01:44:04,725] DEBUG [Controller id=0] Topics not in preferred replica for broker 0 Map() (kafka.controller.KafkaController)
[2025-03-04 01:44:04,725] TRACE [Controller id=0] Leader imbalance ratio for broker 0 is 0.0 (kafka.controller.KafkaController)
[2025-03-04 01:59:01,671] DEBUG [Controller id=0] Resigning (kafka.controller.KafkaController)
[2025-03-04 01:59:01,672] DEBUG [Controller id=0] Unregister BrokerModifications handler for Set(0) (kafka.controller.KafkaController)
[2025-03-04 01:59:01,674] INFO [PartitionStateMachine controllerId=0] Stopped partition state machine (kafka.controller.ZkPartitionStateMachine)
[2025-03-04 01:59:01,676] INFO [ReplicaStateMachine controllerId=0] Stopped replica state machine (kafka.controller.ZkReplicaStateMachine)
[2025-03-04 01:59:01,677] INFO [RequestSendThread controllerId=0] Shutting down (kafka.controller.RequestSendThread)
[2025-03-04 01:59:01,677] INFO [RequestSendThread controllerId=0] Stopped (kafka.controller.RequestSendThread)
[2025-03-04 01:59:01,677] INFO [RequestSendThread controllerId=0] Shutdown completed (kafka.controller.RequestSendThread)
[2025-03-04 01:59:01,684] INFO [Controller id=0] Resigned (kafka.controller.KafkaController)
[2025-03-04 01:59:01,735] INFO [Controller id=0] 0 successfully elected as the controller. Epoch incremented to 2 and epoch zk version is now 2 (kafka.controller.KafkaController)
[2025-03-04 01:59:01,737] INFO [Controller id=0] Registering handlers (kafka.controller.KafkaController)
[2025-03-04 01:59:01,741] INFO [Controller id=0] Deleting log dir event notifications (kafka.controller.KafkaController)
[2025-03-04 01:59:01,742] INFO [Controller id=0] Deleting isr change notifications (kafka.controller.KafkaController)
[2025-03-04 01:59:01,744] INFO [Controller id=0] Initializing controller context (kafka.controller.KafkaController)
[2025-03-04 01:59:01,748] INFO [Controller id=0] Initialized broker epochs cache: HashMap(0 -> 38) (kafka.controller.KafkaController)
[2025-03-04 01:59:01,753] DEBUG [Controller id=0] Register BrokerModifications handler for Set(0) (kafka.controller.KafkaController)
[2025-03-04 01:59:01,757] DEBUG [Channel manager on controller 0]: Controller 0 trying to connect to broker 0 (kafka.controller.ControllerChannelManager)
[2025-03-04 01:59:01,769] INFO [Controller id=0] Currently active brokers in the cluster: Set(0) (kafka.controller.KafkaController)
[2025-03-04 01:59:01,770] INFO [Controller id=0] Currently shutting brokers in the cluster: HashSet() (kafka.controller.KafkaController)
[2025-03-04 01:59:01,770] INFO [Controller id=0] Current list of topics in the cluster: HashSet(quickstart-events) (kafka.controller.KafkaController)
[2025-03-04 01:59:01,770] INFO [Controller id=0] Fetching topic deletions in progress (kafka.controller.KafkaController)
[2025-03-04 01:59:01,775] INFO [Controller id=0] List of topics to be deleted:  (kafka.controller.KafkaController)
[2025-03-04 01:59:01,775] INFO [Controller id=0] List of topics ineligible for deletion:  (kafka.controller.KafkaController)
[2025-03-04 01:59:01,776] INFO [Controller id=0] Initializing topic deletion manager (kafka.controller.KafkaController)
[2025-03-04 01:59:01,776] INFO [Topic Deletion Manager 0] Initializing manager with initial deletions: Set(), initial ineligible deletions: HashSet() (kafka.controller.TopicDeletionManager)
[2025-03-04 01:59:01,776] INFO [Controller id=0] Sending update metadata request (kafka.controller.KafkaController)
[2025-03-04 01:59:01,776] INFO [ReplicaStateMachine controllerId=0] Initializing replica state (kafka.controller.ZkReplicaStateMachine)
[2025-03-04 01:59:01,777] INFO [ReplicaStateMachine controllerId=0] Triggering online replica state changes (kafka.controller.ZkReplicaStateMachine)
[2025-03-04 01:59:01,777] INFO [RequestSendThread controllerId=0] Starting (kafka.controller.RequestSendThread)
[2025-03-04 01:59:01,780] INFO [RequestSendThread controllerId=0] Controller 0 connected to DESKTOP-8GKE7FT:9092 (id: 0 rack: null) for sending state change requests (kafka.controller.RequestSendThread)
[2025-03-04 01:59:01,786] INFO [ReplicaStateMachine controllerId=0] Triggering offline replica state changes (kafka.controller.ZkReplicaStateMachine)
[2025-03-04 01:59:01,787] DEBUG [ReplicaStateMachine controllerId=0] Started replica state machine with initial state -> HashMap([Topic=quickstart-events,Partition=0,Replica=0] -> OnlineReplica) (kafka.controller.ZkReplicaStateMachine)
[2025-03-04 01:59:01,787] INFO [PartitionStateMachine controllerId=0] Initializing partition state (kafka.controller.ZkPartitionStateMachine)
[2025-03-04 01:59:01,787] INFO [PartitionStateMachine controllerId=0] Triggering online partition state changes (kafka.controller.ZkPartitionStateMachine)
[2025-03-04 01:59:01,787] DEBUG [PartitionStateMachine controllerId=0] Started partition state machine with initial state -> HashMap(quickstart-events-0 -> OnlinePartition) (kafka.controller.ZkPartitionStateMachine)
[2025-03-04 01:59:01,787] INFO [Controller id=0] Ready to serve as the new controller with epoch 2 (kafka.controller.KafkaController)
[2025-03-04 01:59:01,795] INFO [Controller id=0] Partitions undergoing preferred replica election:  (kafka.controller.KafkaController)
[2025-03-04 01:59:01,795] INFO [Controller id=0] Partitions that completed preferred replica election:  (kafka.controller.KafkaController)
[2025-03-04 01:59:01,795] INFO [Controller id=0] Skipping preferred replica election for partitions due to topic deletion:  (kafka.controller.KafkaController)
[2025-03-04 01:59:01,795] INFO [Controller id=0] Resuming preferred replica election for partitions:  (kafka.controller.KafkaController)
[2025-03-04 01:59:01,795] INFO [Controller id=0] Starting replica leader election (PREFERRED) for partitions  triggered by ZkTriggered (kafka.controller.KafkaController)
[2025-03-04 01:59:01,802] INFO [Controller id=0] Starting the controller scheduler (kafka.controller.KafkaController)
[2025-03-04 01:59:06,808] INFO [Controller id=0] Processing automatic preferred replica leader election (kafka.controller.KafkaController)
[2025-03-04 01:59:06,808] TRACE [Controller id=0] Checking need to trigger auto leader balancing (kafka.controller.KafkaController)
[2025-03-04 01:59:06,809] DEBUG [Controller id=0] Topics not in preferred replica for broker 0 Map() (kafka.controller.KafkaController)
[2025-03-04 01:59:06,809] TRACE [Controller id=0] Leader imbalance ratio for broker 0 is 0.0 (kafka.controller.KafkaController)
[2025-03-04 02:04:06,818] INFO [Controller id=0] Processing automatic preferred replica leader election (kafka.controller.KafkaController)
[2025-03-04 02:04:06,821] TRACE [Controller id=0] Checking need to trigger auto leader balancing (kafka.controller.KafkaController)
[2025-03-04 02:04:06,821] DEBUG [Controller id=0] Topics not in preferred replica for broker 0 Map() (kafka.controller.KafkaController)
[2025-03-04 02:04:06,822] TRACE [Controller id=0] Leader imbalance ratio for broker 0 is 0.0 (kafka.controller.KafkaController)
[2025-03-04 02:09:06,832] INFO [Controller id=0] Processing automatic preferred replica leader election (kafka.controller.KafkaController)
[2025-03-04 02:09:06,833] TRACE [Controller id=0] Checking need to trigger auto leader balancing (kafka.controller.KafkaController)
[2025-03-04 02:09:06,833] DEBUG [Controller id=0] Topics not in preferred replica for broker 0 Map() (kafka.controller.KafkaController)
[2025-03-04 02:09:06,834] TRACE [Controller id=0] Leader imbalance ratio for broker 0 is 0.0 (kafka.controller.KafkaController)
[2025-03-04 02:14:06,846] INFO [Controller id=0] Processing automatic preferred replica leader election (kafka.controller.KafkaController)
[2025-03-04 02:14:06,846] TRACE [Controller id=0] Checking need to trigger auto leader balancing (kafka.controller.KafkaController)
[2025-03-04 02:14:06,846] DEBUG [Controller id=0] Topics not in preferred replica for broker 0 Map() (kafka.controller.KafkaController)
[2025-03-04 02:14:06,846] TRACE [Controller id=0] Leader imbalance ratio for broker 0 is 0.0 (kafka.controller.KafkaController)
[2025-03-04 02:14:47,207] INFO [Controller id=0] New topics: [Set(file-upload)], deleted topics: [HashSet()], new partition replica assignment [Set(TopicIdReplicaAssignment(file-upload,Some(h27C9ZMfSpGBjNgtRUgptg),Map(file-upload-0 -> ReplicaAssignment(replicas=0, addingReplicas=, removingReplicas=))))] (kafka.controller.KafkaController)
[2025-03-04 02:14:47,208] INFO [Controller id=0] New partition creation callback for file-upload-0 (kafka.controller.KafkaController)
[2025-03-04 02:14:47,230] INFO [RequestSendThread controllerId=0] Controller 0 connected to DESKTOP-8GKE7FT:9092 (id: 0 rack: null) for sending state change requests (kafka.controller.RequestSendThread)
[2025-03-04 02:14:47,607] INFO [Controller id=0] New topics: [Set(__consumer_offsets)], deleted topics: [HashSet()], new partition replica assignment [Set(TopicIdReplicaAssignment(__consumer_offsets,Some(bwuXkZd1QcCUkl7e4Y2_tA),HashMap(__consumer_offsets-22 -> ReplicaAssignment(replicas=0, addingReplicas=, removingReplicas=), __consumer_offsets-30 -> ReplicaAssignment(replicas=0, addingReplicas=, removingReplicas=), __consumer_offsets-25 -> ReplicaAssignment(replicas=0, addingReplicas=, removingReplicas=), __consumer_offsets-35 -> ReplicaAssignment(replicas=0, addingReplicas=, removingReplicas=), __consumer_offsets-37 -> ReplicaAssignment(replicas=0, addingReplicas=, removingReplicas=), __consumer_offsets-38 -> ReplicaAssignment(replicas=0, addingReplicas=, removingReplicas=), __consumer_offsets-13 -> ReplicaAssignment(replicas=0, addingReplicas=, removingReplicas=), __consumer_offsets-8 -> ReplicaAssignment(replicas=0, addingReplicas=, removingReplicas=), __consumer_offsets-21 -> ReplicaAssignment(replicas=0, addingReplicas=, removingReplicas=), __consumer_offsets-4 -> ReplicaAssignment(replicas=0, addingReplicas=, removingReplicas=), __consumer_offsets-27 -> ReplicaAssignment(replicas=0, addingReplicas=, removingReplicas=), __consumer_offsets-7 -> ReplicaAssignment(replicas=0, addingReplicas=, removingReplicas=), __consumer_offsets-9 -> ReplicaAssignment(replicas=0, addingReplicas=, removingReplicas=), __consumer_offsets-46 -> ReplicaAssignment(replicas=0, addingReplicas=, removingReplicas=), __consumer_offsets-41 -> ReplicaAssignment(replicas=0, addingReplicas=, removingReplicas=), __consumer_offsets-33 -> ReplicaAssignment(replicas=0, addingReplicas=, removingReplicas=), __consumer_offsets-23 -> ReplicaAssignment(replicas=0, addingReplicas=, removingReplicas=), __consumer_offsets-49 -> ReplicaAssignment(replicas=0, addingReplicas=, removingReplicas=), __consumer_offsets-47 -> ReplicaAssignment(replicas=0, addingReplicas=, removingReplicas=), __consumer_offsets-16 -> ReplicaAssignment(replicas=0, addingReplicas=, removingReplicas=), __consumer_offsets-28 -> ReplicaAssignment(replicas=0, addingReplicas=, removingReplicas=), __consumer_offsets-31 -> ReplicaAssignment(replicas=0, addingReplicas=, removingReplicas=), __consumer_offsets-36 -> ReplicaAssignment(replicas=0, addingReplicas=, removingReplicas=), __consumer_offsets-42 -> ReplicaAssignment(replicas=0, addingReplicas=, removingReplicas=), __consumer_offsets-3 -> ReplicaAssignment(replicas=0, addingReplicas=, removingReplicas=), __consumer_offsets-18 -> ReplicaAssignment(replicas=0, addingReplicas=, removingReplicas=), __consumer_offsets-15 -> ReplicaAssignment(replicas=0, addingReplicas=, removingReplicas=), __consumer_offsets-24 -> ReplicaAssignment(replicas=0, addingReplicas=, removingReplicas=), __consumer_offsets-17 -> ReplicaAssignment(replicas=0, addingReplicas=, removingReplicas=), __consumer_offsets-48 -> ReplicaAssignment(replicas=0, addingReplicas=, removingReplicas=), __consumer_offsets-19 -> ReplicaAssignment(replicas=0, addingReplicas=, removingReplicas=), __consumer_offsets-11 -> ReplicaAssignment(replicas=0, addingReplicas=, removingReplicas=), __consumer_offsets-2 -> ReplicaAssignment(replicas=0, addingReplicas=, removingReplicas=), __consumer_offsets-43 -> ReplicaAssignment(replicas=0, addingReplicas=, removingReplicas=), __consumer_offsets-6 -> ReplicaAssignment(replicas=0, addingReplicas=, removingReplicas=), __consumer_offsets-14 -> ReplicaAssignment(replicas=0, addingReplicas=, removingReplicas=), __consumer_offsets-20 -> ReplicaAssignment(replicas=0, addingReplicas=, removingReplicas=), __consumer_offsets-0 -> ReplicaAssignment(replicas=0, addingReplicas=, removingReplicas=), __consumer_offsets-44 -> ReplicaAssignment(replicas=0, addingReplicas=, removingReplicas=), __consumer_offsets-39 -> ReplicaAssignment(replicas=0, addingReplicas=, removingReplicas=), __consumer_offsets-12 -> ReplicaAssignment(replicas=0, addingReplicas=, removingReplicas=), __consumer_offsets-45 -> ReplicaAssignment(replicas=0, addingReplicas=, removingReplicas=), __consumer_offsets-1 -> ReplicaAssignment(replicas=0, addingReplicas=, removingReplicas=), __consumer_offsets-5 -> ReplicaAssignment(replicas=0, addingReplicas=, removingReplicas=), __consumer_offsets-26 -> ReplicaAssignment(replicas=0, addingReplicas=, removingReplicas=), __consumer_offsets-29 -> ReplicaAssignment(replicas=0, addingReplicas=, removingReplicas=), __consumer_offsets-34 -> ReplicaAssignment(replicas=0, addingReplicas=, removingReplicas=), __consumer_offsets-10 -> ReplicaAssignment(replicas=0, addingReplicas=, removingReplicas=), __consumer_offsets-32 -> ReplicaAssignment(replicas=0, addingReplicas=, removingReplicas=), __consumer_offsets-40 -> ReplicaAssignment(replicas=0, addingReplicas=, removingReplicas=))))] (kafka.controller.KafkaController)
[2025-03-04 02:14:47,611] INFO [Controller id=0] New partition creation callback for __consumer_offsets-22,__consumer_offsets-30,__consumer_offsets-25,__consumer_offsets-35,__consumer_offsets-37,__consumer_offsets-38,__consumer_offsets-13,__consumer_offsets-8,__consumer_offsets-21,__consumer_offsets-4,__consumer_offsets-27,__consumer_offsets-7,__consumer_offsets-9,__consumer_offsets-46,__consumer_offsets-41,__consumer_offsets-33,__consumer_offsets-23,__consumer_offsets-49,__consumer_offsets-47,__consumer_offsets-16,__consumer_offsets-28,__consumer_offsets-31,__consumer_offsets-36,__consumer_offsets-42,__consumer_offsets-3,__consumer_offsets-18,__consumer_offsets-15,__consumer_offsets-24,__consumer_offsets-17,__consumer_offsets-48,__consumer_offsets-19,__consumer_offsets-11,__consumer_offsets-2,__consumer_offsets-43,__consumer_offsets-6,__consumer_offsets-14,__consumer_offsets-20,__consumer_offsets-0,__consumer_offsets-44,__consumer_offsets-39,__consumer_offsets-12,__consumer_offsets-45,__consumer_offsets-1,__consumer_offsets-5,__consumer_offsets-26,__consumer_offsets-29,__consumer_offsets-34,__consumer_offsets-10,__consumer_offsets-32,__consumer_offsets-40 (kafka.controller.KafkaController)
[2025-03-04 02:16:46,137] INFO [Controller id=0] Shutting down broker 0 (kafka.controller.KafkaController)
[2025-03-04 02:16:46,138] DEBUG [Controller id=0] All shutting down brokers: 0 (kafka.controller.KafkaController)
[2025-03-04 02:16:46,139] DEBUG [Controller id=0] Live brokers:  (kafka.controller.KafkaController)
[2025-03-04 02:16:46,149] TRACE [Controller id=0] All leaders = __consumer_offsets-13 -> (Leader:0,ISR:0,LeaderRecoveryState:RECOVERED,LeaderEpoch:0,ZkVersion:0,ControllerEpoch:2),__consumer_offsets-46 -> (Leader:0,ISR:0,LeaderRecoveryState:RECOVERED,LeaderEpoch:0,ZkVersion:0,ControllerEpoch:2),__consumer_offsets-9 -> (Leader:0,ISR:0,LeaderRecoveryState:RECOVERED,LeaderEpoch:0,ZkVersion:0,ControllerEpoch:2),__consumer_offsets-42 -> (Leader:0,ISR:0,LeaderRecoveryState:RECOVERED,LeaderEpoch:0,ZkVersion:0,ControllerEpoch:2),__consumer_offsets-21 -> (Leader:0,ISR:0,LeaderRecoveryState:RECOVERED,LeaderEpoch:0,ZkVersion:0,ControllerEpoch:2),__consumer_offsets-17 -> (Leader:0,ISR:0,LeaderRecoveryState:RECOVERED,LeaderEpoch:0,ZkVersion:0,ControllerEpoch:2),__consumer_offsets-30 -> (Leader:0,ISR:0,LeaderRecoveryState:RECOVERED,LeaderEpoch:0,ZkVersion:0,ControllerEpoch:2),__consumer_offsets-26 -> (Leader:0,ISR:0,LeaderRecoveryState:RECOVERED,LeaderEpoch:0,ZkVersion:0,ControllerEpoch:2),__consumer_offsets-5 -> (Leader:0,ISR:0,LeaderRecoveryState:RECOVERED,LeaderEpoch:0,ZkVersion:0,ControllerEpoch:2),__consumer_offsets-38 -> (Leader:0,ISR:0,LeaderRecoveryState:RECOVERED,LeaderEpoch:0,ZkVersion:0,ControllerEpoch:2),__consumer_offsets-1 -> (Leader:0,ISR:0,LeaderRecoveryState:RECOVERED,LeaderEpoch:0,ZkVersion:0,ControllerEpoch:2),__consumer_offsets-34 -> (Leader:0,ISR:0,LeaderRecoveryState:RECOVERED,LeaderEpoch:0,ZkVersion:0,ControllerEpoch:2),__consumer_offsets-16 -> (Leader:0,ISR:0,LeaderRecoveryState:RECOVERED,LeaderEpoch:0,ZkVersion:0,ControllerEpoch:2),__consumer_offsets-45 -> (Leader:0,ISR:0,LeaderRecoveryState:RECOVERED,LeaderEpoch:0,ZkVersion:0,ControllerEpoch:2),__consumer_offsets-12 -> (Leader:0,ISR:0,LeaderRecoveryState:RECOVERED,LeaderEpoch:0,ZkVersion:0,ControllerEpoch:2),__consumer_offsets-41 -> (Leader:0,ISR:0,LeaderRecoveryState:RECOVERED,LeaderEpoch:0,ZkVersion:0,ControllerEpoch:2),__consumer_offsets-24 -> (Leader:0,ISR:0,LeaderRecoveryState:RECOVERED,LeaderEpoch:0,ZkVersion:0,ControllerEpoch:2),__consumer_offsets-20 -> (Leader:0,ISR:0,LeaderRecoveryState:RECOVERED,LeaderEpoch:0,ZkVersion:0,ControllerEpoch:2),__consumer_offsets-49 -> (Leader:0,ISR:0,LeaderRecoveryState:RECOVERED,LeaderEpoch:0,ZkVersion:0,ControllerEpoch:2),__consumer_offsets-0 -> (Leader:0,ISR:0,LeaderRecoveryState:RECOVERED,LeaderEpoch:0,ZkVersion:0,ControllerEpoch:2),__consumer_offsets-29 -> (Leader:0,ISR:0,LeaderRecoveryState:RECOVERED,LeaderEpoch:0,ZkVersion:0,ControllerEpoch:2),__consumer_offsets-25 -> (Leader:0,ISR:0,LeaderRecoveryState:RECOVERED,LeaderEpoch:0,ZkVersion:0,ControllerEpoch:2),__consumer_offsets-8 -> (Leader:0,ISR:0,LeaderRecoveryState:RECOVERED,LeaderEpoch:0,ZkVersion:0,ControllerEpoch:2),__consumer_offsets-37 -> (Leader:0,ISR:0,LeaderRecoveryState:RECOVERED,LeaderEpoch:0,ZkVersion:0,ControllerEpoch:2),__consumer_offsets-4 -> (Leader:0,ISR:0,LeaderRecoveryState:RECOVERED,LeaderEpoch:0,ZkVersion:0,ControllerEpoch:2),__consumer_offsets-33 -> (Leader:0,ISR:0,LeaderRecoveryState:RECOVERED,LeaderEpoch:0,ZkVersion:0,ControllerEpoch:2),__consumer_offsets-15 -> (Leader:0,ISR:0,LeaderRecoveryState:RECOVERED,LeaderEpoch:0,ZkVersion:0,ControllerEpoch:2),__consumer_offsets-48 -> (Leader:0,ISR:0,LeaderRecoveryState:RECOVERED,LeaderEpoch:0,ZkVersion:0,ControllerEpoch:2),file-upload-0 -> (Leader:0,ISR:0,LeaderRecoveryState:RECOVERED,LeaderEpoch:0,ZkVersion:0,ControllerEpoch:2),__consumer_offsets-11 -> (Leader:0,ISR:0,LeaderRecoveryState:RECOVERED,LeaderEpoch:0,ZkVersion:0,ControllerEpoch:2),__consumer_offsets-44 -> (Leader:0,ISR:0,LeaderRecoveryState:RECOVERED,LeaderEpoch:0,ZkVersion:0,ControllerEpoch:2),__consumer_offsets-23 -> (Leader:0,ISR:0,LeaderRecoveryState:RECOVERED,LeaderEpoch:0,ZkVersion:0,ControllerEpoch:2),__consumer_offsets-19 -> (Leader:0,ISR:0,LeaderRecoveryState:RECOVERED,LeaderEpoch:0,ZkVersion:0,ControllerEpoch:2),__consumer_offsets-32 -> (Leader:0,ISR:0,LeaderRecoveryState:RECOVERED,LeaderEpoch:0,ZkVersion:0,ControllerEpoch:2),__consumer_offsets-28 -> (Leader:0,ISR:0,LeaderRecoveryState:RECOVERED,LeaderEpoch:0,ZkVersion:0,ControllerEpoch:2),__consumer_offsets-7 -> (Leader:0,ISR:0,LeaderRecoveryState:RECOVERED,LeaderEpoch:0,ZkVersion:0,ControllerEpoch:2),__consumer_offsets-40 -> (Leader:0,ISR:0,LeaderRecoveryState:RECOVERED,LeaderEpoch:0,ZkVersion:0,ControllerEpoch:2),__consumer_offsets-3 -> (Leader:0,ISR:0,LeaderRecoveryState:RECOVERED,LeaderEpoch:0,ZkVersion:0,ControllerEpoch:2),__consumer_offsets-36 -> (Leader:0,ISR:0,LeaderRecoveryState:RECOVERED,LeaderEpoch:0,ZkVersion:0,ControllerEpoch:2),__consumer_offsets-47 -> (Leader:0,ISR:0,LeaderRecoveryState:RECOVERED,LeaderEpoch:0,ZkVersion:0,ControllerEpoch:2),quickstart-events-0 -> (Leader:0,ISR:0,LeaderRecoveryState:RECOVERED,LeaderEpoch:0,ZkVersion:0,ControllerEpoch:1),__consumer_offsets-14 -> (Leader:0,ISR:0,LeaderRecoveryState:RECOVERED,LeaderEpoch:0,ZkVersion:0,ControllerEpoch:2),__consumer_offsets-43 -> (Leader:0,ISR:0,LeaderRecoveryState:RECOVERED,LeaderEpoch:0,ZkVersion:0,ControllerEpoch:2),__consumer_offsets-10 -> (Leader:0,ISR:0,LeaderRecoveryState:RECOVERED,LeaderEpoch:0,ZkVersion:0,ControllerEpoch:2),__consumer_offsets-22 -> (Leader:0,ISR:0,LeaderRecoveryState:RECOVERED,LeaderEpoch:0,ZkVersion:0,ControllerEpoch:2),__consumer_offsets-18 -> (Leader:0,ISR:0,LeaderRecoveryState:RECOVERED,LeaderEpoch:0,ZkVersion:0,ControllerEpoch:2),__consumer_offsets-31 -> (Leader:0,ISR:0,LeaderRecoveryState:RECOVERED,LeaderEpoch:0,ZkVersion:0,ControllerEpoch:2),__consumer_offsets-27 -> (Leader:0,ISR:0,LeaderRecoveryState:RECOVERED,LeaderEpoch:0,ZkVersion:0,ControllerEpoch:2),__consumer_offsets-39 -> (Leader:0,ISR:0,LeaderRecoveryState:RECOVERED,LeaderEpoch:0,ZkVersion:0,ControllerEpoch:2),__consumer_offsets-6 -> (Leader:0,ISR:0,LeaderRecoveryState:RECOVERED,LeaderEpoch:0,ZkVersion:0,ControllerEpoch:2),__consumer_offsets-35 -> (Leader:0,ISR:0,LeaderRecoveryState:RECOVERED,LeaderEpoch:0,ZkVersion:0,ControllerEpoch:2),__consumer_offsets-2 -> (Leader:0,ISR:0,LeaderRecoveryState:RECOVERED,LeaderEpoch:0,ZkVersion:0,ControllerEpoch:2) (kafka.controller.KafkaController)
[2025-03-04 02:16:46,951] INFO [ControllerEventThread controllerId=0] Shutting down (kafka.controller.ControllerEventManager$ControllerEventThread)
[2025-03-04 02:16:46,951] INFO [ControllerEventThread controllerId=0] Stopped (kafka.controller.ControllerEventManager$ControllerEventThread)
[2025-03-04 02:16:46,951] INFO [ControllerEventThread controllerId=0] Shutdown completed (kafka.controller.ControllerEventManager$ControllerEventThread)
[2025-03-04 02:16:46,951] DEBUG [Controller id=0] Resigning (kafka.controller.KafkaController)
[2025-03-04 02:16:46,952] DEBUG [Controller id=0] Unregister BrokerModifications handler for Set(0) (kafka.controller.KafkaController)
[2025-03-04 02:16:46,952] INFO [PartitionStateMachine controllerId=0] Stopped partition state machine (kafka.controller.ZkPartitionStateMachine)
[2025-03-04 02:16:46,953] INFO [ReplicaStateMachine controllerId=0] Stopped replica state machine (kafka.controller.ZkReplicaStateMachine)
[2025-03-04 02:16:46,953] INFO [RequestSendThread controllerId=0] Shutting down (kafka.controller.RequestSendThread)
[2025-03-04 02:16:46,953] INFO [RequestSendThread controllerId=0] Stopped (kafka.controller.RequestSendThread)
[2025-03-04 02:16:46,953] INFO [RequestSendThread controllerId=0] Shutdown completed (kafka.controller.RequestSendThread)
[2025-03-04 02:16:46,956] INFO [Controller id=0] Resigned (kafka.controller.KafkaController)
[2025-03-04 02:18:05,994] INFO [ControllerEventThread controllerId=0] Starting (kafka.controller.ControllerEventManager$ControllerEventThread)
[2025-03-04 02:18:06,046] INFO [Controller id=0] 0 successfully elected as the controller. Epoch incremented to 3 and epoch zk version is now 3 (kafka.controller.KafkaController)
[2025-03-04 02:18:06,051] INFO [Controller id=0] Registering handlers (kafka.controller.KafkaController)
[2025-03-04 02:18:06,057] INFO [Controller id=0] Deleting log dir event notifications (kafka.controller.KafkaController)
[2025-03-04 02:18:06,063] INFO [Controller id=0] Deleting isr change notifications (kafka.controller.KafkaController)
[2025-03-04 02:18:06,067] INFO [Controller id=0] Initializing controller context (kafka.controller.KafkaController)
[2025-03-04 02:18:06,108] INFO [Controller id=0] Initialized broker epochs cache: HashMap(0 -> 167) (kafka.controller.KafkaController)
[2025-03-04 02:18:06,145] DEBUG [Controller id=0] Register BrokerModifications handler for Set(0) (kafka.controller.KafkaController)
[2025-03-04 02:18:06,230] DEBUG [Channel manager on controller 0]: Controller 0 trying to connect to broker 0 (kafka.controller.ControllerChannelManager)
[2025-03-04 02:18:06,254] INFO [RequestSendThread controllerId=0] Starting (kafka.controller.RequestSendThread)
[2025-03-04 02:18:06,257] INFO [Controller id=0] Currently active brokers in the cluster: Set(0) (kafka.controller.KafkaController)
[2025-03-04 02:18:06,258] INFO [Controller id=0] Currently shutting brokers in the cluster: HashSet() (kafka.controller.KafkaController)
[2025-03-04 02:18:06,260] INFO [Controller id=0] Current list of topics in the cluster: HashSet(quickstart-events, file-upload, __consumer_offsets) (kafka.controller.KafkaController)
[2025-03-04 02:18:06,262] INFO [Controller id=0] Fetching topic deletions in progress (kafka.controller.KafkaController)
[2025-03-04 02:18:06,305] INFO [Controller id=0] List of topics to be deleted:  (kafka.controller.KafkaController)
[2025-03-04 02:18:06,306] INFO [Controller id=0] List of topics ineligible for deletion:  (kafka.controller.KafkaController)
[2025-03-04 02:18:06,306] INFO [Controller id=0] Initializing topic deletion manager (kafka.controller.KafkaController)
[2025-03-04 02:18:06,307] INFO [Topic Deletion Manager 0] Initializing manager with initial deletions: Set(), initial ineligible deletions: HashSet() (kafka.controller.TopicDeletionManager)
[2025-03-04 02:18:06,310] INFO [Controller id=0] Sending update metadata request (kafka.controller.KafkaController)
[2025-03-04 02:18:06,329] INFO [ReplicaStateMachine controllerId=0] Initializing replica state (kafka.controller.ZkReplicaStateMachine)
[2025-03-04 02:18:06,347] INFO [ReplicaStateMachine controllerId=0] Triggering online replica state changes (kafka.controller.ZkReplicaStateMachine)
[2025-03-04 02:18:06,399] INFO [ReplicaStateMachine controllerId=0] Triggering offline replica state changes (kafka.controller.ZkReplicaStateMachine)
[2025-03-04 02:18:06,400] DEBUG [ReplicaStateMachine controllerId=0] Started replica state machine with initial state -> HashMap([Topic=__consumer_offsets,Partition=40,Replica=0] -> OnlineReplica, [Topic=__consumer_offsets,Partition=27,Replica=0] -> OnlineReplica, [Topic=__consumer_offsets,Partition=49,Replica=0] -> OnlineReplica, [Topic=__consumer_offsets,Partition=47,Replica=0] -> OnlineReplica, [Topic=__consumer_offsets,Partition=3,Replica=0] -> OnlineReplica, [Topic=__consumer_offsets,Partition=18,Replica=0] -> OnlineReplica, [Topic=__consumer_offsets,Partition=44,Replica=0] -> OnlineReplica, [Topic=__consumer_offsets,Partition=8,Replica=0] -> OnlineReplica, [Topic=__consumer_offsets,Partition=34,Replica=0] -> OnlineReplica, [Topic=__consumer_offsets,Partition=25,Replica=0] -> OnlineReplica, [Topic=__consumer_offsets,Partition=14,Replica=0] -> OnlineReplica, [Topic=__consumer_offsets,Partition=24,Replica=0] -> OnlineReplica, [Topic=__consumer_offsets,Partition=36,Replica=0] -> OnlineReplica, [Topic=__consumer_offsets,Partition=42,Replica=0] -> OnlineReplica, [Topic=__consumer_offsets,Partition=45,Replica=0] -> OnlineReplica, [Topic=__consumer_offsets,Partition=11,Replica=0] -> OnlineReplica, [Topic=__consumer_offsets,Partition=32,Replica=0] -> OnlineReplica, [Topic=__consumer_offsets,Partition=12,Replica=0] -> OnlineReplica, [Topic=__consumer_offsets,Partition=30,Replica=0] -> OnlineReplica, [Topic=__consumer_offsets,Partition=9,Replica=0] -> OnlineReplica, [Topic=__consumer_offsets,Partition=39,Replica=0] -> OnlineReplica, [Topic=__consumer_offsets,Partition=38,Replica=0] -> OnlineReplica, [Topic=__consumer_offsets,Partition=23,Replica=0] -> OnlineReplica, [Topic=__consumer_offsets,Partition=19,Replica=0] -> OnlineReplica, [Topic=__consumer_offsets,Partition=17,Replica=0] -> OnlineReplica, [Topic=__consumer_offsets,Partition=41,Replica=0] -> OnlineReplica, [Topic=__consumer_offsets,Partition=37,Replica=0] -> OnlineReplica, [Topic=__consumer_offsets,Partition=48,Replica=0] -> OnlineReplica, [Topic=__consumer_offsets,Partition=29,Replica=0] -> OnlineReplica, [Topic=__consumer_offsets,Partition=10,Replica=0] -> OnlineReplica, [Topic=__consumer_offsets,Partition=46,Replica=0] -> OnlineReplica, [Topic=__consumer_offsets,Partition=1,Replica=0] -> OnlineReplica, [Topic=__consumer_offsets,Partition=16,Replica=0] -> OnlineReplica, [Topic=__consumer_offsets,Partition=5,Replica=0] -> OnlineReplica, [Topic=file-upload,Partition=0,Replica=0] -> OnlineReplica, [Topic=quickstart-events,Partition=0,Replica=0] -> OnlineReplica, [Topic=__consumer_offsets,Partition=15,Replica=0] -> OnlineReplica, [Topic=__consumer_offsets,Partition=4,Replica=0] -> OnlineReplica, [Topic=__consumer_offsets,Partition=6,Replica=0] -> OnlineReplica, [Topic=__consumer_offsets,Partition=7,Replica=0] -> OnlineReplica, [Topic=__consumer_offsets,Partition=43,Replica=0] -> OnlineReplica, [Topic=__consumer_offsets,Partition=0,Replica=0] -> OnlineReplica, [Topic=__consumer_offsets,Partition=20,Replica=0] -> OnlineReplica, [Topic=__consumer_offsets,Partition=31,Replica=0] -> OnlineReplica, [Topic=__consumer_offsets,Partition=28,Replica=0] -> OnlineReplica, [Topic=__consumer_offsets,Partition=26,Replica=0] -> OnlineReplica, [Topic=__consumer_offsets,Partition=2,Replica=0] -> OnlineReplica, [Topic=__consumer_offsets,Partition=33,Replica=0] -> OnlineReplica, [Topic=__consumer_offsets,Partition=22,Replica=0] -> OnlineReplica, [Topic=__consumer_offsets,Partition=21,Replica=0] -> OnlineReplica, [Topic=__consumer_offsets,Partition=13,Replica=0] -> OnlineReplica, [Topic=__consumer_offsets,Partition=35,Replica=0] -> OnlineReplica) (kafka.controller.ZkReplicaStateMachine)
[2025-03-04 02:18:06,401] INFO [PartitionStateMachine controllerId=0] Initializing partition state (kafka.controller.ZkPartitionStateMachine)
[2025-03-04 02:18:06,417] INFO [PartitionStateMachine controllerId=0] Triggering online partition state changes (kafka.controller.ZkPartitionStateMachine)
[2025-03-04 02:18:06,421] DEBUG [PartitionStateMachine controllerId=0] Started partition state machine with initial state -> HashMap(__consumer_offsets-13 -> OnlinePartition, __consumer_offsets-46 -> OnlinePartition, __consumer_offsets-9 -> OnlinePartition, __consumer_offsets-42 -> OnlinePartition, __consumer_offsets-21 -> OnlinePartition, __consumer_offsets-17 -> OnlinePartition, __consumer_offsets-30 -> OnlinePartition, __consumer_offsets-26 -> OnlinePartition, __consumer_offsets-5 -> OnlinePartition, __consumer_offsets-38 -> OnlinePartition, __consumer_offsets-1 -> OnlinePartition, __consumer_offsets-34 -> OnlinePartition, __consumer_offsets-16 -> OnlinePartition, __consumer_offsets-45 -> OnlinePartition, __consumer_offsets-12 -> OnlinePartition, __consumer_offsets-41 -> OnlinePartition, __consumer_offsets-24 -> OnlinePartition, __consumer_offsets-20 -> OnlinePartition, __consumer_offsets-49 -> OnlinePartition, __consumer_offsets-0 -> OnlinePartition, __consumer_offsets-29 -> OnlinePartition, __consumer_offsets-25 -> OnlinePartition, __consumer_offsets-8 -> OnlinePartition, __consumer_offsets-37 -> OnlinePartition, __consumer_offsets-4 -> OnlinePartition, __consumer_offsets-33 -> OnlinePartition, __consumer_offsets-15 -> OnlinePartition, __consumer_offsets-48 -> OnlinePartition, file-upload-0 -> OnlinePartition, __consumer_offsets-11 -> OnlinePartition, __consumer_offsets-44 -> OnlinePartition, __consumer_offsets-23 -> OnlinePartition, __consumer_offsets-19 -> OnlinePartition, __consumer_offsets-32 -> OnlinePartition, __consumer_offsets-28 -> OnlinePartition, __consumer_offsets-7 -> OnlinePartition, __consumer_offsets-40 -> OnlinePartition, __consumer_offsets-3 -> OnlinePartition, __consumer_offsets-36 -> OnlinePartition, __consumer_offsets-47 -> OnlinePartition, quickstart-events-0 -> OnlinePartition, __consumer_offsets-14 -> OnlinePartition, __consumer_offsets-43 -> OnlinePartition, __consumer_offsets-10 -> OnlinePartition, __consumer_offsets-22 -> OnlinePartition, __consumer_offsets-18 -> OnlinePartition, __consumer_offsets-31 -> OnlinePartition, __consumer_offsets-27 -> OnlinePartition, __consumer_offsets-39 -> OnlinePartition, __consumer_offsets-6 -> OnlinePartition, __consumer_offsets-35 -> OnlinePartition, __consumer_offsets-2 -> OnlinePartition) (kafka.controller.ZkPartitionStateMachine)
[2025-03-04 02:18:06,421] INFO [Controller id=0] Ready to serve as the new controller with epoch 3 (kafka.controller.KafkaController)
[2025-03-04 02:18:06,429] INFO [Controller id=0] Partitions undergoing preferred replica election:  (kafka.controller.KafkaController)
[2025-03-04 02:18:06,429] INFO [Controller id=0] Partitions that completed preferred replica election:  (kafka.controller.KafkaController)
[2025-03-04 02:18:06,430] INFO [Controller id=0] Skipping preferred replica election for partitions due to topic deletion:  (kafka.controller.KafkaController)
[2025-03-04 02:18:06,431] INFO [Controller id=0] Resuming preferred replica election for partitions:  (kafka.controller.KafkaController)
[2025-03-04 02:18:06,434] INFO [Controller id=0] Starting replica leader election (PREFERRED) for partitions  triggered by ZkTriggered (kafka.controller.KafkaController)
[2025-03-04 02:18:06,457] INFO [Controller id=0] Starting the controller scheduler (kafka.controller.KafkaController)
[2025-03-04 02:18:06,844] INFO [RequestSendThread controllerId=0] Controller 0 connected to DESKTOP-8GKE7FT:9092 (id: 0 rack: null) for sending state change requests (kafka.controller.RequestSendThread)
[2025-03-04 02:18:11,460] INFO [Controller id=0] Processing automatic preferred replica leader election (kafka.controller.KafkaController)
[2025-03-04 02:18:11,460] TRACE [Controller id=0] Checking need to trigger auto leader balancing (kafka.controller.KafkaController)
[2025-03-04 02:18:11,460] DEBUG [Controller id=0] Topics not in preferred replica for broker 0 HashMap() (kafka.controller.KafkaController)
[2025-03-04 02:18:11,460] TRACE [Controller id=0] Leader imbalance ratio for broker 0 is 0.0 (kafka.controller.KafkaController)
[2025-03-04 02:23:11,475] INFO [Controller id=0] Processing automatic preferred replica leader election (kafka.controller.KafkaController)
[2025-03-04 02:23:11,476] TRACE [Controller id=0] Checking need to trigger auto leader balancing (kafka.controller.KafkaController)
[2025-03-04 02:23:11,479] DEBUG [Controller id=0] Topics not in preferred replica for broker 0 HashMap() (kafka.controller.KafkaController)
[2025-03-04 02:23:11,479] TRACE [Controller id=0] Leader imbalance ratio for broker 0 is 0.0 (kafka.controller.KafkaController)
[2025-03-04 02:28:11,486] INFO [Controller id=0] Processing automatic preferred replica leader election (kafka.controller.KafkaController)
[2025-03-04 02:28:11,486] TRACE [Controller id=0] Checking need to trigger auto leader balancing (kafka.controller.KafkaController)
[2025-03-04 02:28:11,488] DEBUG [Controller id=0] Topics not in preferred replica for broker 0 HashMap() (kafka.controller.KafkaController)
[2025-03-04 02:28:11,488] TRACE [Controller id=0] Leader imbalance ratio for broker 0 is 0.0 (kafka.controller.KafkaController)
[2025-03-04 02:32:25,802] INFO [Controller id=0] New topics: [Set(user-avatar-updated)], deleted topics: [HashSet()], new partition replica assignment [Set(TopicIdReplicaAssignment(user-avatar-updated,Some(g1kCOP6xRqWtP_rJlMXh5g),Map(user-avatar-updated-0 -> ReplicaAssignment(replicas=0, addingReplicas=, removingReplicas=))))] (kafka.controller.KafkaController)
[2025-03-04 02:32:25,805] INFO [Controller id=0] New partition creation callback for user-avatar-updated-0 (kafka.controller.KafkaController)
[2025-03-04 02:32:25,874] INFO [RequestSendThread controllerId=0] Controller 0 connected to DESKTOP-8GKE7FT:9092 (id: 0 rack: null) for sending state change requests (kafka.controller.RequestSendThread)
[2025-03-04 02:33:11,495] INFO [Controller id=0] Processing automatic preferred replica leader election (kafka.controller.KafkaController)
[2025-03-04 02:33:11,495] TRACE [Controller id=0] Checking need to trigger auto leader balancing (kafka.controller.KafkaController)
[2025-03-04 02:33:11,498] DEBUG [Controller id=0] Topics not in preferred replica for broker 0 HashMap() (kafka.controller.KafkaController)
[2025-03-04 02:33:11,498] TRACE [Controller id=0] Leader imbalance ratio for broker 0 is 0.0 (kafka.controller.KafkaController)
[2025-03-04 02:38:11,511] INFO [Controller id=0] Processing automatic preferred replica leader election (kafka.controller.KafkaController)
[2025-03-04 02:38:11,511] TRACE [Controller id=0] Checking need to trigger auto leader balancing (kafka.controller.KafkaController)
[2025-03-04 02:38:11,514] DEBUG [Controller id=0] Topics not in preferred replica for broker 0 HashMap() (kafka.controller.KafkaController)
[2025-03-04 02:38:11,514] TRACE [Controller id=0] Leader imbalance ratio for broker 0 is 0.0 (kafka.controller.KafkaController)
[2025-03-04 02:43:11,546] INFO [Controller id=0] Processing automatic preferred replica leader election (kafka.controller.KafkaController)
[2025-03-04 02:43:11,547] TRACE [Controller id=0] Checking need to trigger auto leader balancing (kafka.controller.KafkaController)
[2025-03-04 02:43:11,550] DEBUG [Controller id=0] Topics not in preferred replica for broker 0 HashMap() (kafka.controller.KafkaController)
[2025-03-04 02:43:11,550] TRACE [Controller id=0] Leader imbalance ratio for broker 0 is 0.0 (kafka.controller.KafkaController)
[2025-03-04 02:48:11,563] INFO [Controller id=0] Processing automatic preferred replica leader election (kafka.controller.KafkaController)
[2025-03-04 02:48:11,563] TRACE [Controller id=0] Checking need to trigger auto leader balancing (kafka.controller.KafkaController)
[2025-03-04 02:48:11,564] DEBUG [Controller id=0] Topics not in preferred replica for broker 0 HashMap() (kafka.controller.KafkaController)
[2025-03-04 02:48:11,564] TRACE [Controller id=0] Leader imbalance ratio for broker 0 is 0.0 (kafka.controller.KafkaController)
[2025-03-04 02:53:11,565] INFO [Controller id=0] Processing automatic preferred replica leader election (kafka.controller.KafkaController)
[2025-03-04 02:53:11,565] TRACE [Controller id=0] Checking need to trigger auto leader balancing (kafka.controller.KafkaController)
[2025-03-04 02:53:11,567] DEBUG [Controller id=0] Topics not in preferred replica for broker 0 HashMap() (kafka.controller.KafkaController)
[2025-03-04 02:53:11,568] TRACE [Controller id=0] Leader imbalance ratio for broker 0 is 0.0 (kafka.controller.KafkaController)
[2025-03-04 02:58:11,573] INFO [Controller id=0] Processing automatic preferred replica leader election (kafka.controller.KafkaController)
[2025-03-04 02:58:11,573] TRACE [Controller id=0] Checking need to trigger auto leader balancing (kafka.controller.KafkaController)
[2025-03-04 02:58:11,576] DEBUG [Controller id=0] Topics not in preferred replica for broker 0 HashMap() (kafka.controller.KafkaController)
[2025-03-04 02:58:11,576] TRACE [Controller id=0] Leader imbalance ratio for broker 0 is 0.0 (kafka.controller.KafkaController)
[2025-03-04 03:03:11,581] INFO [Controller id=0] Processing automatic preferred replica leader election (kafka.controller.KafkaController)
[2025-03-04 03:03:11,585] TRACE [Controller id=0] Checking need to trigger auto leader balancing (kafka.controller.KafkaController)
[2025-03-04 03:03:11,585] DEBUG [Controller id=0] Topics not in preferred replica for broker 0 HashMap() (kafka.controller.KafkaController)
[2025-03-04 03:03:11,585] TRACE [Controller id=0] Leader imbalance ratio for broker 0 is 0.0 (kafka.controller.KafkaController)
[2025-03-04 03:08:11,601] INFO [Controller id=0] Processing automatic preferred replica leader election (kafka.controller.KafkaController)
[2025-03-04 03:08:11,601] TRACE [Controller id=0] Checking need to trigger auto leader balancing (kafka.controller.KafkaController)
[2025-03-04 03:08:11,603] DEBUG [Controller id=0] Topics not in preferred replica for broker 0 HashMap() (kafka.controller.KafkaController)
[2025-03-04 03:08:11,603] TRACE [Controller id=0] Leader imbalance ratio for broker 0 is 0.0 (kafka.controller.KafkaController)
[2025-03-04 03:13:11,608] INFO [Controller id=0] Processing automatic preferred replica leader election (kafka.controller.KafkaController)
[2025-03-04 03:13:11,608] TRACE [Controller id=0] Checking need to trigger auto leader balancing (kafka.controller.KafkaController)
[2025-03-04 03:13:11,608] DEBUG [Controller id=0] Topics not in preferred replica for broker 0 HashMap() (kafka.controller.KafkaController)
[2025-03-04 03:13:11,608] TRACE [Controller id=0] Leader imbalance ratio for broker 0 is 0.0 (kafka.controller.KafkaController)
[2025-03-04 03:18:11,617] INFO [Controller id=0] Processing automatic preferred replica leader election (kafka.controller.KafkaController)
[2025-03-04 03:18:11,617] TRACE [Controller id=0] Checking need to trigger auto leader balancing (kafka.controller.KafkaController)
[2025-03-04 03:18:11,619] DEBUG [Controller id=0] Topics not in preferred replica for broker 0 HashMap() (kafka.controller.KafkaController)
[2025-03-04 03:18:11,619] TRACE [Controller id=0] Leader imbalance ratio for broker 0 is 0.0 (kafka.controller.KafkaController)
[2025-03-04 03:23:11,627] INFO [Controller id=0] Processing automatic preferred replica leader election (kafka.controller.KafkaController)
[2025-03-04 03:23:11,627] TRACE [Controller id=0] Checking need to trigger auto leader balancing (kafka.controller.KafkaController)
[2025-03-04 03:23:11,629] DEBUG [Controller id=0] Topics not in preferred replica for broker 0 HashMap() (kafka.controller.KafkaController)
[2025-03-04 03:23:11,629] TRACE [Controller id=0] Leader imbalance ratio for broker 0 is 0.0 (kafka.controller.KafkaController)
[2025-03-04 03:28:11,631] INFO [Controller id=0] Processing automatic preferred replica leader election (kafka.controller.KafkaController)
[2025-03-04 03:28:11,631] TRACE [Controller id=0] Checking need to trigger auto leader balancing (kafka.controller.KafkaController)
[2025-03-04 03:28:11,631] DEBUG [Controller id=0] Topics not in preferred replica for broker 0 HashMap() (kafka.controller.KafkaController)
[2025-03-04 03:28:11,631] TRACE [Controller id=0] Leader imbalance ratio for broker 0 is 0.0 (kafka.controller.KafkaController)
[2025-03-04 03:33:11,646] INFO [Controller id=0] Processing automatic preferred replica leader election (kafka.controller.KafkaController)
[2025-03-04 03:33:11,646] TRACE [Controller id=0] Checking need to trigger auto leader balancing (kafka.controller.KafkaController)
[2025-03-04 03:33:11,646] DEBUG [Controller id=0] Topics not in preferred replica for broker 0 HashMap() (kafka.controller.KafkaController)
[2025-03-04 03:33:11,646] TRACE [Controller id=0] Leader imbalance ratio for broker 0 is 0.0 (kafka.controller.KafkaController)
[2025-03-04 03:38:11,652] INFO [Controller id=0] Processing automatic preferred replica leader election (kafka.controller.KafkaController)
[2025-03-04 03:38:11,652] TRACE [Controller id=0] Checking need to trigger auto leader balancing (kafka.controller.KafkaController)
[2025-03-04 03:38:11,653] DEBUG [Controller id=0] Topics not in preferred replica for broker 0 HashMap() (kafka.controller.KafkaController)
[2025-03-04 03:38:11,653] TRACE [Controller id=0] Leader imbalance ratio for broker 0 is 0.0 (kafka.controller.KafkaController)
[2025-03-04 03:43:11,658] INFO [Controller id=0] Processing automatic preferred replica leader election (kafka.controller.KafkaController)
[2025-03-04 03:43:11,658] TRACE [Controller id=0] Checking need to trigger auto leader balancing (kafka.controller.KafkaController)
[2025-03-04 03:43:11,658] DEBUG [Controller id=0] Topics not in preferred replica for broker 0 HashMap() (kafka.controller.KafkaController)
[2025-03-04 03:43:11,658] TRACE [Controller id=0] Leader imbalance ratio for broker 0 is 0.0 (kafka.controller.KafkaController)
[2025-03-04 03:48:11,661] INFO [Controller id=0] Processing automatic preferred replica leader election (kafka.controller.KafkaController)
[2025-03-04 03:48:11,661] TRACE [Controller id=0] Checking need to trigger auto leader balancing (kafka.controller.KafkaController)
[2025-03-04 03:48:11,662] DEBUG [Controller id=0] Topics not in preferred replica for broker 0 HashMap() (kafka.controller.KafkaController)
[2025-03-04 03:48:11,663] TRACE [Controller id=0] Leader imbalance ratio for broker 0 is 0.0 (kafka.controller.KafkaController)
[2025-03-04 03:53:11,676] INFO [Controller id=0] Processing automatic preferred replica leader election (kafka.controller.KafkaController)
[2025-03-04 03:53:11,676] TRACE [Controller id=0] Checking need to trigger auto leader balancing (kafka.controller.KafkaController)
[2025-03-04 03:53:11,679] DEBUG [Controller id=0] Topics not in preferred replica for broker 0 HashMap() (kafka.controller.KafkaController)
[2025-03-04 03:53:11,679] TRACE [Controller id=0] Leader imbalance ratio for broker 0 is 0.0 (kafka.controller.KafkaController)
[2025-03-04 03:58:11,692] INFO [Controller id=0] Processing automatic preferred replica leader election (kafka.controller.KafkaController)
[2025-03-04 03:58:11,692] TRACE [Controller id=0] Checking need to trigger auto leader balancing (kafka.controller.KafkaController)
[2025-03-04 03:58:11,693] DEBUG [Controller id=0] Topics not in preferred replica for broker 0 HashMap() (kafka.controller.KafkaController)
[2025-03-04 03:58:11,693] TRACE [Controller id=0] Leader imbalance ratio for broker 0 is 0.0 (kafka.controller.KafkaController)
[2025-03-04 04:03:11,698] INFO [Controller id=0] Processing automatic preferred replica leader election (kafka.controller.KafkaController)
[2025-03-04 04:03:11,701] TRACE [Controller id=0] Checking need to trigger auto leader balancing (kafka.controller.KafkaController)
[2025-03-04 04:03:11,703] DEBUG [Controller id=0] Topics not in preferred replica for broker 0 HashMap() (kafka.controller.KafkaController)
[2025-03-04 04:03:11,703] TRACE [Controller id=0] Leader imbalance ratio for broker 0 is 0.0 (kafka.controller.KafkaController)
[2025-03-04 04:08:11,714] INFO [Controller id=0] Processing automatic preferred replica leader election (kafka.controller.KafkaController)
[2025-03-04 04:08:11,714] TRACE [Controller id=0] Checking need to trigger auto leader balancing (kafka.controller.KafkaController)
[2025-03-04 04:08:11,715] DEBUG [Controller id=0] Topics not in preferred replica for broker 0 HashMap() (kafka.controller.KafkaController)
[2025-03-04 04:08:11,716] TRACE [Controller id=0] Leader imbalance ratio for broker 0 is 0.0 (kafka.controller.KafkaController)
[2025-03-04 04:13:11,730] INFO [Controller id=0] Processing automatic preferred replica leader election (kafka.controller.KafkaController)
[2025-03-04 04:13:11,731] TRACE [Controller id=0] Checking need to trigger auto leader balancing (kafka.controller.KafkaController)
[2025-03-04 04:13:11,732] DEBUG [Controller id=0] Topics not in preferred replica for broker 0 HashMap() (kafka.controller.KafkaController)
[2025-03-04 04:13:11,732] TRACE [Controller id=0] Leader imbalance ratio for broker 0 is 0.0 (kafka.controller.KafkaController)
[2025-03-04 04:18:11,737] INFO [Controller id=0] Processing automatic preferred replica leader election (kafka.controller.KafkaController)
[2025-03-04 04:18:11,737] TRACE [Controller id=0] Checking need to trigger auto leader balancing (kafka.controller.KafkaController)
[2025-03-04 04:18:11,740] DEBUG [Controller id=0] Topics not in preferred replica for broker 0 HashMap() (kafka.controller.KafkaController)
[2025-03-04 04:18:11,741] TRACE [Controller id=0] Leader imbalance ratio for broker 0 is 0.0 (kafka.controller.KafkaController)
[2025-03-04 04:23:11,743] INFO [Controller id=0] Processing automatic preferred replica leader election (kafka.controller.KafkaController)
[2025-03-04 04:23:11,744] TRACE [Controller id=0] Checking need to trigger auto leader balancing (kafka.controller.KafkaController)
[2025-03-04 04:23:11,745] DEBUG [Controller id=0] Topics not in preferred replica for broker 0 HashMap() (kafka.controller.KafkaController)
[2025-03-04 04:23:11,745] TRACE [Controller id=0] Leader imbalance ratio for broker 0 is 0.0 (kafka.controller.KafkaController)
[2025-03-04 04:28:11,775] INFO [Controller id=0] Processing automatic preferred replica leader election (kafka.controller.KafkaController)
[2025-03-04 04:28:11,776] TRACE [Controller id=0] Checking need to trigger auto leader balancing (kafka.controller.KafkaController)
[2025-03-04 04:28:11,776] DEBUG [Controller id=0] Topics not in preferred replica for broker 0 HashMap() (kafka.controller.KafkaController)
[2025-03-04 04:28:11,776] TRACE [Controller id=0] Leader imbalance ratio for broker 0 is 0.0 (kafka.controller.KafkaController)
[2025-03-04 04:33:11,786] INFO [Controller id=0] Processing automatic preferred replica leader election (kafka.controller.KafkaController)
[2025-03-04 04:33:11,787] TRACE [Controller id=0] Checking need to trigger auto leader balancing (kafka.controller.KafkaController)
[2025-03-04 04:33:11,835] DEBUG [Controller id=0] Topics not in preferred replica for broker 0 HashMap() (kafka.controller.KafkaController)
[2025-03-04 04:33:11,835] TRACE [Controller id=0] Leader imbalance ratio for broker 0 is 0.0 (kafka.controller.KafkaController)
[2025-03-04 04:34:24,337] INFO [Controller id=0] Shutting down broker 0 (kafka.controller.KafkaController)
[2025-03-04 04:34:24,338] DEBUG [Controller id=0] All shutting down brokers: 0 (kafka.controller.KafkaController)
[2025-03-04 04:34:24,338] DEBUG [Controller id=0] Live brokers:  (kafka.controller.KafkaController)
[2025-03-04 04:34:24,350] TRACE [Controller id=0] All leaders = __consumer_offsets-13 -> (Leader:0,ISR:0,LeaderRecoveryState:RECOVERED,LeaderEpoch:0,ZkVersion:0,ControllerEpoch:2),__consumer_offsets-46 -> (Leader:0,ISR:0,LeaderRecoveryState:RECOVERED,LeaderEpoch:0,ZkVersion:0,ControllerEpoch:2),__consumer_offsets-9 -> (Leader:0,ISR:0,LeaderRecoveryState:RECOVERED,LeaderEpoch:0,ZkVersion:0,ControllerEpoch:2),__consumer_offsets-42 -> (Leader:0,ISR:0,LeaderRecoveryState:RECOVERED,LeaderEpoch:0,ZkVersion:0,ControllerEpoch:2),__consumer_offsets-21 -> (Leader:0,ISR:0,LeaderRecoveryState:RECOVERED,LeaderEpoch:0,ZkVersion:0,ControllerEpoch:2),__consumer_offsets-17 -> (Leader:0,ISR:0,LeaderRecoveryState:RECOVERED,LeaderEpoch:0,ZkVersion:0,ControllerEpoch:2),__consumer_offsets-30 -> (Leader:0,ISR:0,LeaderRecoveryState:RECOVERED,LeaderEpoch:0,ZkVersion:0,ControllerEpoch:2),__consumer_offsets-26 -> (Leader:0,ISR:0,LeaderRecoveryState:RECOVERED,LeaderEpoch:0,ZkVersion:0,ControllerEpoch:2),__consumer_offsets-5 -> (Leader:0,ISR:0,LeaderRecoveryState:RECOVERED,LeaderEpoch:0,ZkVersion:0,ControllerEpoch:2),__consumer_offsets-38 -> (Leader:0,ISR:0,LeaderRecoveryState:RECOVERED,LeaderEpoch:0,ZkVersion:0,ControllerEpoch:2),__consumer_offsets-1 -> (Leader:0,ISR:0,LeaderRecoveryState:RECOVERED,LeaderEpoch:0,ZkVersion:0,ControllerEpoch:2),__consumer_offsets-34 -> (Leader:0,ISR:0,LeaderRecoveryState:RECOVERED,LeaderEpoch:0,ZkVersion:0,ControllerEpoch:2),__consumer_offsets-16 -> (Leader:0,ISR:0,LeaderRecoveryState:RECOVERED,LeaderEpoch:0,ZkVersion:0,ControllerEpoch:2),__consumer_offsets-45 -> (Leader:0,ISR:0,LeaderRecoveryState:RECOVERED,LeaderEpoch:0,ZkVersion:0,ControllerEpoch:2),__consumer_offsets-12 -> (Leader:0,ISR:0,LeaderRecoveryState:RECOVERED,LeaderEpoch:0,ZkVersion:0,ControllerEpoch:2),__consumer_offsets-41 -> (Leader:0,ISR:0,LeaderRecoveryState:RECOVERED,LeaderEpoch:0,ZkVersion:0,ControllerEpoch:2),__consumer_offsets-24 -> (Leader:0,ISR:0,LeaderRecoveryState:RECOVERED,LeaderEpoch:0,ZkVersion:0,ControllerEpoch:2),__consumer_offsets-20 -> (Leader:0,ISR:0,LeaderRecoveryState:RECOVERED,LeaderEpoch:0,ZkVersion:0,ControllerEpoch:2),__consumer_offsets-49 -> (Leader:0,ISR:0,LeaderRecoveryState:RECOVERED,LeaderEpoch:0,ZkVersion:0,ControllerEpoch:2),__consumer_offsets-0 -> (Leader:0,ISR:0,LeaderRecoveryState:RECOVERED,LeaderEpoch:0,ZkVersion:0,ControllerEpoch:2),__consumer_offsets-29 -> (Leader:0,ISR:0,LeaderRecoveryState:RECOVERED,LeaderEpoch:0,ZkVersion:0,ControllerEpoch:2),__consumer_offsets-25 -> (Leader:0,ISR:0,LeaderRecoveryState:RECOVERED,LeaderEpoch:0,ZkVersion:0,ControllerEpoch:2),__consumer_offsets-8 -> (Leader:0,ISR:0,LeaderRecoveryState:RECOVERED,LeaderEpoch:0,ZkVersion:0,ControllerEpoch:2),__consumer_offsets-37 -> (Leader:0,ISR:0,LeaderRecoveryState:RECOVERED,LeaderEpoch:0,ZkVersion:0,ControllerEpoch:2),__consumer_offsets-4 -> (Leader:0,ISR:0,LeaderRecoveryState:RECOVERED,LeaderEpoch:0,ZkVersion:0,ControllerEpoch:2),__consumer_offsets-33 -> (Leader:0,ISR:0,LeaderRecoveryState:RECOVERED,LeaderEpoch:0,ZkVersion:0,ControllerEpoch:2),__consumer_offsets-15 -> (Leader:0,ISR:0,LeaderRecoveryState:RECOVERED,LeaderEpoch:0,ZkVersion:0,ControllerEpoch:2),__consumer_offsets-48 -> (Leader:0,ISR:0,LeaderRecoveryState:RECOVERED,LeaderEpoch:0,ZkVersion:0,ControllerEpoch:2),file-upload-0 -> (Leader:0,ISR:0,LeaderRecoveryState:RECOVERED,LeaderEpoch:0,ZkVersion:0,ControllerEpoch:2),__consumer_offsets-11 -> (Leader:0,ISR:0,LeaderRecoveryState:RECOVERED,LeaderEpoch:0,ZkVersion:0,ControllerEpoch:2),__consumer_offsets-44 -> (Leader:0,ISR:0,LeaderRecoveryState:RECOVERED,LeaderEpoch:0,ZkVersion:0,ControllerEpoch:2),__consumer_offsets-23 -> (Leader:0,ISR:0,LeaderRecoveryState:RECOVERED,LeaderEpoch:0,ZkVersion:0,ControllerEpoch:2),__consumer_offsets-19 -> (Leader:0,ISR:0,LeaderRecoveryState:RECOVERED,LeaderEpoch:0,ZkVersion:0,ControllerEpoch:2),__consumer_offsets-32 -> (Leader:0,ISR:0,LeaderRecoveryState:RECOVERED,LeaderEpoch:0,ZkVersion:0,ControllerEpoch:2),__consumer_offsets-28 -> (Leader:0,ISR:0,LeaderRecoveryState:RECOVERED,LeaderEpoch:0,ZkVersion:0,ControllerEpoch:2),__consumer_offsets-7 -> (Leader:0,ISR:0,LeaderRecoveryState:RECOVERED,LeaderEpoch:0,ZkVersion:0,ControllerEpoch:2),__consumer_offsets-40 -> (Leader:0,ISR:0,LeaderRecoveryState:RECOVERED,LeaderEpoch:0,ZkVersion:0,ControllerEpoch:2),__consumer_offsets-3 -> (Leader:0,ISR:0,LeaderRecoveryState:RECOVERED,LeaderEpoch:0,ZkVersion:0,ControllerEpoch:2),__consumer_offsets-36 -> (Leader:0,ISR:0,LeaderRecoveryState:RECOVERED,LeaderEpoch:0,ZkVersion:0,ControllerEpoch:2),__consumer_offsets-47 -> (Leader:0,ISR:0,LeaderRecoveryState:RECOVERED,LeaderEpoch:0,ZkVersion:0,ControllerEpoch:2),quickstart-events-0 -> (Leader:0,ISR:0,LeaderRecoveryState:RECOVERED,LeaderEpoch:0,ZkVersion:0,ControllerEpoch:1),__consumer_offsets-14 -> (Leader:0,ISR:0,LeaderRecoveryState:RECOVERED,LeaderEpoch:0,ZkVersion:0,ControllerEpoch:2),__consumer_offsets-43 -> (Leader:0,ISR:0,LeaderRecoveryState:RECOVERED,LeaderEpoch:0,ZkVersion:0,ControllerEpoch:2),__consumer_offsets-10 -> (Leader:0,ISR:0,LeaderRecoveryState:RECOVERED,LeaderEpoch:0,ZkVersion:0,ControllerEpoch:2),__consumer_offsets-22 -> (Leader:0,ISR:0,LeaderRecoveryState:RECOVERED,LeaderEpoch:0,ZkVersion:0,ControllerEpoch:2),__consumer_offsets-18 -> (Leader:0,ISR:0,LeaderRecoveryState:RECOVERED,LeaderEpoch:0,ZkVersion:0,ControllerEpoch:2),__consumer_offsets-31 -> (Leader:0,ISR:0,LeaderRecoveryState:RECOVERED,LeaderEpoch:0,ZkVersion:0,ControllerEpoch:2),user-avatar-updated-0 -> (Leader:0,ISR:0,LeaderRecoveryState:RECOVERED,LeaderEpoch:0,ZkVersion:0,ControllerEpoch:3),__consumer_offsets-27 -> (Leader:0,ISR:0,LeaderRecoveryState:RECOVERED,LeaderEpoch:0,ZkVersion:0,ControllerEpoch:2),__consumer_offsets-39 -> (Leader:0,ISR:0,LeaderRecoveryState:RECOVERED,LeaderEpoch:0,ZkVersion:0,ControllerEpoch:2),__consumer_offsets-6 -> (Leader:0,ISR:0,LeaderRecoveryState:RECOVERED,LeaderEpoch:0,ZkVersion:0,ControllerEpoch:2),__consumer_offsets-35 -> (Leader:0,ISR:0,LeaderRecoveryState:RECOVERED,LeaderEpoch:0,ZkVersion:0,ControllerEpoch:2),__consumer_offsets-2 -> (Leader:0,ISR:0,LeaderRecoveryState:RECOVERED,LeaderEpoch:0,ZkVersion:0,ControllerEpoch:2) (kafka.controller.KafkaController)
[2025-03-04 04:34:24,719] INFO [ControllerEventThread controllerId=0] Shutting down (kafka.controller.ControllerEventManager$ControllerEventThread)
[2025-03-04 04:34:24,719] INFO [ControllerEventThread controllerId=0] Stopped (kafka.controller.ControllerEventManager$ControllerEventThread)
[2025-03-04 04:34:24,719] INFO [ControllerEventThread controllerId=0] Shutdown completed (kafka.controller.ControllerEventManager$ControllerEventThread)
[2025-03-04 04:34:24,728] DEBUG [Controller id=0] Resigning (kafka.controller.KafkaController)
[2025-03-04 04:34:24,728] DEBUG [Controller id=0] Unregister BrokerModifications handler for Set(0) (kafka.controller.KafkaController)
[2025-03-04 04:34:24,728] INFO [PartitionStateMachine controllerId=0] Stopped partition state machine (kafka.controller.ZkPartitionStateMachine)
[2025-03-04 04:34:24,728] INFO [ReplicaStateMachine controllerId=0] Stopped replica state machine (kafka.controller.ZkReplicaStateMachine)
[2025-03-04 04:34:24,728] INFO [RequestSendThread controllerId=0] Shutting down (kafka.controller.RequestSendThread)
[2025-03-04 04:34:24,728] INFO [RequestSendThread controllerId=0] Stopped (kafka.controller.RequestSendThread)
[2025-03-04 04:34:24,728] INFO [RequestSendThread controllerId=0] Shutdown completed (kafka.controller.RequestSendThread)
[2025-03-04 04:34:24,728] INFO [Controller id=0] Resigned (kafka.controller.KafkaController)
[2025-03-05 22:35:29,637] INFO [ControllerEventThread controllerId=0] Starting (kafka.controller.ControllerEventManager$ControllerEventThread)
[2025-03-05 22:35:29,721] INFO [Controller id=0] 0 successfully elected as the controller. Epoch incremented to 1 and epoch zk version is now 1 (kafka.controller.KafkaController)
[2025-03-05 22:35:29,731] INFO [Controller id=0] Creating FeatureZNode at path: /feature with contents: FeatureZNode(2,Enabled,Map()) (kafka.controller.KafkaController)
[2025-03-05 22:35:29,838] INFO [Controller id=0] Registering handlers (kafka.controller.KafkaController)
[2025-03-05 22:35:29,851] INFO [Controller id=0] Deleting log dir event notifications (kafka.controller.KafkaController)
[2025-03-05 22:35:29,861] INFO [Controller id=0] Deleting isr change notifications (kafka.controller.KafkaController)
[2025-03-05 22:35:29,868] INFO [Controller id=0] Initializing controller context (kafka.controller.KafkaController)
[2025-03-05 22:35:29,920] INFO [Controller id=0] Initialized broker epochs cache: HashMap(0 -> 25) (kafka.controller.KafkaController)
[2025-03-05 22:35:29,934] DEBUG [Controller id=0] Register BrokerModifications handler for Set(0) (kafka.controller.KafkaController)
[2025-03-05 22:35:29,959] DEBUG [Channel manager on controller 0]: Controller 0 trying to connect to broker 0 (kafka.controller.ControllerChannelManager)
[2025-03-05 22:35:29,981] INFO [RequestSendThread controllerId=0] Starting (kafka.controller.RequestSendThread)
[2025-03-05 22:35:29,985] INFO [Controller id=0] Currently active brokers in the cluster: Set(0) (kafka.controller.KafkaController)
[2025-03-05 22:35:29,986] INFO [Controller id=0] Currently shutting brokers in the cluster: HashSet() (kafka.controller.KafkaController)
[2025-03-05 22:35:29,987] INFO [Controller id=0] Current list of topics in the cluster: HashSet() (kafka.controller.KafkaController)
[2025-03-05 22:35:29,988] INFO [Controller id=0] Fetching topic deletions in progress (kafka.controller.KafkaController)
[2025-03-05 22:35:29,999] INFO [Controller id=0] List of topics to be deleted:  (kafka.controller.KafkaController)
[2025-03-05 22:35:30,001] INFO [Controller id=0] List of topics ineligible for deletion:  (kafka.controller.KafkaController)
[2025-03-05 22:35:30,003] INFO [Controller id=0] Initializing topic deletion manager (kafka.controller.KafkaController)
[2025-03-05 22:35:30,005] INFO [Topic Deletion Manager 0] Initializing manager with initial deletions: Set(), initial ineligible deletions: HashSet() (kafka.controller.TopicDeletionManager)
[2025-03-05 22:35:30,010] INFO [Controller id=0] Sending update metadata request (kafka.controller.KafkaController)
[2025-03-05 22:35:30,042] INFO [ReplicaStateMachine controllerId=0] Initializing replica state (kafka.controller.ZkReplicaStateMachine)
[2025-03-05 22:35:30,044] INFO [ReplicaStateMachine controllerId=0] Triggering online replica state changes (kafka.controller.ZkReplicaStateMachine)
[2025-03-05 22:35:30,060] INFO [ReplicaStateMachine controllerId=0] Triggering offline replica state changes (kafka.controller.ZkReplicaStateMachine)
[2025-03-05 22:35:30,061] DEBUG [ReplicaStateMachine controllerId=0] Started replica state machine with initial state -> HashMap() (kafka.controller.ZkReplicaStateMachine)
[2025-03-05 22:35:30,062] INFO [PartitionStateMachine controllerId=0] Initializing partition state (kafka.controller.ZkPartitionStateMachine)
[2025-03-05 22:35:30,064] INFO [PartitionStateMachine controllerId=0] Triggering online partition state changes (kafka.controller.ZkPartitionStateMachine)
[2025-03-05 22:35:30,073] DEBUG [PartitionStateMachine controllerId=0] Started partition state machine with initial state -> HashMap() (kafka.controller.ZkPartitionStateMachine)
[2025-03-05 22:35:30,074] INFO [Controller id=0] Ready to serve as the new controller with epoch 1 (kafka.controller.KafkaController)
[2025-03-05 22:35:30,082] INFO [Controller id=0] Partitions undergoing preferred replica election:  (kafka.controller.KafkaController)
[2025-03-05 22:35:30,082] INFO [Controller id=0] Partitions that completed preferred replica election:  (kafka.controller.KafkaController)
[2025-03-05 22:35:30,083] INFO [Controller id=0] Skipping preferred replica election for partitions due to topic deletion:  (kafka.controller.KafkaController)
[2025-03-05 22:35:30,084] INFO [Controller id=0] Resuming preferred replica election for partitions:  (kafka.controller.KafkaController)
[2025-03-05 22:35:30,085] INFO [Controller id=0] Starting replica leader election (PREFERRED) for partitions  triggered by ZkTriggered (kafka.controller.KafkaController)
[2025-03-05 22:35:30,107] INFO [Controller id=0] Starting the controller scheduler (kafka.controller.KafkaController)
[2025-03-05 22:35:30,562] INFO [RequestSendThread controllerId=0] Controller 0 connected to DESKTOP-8GKE7FT:9092 (id: 0 rack: null) for sending state change requests (kafka.controller.RequestSendThread)
[2025-03-05 22:35:35,113] INFO [Controller id=0] Processing automatic preferred replica leader election (kafka.controller.KafkaController)
[2025-03-05 22:35:35,114] TRACE [Controller id=0] Checking need to trigger auto leader balancing (kafka.controller.KafkaController)
[2025-03-05 22:35:56,892] INFO [Controller id=0] New topics: [Set(user-avatar-updated)], deleted topics: [HashSet()], new partition replica assignment [Set(TopicIdReplicaAssignment(user-avatar-updated,Some(eOGUnEM9RE-UfStCaPxqIg),Map(user-avatar-updated-0 -> ReplicaAssignment(replicas=0, addingReplicas=, removingReplicas=))))] (kafka.controller.KafkaController)
[2025-03-05 22:35:56,892] INFO [Controller id=0] New partition creation callback for user-avatar-updated-0 (kafka.controller.KafkaController)
[2025-03-05 22:35:57,319] INFO [Controller id=0] New topics: [Set(__consumer_offsets)], deleted topics: [HashSet()], new partition replica assignment [Set(TopicIdReplicaAssignment(__consumer_offsets,Some(LUPE39HZR3aDfzeM13fO8g),HashMap(__consumer_offsets-22 -> ReplicaAssignment(replicas=0, addingReplicas=, removingReplicas=), __consumer_offsets-30 -> ReplicaAssignment(replicas=0, addingReplicas=, removingReplicas=), __consumer_offsets-25 -> ReplicaAssignment(replicas=0, addingReplicas=, removingReplicas=), __consumer_offsets-35 -> ReplicaAssignment(replicas=0, addingReplicas=, removingReplicas=), __consumer_offsets-37 -> ReplicaAssignment(replicas=0, addingReplicas=, removingReplicas=), __consumer_offsets-38 -> ReplicaAssignment(replicas=0, addingReplicas=, removingReplicas=), __consumer_offsets-13 -> ReplicaAssignment(replicas=0, addingReplicas=, removingReplicas=), __consumer_offsets-8 -> ReplicaAssignment(replicas=0, addingReplicas=, removingReplicas=), __consumer_offsets-21 -> ReplicaAssignment(replicas=0, addingReplicas=, removingReplicas=), __consumer_offsets-4 -> ReplicaAssignment(replicas=0, addingReplicas=, removingReplicas=), __consumer_offsets-27 -> ReplicaAssignment(replicas=0, addingReplicas=, removingReplicas=), __consumer_offsets-7 -> ReplicaAssignment(replicas=0, addingReplicas=, removingReplicas=), __consumer_offsets-9 -> ReplicaAssignment(replicas=0, addingReplicas=, removingReplicas=), __consumer_offsets-46 -> ReplicaAssignment(replicas=0, addingReplicas=, removingReplicas=), __consumer_offsets-41 -> ReplicaAssignment(replicas=0, addingReplicas=, removingReplicas=), __consumer_offsets-33 -> ReplicaAssignment(replicas=0, addingReplicas=, removingReplicas=), __consumer_offsets-23 -> ReplicaAssignment(replicas=0, addingReplicas=, removingReplicas=), __consumer_offsets-49 -> ReplicaAssignment(replicas=0, addingReplicas=, removingReplicas=), __consumer_offsets-47 -> ReplicaAssignment(replicas=0, addingReplicas=, removingReplicas=), __consumer_offsets-16 -> ReplicaAssignment(replicas=0, addingReplicas=, removingReplicas=), __consumer_offsets-28 -> ReplicaAssignment(replicas=0, addingReplicas=, removingReplicas=), __consumer_offsets-31 -> ReplicaAssignment(replicas=0, addingReplicas=, removingReplicas=), __consumer_offsets-36 -> ReplicaAssignment(replicas=0, addingReplicas=, removingReplicas=), __consumer_offsets-42 -> ReplicaAssignment(replicas=0, addingReplicas=, removingReplicas=), __consumer_offsets-3 -> ReplicaAssignment(replicas=0, addingReplicas=, removingReplicas=), __consumer_offsets-18 -> ReplicaAssignment(replicas=0, addingReplicas=, removingReplicas=), __consumer_offsets-15 -> ReplicaAssignment(replicas=0, addingReplicas=, removingReplicas=), __consumer_offsets-24 -> ReplicaAssignment(replicas=0, addingReplicas=, removingReplicas=), __consumer_offsets-17 -> ReplicaAssignment(replicas=0, addingReplicas=, removingReplicas=), __consumer_offsets-48 -> ReplicaAssignment(replicas=0, addingReplicas=, removingReplicas=), __consumer_offsets-19 -> ReplicaAssignment(replicas=0, addingReplicas=, removingReplicas=), __consumer_offsets-11 -> ReplicaAssignment(replicas=0, addingReplicas=, removingReplicas=), __consumer_offsets-2 -> ReplicaAssignment(replicas=0, addingReplicas=, removingReplicas=), __consumer_offsets-43 -> ReplicaAssignment(replicas=0, addingReplicas=, removingReplicas=), __consumer_offsets-6 -> ReplicaAssignment(replicas=0, addingReplicas=, removingReplicas=), __consumer_offsets-14 -> ReplicaAssignment(replicas=0, addingReplicas=, removingReplicas=), __consumer_offsets-20 -> ReplicaAssignment(replicas=0, addingReplicas=, removingReplicas=), __consumer_offsets-0 -> ReplicaAssignment(replicas=0, addingReplicas=, removingReplicas=), __consumer_offsets-44 -> ReplicaAssignment(replicas=0, addingReplicas=, removingReplicas=), __consumer_offsets-39 -> ReplicaAssignment(replicas=0, addingReplicas=, removingReplicas=), __consumer_offsets-12 -> ReplicaAssignment(replicas=0, addingReplicas=, removingReplicas=), __consumer_offsets-45 -> ReplicaAssignment(replicas=0, addingReplicas=, removingReplicas=), __consumer_offsets-1 -> ReplicaAssignment(replicas=0, addingReplicas=, removingReplicas=), __consumer_offsets-5 -> ReplicaAssignment(replicas=0, addingReplicas=, removingReplicas=), __consumer_offsets-26 -> ReplicaAssignment(replicas=0, addingReplicas=, removingReplicas=), __consumer_offsets-29 -> ReplicaAssignment(replicas=0, addingReplicas=, removingReplicas=), __consumer_offsets-34 -> ReplicaAssignment(replicas=0, addingReplicas=, removingReplicas=), __consumer_offsets-10 -> ReplicaAssignment(replicas=0, addingReplicas=, removingReplicas=), __consumer_offsets-32 -> ReplicaAssignment(replicas=0, addingReplicas=, removingReplicas=), __consumer_offsets-40 -> ReplicaAssignment(replicas=0, addingReplicas=, removingReplicas=))))] (kafka.controller.KafkaController)
[2025-03-05 22:35:57,338] INFO [Controller id=0] New partition creation callback for __consumer_offsets-22,__consumer_offsets-30,__consumer_offsets-25,__consumer_offsets-35,__consumer_offsets-37,__consumer_offsets-38,__consumer_offsets-13,__consumer_offsets-8,__consumer_offsets-21,__consumer_offsets-4,__consumer_offsets-27,__consumer_offsets-7,__consumer_offsets-9,__consumer_offsets-46,__consumer_offsets-41,__consumer_offsets-33,__consumer_offsets-23,__consumer_offsets-49,__consumer_offsets-47,__consumer_offsets-16,__consumer_offsets-28,__consumer_offsets-31,__consumer_offsets-36,__consumer_offsets-42,__consumer_offsets-3,__consumer_offsets-18,__consumer_offsets-15,__consumer_offsets-24,__consumer_offsets-17,__consumer_offsets-48,__consumer_offsets-19,__consumer_offsets-11,__consumer_offsets-2,__consumer_offsets-43,__consumer_offsets-6,__consumer_offsets-14,__consumer_offsets-20,__consumer_offsets-0,__consumer_offsets-44,__consumer_offsets-39,__consumer_offsets-12,__consumer_offsets-45,__consumer_offsets-1,__consumer_offsets-5,__consumer_offsets-26,__consumer_offsets-29,__consumer_offsets-34,__consumer_offsets-10,__consumer_offsets-32,__consumer_offsets-40 (kafka.controller.KafkaController)
[2025-03-05 22:36:15,744] INFO [Controller id=0] New topics: [Set(file-upload)], deleted topics: [HashSet()], new partition replica assignment [Set(TopicIdReplicaAssignment(file-upload,Some(cxDPq_-LTkKz-zNORh0wiA),Map(file-upload-0 -> ReplicaAssignment(replicas=0, addingReplicas=, removingReplicas=))))] (kafka.controller.KafkaController)
[2025-03-05 22:36:15,745] INFO [Controller id=0] New partition creation callback for file-upload-0 (kafka.controller.KafkaController)
[2025-03-05 22:59:49,837] INFO [ControllerEventThread controllerId=0] Starting (kafka.controller.ControllerEventManager$ControllerEventThread)
[2025-03-05 22:59:49,958] INFO [Controller id=0] 0 successfully elected as the controller. Epoch incremented to 1 and epoch zk version is now 1 (kafka.controller.KafkaController)
[2025-03-05 22:59:49,968] INFO [Controller id=0] Creating FeatureZNode at path: /feature with contents: FeatureZNode(2,Enabled,Map()) (kafka.controller.KafkaController)
[2025-03-05 22:59:50,093] INFO [Controller id=0] Registering handlers (kafka.controller.KafkaController)
[2025-03-05 22:59:50,098] INFO [Controller id=0] Deleting log dir event notifications (kafka.controller.KafkaController)
[2025-03-05 22:59:50,104] INFO [Controller id=0] Deleting isr change notifications (kafka.controller.KafkaController)
[2025-03-05 22:59:50,108] INFO [Controller id=0] Initializing controller context (kafka.controller.KafkaController)
[2025-03-05 22:59:50,128] INFO [Controller id=0] Initialized broker epochs cache: HashMap(0 -> 25) (kafka.controller.KafkaController)
[2025-03-05 22:59:50,134] DEBUG [Controller id=0] Register BrokerModifications handler for Set(0) (kafka.controller.KafkaController)
[2025-03-05 22:59:50,141] DEBUG [Channel manager on controller 0]: Controller 0 trying to connect to broker 0 (kafka.controller.ControllerChannelManager)
[2025-03-05 22:59:50,150] INFO [RequestSendThread controllerId=0] Starting (kafka.controller.RequestSendThread)
[2025-03-05 22:59:50,156] INFO [Controller id=0] Currently active brokers in the cluster: Set(0) (kafka.controller.KafkaController)
[2025-03-05 22:59:50,157] INFO [Controller id=0] Currently shutting brokers in the cluster: HashSet() (kafka.controller.KafkaController)
[2025-03-05 22:59:50,157] INFO [Controller id=0] Current list of topics in the cluster: HashSet() (kafka.controller.KafkaController)
[2025-03-05 22:59:50,158] INFO [Controller id=0] Fetching topic deletions in progress (kafka.controller.KafkaController)
[2025-03-05 22:59:50,162] INFO [Controller id=0] List of topics to be deleted:  (kafka.controller.KafkaController)
[2025-03-05 22:59:50,163] INFO [Controller id=0] List of topics ineligible for deletion:  (kafka.controller.KafkaController)
[2025-03-05 22:59:50,163] INFO [Controller id=0] Initializing topic deletion manager (kafka.controller.KafkaController)
[2025-03-05 22:59:50,164] INFO [Topic Deletion Manager 0] Initializing manager with initial deletions: Set(), initial ineligible deletions: HashSet() (kafka.controller.TopicDeletionManager)
[2025-03-05 22:59:50,166] INFO [Controller id=0] Sending update metadata request (kafka.controller.KafkaController)
[2025-03-05 22:59:50,193] INFO [ReplicaStateMachine controllerId=0] Initializing replica state (kafka.controller.ZkReplicaStateMachine)
[2025-03-05 22:59:50,195] INFO [ReplicaStateMachine controllerId=0] Triggering online replica state changes (kafka.controller.ZkReplicaStateMachine)
[2025-03-05 22:59:50,203] INFO [ReplicaStateMachine controllerId=0] Triggering offline replica state changes (kafka.controller.ZkReplicaStateMachine)
[2025-03-05 22:59:50,204] DEBUG [ReplicaStateMachine controllerId=0] Started replica state machine with initial state -> HashMap() (kafka.controller.ZkReplicaStateMachine)
[2025-03-05 22:59:50,204] INFO [PartitionStateMachine controllerId=0] Initializing partition state (kafka.controller.ZkPartitionStateMachine)
[2025-03-05 22:59:50,205] INFO [PartitionStateMachine controllerId=0] Triggering online partition state changes (kafka.controller.ZkPartitionStateMachine)
[2025-03-05 22:59:50,210] DEBUG [PartitionStateMachine controllerId=0] Started partition state machine with initial state -> HashMap() (kafka.controller.ZkPartitionStateMachine)
[2025-03-05 22:59:50,210] INFO [Controller id=0] Ready to serve as the new controller with epoch 1 (kafka.controller.KafkaController)
[2025-03-05 22:59:50,217] INFO [Controller id=0] Partitions undergoing preferred replica election:  (kafka.controller.KafkaController)
[2025-03-05 22:59:50,218] INFO [Controller id=0] Partitions that completed preferred replica election:  (kafka.controller.KafkaController)
[2025-03-05 22:59:50,218] INFO [Controller id=0] Skipping preferred replica election for partitions due to topic deletion:  (kafka.controller.KafkaController)
[2025-03-05 22:59:50,218] INFO [Controller id=0] Resuming preferred replica election for partitions:  (kafka.controller.KafkaController)
[2025-03-05 22:59:50,221] INFO [Controller id=0] Starting replica leader election (PREFERRED) for partitions  triggered by ZkTriggered (kafka.controller.KafkaController)
[2025-03-05 22:59:50,259] INFO [Controller id=0] Starting the controller scheduler (kafka.controller.KafkaController)
[2025-03-05 22:59:50,713] INFO [RequestSendThread controllerId=0] Controller 0 connected to DESKTOP-8GKE7FT:9092 (id: 0 rack: null) for sending state change requests (kafka.controller.RequestSendThread)
[2025-03-05 22:59:55,276] INFO [Controller id=0] Processing automatic preferred replica leader election (kafka.controller.KafkaController)
[2025-03-05 22:59:55,277] TRACE [Controller id=0] Checking need to trigger auto leader balancing (kafka.controller.KafkaController)
[2025-03-05 23:00:20,292] INFO [Controller id=0] New topics: [Set(user-avatar-updated)], deleted topics: [HashSet()], new partition replica assignment [Set(TopicIdReplicaAssignment(user-avatar-updated,Some(2fp3dE_3T9OJO_4B7cHCyw),Map(user-avatar-updated-0 -> ReplicaAssignment(replicas=0, addingReplicas=, removingReplicas=))))] (kafka.controller.KafkaController)
[2025-03-05 23:00:20,292] INFO [Controller id=0] New partition creation callback for user-avatar-updated-0 (kafka.controller.KafkaController)
[2025-03-05 23:00:20,720] INFO [Controller id=0] New topics: [Set(__consumer_offsets)], deleted topics: [HashSet()], new partition replica assignment [Set(TopicIdReplicaAssignment(__consumer_offsets,Some(dLBdp9vGQVKur_4kxiIWAA),HashMap(__consumer_offsets-22 -> ReplicaAssignment(replicas=0, addingReplicas=, removingReplicas=), __consumer_offsets-30 -> ReplicaAssignment(replicas=0, addingReplicas=, removingReplicas=), __consumer_offsets-25 -> ReplicaAssignment(replicas=0, addingReplicas=, removingReplicas=), __consumer_offsets-35 -> ReplicaAssignment(replicas=0, addingReplicas=, removingReplicas=), __consumer_offsets-37 -> ReplicaAssignment(replicas=0, addingReplicas=, removingReplicas=), __consumer_offsets-38 -> ReplicaAssignment(replicas=0, addingReplicas=, removingReplicas=), __consumer_offsets-13 -> ReplicaAssignment(replicas=0, addingReplicas=, removingReplicas=), __consumer_offsets-8 -> ReplicaAssignment(replicas=0, addingReplicas=, removingReplicas=), __consumer_offsets-21 -> ReplicaAssignment(replicas=0, addingReplicas=, removingReplicas=), __consumer_offsets-4 -> ReplicaAssignment(replicas=0, addingReplicas=, removingReplicas=), __consumer_offsets-27 -> ReplicaAssignment(replicas=0, addingReplicas=, removingReplicas=), __consumer_offsets-7 -> ReplicaAssignment(replicas=0, addingReplicas=, removingReplicas=), __consumer_offsets-9 -> ReplicaAssignment(replicas=0, addingReplicas=, removingReplicas=), __consumer_offsets-46 -> ReplicaAssignment(replicas=0, addingReplicas=, removingReplicas=), __consumer_offsets-41 -> ReplicaAssignment(replicas=0, addingReplicas=, removingReplicas=), __consumer_offsets-33 -> ReplicaAssignment(replicas=0, addingReplicas=, removingReplicas=), __consumer_offsets-23 -> ReplicaAssignment(replicas=0, addingReplicas=, removingReplicas=), __consumer_offsets-49 -> ReplicaAssignment(replicas=0, addingReplicas=, removingReplicas=), __consumer_offsets-47 -> ReplicaAssignment(replicas=0, addingReplicas=, removingReplicas=), __consumer_offsets-16 -> ReplicaAssignment(replicas=0, addingReplicas=, removingReplicas=), __consumer_offsets-28 -> ReplicaAssignment(replicas=0, addingReplicas=, removingReplicas=), __consumer_offsets-31 -> ReplicaAssignment(replicas=0, addingReplicas=, removingReplicas=), __consumer_offsets-36 -> ReplicaAssignment(replicas=0, addingReplicas=, removingReplicas=), __consumer_offsets-42 -> ReplicaAssignment(replicas=0, addingReplicas=, removingReplicas=), __consumer_offsets-3 -> ReplicaAssignment(replicas=0, addingReplicas=, removingReplicas=), __consumer_offsets-18 -> ReplicaAssignment(replicas=0, addingReplicas=, removingReplicas=), __consumer_offsets-15 -> ReplicaAssignment(replicas=0, addingReplicas=, removingReplicas=), __consumer_offsets-24 -> ReplicaAssignment(replicas=0, addingReplicas=, removingReplicas=), __consumer_offsets-17 -> ReplicaAssignment(replicas=0, addingReplicas=, removingReplicas=), __consumer_offsets-48 -> ReplicaAssignment(replicas=0, addingReplicas=, removingReplicas=), __consumer_offsets-19 -> ReplicaAssignment(replicas=0, addingReplicas=, removingReplicas=), __consumer_offsets-11 -> ReplicaAssignment(replicas=0, addingReplicas=, removingReplicas=), __consumer_offsets-2 -> ReplicaAssignment(replicas=0, addingReplicas=, removingReplicas=), __consumer_offsets-43 -> ReplicaAssignment(replicas=0, addingReplicas=, removingReplicas=), __consumer_offsets-6 -> ReplicaAssignment(replicas=0, addingReplicas=, removingReplicas=), __consumer_offsets-14 -> ReplicaAssignment(replicas=0, addingReplicas=, removingReplicas=), __consumer_offsets-20 -> ReplicaAssignment(replicas=0, addingReplicas=, removingReplicas=), __consumer_offsets-0 -> ReplicaAssignment(replicas=0, addingReplicas=, removingReplicas=), __consumer_offsets-44 -> ReplicaAssignment(replicas=0, addingReplicas=, removingReplicas=), __consumer_offsets-39 -> ReplicaAssignment(replicas=0, addingReplicas=, removingReplicas=), __consumer_offsets-12 -> ReplicaAssignment(replicas=0, addingReplicas=, removingReplicas=), __consumer_offsets-45 -> ReplicaAssignment(replicas=0, addingReplicas=, removingReplicas=), __consumer_offsets-1 -> ReplicaAssignment(replicas=0, addingReplicas=, removingReplicas=), __consumer_offsets-5 -> ReplicaAssignment(replicas=0, addingReplicas=, removingReplicas=), __consumer_offsets-26 -> ReplicaAssignment(replicas=0, addingReplicas=, removingReplicas=), __consumer_offsets-29 -> ReplicaAssignment(replicas=0, addingReplicas=, removingReplicas=), __consumer_offsets-34 -> ReplicaAssignment(replicas=0, addingReplicas=, removingReplicas=), __consumer_offsets-10 -> ReplicaAssignment(replicas=0, addingReplicas=, removingReplicas=), __consumer_offsets-32 -> ReplicaAssignment(replicas=0, addingReplicas=, removingReplicas=), __consumer_offsets-40 -> ReplicaAssignment(replicas=0, addingReplicas=, removingReplicas=))))] (kafka.controller.KafkaController)
[2025-03-05 23:00:20,720] INFO [Controller id=0] New partition creation callback for __consumer_offsets-22,__consumer_offsets-30,__consumer_offsets-25,__consumer_offsets-35,__consumer_offsets-37,__consumer_offsets-38,__consumer_offsets-13,__consumer_offsets-8,__consumer_offsets-21,__consumer_offsets-4,__consumer_offsets-27,__consumer_offsets-7,__consumer_offsets-9,__consumer_offsets-46,__consumer_offsets-41,__consumer_offsets-33,__consumer_offsets-23,__consumer_offsets-49,__consumer_offsets-47,__consumer_offsets-16,__consumer_offsets-28,__consumer_offsets-31,__consumer_offsets-36,__consumer_offsets-42,__consumer_offsets-3,__consumer_offsets-18,__consumer_offsets-15,__consumer_offsets-24,__consumer_offsets-17,__consumer_offsets-48,__consumer_offsets-19,__consumer_offsets-11,__consumer_offsets-2,__consumer_offsets-43,__consumer_offsets-6,__consumer_offsets-14,__consumer_offsets-20,__consumer_offsets-0,__consumer_offsets-44,__consumer_offsets-39,__consumer_offsets-12,__consumer_offsets-45,__consumer_offsets-1,__consumer_offsets-5,__consumer_offsets-26,__consumer_offsets-29,__consumer_offsets-34,__consumer_offsets-10,__consumer_offsets-32,__consumer_offsets-40 (kafka.controller.KafkaController)
[2025-03-05 23:00:35,921] INFO [Controller id=0] New topics: [Set(file-upload)], deleted topics: [HashSet()], new partition replica assignment [Set(TopicIdReplicaAssignment(file-upload,Some(Ll2iGcVERz20GvH9YNtEcw),Map(file-upload-0 -> ReplicaAssignment(replicas=0, addingReplicas=, removingReplicas=))))] (kafka.controller.KafkaController)
[2025-03-05 23:00:35,921] INFO [Controller id=0] New partition creation callback for file-upload-0 (kafka.controller.KafkaController)
[2025-03-05 23:10:04,505] INFO [ControllerEventThread controllerId=0] Starting (kafka.controller.ControllerEventManager$ControllerEventThread)
[2025-03-05 23:10:04,569] INFO [Controller id=0] 0 successfully elected as the controller. Epoch incremented to 1 and epoch zk version is now 1 (kafka.controller.KafkaController)
[2025-03-05 23:10:04,576] INFO [Controller id=0] Creating FeatureZNode at path: /feature with contents: FeatureZNode(2,Enabled,Map()) (kafka.controller.KafkaController)
[2025-03-05 23:10:04,688] INFO [Controller id=0] Registering handlers (kafka.controller.KafkaController)
[2025-03-05 23:10:04,695] INFO [Controller id=0] Deleting log dir event notifications (kafka.controller.KafkaController)
[2025-03-05 23:10:04,700] INFO [Controller id=0] Deleting isr change notifications (kafka.controller.KafkaController)
[2025-03-05 23:10:04,704] INFO [Controller id=0] Initializing controller context (kafka.controller.KafkaController)
[2025-03-05 23:10:04,724] INFO [Controller id=0] Initialized broker epochs cache: HashMap(0 -> 25) (kafka.controller.KafkaController)
[2025-03-05 23:10:04,733] DEBUG [Controller id=0] Register BrokerModifications handler for Set(0) (kafka.controller.KafkaController)
[2025-03-05 23:10:04,740] DEBUG [Channel manager on controller 0]: Controller 0 trying to connect to broker 0 (kafka.controller.ControllerChannelManager)
[2025-03-05 23:10:04,748] INFO [RequestSendThread controllerId=0] Starting (kafka.controller.RequestSendThread)
[2025-03-05 23:10:04,750] INFO [Controller id=0] Currently active brokers in the cluster: Set(0) (kafka.controller.KafkaController)
[2025-03-05 23:10:04,751] INFO [Controller id=0] Currently shutting brokers in the cluster: HashSet() (kafka.controller.KafkaController)
[2025-03-05 23:10:04,751] INFO [Controller id=0] Current list of topics in the cluster: HashSet() (kafka.controller.KafkaController)
[2025-03-05 23:10:04,752] INFO [Controller id=0] Fetching topic deletions in progress (kafka.controller.KafkaController)
[2025-03-05 23:10:04,755] INFO [Controller id=0] List of topics to be deleted:  (kafka.controller.KafkaController)
[2025-03-05 23:10:04,755] INFO [Controller id=0] List of topics ineligible for deletion:  (kafka.controller.KafkaController)
[2025-03-05 23:10:04,756] INFO [Controller id=0] Initializing topic deletion manager (kafka.controller.KafkaController)
[2025-03-05 23:10:04,756] INFO [Topic Deletion Manager 0] Initializing manager with initial deletions: Set(), initial ineligible deletions: HashSet() (kafka.controller.TopicDeletionManager)
[2025-03-05 23:10:04,758] INFO [Controller id=0] Sending update metadata request (kafka.controller.KafkaController)
[2025-03-05 23:10:04,784] INFO [ReplicaStateMachine controllerId=0] Initializing replica state (kafka.controller.ZkReplicaStateMachine)
[2025-03-05 23:10:04,785] INFO [ReplicaStateMachine controllerId=0] Triggering online replica state changes (kafka.controller.ZkReplicaStateMachine)
[2025-03-05 23:10:04,793] INFO [ReplicaStateMachine controllerId=0] Triggering offline replica state changes (kafka.controller.ZkReplicaStateMachine)
[2025-03-05 23:10:04,793] DEBUG [ReplicaStateMachine controllerId=0] Started replica state machine with initial state -> HashMap() (kafka.controller.ZkReplicaStateMachine)
[2025-03-05 23:10:04,794] INFO [PartitionStateMachine controllerId=0] Initializing partition state (kafka.controller.ZkPartitionStateMachine)
[2025-03-05 23:10:04,795] INFO [PartitionStateMachine controllerId=0] Triggering online partition state changes (kafka.controller.ZkPartitionStateMachine)
[2025-03-05 23:10:04,799] DEBUG [PartitionStateMachine controllerId=0] Started partition state machine with initial state -> HashMap() (kafka.controller.ZkPartitionStateMachine)
[2025-03-05 23:10:04,800] INFO [Controller id=0] Ready to serve as the new controller with epoch 1 (kafka.controller.KafkaController)
[2025-03-05 23:10:04,809] INFO [Controller id=0] Partitions undergoing preferred replica election:  (kafka.controller.KafkaController)
[2025-03-05 23:10:04,809] INFO [Controller id=0] Partitions that completed preferred replica election:  (kafka.controller.KafkaController)
[2025-03-05 23:10:04,810] INFO [Controller id=0] Skipping preferred replica election for partitions due to topic deletion:  (kafka.controller.KafkaController)
[2025-03-05 23:10:04,810] INFO [Controller id=0] Resuming preferred replica election for partitions:  (kafka.controller.KafkaController)
[2025-03-05 23:10:04,811] INFO [Controller id=0] Starting replica leader election (PREFERRED) for partitions  triggered by ZkTriggered (kafka.controller.KafkaController)
[2025-03-05 23:10:04,851] INFO [Controller id=0] Starting the controller scheduler (kafka.controller.KafkaController)
[2025-03-05 23:10:05,297] INFO [RequestSendThread controllerId=0] Controller 0 connected to DESKTOP-8GKE7FT:9092 (id: 0 rack: null) for sending state change requests (kafka.controller.RequestSendThread)
[2025-03-05 23:10:09,857] INFO [Controller id=0] Processing automatic preferred replica leader election (kafka.controller.KafkaController)
[2025-03-05 23:10:09,857] TRACE [Controller id=0] Checking need to trigger auto leader balancing (kafka.controller.KafkaController)
[2025-03-05 23:13:14,584] INFO [ControllerEventThread controllerId=0] Starting (kafka.controller.ControllerEventManager$ControllerEventThread)
[2025-03-05 23:13:14,678] INFO [Controller id=0] 0 successfully elected as the controller. Epoch incremented to 1 and epoch zk version is now 1 (kafka.controller.KafkaController)
[2025-03-05 23:13:14,691] INFO [Controller id=0] Creating FeatureZNode at path: /feature with contents: FeatureZNode(2,Enabled,Map()) (kafka.controller.KafkaController)
[2025-03-05 23:13:14,807] INFO [Controller id=0] Registering handlers (kafka.controller.KafkaController)
[2025-03-05 23:13:14,821] INFO [Controller id=0] Deleting log dir event notifications (kafka.controller.KafkaController)
[2025-03-05 23:13:14,830] INFO [Controller id=0] Deleting isr change notifications (kafka.controller.KafkaController)
[2025-03-05 23:13:14,836] INFO [Controller id=0] Initializing controller context (kafka.controller.KafkaController)
[2025-03-05 23:13:14,868] INFO [Controller id=0] Initialized broker epochs cache: HashMap(0 -> 25) (kafka.controller.KafkaController)
[2025-03-05 23:13:14,884] DEBUG [Controller id=0] Register BrokerModifications handler for Set(0) (kafka.controller.KafkaController)
[2025-03-05 23:13:14,898] DEBUG [Channel manager on controller 0]: Controller 0 trying to connect to broker 0 (kafka.controller.ControllerChannelManager)
[2025-03-05 23:13:14,911] INFO [RequestSendThread controllerId=0] Starting (kafka.controller.RequestSendThread)
[2025-03-05 23:13:14,913] INFO [Controller id=0] Currently active brokers in the cluster: Set(0) (kafka.controller.KafkaController)
[2025-03-05 23:13:14,913] INFO [Controller id=0] Currently shutting brokers in the cluster: HashSet() (kafka.controller.KafkaController)
[2025-03-05 23:13:14,913] INFO [Controller id=0] Current list of topics in the cluster: HashSet() (kafka.controller.KafkaController)
[2025-03-05 23:13:14,914] INFO [Controller id=0] Fetching topic deletions in progress (kafka.controller.KafkaController)
[2025-03-05 23:13:14,917] INFO [Controller id=0] List of topics to be deleted:  (kafka.controller.KafkaController)
[2025-03-05 23:13:14,918] INFO [Controller id=0] List of topics ineligible for deletion:  (kafka.controller.KafkaController)
[2025-03-05 23:13:14,919] INFO [Controller id=0] Initializing topic deletion manager (kafka.controller.KafkaController)
[2025-03-05 23:13:14,919] INFO [Topic Deletion Manager 0] Initializing manager with initial deletions: Set(), initial ineligible deletions: HashSet() (kafka.controller.TopicDeletionManager)
[2025-03-05 23:13:14,921] INFO [Controller id=0] Sending update metadata request (kafka.controller.KafkaController)
[2025-03-05 23:13:14,944] INFO [ReplicaStateMachine controllerId=0] Initializing replica state (kafka.controller.ZkReplicaStateMachine)
[2025-03-05 23:13:14,948] INFO [ReplicaStateMachine controllerId=0] Triggering online replica state changes (kafka.controller.ZkReplicaStateMachine)
[2025-03-05 23:13:14,959] INFO [ReplicaStateMachine controllerId=0] Triggering offline replica state changes (kafka.controller.ZkReplicaStateMachine)
[2025-03-05 23:13:14,960] DEBUG [ReplicaStateMachine controllerId=0] Started replica state machine with initial state -> HashMap() (kafka.controller.ZkReplicaStateMachine)
[2025-03-05 23:13:14,960] INFO [PartitionStateMachine controllerId=0] Initializing partition state (kafka.controller.ZkPartitionStateMachine)
[2025-03-05 23:13:14,961] INFO [PartitionStateMachine controllerId=0] Triggering online partition state changes (kafka.controller.ZkPartitionStateMachine)
[2025-03-05 23:13:14,967] DEBUG [PartitionStateMachine controllerId=0] Started partition state machine with initial state -> HashMap() (kafka.controller.ZkPartitionStateMachine)
[2025-03-05 23:13:14,967] INFO [Controller id=0] Ready to serve as the new controller with epoch 1 (kafka.controller.KafkaController)
[2025-03-05 23:13:14,979] INFO [Controller id=0] Partitions undergoing preferred replica election:  (kafka.controller.KafkaController)
[2025-03-05 23:13:14,980] INFO [Controller id=0] Partitions that completed preferred replica election:  (kafka.controller.KafkaController)
[2025-03-05 23:13:14,981] INFO [Controller id=0] Skipping preferred replica election for partitions due to topic deletion:  (kafka.controller.KafkaController)
[2025-03-05 23:13:14,982] INFO [Controller id=0] Resuming preferred replica election for partitions:  (kafka.controller.KafkaController)
[2025-03-05 23:13:14,983] INFO [Controller id=0] Starting replica leader election (PREFERRED) for partitions  triggered by ZkTriggered (kafka.controller.KafkaController)
[2025-03-05 23:13:15,030] INFO [Controller id=0] Starting the controller scheduler (kafka.controller.KafkaController)
[2025-03-05 23:13:15,464] INFO [RequestSendThread controllerId=0] Controller 0 connected to DESKTOP-8GKE7FT:9092 (id: 0 rack: null) for sending state change requests (kafka.controller.RequestSendThread)
[2025-03-05 23:13:20,046] INFO [Controller id=0] Processing automatic preferred replica leader election (kafka.controller.KafkaController)
[2025-03-05 23:13:20,047] TRACE [Controller id=0] Checking need to trigger auto leader balancing (kafka.controller.KafkaController)
[2025-03-05 23:13:23,896] INFO [Controller id=0] New topics: [Set(user-avatar-updated)], deleted topics: [HashSet()], new partition replica assignment [Set(TopicIdReplicaAssignment(user-avatar-updated,Some(nLkwmfBmRj-stt_3pcinFQ),Map(user-avatar-updated-0 -> ReplicaAssignment(replicas=0, addingReplicas=, removingReplicas=))))] (kafka.controller.KafkaController)
[2025-03-05 23:13:23,896] INFO [Controller id=0] New partition creation callback for user-avatar-updated-0 (kafka.controller.KafkaController)
[2025-03-05 23:13:24,938] INFO [Controller id=0] New topics: [Set(__consumer_offsets)], deleted topics: [HashSet()], new partition replica assignment [Set(TopicIdReplicaAssignment(__consumer_offsets,Some(yVtNvhpQTZS9kaCM_OMWFA),HashMap(__consumer_offsets-22 -> ReplicaAssignment(replicas=0, addingReplicas=, removingReplicas=), __consumer_offsets-30 -> ReplicaAssignment(replicas=0, addingReplicas=, removingReplicas=), __consumer_offsets-25 -> ReplicaAssignment(replicas=0, addingReplicas=, removingReplicas=), __consumer_offsets-35 -> ReplicaAssignment(replicas=0, addingReplicas=, removingReplicas=), __consumer_offsets-37 -> ReplicaAssignment(replicas=0, addingReplicas=, removingReplicas=), __consumer_offsets-38 -> ReplicaAssignment(replicas=0, addingReplicas=, removingReplicas=), __consumer_offsets-13 -> ReplicaAssignment(replicas=0, addingReplicas=, removingReplicas=), __consumer_offsets-8 -> ReplicaAssignment(replicas=0, addingReplicas=, removingReplicas=), __consumer_offsets-21 -> ReplicaAssignment(replicas=0, addingReplicas=, removingReplicas=), __consumer_offsets-4 -> ReplicaAssignment(replicas=0, addingReplicas=, removingReplicas=), __consumer_offsets-27 -> ReplicaAssignment(replicas=0, addingReplicas=, removingReplicas=), __consumer_offsets-7 -> ReplicaAssignment(replicas=0, addingReplicas=, removingReplicas=), __consumer_offsets-9 -> ReplicaAssignment(replicas=0, addingReplicas=, removingReplicas=), __consumer_offsets-46 -> ReplicaAssignment(replicas=0, addingReplicas=, removingReplicas=), __consumer_offsets-41 -> ReplicaAssignment(replicas=0, addingReplicas=, removingReplicas=), __consumer_offsets-33 -> ReplicaAssignment(replicas=0, addingReplicas=, removingReplicas=), __consumer_offsets-23 -> ReplicaAssignment(replicas=0, addingReplicas=, removingReplicas=), __consumer_offsets-49 -> ReplicaAssignment(replicas=0, addingReplicas=, removingReplicas=), __consumer_offsets-47 -> ReplicaAssignment(replicas=0, addingReplicas=, removingReplicas=), __consumer_offsets-16 -> ReplicaAssignment(replicas=0, addingReplicas=, removingReplicas=), __consumer_offsets-28 -> ReplicaAssignment(replicas=0, addingReplicas=, removingReplicas=), __consumer_offsets-31 -> ReplicaAssignment(replicas=0, addingReplicas=, removingReplicas=), __consumer_offsets-36 -> ReplicaAssignment(replicas=0, addingReplicas=, removingReplicas=), __consumer_offsets-42 -> ReplicaAssignment(replicas=0, addingReplicas=, removingReplicas=), __consumer_offsets-3 -> ReplicaAssignment(replicas=0, addingReplicas=, removingReplicas=), __consumer_offsets-18 -> ReplicaAssignment(replicas=0, addingReplicas=, removingReplicas=), __consumer_offsets-15 -> ReplicaAssignment(replicas=0, addingReplicas=, removingReplicas=), __consumer_offsets-24 -> ReplicaAssignment(replicas=0, addingReplicas=, removingReplicas=), __consumer_offsets-17 -> ReplicaAssignment(replicas=0, addingReplicas=, removingReplicas=), __consumer_offsets-48 -> ReplicaAssignment(replicas=0, addingReplicas=, removingReplicas=), __consumer_offsets-19 -> ReplicaAssignment(replicas=0, addingReplicas=, removingReplicas=), __consumer_offsets-11 -> ReplicaAssignment(replicas=0, addingReplicas=, removingReplicas=), __consumer_offsets-2 -> ReplicaAssignment(replicas=0, addingReplicas=, removingReplicas=), __consumer_offsets-43 -> ReplicaAssignment(replicas=0, addingReplicas=, removingReplicas=), __consumer_offsets-6 -> ReplicaAssignment(replicas=0, addingReplicas=, removingReplicas=), __consumer_offsets-14 -> ReplicaAssignment(replicas=0, addingReplicas=, removingReplicas=), __consumer_offsets-20 -> ReplicaAssignment(replicas=0, addingReplicas=, removingReplicas=), __consumer_offsets-0 -> ReplicaAssignment(replicas=0, addingReplicas=, removingReplicas=), __consumer_offsets-44 -> ReplicaAssignment(replicas=0, addingReplicas=, removingReplicas=), __consumer_offsets-39 -> ReplicaAssignment(replicas=0, addingReplicas=, removingReplicas=), __consumer_offsets-12 -> ReplicaAssignment(replicas=0, addingReplicas=, removingReplicas=), __consumer_offsets-45 -> ReplicaAssignment(replicas=0, addingReplicas=, removingReplicas=), __consumer_offsets-1 -> ReplicaAssignment(replicas=0, addingReplicas=, removingReplicas=), __consumer_offsets-5 -> ReplicaAssignment(replicas=0, addingReplicas=, removingReplicas=), __consumer_offsets-26 -> ReplicaAssignment(replicas=0, addingReplicas=, removingReplicas=), __consumer_offsets-29 -> ReplicaAssignment(replicas=0, addingReplicas=, removingReplicas=), __consumer_offsets-34 -> ReplicaAssignment(replicas=0, addingReplicas=, removingReplicas=), __consumer_offsets-10 -> ReplicaAssignment(replicas=0, addingReplicas=, removingReplicas=), __consumer_offsets-32 -> ReplicaAssignment(replicas=0, addingReplicas=, removingReplicas=), __consumer_offsets-40 -> ReplicaAssignment(replicas=0, addingReplicas=, removingReplicas=))))] (kafka.controller.KafkaController)
[2025-03-05 23:13:24,942] INFO [Controller id=0] New partition creation callback for __consumer_offsets-22,__consumer_offsets-30,__consumer_offsets-25,__consumer_offsets-35,__consumer_offsets-37,__consumer_offsets-38,__consumer_offsets-13,__consumer_offsets-8,__consumer_offsets-21,__consumer_offsets-4,__consumer_offsets-27,__consumer_offsets-7,__consumer_offsets-9,__consumer_offsets-46,__consumer_offsets-41,__consumer_offsets-33,__consumer_offsets-23,__consumer_offsets-49,__consumer_offsets-47,__consumer_offsets-16,__consumer_offsets-28,__consumer_offsets-31,__consumer_offsets-36,__consumer_offsets-42,__consumer_offsets-3,__consumer_offsets-18,__consumer_offsets-15,__consumer_offsets-24,__consumer_offsets-17,__consumer_offsets-48,__consumer_offsets-19,__consumer_offsets-11,__consumer_offsets-2,__consumer_offsets-43,__consumer_offsets-6,__consumer_offsets-14,__consumer_offsets-20,__consumer_offsets-0,__consumer_offsets-44,__consumer_offsets-39,__consumer_offsets-12,__consumer_offsets-45,__consumer_offsets-1,__consumer_offsets-5,__consumer_offsets-26,__consumer_offsets-29,__consumer_offsets-34,__consumer_offsets-10,__consumer_offsets-32,__consumer_offsets-40 (kafka.controller.KafkaController)
[2025-03-05 23:13:35,322] INFO [Controller id=0] New topics: [Set(file-upload)], deleted topics: [HashSet()], new partition replica assignment [Set(TopicIdReplicaAssignment(file-upload,Some(qUUkEhR0T9aNij5ZNHVOoQ),Map(file-upload-0 -> ReplicaAssignment(replicas=0, addingReplicas=, removingReplicas=))))] (kafka.controller.KafkaController)
[2025-03-05 23:13:35,322] INFO [Controller id=0] New partition creation callback for file-upload-0 (kafka.controller.KafkaController)
[2025-03-05 23:18:20,063] INFO [Controller id=0] Processing automatic preferred replica leader election (kafka.controller.KafkaController)
[2025-03-05 23:18:20,063] TRACE [Controller id=0] Checking need to trigger auto leader balancing (kafka.controller.KafkaController)
[2025-03-05 23:18:20,068] DEBUG [Controller id=0] Topics not in preferred replica for broker 0 HashMap() (kafka.controller.KafkaController)
[2025-03-05 23:18:20,075] TRACE [Controller id=0] Leader imbalance ratio for broker 0 is 0.0 (kafka.controller.KafkaController)
[2025-03-05 23:23:20,098] INFO [Controller id=0] Processing automatic preferred replica leader election (kafka.controller.KafkaController)
[2025-03-05 23:23:20,119] TRACE [Controller id=0] Checking need to trigger auto leader balancing (kafka.controller.KafkaController)
[2025-03-05 23:23:20,119] DEBUG [Controller id=0] Topics not in preferred replica for broker 0 HashMap() (kafka.controller.KafkaController)
[2025-03-05 23:23:20,119] TRACE [Controller id=0] Leader imbalance ratio for broker 0 is 0.0 (kafka.controller.KafkaController)
[2025-03-05 23:28:20,142] INFO [Controller id=0] Processing automatic preferred replica leader election (kafka.controller.KafkaController)
[2025-03-05 23:28:20,142] TRACE [Controller id=0] Checking need to trigger auto leader balancing (kafka.controller.KafkaController)
[2025-03-05 23:28:20,144] DEBUG [Controller id=0] Topics not in preferred replica for broker 0 HashMap() (kafka.controller.KafkaController)
[2025-03-05 23:28:20,144] TRACE [Controller id=0] Leader imbalance ratio for broker 0 is 0.0 (kafka.controller.KafkaController)
[2025-03-05 23:33:20,168] INFO [Controller id=0] Processing automatic preferred replica leader election (kafka.controller.KafkaController)
[2025-03-05 23:33:20,168] TRACE [Controller id=0] Checking need to trigger auto leader balancing (kafka.controller.KafkaController)
[2025-03-05 23:33:20,168] DEBUG [Controller id=0] Topics not in preferred replica for broker 0 HashMap() (kafka.controller.KafkaController)
[2025-03-05 23:33:20,168] TRACE [Controller id=0] Leader imbalance ratio for broker 0 is 0.0 (kafka.controller.KafkaController)
[2025-03-05 23:38:20,185] INFO [Controller id=0] Processing automatic preferred replica leader election (kafka.controller.KafkaController)
[2025-03-05 23:38:20,185] TRACE [Controller id=0] Checking need to trigger auto leader balancing (kafka.controller.KafkaController)
[2025-03-05 23:38:20,185] DEBUG [Controller id=0] Topics not in preferred replica for broker 0 HashMap() (kafka.controller.KafkaController)
[2025-03-05 23:38:20,185] TRACE [Controller id=0] Leader imbalance ratio for broker 0 is 0.0 (kafka.controller.KafkaController)
[2025-03-05 23:43:20,211] INFO [Controller id=0] Processing automatic preferred replica leader election (kafka.controller.KafkaController)
[2025-03-05 23:43:20,211] TRACE [Controller id=0] Checking need to trigger auto leader balancing (kafka.controller.KafkaController)
[2025-03-05 23:43:20,211] DEBUG [Controller id=0] Topics not in preferred replica for broker 0 HashMap() (kafka.controller.KafkaController)
[2025-03-05 23:43:20,211] TRACE [Controller id=0] Leader imbalance ratio for broker 0 is 0.0 (kafka.controller.KafkaController)
[2025-03-05 23:48:20,229] INFO [Controller id=0] Processing automatic preferred replica leader election (kafka.controller.KafkaController)
[2025-03-05 23:48:20,229] TRACE [Controller id=0] Checking need to trigger auto leader balancing (kafka.controller.KafkaController)
[2025-03-05 23:48:20,229] DEBUG [Controller id=0] Topics not in preferred replica for broker 0 HashMap() (kafka.controller.KafkaController)
[2025-03-05 23:48:20,229] TRACE [Controller id=0] Leader imbalance ratio for broker 0 is 0.0 (kafka.controller.KafkaController)
[2025-03-05 23:53:20,242] INFO [Controller id=0] Processing automatic preferred replica leader election (kafka.controller.KafkaController)
[2025-03-05 23:53:20,242] TRACE [Controller id=0] Checking need to trigger auto leader balancing (kafka.controller.KafkaController)
[2025-03-05 23:53:20,242] DEBUG [Controller id=0] Topics not in preferred replica for broker 0 HashMap() (kafka.controller.KafkaController)
[2025-03-05 23:53:20,242] TRACE [Controller id=0] Leader imbalance ratio for broker 0 is 0.0 (kafka.controller.KafkaController)
[2025-03-05 23:58:20,261] INFO [Controller id=0] Processing automatic preferred replica leader election (kafka.controller.KafkaController)
[2025-03-05 23:58:20,261] TRACE [Controller id=0] Checking need to trigger auto leader balancing (kafka.controller.KafkaController)
[2025-03-05 23:58:20,261] DEBUG [Controller id=0] Topics not in preferred replica for broker 0 HashMap() (kafka.controller.KafkaController)
[2025-03-05 23:58:20,261] TRACE [Controller id=0] Leader imbalance ratio for broker 0 is 0.0 (kafka.controller.KafkaController)
[2025-03-06 00:05:16,420] DEBUG [Controller id=0] Resigning (kafka.controller.KafkaController)
[2025-03-06 00:05:16,420] DEBUG [Controller id=0] Unregister BrokerModifications handler for Set(0) (kafka.controller.KafkaController)
[2025-03-06 00:05:16,420] INFO [PartitionStateMachine controllerId=0] Stopped partition state machine (kafka.controller.ZkPartitionStateMachine)
[2025-03-06 00:05:16,436] INFO [ReplicaStateMachine controllerId=0] Stopped replica state machine (kafka.controller.ZkReplicaStateMachine)
[2025-03-06 00:05:16,436] INFO [RequestSendThread controllerId=0] Shutting down (kafka.controller.RequestSendThread)
[2025-03-06 00:05:16,436] INFO [RequestSendThread controllerId=0] Stopped (kafka.controller.RequestSendThread)
[2025-03-06 00:05:16,436] INFO [RequestSendThread controllerId=0] Shutdown completed (kafka.controller.RequestSendThread)
[2025-03-06 00:05:16,452] INFO [Controller id=0] Resigned (kafka.controller.KafkaController)
[2025-03-06 00:05:16,499] INFO [Controller id=0] 0 successfully elected as the controller. Epoch incremented to 2 and epoch zk version is now 2 (kafka.controller.KafkaController)
[2025-03-06 00:05:16,499] INFO [Controller id=0] Registering handlers (kafka.controller.KafkaController)
[2025-03-06 00:05:16,499] INFO [Controller id=0] Deleting log dir event notifications (kafka.controller.KafkaController)
[2025-03-06 00:05:16,499] INFO [Controller id=0] Deleting isr change notifications (kafka.controller.KafkaController)
[2025-03-06 00:05:16,499] INFO [Controller id=0] Initializing controller context (kafka.controller.KafkaController)
[2025-03-06 00:05:16,515] INFO [Controller id=0] Initialized broker epochs cache: HashMap(0 -> 148) (kafka.controller.KafkaController)
[2025-03-06 00:05:16,515] DEBUG [Controller id=0] Register BrokerModifications handler for Set(0) (kafka.controller.KafkaController)
[2025-03-06 00:05:16,609] DEBUG [Channel manager on controller 0]: Controller 0 trying to connect to broker 0 (kafka.controller.ControllerChannelManager)
[2025-03-06 00:05:16,624] INFO [Controller id=0] Currently active brokers in the cluster: Set(0) (kafka.controller.KafkaController)
[2025-03-06 00:05:16,624] INFO [Controller id=0] Currently shutting brokers in the cluster: HashSet() (kafka.controller.KafkaController)
[2025-03-06 00:05:16,624] INFO [Controller id=0] Current list of topics in the cluster: HashSet(file-upload, user-avatar-updated, __consumer_offsets) (kafka.controller.KafkaController)
[2025-03-06 00:05:16,624] INFO [Controller id=0] Fetching topic deletions in progress (kafka.controller.KafkaController)
[2025-03-06 00:05:16,624] INFO [RequestSendThread controllerId=0] Starting (kafka.controller.RequestSendThread)
[2025-03-06 00:05:16,624] INFO [Controller id=0] List of topics to be deleted:  (kafka.controller.KafkaController)
[2025-03-06 00:05:16,624] INFO [Controller id=0] List of topics ineligible for deletion:  (kafka.controller.KafkaController)
[2025-03-06 00:05:16,624] INFO [Controller id=0] Initializing topic deletion manager (kafka.controller.KafkaController)
[2025-03-06 00:05:16,624] INFO [Topic Deletion Manager 0] Initializing manager with initial deletions: Set(), initial ineligible deletions: HashSet() (kafka.controller.TopicDeletionManager)
[2025-03-06 00:05:16,624] INFO [Controller id=0] Sending update metadata request (kafka.controller.KafkaController)
[2025-03-06 00:05:16,624] INFO [ReplicaStateMachine controllerId=0] Initializing replica state (kafka.controller.ZkReplicaStateMachine)
[2025-03-06 00:05:16,624] INFO [ReplicaStateMachine controllerId=0] Triggering online replica state changes (kafka.controller.ZkReplicaStateMachine)
[2025-03-06 00:05:16,640] INFO [RequestSendThread controllerId=0] Controller 0 connected to DESKTOP-8GKE7FT:9092 (id: 0 rack: null) for sending state change requests (kafka.controller.RequestSendThread)
[2025-03-06 00:05:16,656] INFO [ReplicaStateMachine controllerId=0] Triggering offline replica state changes (kafka.controller.ZkReplicaStateMachine)
[2025-03-06 00:05:16,656] DEBUG [ReplicaStateMachine controllerId=0] Started replica state machine with initial state -> HashMap([Topic=__consumer_offsets,Partition=40,Replica=0] -> OnlineReplica, [Topic=__consumer_offsets,Partition=27,Replica=0] -> OnlineReplica, [Topic=__consumer_offsets,Partition=49,Replica=0] -> OnlineReplica, [Topic=user-avatar-updated,Partition=0,Replica=0] -> OnlineReplica, [Topic=__consumer_offsets,Partition=47,Replica=0] -> OnlineReplica, [Topic=__consumer_offsets,Partition=3,Replica=0] -> OnlineReplica, [Topic=__consumer_offsets,Partition=18,Replica=0] -> OnlineReplica, [Topic=__consumer_offsets,Partition=44,Replica=0] -> OnlineReplica, [Topic=__consumer_offsets,Partition=8,Replica=0] -> OnlineReplica, [Topic=__consumer_offsets,Partition=34,Replica=0] -> OnlineReplica, [Topic=__consumer_offsets,Partition=25,Replica=0] -> OnlineReplica, [Topic=__consumer_offsets,Partition=14,Replica=0] -> OnlineReplica, [Topic=__consumer_offsets,Partition=24,Replica=0] -> OnlineReplica, [Topic=__consumer_offsets,Partition=36,Replica=0] -> OnlineReplica, [Topic=__consumer_offsets,Partition=42,Replica=0] -> OnlineReplica, [Topic=__consumer_offsets,Partition=45,Replica=0] -> OnlineReplica, [Topic=__consumer_offsets,Partition=11,Replica=0] -> OnlineReplica, [Topic=__consumer_offsets,Partition=32,Replica=0] -> OnlineReplica, [Topic=__consumer_offsets,Partition=12,Replica=0] -> OnlineReplica, [Topic=__consumer_offsets,Partition=30,Replica=0] -> OnlineReplica, [Topic=__consumer_offsets,Partition=9,Replica=0] -> OnlineReplica, [Topic=__consumer_offsets,Partition=39,Replica=0] -> OnlineReplica, [Topic=__consumer_offsets,Partition=38,Replica=0] -> OnlineReplica, [Topic=__consumer_offsets,Partition=23,Replica=0] -> OnlineReplica, [Topic=__consumer_offsets,Partition=19,Replica=0] -> OnlineReplica, [Topic=__consumer_offsets,Partition=17,Replica=0] -> OnlineReplica, [Topic=__consumer_offsets,Partition=41,Replica=0] -> OnlineReplica, [Topic=__consumer_offsets,Partition=37,Replica=0] -> OnlineReplica, [Topic=__consumer_offsets,Partition=48,Replica=0] -> OnlineReplica, [Topic=__consumer_offsets,Partition=29,Replica=0] -> OnlineReplica, [Topic=__consumer_offsets,Partition=10,Replica=0] -> OnlineReplica, [Topic=__consumer_offsets,Partition=46,Replica=0] -> OnlineReplica, [Topic=__consumer_offsets,Partition=1,Replica=0] -> OnlineReplica, [Topic=__consumer_offsets,Partition=16,Replica=0] -> OnlineReplica, [Topic=__consumer_offsets,Partition=5,Replica=0] -> OnlineReplica, [Topic=file-upload,Partition=0,Replica=0] -> OnlineReplica, [Topic=__consumer_offsets,Partition=15,Replica=0] -> OnlineReplica, [Topic=__consumer_offsets,Partition=4,Replica=0] -> OnlineReplica, [Topic=__consumer_offsets,Partition=6,Replica=0] -> OnlineReplica, [Topic=__consumer_offsets,Partition=7,Replica=0] -> OnlineReplica, [Topic=__consumer_offsets,Partition=43,Replica=0] -> OnlineReplica, [Topic=__consumer_offsets,Partition=0,Replica=0] -> OnlineReplica, [Topic=__consumer_offsets,Partition=20,Replica=0] -> OnlineReplica, [Topic=__consumer_offsets,Partition=31,Replica=0] -> OnlineReplica, [Topic=__consumer_offsets,Partition=28,Replica=0] -> OnlineReplica, [Topic=__consumer_offsets,Partition=26,Replica=0] -> OnlineReplica, [Topic=__consumer_offsets,Partition=2,Replica=0] -> OnlineReplica, [Topic=__consumer_offsets,Partition=33,Replica=0] -> OnlineReplica, [Topic=__consumer_offsets,Partition=22,Replica=0] -> OnlineReplica, [Topic=__consumer_offsets,Partition=21,Replica=0] -> OnlineReplica, [Topic=__consumer_offsets,Partition=13,Replica=0] -> OnlineReplica, [Topic=__consumer_offsets,Partition=35,Replica=0] -> OnlineReplica) (kafka.controller.ZkReplicaStateMachine)
[2025-03-06 00:05:16,656] INFO [PartitionStateMachine controllerId=0] Initializing partition state (kafka.controller.ZkPartitionStateMachine)
[2025-03-06 00:05:16,656] INFO [PartitionStateMachine controllerId=0] Triggering online partition state changes (kafka.controller.ZkPartitionStateMachine)
[2025-03-06 00:05:16,656] DEBUG [PartitionStateMachine controllerId=0] Started partition state machine with initial state -> HashMap(__consumer_offsets-13 -> OnlinePartition, __consumer_offsets-46 -> OnlinePartition, __consumer_offsets-9 -> OnlinePartition, __consumer_offsets-42 -> OnlinePartition, __consumer_offsets-21 -> OnlinePartition, __consumer_offsets-17 -> OnlinePartition, __consumer_offsets-30 -> OnlinePartition, __consumer_offsets-26 -> OnlinePartition, __consumer_offsets-5 -> OnlinePartition, __consumer_offsets-38 -> OnlinePartition, __consumer_offsets-1 -> OnlinePartition, __consumer_offsets-34 -> OnlinePartition, __consumer_offsets-16 -> OnlinePartition, __consumer_offsets-45 -> OnlinePartition, __consumer_offsets-12 -> OnlinePartition, __consumer_offsets-41 -> OnlinePartition, __consumer_offsets-24 -> OnlinePartition, __consumer_offsets-20 -> OnlinePartition, __consumer_offsets-49 -> OnlinePartition, __consumer_offsets-0 -> OnlinePartition, __consumer_offsets-29 -> OnlinePartition, __consumer_offsets-25 -> OnlinePartition, __consumer_offsets-8 -> OnlinePartition, __consumer_offsets-37 -> OnlinePartition, __consumer_offsets-4 -> OnlinePartition, __consumer_offsets-33 -> OnlinePartition, __consumer_offsets-15 -> OnlinePartition, __consumer_offsets-48 -> OnlinePartition, file-upload-0 -> OnlinePartition, __consumer_offsets-11 -> OnlinePartition, __consumer_offsets-44 -> OnlinePartition, __consumer_offsets-23 -> OnlinePartition, __consumer_offsets-19 -> OnlinePartition, __consumer_offsets-32 -> OnlinePartition, __consumer_offsets-28 -> OnlinePartition, __consumer_offsets-7 -> OnlinePartition, __consumer_offsets-40 -> OnlinePartition, __consumer_offsets-3 -> OnlinePartition, __consumer_offsets-36 -> OnlinePartition, __consumer_offsets-47 -> OnlinePartition, __consumer_offsets-14 -> OnlinePartition, __consumer_offsets-43 -> OnlinePartition, __consumer_offsets-10 -> OnlinePartition, __consumer_offsets-22 -> OnlinePartition, __consumer_offsets-18 -> OnlinePartition, __consumer_offsets-31 -> OnlinePartition, user-avatar-updated-0 -> OnlinePartition, __consumer_offsets-27 -> OnlinePartition, __consumer_offsets-39 -> OnlinePartition, __consumer_offsets-6 -> OnlinePartition, __consumer_offsets-35 -> OnlinePartition, __consumer_offsets-2 -> OnlinePartition) (kafka.controller.ZkPartitionStateMachine)
[2025-03-06 00:05:16,656] INFO [Controller id=0] Ready to serve as the new controller with epoch 2 (kafka.controller.KafkaController)
[2025-03-06 00:05:16,656] INFO [Controller id=0] Partitions undergoing preferred replica election:  (kafka.controller.KafkaController)
[2025-03-06 00:05:16,656] INFO [Controller id=0] Partitions that completed preferred replica election:  (kafka.controller.KafkaController)
[2025-03-06 00:05:16,656] INFO [Controller id=0] Skipping preferred replica election for partitions due to topic deletion:  (kafka.controller.KafkaController)
[2025-03-06 00:05:16,656] INFO [Controller id=0] Resuming preferred replica election for partitions:  (kafka.controller.KafkaController)
[2025-03-06 00:05:16,656] INFO [Controller id=0] Starting replica leader election (PREFERRED) for partitions  triggered by ZkTriggered (kafka.controller.KafkaController)
[2025-03-06 00:05:16,656] INFO [Controller id=0] Starting the controller scheduler (kafka.controller.KafkaController)
[2025-03-06 00:05:21,680] INFO [Controller id=0] Processing automatic preferred replica leader election (kafka.controller.KafkaController)
[2025-03-06 00:05:21,681] TRACE [Controller id=0] Checking need to trigger auto leader balancing (kafka.controller.KafkaController)
[2025-03-06 00:05:21,681] DEBUG [Controller id=0] Topics not in preferred replica for broker 0 HashMap() (kafka.controller.KafkaController)
[2025-03-06 00:05:21,681] TRACE [Controller id=0] Leader imbalance ratio for broker 0 is 0.0 (kafka.controller.KafkaController)
[2025-03-06 00:10:21,696] INFO [Controller id=0] Processing automatic preferred replica leader election (kafka.controller.KafkaController)
[2025-03-06 00:10:21,696] TRACE [Controller id=0] Checking need to trigger auto leader balancing (kafka.controller.KafkaController)
[2025-03-06 00:10:21,696] DEBUG [Controller id=0] Topics not in preferred replica for broker 0 HashMap() (kafka.controller.KafkaController)
[2025-03-06 00:10:21,696] TRACE [Controller id=0] Leader imbalance ratio for broker 0 is 0.0 (kafka.controller.KafkaController)
[2025-03-06 00:15:21,710] INFO [Controller id=0] Processing automatic preferred replica leader election (kafka.controller.KafkaController)
[2025-03-06 00:15:21,710] TRACE [Controller id=0] Checking need to trigger auto leader balancing (kafka.controller.KafkaController)
[2025-03-06 00:15:21,710] DEBUG [Controller id=0] Topics not in preferred replica for broker 0 HashMap() (kafka.controller.KafkaController)
[2025-03-06 00:15:21,710] TRACE [Controller id=0] Leader imbalance ratio for broker 0 is 0.0 (kafka.controller.KafkaController)
[2025-03-06 00:20:21,718] INFO [Controller id=0] Processing automatic preferred replica leader election (kafka.controller.KafkaController)
[2025-03-06 00:20:21,719] TRACE [Controller id=0] Checking need to trigger auto leader balancing (kafka.controller.KafkaController)
[2025-03-06 00:20:21,720] DEBUG [Controller id=0] Topics not in preferred replica for broker 0 HashMap() (kafka.controller.KafkaController)
[2025-03-06 00:20:21,720] TRACE [Controller id=0] Leader imbalance ratio for broker 0 is 0.0 (kafka.controller.KafkaController)
[2025-03-06 00:25:21,723] INFO [Controller id=0] Processing automatic preferred replica leader election (kafka.controller.KafkaController)
[2025-03-06 00:25:21,723] TRACE [Controller id=0] Checking need to trigger auto leader balancing (kafka.controller.KafkaController)
[2025-03-06 00:25:21,723] DEBUG [Controller id=0] Topics not in preferred replica for broker 0 HashMap() (kafka.controller.KafkaController)
[2025-03-06 00:25:21,723] TRACE [Controller id=0] Leader imbalance ratio for broker 0 is 0.0 (kafka.controller.KafkaController)
[2025-03-06 00:30:21,740] INFO [Controller id=0] Processing automatic preferred replica leader election (kafka.controller.KafkaController)
[2025-03-06 00:30:21,740] TRACE [Controller id=0] Checking need to trigger auto leader balancing (kafka.controller.KafkaController)
[2025-03-06 00:30:21,741] DEBUG [Controller id=0] Topics not in preferred replica for broker 0 HashMap() (kafka.controller.KafkaController)
[2025-03-06 00:30:21,741] TRACE [Controller id=0] Leader imbalance ratio for broker 0 is 0.0 (kafka.controller.KafkaController)
[2025-03-06 00:35:21,744] INFO [Controller id=0] Processing automatic preferred replica leader election (kafka.controller.KafkaController)
[2025-03-06 00:35:21,744] TRACE [Controller id=0] Checking need to trigger auto leader balancing (kafka.controller.KafkaController)
[2025-03-06 00:35:21,744] DEBUG [Controller id=0] Topics not in preferred replica for broker 0 HashMap() (kafka.controller.KafkaController)
[2025-03-06 00:35:21,744] TRACE [Controller id=0] Leader imbalance ratio for broker 0 is 0.0 (kafka.controller.KafkaController)
[2025-03-06 00:40:21,752] INFO [Controller id=0] Processing automatic preferred replica leader election (kafka.controller.KafkaController)
[2025-03-06 00:40:21,752] TRACE [Controller id=0] Checking need to trigger auto leader balancing (kafka.controller.KafkaController)
[2025-03-06 00:40:21,752] DEBUG [Controller id=0] Topics not in preferred replica for broker 0 HashMap() (kafka.controller.KafkaController)
[2025-03-06 00:40:21,752] TRACE [Controller id=0] Leader imbalance ratio for broker 0 is 0.0 (kafka.controller.KafkaController)
[2025-03-06 00:45:21,765] INFO [Controller id=0] Processing automatic preferred replica leader election (kafka.controller.KafkaController)
[2025-03-06 00:45:21,765] TRACE [Controller id=0] Checking need to trigger auto leader balancing (kafka.controller.KafkaController)
[2025-03-06 00:45:21,765] DEBUG [Controller id=0] Topics not in preferred replica for broker 0 HashMap() (kafka.controller.KafkaController)
[2025-03-06 00:45:21,765] TRACE [Controller id=0] Leader imbalance ratio for broker 0 is 0.0 (kafka.controller.KafkaController)
[2025-03-06 00:50:21,780] INFO [Controller id=0] Processing automatic preferred replica leader election (kafka.controller.KafkaController)
[2025-03-06 00:50:21,780] TRACE [Controller id=0] Checking need to trigger auto leader balancing (kafka.controller.KafkaController)
[2025-03-06 00:50:21,780] DEBUG [Controller id=0] Topics not in preferred replica for broker 0 HashMap() (kafka.controller.KafkaController)
[2025-03-06 00:50:21,780] TRACE [Controller id=0] Leader imbalance ratio for broker 0 is 0.0 (kafka.controller.KafkaController)
[2025-03-06 00:55:21,786] INFO [Controller id=0] Processing automatic preferred replica leader election (kafka.controller.KafkaController)
[2025-03-06 00:55:21,786] TRACE [Controller id=0] Checking need to trigger auto leader balancing (kafka.controller.KafkaController)
[2025-03-06 00:55:21,786] DEBUG [Controller id=0] Topics not in preferred replica for broker 0 HashMap() (kafka.controller.KafkaController)
[2025-03-06 00:55:21,786] TRACE [Controller id=0] Leader imbalance ratio for broker 0 is 0.0 (kafka.controller.KafkaController)
[2025-03-06 01:00:21,793] INFO [Controller id=0] Processing automatic preferred replica leader election (kafka.controller.KafkaController)
[2025-03-06 01:00:21,819] TRACE [Controller id=0] Checking need to trigger auto leader balancing (kafka.controller.KafkaController)
[2025-03-06 01:00:21,820] DEBUG [Controller id=0] Topics not in preferred replica for broker 0 HashMap() (kafka.controller.KafkaController)
[2025-03-06 01:00:21,820] TRACE [Controller id=0] Leader imbalance ratio for broker 0 is 0.0 (kafka.controller.KafkaController)
[2025-03-06 01:05:21,834] INFO [Controller id=0] Processing automatic preferred replica leader election (kafka.controller.KafkaController)
[2025-03-06 01:05:21,834] TRACE [Controller id=0] Checking need to trigger auto leader balancing (kafka.controller.KafkaController)
[2025-03-06 01:05:21,834] DEBUG [Controller id=0] Topics not in preferred replica for broker 0 HashMap() (kafka.controller.KafkaController)
[2025-03-06 01:05:21,835] TRACE [Controller id=0] Leader imbalance ratio for broker 0 is 0.0 (kafka.controller.KafkaController)
[2025-03-06 01:10:21,836] INFO [Controller id=0] Processing automatic preferred replica leader election (kafka.controller.KafkaController)
[2025-03-06 01:10:21,836] TRACE [Controller id=0] Checking need to trigger auto leader balancing (kafka.controller.KafkaController)
[2025-03-06 01:10:21,837] DEBUG [Controller id=0] Topics not in preferred replica for broker 0 HashMap() (kafka.controller.KafkaController)
[2025-03-06 01:10:21,837] TRACE [Controller id=0] Leader imbalance ratio for broker 0 is 0.0 (kafka.controller.KafkaController)
[2025-03-06 01:15:21,839] INFO [Controller id=0] Processing automatic preferred replica leader election (kafka.controller.KafkaController)
[2025-03-06 01:15:21,839] TRACE [Controller id=0] Checking need to trigger auto leader balancing (kafka.controller.KafkaController)
[2025-03-06 01:15:21,843] DEBUG [Controller id=0] Topics not in preferred replica for broker 0 HashMap() (kafka.controller.KafkaController)
[2025-03-06 01:15:21,843] TRACE [Controller id=0] Leader imbalance ratio for broker 0 is 0.0 (kafka.controller.KafkaController)
[2025-03-06 01:20:21,845] INFO [Controller id=0] Processing automatic preferred replica leader election (kafka.controller.KafkaController)
[2025-03-06 01:20:21,845] TRACE [Controller id=0] Checking need to trigger auto leader balancing (kafka.controller.KafkaController)
[2025-03-06 01:20:21,845] DEBUG [Controller id=0] Topics not in preferred replica for broker 0 HashMap() (kafka.controller.KafkaController)
[2025-03-06 01:20:21,845] TRACE [Controller id=0] Leader imbalance ratio for broker 0 is 0.0 (kafka.controller.KafkaController)
[2025-03-06 01:25:21,850] INFO [Controller id=0] Processing automatic preferred replica leader election (kafka.controller.KafkaController)
[2025-03-06 01:25:21,851] TRACE [Controller id=0] Checking need to trigger auto leader balancing (kafka.controller.KafkaController)
[2025-03-06 01:25:21,852] DEBUG [Controller id=0] Topics not in preferred replica for broker 0 HashMap() (kafka.controller.KafkaController)
[2025-03-06 01:25:21,853] TRACE [Controller id=0] Leader imbalance ratio for broker 0 is 0.0 (kafka.controller.KafkaController)
[2025-03-06 01:30:21,857] INFO [Controller id=0] Processing automatic preferred replica leader election (kafka.controller.KafkaController)
[2025-03-06 01:30:21,857] TRACE [Controller id=0] Checking need to trigger auto leader balancing (kafka.controller.KafkaController)
[2025-03-06 01:30:21,858] DEBUG [Controller id=0] Topics not in preferred replica for broker 0 HashMap() (kafka.controller.KafkaController)
[2025-03-06 01:30:21,858] TRACE [Controller id=0] Leader imbalance ratio for broker 0 is 0.0 (kafka.controller.KafkaController)
[2025-03-06 01:35:21,872] INFO [Controller id=0] Processing automatic preferred replica leader election (kafka.controller.KafkaController)
[2025-03-06 01:35:21,872] TRACE [Controller id=0] Checking need to trigger auto leader balancing (kafka.controller.KafkaController)
[2025-03-06 01:35:21,872] DEBUG [Controller id=0] Topics not in preferred replica for broker 0 HashMap() (kafka.controller.KafkaController)
[2025-03-06 01:35:21,872] TRACE [Controller id=0] Leader imbalance ratio for broker 0 is 0.0 (kafka.controller.KafkaController)
[2025-03-06 01:40:21,878] INFO [Controller id=0] Processing automatic preferred replica leader election (kafka.controller.KafkaController)
[2025-03-06 01:40:21,878] TRACE [Controller id=0] Checking need to trigger auto leader balancing (kafka.controller.KafkaController)
[2025-03-06 01:40:21,878] DEBUG [Controller id=0] Topics not in preferred replica for broker 0 HashMap() (kafka.controller.KafkaController)
[2025-03-06 01:40:21,878] TRACE [Controller id=0] Leader imbalance ratio for broker 0 is 0.0 (kafka.controller.KafkaController)
[2025-03-06 01:45:21,880] INFO [Controller id=0] Processing automatic preferred replica leader election (kafka.controller.KafkaController)
[2025-03-06 01:45:21,880] TRACE [Controller id=0] Checking need to trigger auto leader balancing (kafka.controller.KafkaController)
[2025-03-06 01:45:21,880] DEBUG [Controller id=0] Topics not in preferred replica for broker 0 HashMap() (kafka.controller.KafkaController)
[2025-03-06 01:45:21,880] TRACE [Controller id=0] Leader imbalance ratio for broker 0 is 0.0 (kafka.controller.KafkaController)
[2025-03-06 01:50:21,887] INFO [Controller id=0] Processing automatic preferred replica leader election (kafka.controller.KafkaController)
[2025-03-06 01:50:21,887] TRACE [Controller id=0] Checking need to trigger auto leader balancing (kafka.controller.KafkaController)
[2025-03-06 01:50:21,887] DEBUG [Controller id=0] Topics not in preferred replica for broker 0 HashMap() (kafka.controller.KafkaController)
[2025-03-06 01:50:21,887] TRACE [Controller id=0] Leader imbalance ratio for broker 0 is 0.0 (kafka.controller.KafkaController)
[2025-03-06 01:55:21,895] INFO [Controller id=0] Processing automatic preferred replica leader election (kafka.controller.KafkaController)
[2025-03-06 01:55:21,897] TRACE [Controller id=0] Checking need to trigger auto leader balancing (kafka.controller.KafkaController)
[2025-03-06 01:55:21,903] DEBUG [Controller id=0] Topics not in preferred replica for broker 0 HashMap() (kafka.controller.KafkaController)
[2025-03-06 01:55:21,904] TRACE [Controller id=0] Leader imbalance ratio for broker 0 is 0.0 (kafka.controller.KafkaController)
[2025-03-06 02:00:21,912] INFO [Controller id=0] Processing automatic preferred replica leader election (kafka.controller.KafkaController)
[2025-03-06 02:00:21,912] TRACE [Controller id=0] Checking need to trigger auto leader balancing (kafka.controller.KafkaController)
[2025-03-06 02:00:21,912] DEBUG [Controller id=0] Topics not in preferred replica for broker 0 HashMap() (kafka.controller.KafkaController)
[2025-03-06 02:00:21,912] TRACE [Controller id=0] Leader imbalance ratio for broker 0 is 0.0 (kafka.controller.KafkaController)
[2025-03-06 02:05:21,929] INFO [Controller id=0] Processing automatic preferred replica leader election (kafka.controller.KafkaController)
[2025-03-06 02:05:21,929] TRACE [Controller id=0] Checking need to trigger auto leader balancing (kafka.controller.KafkaController)
[2025-03-06 02:05:21,929] DEBUG [Controller id=0] Topics not in preferred replica for broker 0 HashMap() (kafka.controller.KafkaController)
[2025-03-06 02:05:21,929] TRACE [Controller id=0] Leader imbalance ratio for broker 0 is 0.0 (kafka.controller.KafkaController)
[2025-03-06 02:10:21,931] INFO [Controller id=0] Processing automatic preferred replica leader election (kafka.controller.KafkaController)
[2025-03-06 02:10:21,931] TRACE [Controller id=0] Checking need to trigger auto leader balancing (kafka.controller.KafkaController)
[2025-03-06 02:10:21,931] DEBUG [Controller id=0] Topics not in preferred replica for broker 0 HashMap() (kafka.controller.KafkaController)
[2025-03-06 02:10:21,931] TRACE [Controller id=0] Leader imbalance ratio for broker 0 is 0.0 (kafka.controller.KafkaController)
[2025-03-06 02:15:21,946] INFO [Controller id=0] Processing automatic preferred replica leader election (kafka.controller.KafkaController)
[2025-03-06 02:15:21,946] TRACE [Controller id=0] Checking need to trigger auto leader balancing (kafka.controller.KafkaController)
[2025-03-06 02:15:21,946] DEBUG [Controller id=0] Topics not in preferred replica for broker 0 HashMap() (kafka.controller.KafkaController)
[2025-03-06 02:15:21,946] TRACE [Controller id=0] Leader imbalance ratio for broker 0 is 0.0 (kafka.controller.KafkaController)
[2025-03-06 02:20:21,965] INFO [Controller id=0] Processing automatic preferred replica leader election (kafka.controller.KafkaController)
[2025-03-06 02:20:21,965] TRACE [Controller id=0] Checking need to trigger auto leader balancing (kafka.controller.KafkaController)
[2025-03-06 02:20:21,965] DEBUG [Controller id=0] Topics not in preferred replica for broker 0 HashMap() (kafka.controller.KafkaController)
[2025-03-06 02:20:21,965] TRACE [Controller id=0] Leader imbalance ratio for broker 0 is 0.0 (kafka.controller.KafkaController)
[2025-03-06 02:25:21,977] INFO [Controller id=0] Processing automatic preferred replica leader election (kafka.controller.KafkaController)
[2025-03-06 02:25:21,977] TRACE [Controller id=0] Checking need to trigger auto leader balancing (kafka.controller.KafkaController)
[2025-03-06 02:25:21,977] DEBUG [Controller id=0] Topics not in preferred replica for broker 0 HashMap() (kafka.controller.KafkaController)
[2025-03-06 02:25:21,977] TRACE [Controller id=0] Leader imbalance ratio for broker 0 is 0.0 (kafka.controller.KafkaController)
[2025-03-06 02:30:21,980] INFO [Controller id=0] Processing automatic preferred replica leader election (kafka.controller.KafkaController)
[2025-03-06 02:30:21,980] TRACE [Controller id=0] Checking need to trigger auto leader balancing (kafka.controller.KafkaController)
[2025-03-06 02:30:21,980] DEBUG [Controller id=0] Topics not in preferred replica for broker 0 HashMap() (kafka.controller.KafkaController)
[2025-03-06 02:30:21,980] TRACE [Controller id=0] Leader imbalance ratio for broker 0 is 0.0 (kafka.controller.KafkaController)
[2025-03-06 02:35:21,994] INFO [Controller id=0] Processing automatic preferred replica leader election (kafka.controller.KafkaController)
[2025-03-06 02:35:21,994] TRACE [Controller id=0] Checking need to trigger auto leader balancing (kafka.controller.KafkaController)
[2025-03-06 02:35:21,994] DEBUG [Controller id=0] Topics not in preferred replica for broker 0 HashMap() (kafka.controller.KafkaController)
[2025-03-06 02:35:21,994] TRACE [Controller id=0] Leader imbalance ratio for broker 0 is 0.0 (kafka.controller.KafkaController)
[2025-03-06 02:40:22,011] INFO [Controller id=0] Processing automatic preferred replica leader election (kafka.controller.KafkaController)
[2025-03-06 02:40:22,030] TRACE [Controller id=0] Checking need to trigger auto leader balancing (kafka.controller.KafkaController)
[2025-03-06 02:40:22,030] DEBUG [Controller id=0] Topics not in preferred replica for broker 0 HashMap() (kafka.controller.KafkaController)
[2025-03-06 02:40:22,030] TRACE [Controller id=0] Leader imbalance ratio for broker 0 is 0.0 (kafka.controller.KafkaController)
[2025-03-06 02:45:22,047] INFO [Controller id=0] Processing automatic preferred replica leader election (kafka.controller.KafkaController)
[2025-03-06 02:45:22,047] TRACE [Controller id=0] Checking need to trigger auto leader balancing (kafka.controller.KafkaController)
[2025-03-06 02:45:22,047] DEBUG [Controller id=0] Topics not in preferred replica for broker 0 HashMap() (kafka.controller.KafkaController)
[2025-03-06 02:45:22,047] TRACE [Controller id=0] Leader imbalance ratio for broker 0 is 0.0 (kafka.controller.KafkaController)
[2025-03-06 02:50:22,059] INFO [Controller id=0] Processing automatic preferred replica leader election (kafka.controller.KafkaController)
[2025-03-06 02:50:22,060] TRACE [Controller id=0] Checking need to trigger auto leader balancing (kafka.controller.KafkaController)
[2025-03-06 02:50:22,060] DEBUG [Controller id=0] Topics not in preferred replica for broker 0 HashMap() (kafka.controller.KafkaController)
[2025-03-06 02:50:22,061] TRACE [Controller id=0] Leader imbalance ratio for broker 0 is 0.0 (kafka.controller.KafkaController)
[2025-03-06 02:55:22,064] INFO [Controller id=0] Processing automatic preferred replica leader election (kafka.controller.KafkaController)
[2025-03-06 02:55:22,064] TRACE [Controller id=0] Checking need to trigger auto leader balancing (kafka.controller.KafkaController)
[2025-03-06 02:55:22,064] DEBUG [Controller id=0] Topics not in preferred replica for broker 0 HashMap() (kafka.controller.KafkaController)
[2025-03-06 02:55:22,064] TRACE [Controller id=0] Leader imbalance ratio for broker 0 is 0.0 (kafka.controller.KafkaController)
[2025-03-06 03:00:22,081] INFO [Controller id=0] Processing automatic preferred replica leader election (kafka.controller.KafkaController)
[2025-03-06 03:00:22,112] TRACE [Controller id=0] Checking need to trigger auto leader balancing (kafka.controller.KafkaController)
[2025-03-06 03:00:22,112] DEBUG [Controller id=0] Topics not in preferred replica for broker 0 HashMap() (kafka.controller.KafkaController)
[2025-03-06 03:00:22,112] TRACE [Controller id=0] Leader imbalance ratio for broker 0 is 0.0 (kafka.controller.KafkaController)
[2025-03-06 03:05:22,128] INFO [Controller id=0] Processing automatic preferred replica leader election (kafka.controller.KafkaController)
[2025-03-06 03:05:22,128] TRACE [Controller id=0] Checking need to trigger auto leader balancing (kafka.controller.KafkaController)
[2025-03-06 03:05:22,128] DEBUG [Controller id=0] Topics not in preferred replica for broker 0 HashMap() (kafka.controller.KafkaController)
[2025-03-06 03:05:22,128] TRACE [Controller id=0] Leader imbalance ratio for broker 0 is 0.0 (kafka.controller.KafkaController)
[2025-03-06 03:10:22,131] INFO [Controller id=0] Processing automatic preferred replica leader election (kafka.controller.KafkaController)
[2025-03-06 03:10:22,131] TRACE [Controller id=0] Checking need to trigger auto leader balancing (kafka.controller.KafkaController)
[2025-03-06 03:10:22,131] DEBUG [Controller id=0] Topics not in preferred replica for broker 0 HashMap() (kafka.controller.KafkaController)
[2025-03-06 03:10:22,131] TRACE [Controller id=0] Leader imbalance ratio for broker 0 is 0.0 (kafka.controller.KafkaController)
[2025-03-06 03:15:22,138] INFO [Controller id=0] Processing automatic preferred replica leader election (kafka.controller.KafkaController)
[2025-03-06 03:15:22,138] TRACE [Controller id=0] Checking need to trigger auto leader balancing (kafka.controller.KafkaController)
[2025-03-06 03:15:22,157] DEBUG [Controller id=0] Topics not in preferred replica for broker 0 HashMap() (kafka.controller.KafkaController)
[2025-03-06 03:15:22,157] TRACE [Controller id=0] Leader imbalance ratio for broker 0 is 0.0 (kafka.controller.KafkaController)
[2025-03-06 03:20:22,177] INFO [Controller id=0] Processing automatic preferred replica leader election (kafka.controller.KafkaController)
[2025-03-06 03:20:22,177] TRACE [Controller id=0] Checking need to trigger auto leader balancing (kafka.controller.KafkaController)
[2025-03-06 03:20:22,177] DEBUG [Controller id=0] Topics not in preferred replica for broker 0 HashMap() (kafka.controller.KafkaController)
[2025-03-06 03:20:22,177] TRACE [Controller id=0] Leader imbalance ratio for broker 0 is 0.0 (kafka.controller.KafkaController)
[2025-03-06 03:25:22,182] INFO [Controller id=0] Processing automatic preferred replica leader election (kafka.controller.KafkaController)
[2025-03-06 03:25:22,182] TRACE [Controller id=0] Checking need to trigger auto leader balancing (kafka.controller.KafkaController)
[2025-03-06 03:25:22,182] DEBUG [Controller id=0] Topics not in preferred replica for broker 0 HashMap() (kafka.controller.KafkaController)
[2025-03-06 03:25:22,182] TRACE [Controller id=0] Leader imbalance ratio for broker 0 is 0.0 (kafka.controller.KafkaController)
[2025-03-06 03:30:22,197] INFO [Controller id=0] Processing automatic preferred replica leader election (kafka.controller.KafkaController)
[2025-03-06 03:30:22,197] TRACE [Controller id=0] Checking need to trigger auto leader balancing (kafka.controller.KafkaController)
[2025-03-06 03:30:22,197] DEBUG [Controller id=0] Topics not in preferred replica for broker 0 HashMap() (kafka.controller.KafkaController)
[2025-03-06 03:30:22,197] TRACE [Controller id=0] Leader imbalance ratio for broker 0 is 0.0 (kafka.controller.KafkaController)
[2025-03-06 03:34:38,904] INFO [Controller id=0] New topics: [Set(user-service-project-created)], deleted topics: [HashSet()], new partition replica assignment [Set(TopicIdReplicaAssignment(user-service-project-created,Some(ullV932RTQKVu3UQX2PkBQ),Map(user-service-project-created-0 -> ReplicaAssignment(replicas=0, addingReplicas=, removingReplicas=))))] (kafka.controller.KafkaController)
[2025-03-06 03:34:38,905] INFO [Controller id=0] New partition creation callback for user-service-project-created-0 (kafka.controller.KafkaController)
[2025-03-06 03:34:38,999] INFO [RequestSendThread controllerId=0] Controller 0 connected to DESKTOP-8GKE7FT:9092 (id: 0 rack: null) for sending state change requests (kafka.controller.RequestSendThread)
[2025-03-06 03:35:22,204] INFO [Controller id=0] Processing automatic preferred replica leader election (kafka.controller.KafkaController)
[2025-03-06 03:35:22,204] TRACE [Controller id=0] Checking need to trigger auto leader balancing (kafka.controller.KafkaController)
[2025-03-06 03:35:22,204] DEBUG [Controller id=0] Topics not in preferred replica for broker 0 HashMap() (kafka.controller.KafkaController)
[2025-03-06 03:35:22,204] TRACE [Controller id=0] Leader imbalance ratio for broker 0 is 0.0 (kafka.controller.KafkaController)
[2025-03-06 03:40:22,209] INFO [Controller id=0] Processing automatic preferred replica leader election (kafka.controller.KafkaController)
[2025-03-06 03:40:22,209] TRACE [Controller id=0] Checking need to trigger auto leader balancing (kafka.controller.KafkaController)
[2025-03-06 03:40:22,209] DEBUG [Controller id=0] Topics not in preferred replica for broker 0 HashMap() (kafka.controller.KafkaController)
[2025-03-06 03:40:22,209] TRACE [Controller id=0] Leader imbalance ratio for broker 0 is 0.0 (kafka.controller.KafkaController)
[2025-03-06 03:45:22,222] INFO [Controller id=0] Processing automatic preferred replica leader election (kafka.controller.KafkaController)
[2025-03-06 03:45:22,222] TRACE [Controller id=0] Checking need to trigger auto leader balancing (kafka.controller.KafkaController)
[2025-03-06 03:45:22,239] DEBUG [Controller id=0] Topics not in preferred replica for broker 0 HashMap() (kafka.controller.KafkaController)
[2025-03-06 03:45:22,240] TRACE [Controller id=0] Leader imbalance ratio for broker 0 is 0.0 (kafka.controller.KafkaController)
[2025-03-06 03:46:08,930] INFO [Controller id=0] New topics: [HashSet(team-service-topic)], deleted topics: [HashSet()], new partition replica assignment [Set(TopicIdReplicaAssignment(team-service-topic,Some(lreTNefUT5azin5IkbKUjA),Map(team-service-topic-0 -> ReplicaAssignment(replicas=0, addingReplicas=, removingReplicas=))))] (kafka.controller.KafkaController)
[2025-03-06 03:46:08,930] INFO [Controller id=0] New partition creation callback for team-service-topic-0 (kafka.controller.KafkaController)
[2025-03-06 03:46:08,970] INFO [RequestSendThread controllerId=0] Controller 0 connected to DESKTOP-8GKE7FT:9092 (id: 0 rack: null) for sending state change requests (kafka.controller.RequestSendThread)
[2025-03-06 03:50:22,242] INFO [Controller id=0] Processing automatic preferred replica leader election (kafka.controller.KafkaController)
[2025-03-06 03:50:22,242] TRACE [Controller id=0] Checking need to trigger auto leader balancing (kafka.controller.KafkaController)
[2025-03-06 03:50:22,242] DEBUG [Controller id=0] Topics not in preferred replica for broker 0 HashMap() (kafka.controller.KafkaController)
[2025-03-06 03:50:22,242] TRACE [Controller id=0] Leader imbalance ratio for broker 0 is 0.0 (kafka.controller.KafkaController)
[2025-03-06 03:55:22,246] INFO [Controller id=0] Processing automatic preferred replica leader election (kafka.controller.KafkaController)
[2025-03-06 03:55:22,246] TRACE [Controller id=0] Checking need to trigger auto leader balancing (kafka.controller.KafkaController)
[2025-03-06 03:55:22,246] DEBUG [Controller id=0] Topics not in preferred replica for broker 0 HashMap() (kafka.controller.KafkaController)
[2025-03-06 03:55:22,246] TRACE [Controller id=0] Leader imbalance ratio for broker 0 is 0.0 (kafka.controller.KafkaController)
[2025-03-06 04:00:22,254] INFO [Controller id=0] Processing automatic preferred replica leader election (kafka.controller.KafkaController)
[2025-03-06 04:00:22,254] TRACE [Controller id=0] Checking need to trigger auto leader balancing (kafka.controller.KafkaController)
[2025-03-06 04:00:22,256] DEBUG [Controller id=0] Topics not in preferred replica for broker 0 HashMap() (kafka.controller.KafkaController)
[2025-03-06 04:00:22,256] TRACE [Controller id=0] Leader imbalance ratio for broker 0 is 0.0 (kafka.controller.KafkaController)
[2025-03-06 04:05:22,281] INFO [Controller id=0] Processing automatic preferred replica leader election (kafka.controller.KafkaController)
[2025-03-06 04:05:22,281] TRACE [Controller id=0] Checking need to trigger auto leader balancing (kafka.controller.KafkaController)
[2025-03-06 04:05:22,331] DEBUG [Controller id=0] Topics not in preferred replica for broker 0 HashMap() (kafka.controller.KafkaController)
[2025-03-06 04:05:22,331] TRACE [Controller id=0] Leader imbalance ratio for broker 0 is 0.0 (kafka.controller.KafkaController)
[2025-03-06 04:10:22,334] INFO [Controller id=0] Processing automatic preferred replica leader election (kafka.controller.KafkaController)
[2025-03-06 04:10:22,334] TRACE [Controller id=0] Checking need to trigger auto leader balancing (kafka.controller.KafkaController)
[2025-03-06 04:10:22,349] DEBUG [Controller id=0] Topics not in preferred replica for broker 0 HashMap() (kafka.controller.KafkaController)
[2025-03-06 04:10:22,349] TRACE [Controller id=0] Leader imbalance ratio for broker 0 is 0.0 (kafka.controller.KafkaController)
[2025-03-06 04:15:22,352] INFO [Controller id=0] Processing automatic preferred replica leader election (kafka.controller.KafkaController)
[2025-03-06 04:15:22,352] TRACE [Controller id=0] Checking need to trigger auto leader balancing (kafka.controller.KafkaController)
[2025-03-06 04:15:22,371] DEBUG [Controller id=0] Topics not in preferred replica for broker 0 HashMap() (kafka.controller.KafkaController)
[2025-03-06 04:15:22,371] TRACE [Controller id=0] Leader imbalance ratio for broker 0 is 0.0 (kafka.controller.KafkaController)
[2025-03-06 04:20:22,371] INFO [Controller id=0] Processing automatic preferred replica leader election (kafka.controller.KafkaController)
[2025-03-06 04:20:22,371] TRACE [Controller id=0] Checking need to trigger auto leader balancing (kafka.controller.KafkaController)
[2025-03-06 04:20:22,371] DEBUG [Controller id=0] Topics not in preferred replica for broker 0 HashMap() (kafka.controller.KafkaController)
[2025-03-06 04:20:22,371] TRACE [Controller id=0] Leader imbalance ratio for broker 0 is 0.0 (kafka.controller.KafkaController)
[2025-03-06 04:25:22,383] INFO [Controller id=0] Processing automatic preferred replica leader election (kafka.controller.KafkaController)
[2025-03-06 04:25:22,383] TRACE [Controller id=0] Checking need to trigger auto leader balancing (kafka.controller.KafkaController)
[2025-03-06 04:25:22,384] DEBUG [Controller id=0] Topics not in preferred replica for broker 0 HashMap() (kafka.controller.KafkaController)
[2025-03-06 04:25:22,384] TRACE [Controller id=0] Leader imbalance ratio for broker 0 is 0.0 (kafka.controller.KafkaController)
[2025-03-06 04:30:22,392] INFO [Controller id=0] Processing automatic preferred replica leader election (kafka.controller.KafkaController)
[2025-03-06 04:30:22,393] TRACE [Controller id=0] Checking need to trigger auto leader balancing (kafka.controller.KafkaController)
[2025-03-06 04:30:22,394] DEBUG [Controller id=0] Topics not in preferred replica for broker 0 HashMap() (kafka.controller.KafkaController)
[2025-03-06 04:30:22,394] TRACE [Controller id=0] Leader imbalance ratio for broker 0 is 0.0 (kafka.controller.KafkaController)
[2025-03-06 04:35:22,395] INFO [Controller id=0] Processing automatic preferred replica leader election (kafka.controller.KafkaController)
[2025-03-06 04:35:22,395] TRACE [Controller id=0] Checking need to trigger auto leader balancing (kafka.controller.KafkaController)
[2025-03-06 04:35:22,398] DEBUG [Controller id=0] Topics not in preferred replica for broker 0 HashMap() (kafka.controller.KafkaController)
[2025-03-06 04:35:22,398] TRACE [Controller id=0] Leader imbalance ratio for broker 0 is 0.0 (kafka.controller.KafkaController)
[2025-03-06 04:40:22,401] INFO [Controller id=0] Processing automatic preferred replica leader election (kafka.controller.KafkaController)
[2025-03-06 04:40:22,401] TRACE [Controller id=0] Checking need to trigger auto leader balancing (kafka.controller.KafkaController)
[2025-03-06 04:40:22,406] DEBUG [Controller id=0] Topics not in preferred replica for broker 0 HashMap() (kafka.controller.KafkaController)
[2025-03-06 04:40:22,406] TRACE [Controller id=0] Leader imbalance ratio for broker 0 is 0.0 (kafka.controller.KafkaController)
[2025-03-06 04:45:22,419] INFO [Controller id=0] Processing automatic preferred replica leader election (kafka.controller.KafkaController)
[2025-03-06 04:45:22,419] TRACE [Controller id=0] Checking need to trigger auto leader balancing (kafka.controller.KafkaController)
[2025-03-06 04:45:22,419] DEBUG [Controller id=0] Topics not in preferred replica for broker 0 HashMap() (kafka.controller.KafkaController)
[2025-03-06 04:45:22,419] TRACE [Controller id=0] Leader imbalance ratio for broker 0 is 0.0 (kafka.controller.KafkaController)
[2025-03-06 04:50:22,425] INFO [Controller id=0] Processing automatic preferred replica leader election (kafka.controller.KafkaController)
[2025-03-06 04:50:22,425] TRACE [Controller id=0] Checking need to trigger auto leader balancing (kafka.controller.KafkaController)
[2025-03-06 04:50:22,426] DEBUG [Controller id=0] Topics not in preferred replica for broker 0 HashMap() (kafka.controller.KafkaController)
[2025-03-06 04:50:22,426] TRACE [Controller id=0] Leader imbalance ratio for broker 0 is 0.0 (kafka.controller.KafkaController)
[2025-03-06 04:55:22,438] INFO [Controller id=0] Processing automatic preferred replica leader election (kafka.controller.KafkaController)
[2025-03-06 04:55:22,438] TRACE [Controller id=0] Checking need to trigger auto leader balancing (kafka.controller.KafkaController)
[2025-03-06 04:55:22,438] DEBUG [Controller id=0] Topics not in preferred replica for broker 0 HashMap() (kafka.controller.KafkaController)
[2025-03-06 04:55:22,438] TRACE [Controller id=0] Leader imbalance ratio for broker 0 is 0.0 (kafka.controller.KafkaController)
[2025-03-07 22:47:43,776] INFO [ControllerEventThread controllerId=0] Starting (kafka.controller.ControllerEventManager$ControllerEventThread)
[2025-03-07 22:47:43,817] INFO [Controller id=0] 0 successfully elected as the controller. Epoch incremented to 3 and epoch zk version is now 3 (kafka.controller.KafkaController)
[2025-03-07 22:47:43,822] INFO [Controller id=0] Registering handlers (kafka.controller.KafkaController)
[2025-03-07 22:47:43,828] INFO [Controller id=0] Deleting log dir event notifications (kafka.controller.KafkaController)
[2025-03-07 22:47:43,839] INFO [Controller id=0] Deleting isr change notifications (kafka.controller.KafkaController)
[2025-03-07 22:47:43,839] INFO [Controller id=0] Initializing controller context (kafka.controller.KafkaController)
[2025-03-07 22:47:43,859] INFO [Controller id=0] Initialized broker epochs cache: HashMap(0 -> 196) (kafka.controller.KafkaController)
[2025-03-07 22:47:43,904] DEBUG [Controller id=0] Register BrokerModifications handler for Set(0) (kafka.controller.KafkaController)
[2025-03-07 22:47:43,993] DEBUG [Channel manager on controller 0]: Controller 0 trying to connect to broker 0 (kafka.controller.ControllerChannelManager)
[2025-03-07 22:47:44,017] INFO [RequestSendThread controllerId=0] Starting (kafka.controller.RequestSendThread)
[2025-03-07 22:47:44,017] INFO [Controller id=0] Currently active brokers in the cluster: Set(0) (kafka.controller.KafkaController)
[2025-03-07 22:47:44,017] INFO [Controller id=0] Currently shutting brokers in the cluster: HashSet() (kafka.controller.KafkaController)
[2025-03-07 22:47:44,017] INFO [Controller id=0] Current list of topics in the cluster: HashSet(file-upload, user-avatar-updated, team-service-topic, user-service-project-created, __consumer_offsets) (kafka.controller.KafkaController)
[2025-03-07 22:47:44,017] INFO [Controller id=0] Fetching topic deletions in progress (kafka.controller.KafkaController)
[2025-03-07 22:47:44,033] INFO [Controller id=0] List of topics to be deleted:  (kafka.controller.KafkaController)
[2025-03-07 22:47:44,033] INFO [Controller id=0] List of topics ineligible for deletion:  (kafka.controller.KafkaController)
[2025-03-07 22:47:44,033] INFO [Controller id=0] Initializing topic deletion manager (kafka.controller.KafkaController)
[2025-03-07 22:47:44,033] INFO [Topic Deletion Manager 0] Initializing manager with initial deletions: Set(), initial ineligible deletions: HashSet() (kafka.controller.TopicDeletionManager)
[2025-03-07 22:47:44,033] INFO [Controller id=0] Sending update metadata request (kafka.controller.KafkaController)
[2025-03-07 22:47:44,048] INFO [ReplicaStateMachine controllerId=0] Initializing replica state (kafka.controller.ZkReplicaStateMachine)
[2025-03-07 22:47:44,067] INFO [ReplicaStateMachine controllerId=0] Triggering online replica state changes (kafka.controller.ZkReplicaStateMachine)
[2025-03-07 22:47:44,117] INFO [ReplicaStateMachine controllerId=0] Triggering offline replica state changes (kafka.controller.ZkReplicaStateMachine)
[2025-03-07 22:47:44,125] DEBUG [ReplicaStateMachine controllerId=0] Started replica state machine with initial state -> HashMap([Topic=__consumer_offsets,Partition=40,Replica=0] -> OnlineReplica, [Topic=__consumer_offsets,Partition=27,Replica=0] -> OnlineReplica, [Topic=__consumer_offsets,Partition=49,Replica=0] -> OnlineReplica, [Topic=user-avatar-updated,Partition=0,Replica=0] -> OnlineReplica, [Topic=__consumer_offsets,Partition=47,Replica=0] -> OnlineReplica, [Topic=__consumer_offsets,Partition=3,Replica=0] -> OnlineReplica, [Topic=__consumer_offsets,Partition=18,Replica=0] -> OnlineReplica, [Topic=__consumer_offsets,Partition=44,Replica=0] -> OnlineReplica, [Topic=__consumer_offsets,Partition=8,Replica=0] -> OnlineReplica, [Topic=user-service-project-created,Partition=0,Replica=0] -> OnlineReplica, [Topic=__consumer_offsets,Partition=34,Replica=0] -> OnlineReplica, [Topic=__consumer_offsets,Partition=25,Replica=0] -> OnlineReplica, [Topic=__consumer_offsets,Partition=14,Replica=0] -> OnlineReplica, [Topic=__consumer_offsets,Partition=24,Replica=0] -> OnlineReplica, [Topic=__consumer_offsets,Partition=36,Replica=0] -> OnlineReplica, [Topic=__consumer_offsets,Partition=42,Replica=0] -> OnlineReplica, [Topic=__consumer_offsets,Partition=45,Replica=0] -> OnlineReplica, [Topic=__consumer_offsets,Partition=11,Replica=0] -> OnlineReplica, [Topic=__consumer_offsets,Partition=32,Replica=0] -> OnlineReplica, [Topic=__consumer_offsets,Partition=12,Replica=0] -> OnlineReplica, [Topic=__consumer_offsets,Partition=30,Replica=0] -> OnlineReplica, [Topic=__consumer_offsets,Partition=9,Replica=0] -> OnlineReplica, [Topic=__consumer_offsets,Partition=39,Replica=0] -> OnlineReplica, [Topic=__consumer_offsets,Partition=38,Replica=0] -> OnlineReplica, [Topic=__consumer_offsets,Partition=23,Replica=0] -> OnlineReplica, [Topic=__consumer_offsets,Partition=19,Replica=0] -> OnlineReplica, [Topic=__consumer_offsets,Partition=17,Replica=0] -> OnlineReplica, [Topic=__consumer_offsets,Partition=41,Replica=0] -> OnlineReplica, [Topic=__consumer_offsets,Partition=37,Replica=0] -> OnlineReplica, [Topic=__consumer_offsets,Partition=48,Replica=0] -> OnlineReplica, [Topic=__consumer_offsets,Partition=29,Replica=0] -> OnlineReplica, [Topic=__consumer_offsets,Partition=10,Replica=0] -> OnlineReplica, [Topic=__consumer_offsets,Partition=46,Replica=0] -> OnlineReplica, [Topic=__consumer_offsets,Partition=1,Replica=0] -> OnlineReplica, [Topic=team-service-topic,Partition=0,Replica=0] -> OnlineReplica, [Topic=__consumer_offsets,Partition=16,Replica=0] -> OnlineReplica, [Topic=__consumer_offsets,Partition=5,Replica=0] -> OnlineReplica, [Topic=file-upload,Partition=0,Replica=0] -> OnlineReplica, [Topic=__consumer_offsets,Partition=15,Replica=0] -> OnlineReplica, [Topic=__consumer_offsets,Partition=4,Replica=0] -> OnlineReplica, [Topic=__consumer_offsets,Partition=6,Replica=0] -> OnlineReplica, [Topic=__consumer_offsets,Partition=7,Replica=0] -> OnlineReplica, [Topic=__consumer_offsets,Partition=43,Replica=0] -> OnlineReplica, [Topic=__consumer_offsets,Partition=0,Replica=0] -> OnlineReplica, [Topic=__consumer_offsets,Partition=20,Replica=0] -> OnlineReplica, [Topic=__consumer_offsets,Partition=31,Replica=0] -> OnlineReplica, [Topic=__consumer_offsets,Partition=28,Replica=0] -> OnlineReplica, [Topic=__consumer_offsets,Partition=26,Replica=0] -> OnlineReplica, [Topic=__consumer_offsets,Partition=2,Replica=0] -> OnlineReplica, [Topic=__consumer_offsets,Partition=33,Replica=0] -> OnlineReplica, [Topic=__consumer_offsets,Partition=22,Replica=0] -> OnlineReplica, [Topic=__consumer_offsets,Partition=21,Replica=0] -> OnlineReplica, [Topic=__consumer_offsets,Partition=13,Replica=0] -> OnlineReplica, [Topic=__consumer_offsets,Partition=35,Replica=0] -> OnlineReplica) (kafka.controller.ZkReplicaStateMachine)
[2025-03-07 22:47:44,125] INFO [PartitionStateMachine controllerId=0] Initializing partition state (kafka.controller.ZkPartitionStateMachine)
[2025-03-07 22:47:44,130] INFO [PartitionStateMachine controllerId=0] Triggering online partition state changes (kafka.controller.ZkPartitionStateMachine)
[2025-03-07 22:47:44,130] DEBUG [PartitionStateMachine controllerId=0] Started partition state machine with initial state -> HashMap(__consumer_offsets-13 -> OnlinePartition, __consumer_offsets-46 -> OnlinePartition, __consumer_offsets-9 -> OnlinePartition, __consumer_offsets-42 -> OnlinePartition, __consumer_offsets-21 -> OnlinePartition, user-service-project-created-0 -> OnlinePartition, __consumer_offsets-17 -> OnlinePartition, __consumer_offsets-30 -> OnlinePartition, __consumer_offsets-26 -> OnlinePartition, __consumer_offsets-5 -> OnlinePartition, __consumer_offsets-38 -> OnlinePartition, __consumer_offsets-1 -> OnlinePartition, __consumer_offsets-34 -> OnlinePartition, __consumer_offsets-16 -> OnlinePartition, __consumer_offsets-45 -> OnlinePartition, team-service-topic-0 -> OnlinePartition, __consumer_offsets-12 -> OnlinePartition, __consumer_offsets-41 -> OnlinePartition, __consumer_offsets-24 -> OnlinePartition, __consumer_offsets-20 -> OnlinePartition, __consumer_offsets-49 -> OnlinePartition, __consumer_offsets-0 -> OnlinePartition, __consumer_offsets-29 -> OnlinePartition, __consumer_offsets-25 -> OnlinePartition, __consumer_offsets-8 -> OnlinePartition, __consumer_offsets-37 -> OnlinePartition, __consumer_offsets-4 -> OnlinePartition, __consumer_offsets-33 -> OnlinePartition, __consumer_offsets-15 -> OnlinePartition, __consumer_offsets-48 -> OnlinePartition, file-upload-0 -> OnlinePartition, __consumer_offsets-11 -> OnlinePartition, __consumer_offsets-44 -> OnlinePartition, __consumer_offsets-23 -> OnlinePartition, __consumer_offsets-19 -> OnlinePartition, __consumer_offsets-32 -> OnlinePartition, __consumer_offsets-28 -> OnlinePartition, __consumer_offsets-7 -> OnlinePartition, __consumer_offsets-40 -> OnlinePartition, __consumer_offsets-3 -> OnlinePartition, __consumer_offsets-36 -> OnlinePartition, __consumer_offsets-47 -> OnlinePartition, __consumer_offsets-14 -> OnlinePartition, __consumer_offsets-43 -> OnlinePartition, __consumer_offsets-10 -> OnlinePartition, __consumer_offsets-22 -> OnlinePartition, __consumer_offsets-18 -> OnlinePartition, __consumer_offsets-31 -> OnlinePartition, user-avatar-updated-0 -> OnlinePartition, __consumer_offsets-27 -> OnlinePartition, __consumer_offsets-39 -> OnlinePartition, __consumer_offsets-6 -> OnlinePartition, __consumer_offsets-35 -> OnlinePartition, __consumer_offsets-2 -> OnlinePartition) (kafka.controller.ZkPartitionStateMachine)
[2025-03-07 22:47:44,130] INFO [Controller id=0] Ready to serve as the new controller with epoch 3 (kafka.controller.KafkaController)
[2025-03-07 22:47:44,130] INFO [Controller id=0] Partitions undergoing preferred replica election:  (kafka.controller.KafkaController)
[2025-03-07 22:47:44,130] INFO [Controller id=0] Partitions that completed preferred replica election:  (kafka.controller.KafkaController)
[2025-03-07 22:47:44,130] INFO [Controller id=0] Skipping preferred replica election for partitions due to topic deletion:  (kafka.controller.KafkaController)
[2025-03-07 22:47:44,130] INFO [Controller id=0] Resuming preferred replica election for partitions:  (kafka.controller.KafkaController)
[2025-03-07 22:47:44,147] INFO [Controller id=0] Starting replica leader election (PREFERRED) for partitions  triggered by ZkTriggered (kafka.controller.KafkaController)
[2025-03-07 22:47:44,170] INFO [Controller id=0] Starting the controller scheduler (kafka.controller.KafkaController)
[2025-03-07 22:47:44,575] INFO [RequestSendThread controllerId=0] Controller 0 connected to DESKTOP-8GKE7FT:9092 (id: 0 rack: null) for sending state change requests (kafka.controller.RequestSendThread)
[2025-03-07 22:47:49,186] INFO [Controller id=0] Processing automatic preferred replica leader election (kafka.controller.KafkaController)
[2025-03-07 22:47:49,186] TRACE [Controller id=0] Checking need to trigger auto leader balancing (kafka.controller.KafkaController)
[2025-03-07 22:47:49,186] DEBUG [Controller id=0] Topics not in preferred replica for broker 0 HashMap() (kafka.controller.KafkaController)
[2025-03-07 22:47:49,201] TRACE [Controller id=0] Leader imbalance ratio for broker 0 is 0.0 (kafka.controller.KafkaController)
[2025-03-07 22:52:49,210] INFO [Controller id=0] Processing automatic preferred replica leader election (kafka.controller.KafkaController)
[2025-03-07 22:52:49,210] TRACE [Controller id=0] Checking need to trigger auto leader balancing (kafka.controller.KafkaController)
[2025-03-07 22:52:49,210] DEBUG [Controller id=0] Topics not in preferred replica for broker 0 HashMap() (kafka.controller.KafkaController)
[2025-03-07 22:52:49,210] TRACE [Controller id=0] Leader imbalance ratio for broker 0 is 0.0 (kafka.controller.KafkaController)
[2025-03-07 22:57:49,219] INFO [Controller id=0] Processing automatic preferred replica leader election (kafka.controller.KafkaController)
[2025-03-07 22:57:49,219] TRACE [Controller id=0] Checking need to trigger auto leader balancing (kafka.controller.KafkaController)
[2025-03-07 22:57:49,219] DEBUG [Controller id=0] Topics not in preferred replica for broker 0 HashMap() (kafka.controller.KafkaController)
[2025-03-07 22:57:49,219] TRACE [Controller id=0] Leader imbalance ratio for broker 0 is 0.0 (kafka.controller.KafkaController)
[2025-03-07 23:02:49,240] INFO [Controller id=0] Processing automatic preferred replica leader election (kafka.controller.KafkaController)
[2025-03-07 23:02:49,245] TRACE [Controller id=0] Checking need to trigger auto leader balancing (kafka.controller.KafkaController)
[2025-03-07 23:02:49,245] DEBUG [Controller id=0] Topics not in preferred replica for broker 0 HashMap() (kafka.controller.KafkaController)
[2025-03-07 23:02:49,245] TRACE [Controller id=0] Leader imbalance ratio for broker 0 is 0.0 (kafka.controller.KafkaController)
[2025-03-07 23:07:49,312] INFO [Controller id=0] Processing automatic preferred replica leader election (kafka.controller.KafkaController)
[2025-03-07 23:07:49,312] TRACE [Controller id=0] Checking need to trigger auto leader balancing (kafka.controller.KafkaController)
[2025-03-07 23:07:49,312] DEBUG [Controller id=0] Topics not in preferred replica for broker 0 HashMap() (kafka.controller.KafkaController)
[2025-03-07 23:07:49,312] TRACE [Controller id=0] Leader imbalance ratio for broker 0 is 0.0 (kafka.controller.KafkaController)
[2025-03-07 23:12:49,379] INFO [Controller id=0] Processing automatic preferred replica leader election (kafka.controller.KafkaController)
[2025-03-07 23:12:49,379] TRACE [Controller id=0] Checking need to trigger auto leader balancing (kafka.controller.KafkaController)
[2025-03-07 23:12:49,379] DEBUG [Controller id=0] Topics not in preferred replica for broker 0 HashMap() (kafka.controller.KafkaController)
[2025-03-07 23:12:49,379] TRACE [Controller id=0] Leader imbalance ratio for broker 0 is 0.0 (kafka.controller.KafkaController)
[2025-03-07 23:17:49,453] INFO [Controller id=0] Processing automatic preferred replica leader election (kafka.controller.KafkaController)
[2025-03-07 23:17:49,453] TRACE [Controller id=0] Checking need to trigger auto leader balancing (kafka.controller.KafkaController)
[2025-03-07 23:17:49,472] DEBUG [Controller id=0] Topics not in preferred replica for broker 0 HashMap() (kafka.controller.KafkaController)
[2025-03-07 23:17:49,472] TRACE [Controller id=0] Leader imbalance ratio for broker 0 is 0.0 (kafka.controller.KafkaController)
[2025-03-07 23:23:47,233] DEBUG [Controller id=0] Resigning (kafka.controller.KafkaController)
[2025-03-07 23:23:47,240] DEBUG [Controller id=0] Unregister BrokerModifications handler for Set(0) (kafka.controller.KafkaController)
[2025-03-07 23:23:47,248] INFO [PartitionStateMachine controllerId=0] Stopped partition state machine (kafka.controller.ZkPartitionStateMachine)
[2025-03-07 23:23:47,256] INFO [ReplicaStateMachine controllerId=0] Stopped replica state machine (kafka.controller.ZkReplicaStateMachine)
[2025-03-07 23:23:47,264] INFO [RequestSendThread controllerId=0] Shutting down (kafka.controller.RequestSendThread)
[2025-03-07 23:23:47,265] INFO [RequestSendThread controllerId=0] Shutdown completed (kafka.controller.RequestSendThread)
[2025-03-07 23:23:47,265] INFO [RequestSendThread controllerId=0] Stopped (kafka.controller.RequestSendThread)
[2025-03-07 23:23:47,290] INFO [Controller id=0] Resigned (kafka.controller.KafkaController)
[2025-03-07 23:23:47,337] INFO [Controller id=0] 0 successfully elected as the controller. Epoch incremented to 4 and epoch zk version is now 4 (kafka.controller.KafkaController)
[2025-03-07 23:23:47,337] INFO [Controller id=0] Registering handlers (kafka.controller.KafkaController)
[2025-03-07 23:23:47,346] INFO [Controller id=0] Deleting log dir event notifications (kafka.controller.KafkaController)
[2025-03-07 23:23:47,346] INFO [Controller id=0] Deleting isr change notifications (kafka.controller.KafkaController)
[2025-03-07 23:23:47,346] INFO [Controller id=0] Initializing controller context (kafka.controller.KafkaController)
[2025-03-07 23:23:47,353] INFO [Controller id=0] Initialized broker epochs cache: HashMap(0 -> 201) (kafka.controller.KafkaController)
[2025-03-07 23:23:47,378] DEBUG [Controller id=0] Register BrokerModifications handler for Set(0) (kafka.controller.KafkaController)
[2025-03-07 23:23:47,410] DEBUG [Channel manager on controller 0]: Controller 0 trying to connect to broker 0 (kafka.controller.ControllerChannelManager)
[2025-03-07 23:23:47,418] INFO [Controller id=0] Currently active brokers in the cluster: Set(0) (kafka.controller.KafkaController)
[2025-03-07 23:23:47,418] INFO [RequestSendThread controllerId=0] Starting (kafka.controller.RequestSendThread)
[2025-03-07 23:23:47,418] INFO [Controller id=0] Currently shutting brokers in the cluster: HashSet() (kafka.controller.KafkaController)
[2025-03-07 23:23:47,418] INFO [Controller id=0] Current list of topics in the cluster: HashSet(file-upload, user-avatar-updated, team-service-topic, user-service-project-created, __consumer_offsets) (kafka.controller.KafkaController)
[2025-03-07 23:23:47,418] INFO [Controller id=0] Fetching topic deletions in progress (kafka.controller.KafkaController)
[2025-03-07 23:23:47,427] INFO [Controller id=0] List of topics to be deleted:  (kafka.controller.KafkaController)
[2025-03-07 23:23:47,427] INFO [Controller id=0] List of topics ineligible for deletion:  (kafka.controller.KafkaController)
[2025-03-07 23:23:47,427] INFO [Controller id=0] Initializing topic deletion manager (kafka.controller.KafkaController)
[2025-03-07 23:23:47,427] INFO [Topic Deletion Manager 0] Initializing manager with initial deletions: Set(), initial ineligible deletions: HashSet() (kafka.controller.TopicDeletionManager)
[2025-03-07 23:23:47,427] INFO [Controller id=0] Sending update metadata request (kafka.controller.KafkaController)
[2025-03-07 23:23:47,427] INFO [ReplicaStateMachine controllerId=0] Initializing replica state (kafka.controller.ZkReplicaStateMachine)
[2025-03-07 23:23:47,435] INFO [ReplicaStateMachine controllerId=0] Triggering online replica state changes (kafka.controller.ZkReplicaStateMachine)
[2025-03-07 23:23:47,435] INFO [RequestSendThread controllerId=0] Controller 0 connected to DESKTOP-8GKE7FT:9092 (id: 0 rack: null) for sending state change requests (kafka.controller.RequestSendThread)
[2025-03-07 23:23:47,443] INFO [ReplicaStateMachine controllerId=0] Triggering offline replica state changes (kafka.controller.ZkReplicaStateMachine)
[2025-03-07 23:23:47,443] DEBUG [ReplicaStateMachine controllerId=0] Started replica state machine with initial state -> HashMap([Topic=__consumer_offsets,Partition=40,Replica=0] -> OnlineReplica, [Topic=__consumer_offsets,Partition=27,Replica=0] -> OnlineReplica, [Topic=__consumer_offsets,Partition=49,Replica=0] -> OnlineReplica, [Topic=user-avatar-updated,Partition=0,Replica=0] -> OnlineReplica, [Topic=__consumer_offsets,Partition=47,Replica=0] -> OnlineReplica, [Topic=__consumer_offsets,Partition=3,Replica=0] -> OnlineReplica, [Topic=__consumer_offsets,Partition=18,Replica=0] -> OnlineReplica, [Topic=__consumer_offsets,Partition=44,Replica=0] -> OnlineReplica, [Topic=__consumer_offsets,Partition=8,Replica=0] -> OnlineReplica, [Topic=user-service-project-created,Partition=0,Replica=0] -> OnlineReplica, [Topic=__consumer_offsets,Partition=34,Replica=0] -> OnlineReplica, [Topic=__consumer_offsets,Partition=25,Replica=0] -> OnlineReplica, [Topic=__consumer_offsets,Partition=14,Replica=0] -> OnlineReplica, [Topic=__consumer_offsets,Partition=24,Replica=0] -> OnlineReplica, [Topic=__consumer_offsets,Partition=36,Replica=0] -> OnlineReplica, [Topic=__consumer_offsets,Partition=42,Replica=0] -> OnlineReplica, [Topic=__consumer_offsets,Partition=45,Replica=0] -> OnlineReplica, [Topic=__consumer_offsets,Partition=11,Replica=0] -> OnlineReplica, [Topic=__consumer_offsets,Partition=32,Replica=0] -> OnlineReplica, [Topic=__consumer_offsets,Partition=12,Replica=0] -> OnlineReplica, [Topic=__consumer_offsets,Partition=30,Replica=0] -> OnlineReplica, [Topic=__consumer_offsets,Partition=9,Replica=0] -> OnlineReplica, [Topic=__consumer_offsets,Partition=39,Replica=0] -> OnlineReplica, [Topic=__consumer_offsets,Partition=38,Replica=0] -> OnlineReplica, [Topic=__consumer_offsets,Partition=23,Replica=0] -> OnlineReplica, [Topic=__consumer_offsets,Partition=19,Replica=0] -> OnlineReplica, [Topic=__consumer_offsets,Partition=17,Replica=0] -> OnlineReplica, [Topic=__consumer_offsets,Partition=41,Replica=0] -> OnlineReplica, [Topic=__consumer_offsets,Partition=37,Replica=0] -> OnlineReplica, [Topic=__consumer_offsets,Partition=48,Replica=0] -> OnlineReplica, [Topic=__consumer_offsets,Partition=29,Replica=0] -> OnlineReplica, [Topic=__consumer_offsets,Partition=10,Replica=0] -> OnlineReplica, [Topic=__consumer_offsets,Partition=46,Replica=0] -> OnlineReplica, [Topic=__consumer_offsets,Partition=1,Replica=0] -> OnlineReplica, [Topic=team-service-topic,Partition=0,Replica=0] -> OnlineReplica, [Topic=__consumer_offsets,Partition=16,Replica=0] -> OnlineReplica, [Topic=__consumer_offsets,Partition=5,Replica=0] -> OnlineReplica, [Topic=file-upload,Partition=0,Replica=0] -> OnlineReplica, [Topic=__consumer_offsets,Partition=15,Replica=0] -> OnlineReplica, [Topic=__consumer_offsets,Partition=4,Replica=0] -> OnlineReplica, [Topic=__consumer_offsets,Partition=6,Replica=0] -> OnlineReplica, [Topic=__consumer_offsets,Partition=7,Replica=0] -> OnlineReplica, [Topic=__consumer_offsets,Partition=43,Replica=0] -> OnlineReplica, [Topic=__consumer_offsets,Partition=0,Replica=0] -> OnlineReplica, [Topic=__consumer_offsets,Partition=20,Replica=0] -> OnlineReplica, [Topic=__consumer_offsets,Partition=31,Replica=0] -> OnlineReplica, [Topic=__consumer_offsets,Partition=28,Replica=0] -> OnlineReplica, [Topic=__consumer_offsets,Partition=26,Replica=0] -> OnlineReplica, [Topic=__consumer_offsets,Partition=2,Replica=0] -> OnlineReplica, [Topic=__consumer_offsets,Partition=33,Replica=0] -> OnlineReplica, [Topic=__consumer_offsets,Partition=22,Replica=0] -> OnlineReplica, [Topic=__consumer_offsets,Partition=21,Replica=0] -> OnlineReplica, [Topic=__consumer_offsets,Partition=13,Replica=0] -> OnlineReplica, [Topic=__consumer_offsets,Partition=35,Replica=0] -> OnlineReplica) (kafka.controller.ZkReplicaStateMachine)
[2025-03-07 23:23:47,443] INFO [PartitionStateMachine controllerId=0] Initializing partition state (kafka.controller.ZkPartitionStateMachine)
[2025-03-07 23:23:47,443] INFO [PartitionStateMachine controllerId=0] Triggering online partition state changes (kafka.controller.ZkPartitionStateMachine)
[2025-03-07 23:23:47,443] DEBUG [PartitionStateMachine controllerId=0] Started partition state machine with initial state -> HashMap(__consumer_offsets-13 -> OnlinePartition, __consumer_offsets-46 -> OnlinePartition, __consumer_offsets-9 -> OnlinePartition, __consumer_offsets-42 -> OnlinePartition, __consumer_offsets-21 -> OnlinePartition, user-service-project-created-0 -> OnlinePartition, __consumer_offsets-17 -> OnlinePartition, __consumer_offsets-30 -> OnlinePartition, __consumer_offsets-26 -> OnlinePartition, __consumer_offsets-5 -> OnlinePartition, __consumer_offsets-38 -> OnlinePartition, __consumer_offsets-1 -> OnlinePartition, __consumer_offsets-34 -> OnlinePartition, __consumer_offsets-16 -> OnlinePartition, __consumer_offsets-45 -> OnlinePartition, team-service-topic-0 -> OnlinePartition, __consumer_offsets-12 -> OnlinePartition, __consumer_offsets-41 -> OnlinePartition, __consumer_offsets-24 -> OnlinePartition, __consumer_offsets-20 -> OnlinePartition, __consumer_offsets-49 -> OnlinePartition, __consumer_offsets-0 -> OnlinePartition, __consumer_offsets-29 -> OnlinePartition, __consumer_offsets-25 -> OnlinePartition, __consumer_offsets-8 -> OnlinePartition, __consumer_offsets-37 -> OnlinePartition, __consumer_offsets-4 -> OnlinePartition, __consumer_offsets-33 -> OnlinePartition, __consumer_offsets-15 -> OnlinePartition, __consumer_offsets-48 -> OnlinePartition, file-upload-0 -> OnlinePartition, __consumer_offsets-11 -> OnlinePartition, __consumer_offsets-44 -> OnlinePartition, __consumer_offsets-23 -> OnlinePartition, __consumer_offsets-19 -> OnlinePartition, __consumer_offsets-32 -> OnlinePartition, __consumer_offsets-28 -> OnlinePartition, __consumer_offsets-7 -> OnlinePartition, __consumer_offsets-40 -> OnlinePartition, __consumer_offsets-3 -> OnlinePartition, __consumer_offsets-36 -> OnlinePartition, __consumer_offsets-47 -> OnlinePartition, __consumer_offsets-14 -> OnlinePartition, __consumer_offsets-43 -> OnlinePartition, __consumer_offsets-10 -> OnlinePartition, __consumer_offsets-22 -> OnlinePartition, __consumer_offsets-18 -> OnlinePartition, __consumer_offsets-31 -> OnlinePartition, user-avatar-updated-0 -> OnlinePartition, __consumer_offsets-27 -> OnlinePartition, __consumer_offsets-39 -> OnlinePartition, __consumer_offsets-6 -> OnlinePartition, __consumer_offsets-35 -> OnlinePartition, __consumer_offsets-2 -> OnlinePartition) (kafka.controller.ZkPartitionStateMachine)
[2025-03-07 23:23:47,443] INFO [Controller id=0] Ready to serve as the new controller with epoch 4 (kafka.controller.KafkaController)
[2025-03-07 23:23:47,443] INFO [Controller id=0] Partitions undergoing preferred replica election:  (kafka.controller.KafkaController)
[2025-03-07 23:23:47,443] INFO [Controller id=0] Partitions that completed preferred replica election:  (kafka.controller.KafkaController)
[2025-03-07 23:23:47,443] INFO [Controller id=0] Skipping preferred replica election for partitions due to topic deletion:  (kafka.controller.KafkaController)
[2025-03-07 23:23:47,443] INFO [Controller id=0] Resuming preferred replica election for partitions:  (kafka.controller.KafkaController)
[2025-03-07 23:23:47,443] INFO [Controller id=0] Starting replica leader election (PREFERRED) for partitions  triggered by ZkTriggered (kafka.controller.KafkaController)
[2025-03-07 23:23:47,451] INFO [Controller id=0] Starting the controller scheduler (kafka.controller.KafkaController)
[2025-03-07 23:23:52,464] INFO [Controller id=0] Processing automatic preferred replica leader election (kafka.controller.KafkaController)
[2025-03-07 23:23:52,464] TRACE [Controller id=0] Checking need to trigger auto leader balancing (kafka.controller.KafkaController)
[2025-03-07 23:23:52,466] DEBUG [Controller id=0] Topics not in preferred replica for broker 0 HashMap() (kafka.controller.KafkaController)
[2025-03-07 23:23:52,466] TRACE [Controller id=0] Leader imbalance ratio for broker 0 is 0.0 (kafka.controller.KafkaController)
[2025-03-07 23:28:52,468] INFO [Controller id=0] Processing automatic preferred replica leader election (kafka.controller.KafkaController)
[2025-03-07 23:28:52,471] TRACE [Controller id=0] Checking need to trigger auto leader balancing (kafka.controller.KafkaController)
[2025-03-07 23:28:52,473] DEBUG [Controller id=0] Topics not in preferred replica for broker 0 HashMap() (kafka.controller.KafkaController)
[2025-03-07 23:28:52,473] TRACE [Controller id=0] Leader imbalance ratio for broker 0 is 0.0 (kafka.controller.KafkaController)
[2025-03-07 23:33:52,485] INFO [Controller id=0] Processing automatic preferred replica leader election (kafka.controller.KafkaController)
[2025-03-07 23:33:52,485] TRACE [Controller id=0] Checking need to trigger auto leader balancing (kafka.controller.KafkaController)
[2025-03-07 23:33:52,487] DEBUG [Controller id=0] Topics not in preferred replica for broker 0 HashMap() (kafka.controller.KafkaController)
[2025-03-07 23:33:52,488] TRACE [Controller id=0] Leader imbalance ratio for broker 0 is 0.0 (kafka.controller.KafkaController)
[2025-03-07 23:38:50,946] DEBUG [Controller id=0] Resigning (kafka.controller.KafkaController)
[2025-03-07 23:38:50,946] DEBUG [Controller id=0] Unregister BrokerModifications handler for Set(0) (kafka.controller.KafkaController)
[2025-03-07 23:38:50,947] INFO [PartitionStateMachine controllerId=0] Stopped partition state machine (kafka.controller.ZkPartitionStateMachine)
[2025-03-07 23:38:50,948] INFO [ReplicaStateMachine controllerId=0] Stopped replica state machine (kafka.controller.ZkReplicaStateMachine)
[2025-03-07 23:38:50,948] INFO [RequestSendThread controllerId=0] Shutting down (kafka.controller.RequestSendThread)
[2025-03-07 23:38:50,948] INFO [RequestSendThread controllerId=0] Stopped (kafka.controller.RequestSendThread)
[2025-03-07 23:38:50,948] INFO [RequestSendThread controllerId=0] Shutdown completed (kafka.controller.RequestSendThread)
[2025-03-07 23:38:50,956] INFO [Controller id=0] Resigned (kafka.controller.KafkaController)
[2025-03-07 23:38:50,975] INFO [Controller id=0] 0 successfully elected as the controller. Epoch incremented to 5 and epoch zk version is now 5 (kafka.controller.KafkaController)
[2025-03-07 23:38:50,976] INFO [Controller id=0] Registering handlers (kafka.controller.KafkaController)
[2025-03-07 23:38:50,978] INFO [Controller id=0] Deleting log dir event notifications (kafka.controller.KafkaController)
[2025-03-07 23:38:50,978] INFO [Controller id=0] Deleting isr change notifications (kafka.controller.KafkaController)
[2025-03-07 23:38:50,979] INFO [Controller id=0] Initializing controller context (kafka.controller.KafkaController)
[2025-03-07 23:38:50,983] INFO [Controller id=0] Initialized broker epochs cache: HashMap(0 -> 206) (kafka.controller.KafkaController)
[2025-03-07 23:38:50,988] DEBUG [Controller id=0] Register BrokerModifications handler for Set(0) (kafka.controller.KafkaController)
[2025-03-07 23:38:51,018] DEBUG [Channel manager on controller 0]: Controller 0 trying to connect to broker 0 (kafka.controller.ControllerChannelManager)
[2025-03-07 23:38:51,023] INFO [Controller id=0] Currently active brokers in the cluster: Set(0) (kafka.controller.KafkaController)
[2025-03-07 23:38:51,023] INFO [Controller id=0] Currently shutting brokers in the cluster: HashSet() (kafka.controller.KafkaController)
[2025-03-07 23:38:51,023] INFO [Controller id=0] Current list of topics in the cluster: HashSet(file-upload, user-avatar-updated, team-service-topic, user-service-project-created, __consumer_offsets) (kafka.controller.KafkaController)
[2025-03-07 23:38:51,023] INFO [Controller id=0] Fetching topic deletions in progress (kafka.controller.KafkaController)
[2025-03-07 23:38:51,023] INFO [RequestSendThread controllerId=0] Starting (kafka.controller.RequestSendThread)
[2025-03-07 23:38:51,025] INFO [Controller id=0] List of topics to be deleted:  (kafka.controller.KafkaController)
[2025-03-07 23:38:51,025] INFO [Controller id=0] List of topics ineligible for deletion:  (kafka.controller.KafkaController)
[2025-03-07 23:38:51,025] INFO [Controller id=0] Initializing topic deletion manager (kafka.controller.KafkaController)
[2025-03-07 23:38:51,025] INFO [Topic Deletion Manager 0] Initializing manager with initial deletions: Set(), initial ineligible deletions: HashSet() (kafka.controller.TopicDeletionManager)
[2025-03-07 23:38:51,025] INFO [Controller id=0] Sending update metadata request (kafka.controller.KafkaController)
[2025-03-07 23:38:51,025] INFO [ReplicaStateMachine controllerId=0] Initializing replica state (kafka.controller.ZkReplicaStateMachine)
[2025-03-07 23:38:51,025] INFO [ReplicaStateMachine controllerId=0] Triggering online replica state changes (kafka.controller.ZkReplicaStateMachine)
[2025-03-07 23:38:51,027] INFO [RequestSendThread controllerId=0] Controller 0 connected to DESKTOP-8GKE7FT:9092 (id: 0 rack: null) for sending state change requests (kafka.controller.RequestSendThread)
[2025-03-07 23:38:51,029] INFO [ReplicaStateMachine controllerId=0] Triggering offline replica state changes (kafka.controller.ZkReplicaStateMachine)
[2025-03-07 23:38:51,029] DEBUG [ReplicaStateMachine controllerId=0] Started replica state machine with initial state -> HashMap([Topic=__consumer_offsets,Partition=40,Replica=0] -> OnlineReplica, [Topic=__consumer_offsets,Partition=27,Replica=0] -> OnlineReplica, [Topic=__consumer_offsets,Partition=49,Replica=0] -> OnlineReplica, [Topic=user-avatar-updated,Partition=0,Replica=0] -> OnlineReplica, [Topic=__consumer_offsets,Partition=47,Replica=0] -> OnlineReplica, [Topic=__consumer_offsets,Partition=3,Replica=0] -> OnlineReplica, [Topic=__consumer_offsets,Partition=18,Replica=0] -> OnlineReplica, [Topic=__consumer_offsets,Partition=44,Replica=0] -> OnlineReplica, [Topic=__consumer_offsets,Partition=8,Replica=0] -> OnlineReplica, [Topic=user-service-project-created,Partition=0,Replica=0] -> OnlineReplica, [Topic=__consumer_offsets,Partition=34,Replica=0] -> OnlineReplica, [Topic=__consumer_offsets,Partition=25,Replica=0] -> OnlineReplica, [Topic=__consumer_offsets,Partition=14,Replica=0] -> OnlineReplica, [Topic=__consumer_offsets,Partition=24,Replica=0] -> OnlineReplica, [Topic=__consumer_offsets,Partition=36,Replica=0] -> OnlineReplica, [Topic=__consumer_offsets,Partition=42,Replica=0] -> OnlineReplica, [Topic=__consumer_offsets,Partition=45,Replica=0] -> OnlineReplica, [Topic=__consumer_offsets,Partition=11,Replica=0] -> OnlineReplica, [Topic=__consumer_offsets,Partition=32,Replica=0] -> OnlineReplica, [Topic=__consumer_offsets,Partition=12,Replica=0] -> OnlineReplica, [Topic=__consumer_offsets,Partition=30,Replica=0] -> OnlineReplica, [Topic=__consumer_offsets,Partition=9,Replica=0] -> OnlineReplica, [Topic=__consumer_offsets,Partition=39,Replica=0] -> OnlineReplica, [Topic=__consumer_offsets,Partition=38,Replica=0] -> OnlineReplica, [Topic=__consumer_offsets,Partition=23,Replica=0] -> OnlineReplica, [Topic=__consumer_offsets,Partition=19,Replica=0] -> OnlineReplica, [Topic=__consumer_offsets,Partition=17,Replica=0] -> OnlineReplica, [Topic=__consumer_offsets,Partition=41,Replica=0] -> OnlineReplica, [Topic=__consumer_offsets,Partition=37,Replica=0] -> OnlineReplica, [Topic=__consumer_offsets,Partition=48,Replica=0] -> OnlineReplica, [Topic=__consumer_offsets,Partition=29,Replica=0] -> OnlineReplica, [Topic=__consumer_offsets,Partition=10,Replica=0] -> OnlineReplica, [Topic=__consumer_offsets,Partition=46,Replica=0] -> OnlineReplica, [Topic=__consumer_offsets,Partition=1,Replica=0] -> OnlineReplica, [Topic=team-service-topic,Partition=0,Replica=0] -> OnlineReplica, [Topic=__consumer_offsets,Partition=16,Replica=0] -> OnlineReplica, [Topic=__consumer_offsets,Partition=5,Replica=0] -> OnlineReplica, [Topic=file-upload,Partition=0,Replica=0] -> OnlineReplica, [Topic=__consumer_offsets,Partition=15,Replica=0] -> OnlineReplica, [Topic=__consumer_offsets,Partition=4,Replica=0] -> OnlineReplica, [Topic=__consumer_offsets,Partition=6,Replica=0] -> OnlineReplica, [Topic=__consumer_offsets,Partition=7,Replica=0] -> OnlineReplica, [Topic=__consumer_offsets,Partition=43,Replica=0] -> OnlineReplica, [Topic=__consumer_offsets,Partition=0,Replica=0] -> OnlineReplica, [Topic=__consumer_offsets,Partition=20,Replica=0] -> OnlineReplica, [Topic=__consumer_offsets,Partition=31,Replica=0] -> OnlineReplica, [Topic=__consumer_offsets,Partition=28,Replica=0] -> OnlineReplica, [Topic=__consumer_offsets,Partition=26,Replica=0] -> OnlineReplica, [Topic=__consumer_offsets,Partition=2,Replica=0] -> OnlineReplica, [Topic=__consumer_offsets,Partition=33,Replica=0] -> OnlineReplica, [Topic=__consumer_offsets,Partition=22,Replica=0] -> OnlineReplica, [Topic=__consumer_offsets,Partition=21,Replica=0] -> OnlineReplica, [Topic=__consumer_offsets,Partition=13,Replica=0] -> OnlineReplica, [Topic=__consumer_offsets,Partition=35,Replica=0] -> OnlineReplica) (kafka.controller.ZkReplicaStateMachine)
[2025-03-07 23:38:51,029] INFO [PartitionStateMachine controllerId=0] Initializing partition state (kafka.controller.ZkPartitionStateMachine)
[2025-03-07 23:38:51,029] INFO [PartitionStateMachine controllerId=0] Triggering online partition state changes (kafka.controller.ZkPartitionStateMachine)
[2025-03-07 23:38:51,030] DEBUG [PartitionStateMachine controllerId=0] Started partition state machine with initial state -> HashMap(__consumer_offsets-13 -> OnlinePartition, __consumer_offsets-46 -> OnlinePartition, __consumer_offsets-9 -> OnlinePartition, __consumer_offsets-42 -> OnlinePartition, __consumer_offsets-21 -> OnlinePartition, user-service-project-created-0 -> OnlinePartition, __consumer_offsets-17 -> OnlinePartition, __consumer_offsets-30 -> OnlinePartition, __consumer_offsets-26 -> OnlinePartition, __consumer_offsets-5 -> OnlinePartition, __consumer_offsets-38 -> OnlinePartition, __consumer_offsets-1 -> OnlinePartition, __consumer_offsets-34 -> OnlinePartition, __consumer_offsets-16 -> OnlinePartition, __consumer_offsets-45 -> OnlinePartition, team-service-topic-0 -> OnlinePartition, __consumer_offsets-12 -> OnlinePartition, __consumer_offsets-41 -> OnlinePartition, __consumer_offsets-24 -> OnlinePartition, __consumer_offsets-20 -> OnlinePartition, __consumer_offsets-49 -> OnlinePartition, __consumer_offsets-0 -> OnlinePartition, __consumer_offsets-29 -> OnlinePartition, __consumer_offsets-25 -> OnlinePartition, __consumer_offsets-8 -> OnlinePartition, __consumer_offsets-37 -> OnlinePartition, __consumer_offsets-4 -> OnlinePartition, __consumer_offsets-33 -> OnlinePartition, __consumer_offsets-15 -> OnlinePartition, __consumer_offsets-48 -> OnlinePartition, file-upload-0 -> OnlinePartition, __consumer_offsets-11 -> OnlinePartition, __consumer_offsets-44 -> OnlinePartition, __consumer_offsets-23 -> OnlinePartition, __consumer_offsets-19 -> OnlinePartition, __consumer_offsets-32 -> OnlinePartition, __consumer_offsets-28 -> OnlinePartition, __consumer_offsets-7 -> OnlinePartition, __consumer_offsets-40 -> OnlinePartition, __consumer_offsets-3 -> OnlinePartition, __consumer_offsets-36 -> OnlinePartition, __consumer_offsets-47 -> OnlinePartition, __consumer_offsets-14 -> OnlinePartition, __consumer_offsets-43 -> OnlinePartition, __consumer_offsets-10 -> OnlinePartition, __consumer_offsets-22 -> OnlinePartition, __consumer_offsets-18 -> OnlinePartition, __consumer_offsets-31 -> OnlinePartition, user-avatar-updated-0 -> OnlinePartition, __consumer_offsets-27 -> OnlinePartition, __consumer_offsets-39 -> OnlinePartition, __consumer_offsets-6 -> OnlinePartition, __consumer_offsets-35 -> OnlinePartition, __consumer_offsets-2 -> OnlinePartition) (kafka.controller.ZkPartitionStateMachine)
[2025-03-07 23:38:51,030] INFO [Controller id=0] Ready to serve as the new controller with epoch 5 (kafka.controller.KafkaController)
[2025-03-07 23:38:51,031] INFO [Controller id=0] Partitions undergoing preferred replica election:  (kafka.controller.KafkaController)
[2025-03-07 23:38:51,031] INFO [Controller id=0] Partitions that completed preferred replica election:  (kafka.controller.KafkaController)
[2025-03-07 23:38:51,031] INFO [Controller id=0] Skipping preferred replica election for partitions due to topic deletion:  (kafka.controller.KafkaController)
[2025-03-07 23:38:51,031] INFO [Controller id=0] Resuming preferred replica election for partitions:  (kafka.controller.KafkaController)
[2025-03-07 23:38:51,031] INFO [Controller id=0] Starting replica leader election (PREFERRED) for partitions  triggered by ZkTriggered (kafka.controller.KafkaController)
[2025-03-07 23:38:51,034] INFO [Controller id=0] Starting the controller scheduler (kafka.controller.KafkaController)
[2025-03-07 23:38:56,039] INFO [Controller id=0] Processing automatic preferred replica leader election (kafka.controller.KafkaController)
[2025-03-07 23:38:56,039] TRACE [Controller id=0] Checking need to trigger auto leader balancing (kafka.controller.KafkaController)
[2025-03-07 23:38:56,040] DEBUG [Controller id=0] Topics not in preferred replica for broker 0 HashMap() (kafka.controller.KafkaController)
[2025-03-07 23:38:56,040] TRACE [Controller id=0] Leader imbalance ratio for broker 0 is 0.0 (kafka.controller.KafkaController)
[2025-03-07 23:43:56,045] INFO [Controller id=0] Processing automatic preferred replica leader election (kafka.controller.KafkaController)
[2025-03-07 23:43:56,045] TRACE [Controller id=0] Checking need to trigger auto leader balancing (kafka.controller.KafkaController)
[2025-03-07 23:43:56,046] DEBUG [Controller id=0] Topics not in preferred replica for broker 0 HashMap() (kafka.controller.KafkaController)
[2025-03-07 23:43:56,046] TRACE [Controller id=0] Leader imbalance ratio for broker 0 is 0.0 (kafka.controller.KafkaController)
[2025-03-07 23:48:56,053] INFO [Controller id=0] Processing automatic preferred replica leader election (kafka.controller.KafkaController)
[2025-03-07 23:48:56,053] TRACE [Controller id=0] Checking need to trigger auto leader balancing (kafka.controller.KafkaController)
[2025-03-07 23:48:56,053] DEBUG [Controller id=0] Topics not in preferred replica for broker 0 HashMap() (kafka.controller.KafkaController)
[2025-03-07 23:48:56,053] TRACE [Controller id=0] Leader imbalance ratio for broker 0 is 0.0 (kafka.controller.KafkaController)
[2025-03-07 23:53:56,056] INFO [Controller id=0] Processing automatic preferred replica leader election (kafka.controller.KafkaController)
[2025-03-07 23:53:56,056] TRACE [Controller id=0] Checking need to trigger auto leader balancing (kafka.controller.KafkaController)
[2025-03-07 23:53:56,057] DEBUG [Controller id=0] Topics not in preferred replica for broker 0 HashMap() (kafka.controller.KafkaController)
[2025-03-07 23:53:56,057] TRACE [Controller id=0] Leader imbalance ratio for broker 0 is 0.0 (kafka.controller.KafkaController)
[2025-03-07 23:58:56,059] INFO [Controller id=0] Processing automatic preferred replica leader election (kafka.controller.KafkaController)
[2025-03-07 23:58:56,060] TRACE [Controller id=0] Checking need to trigger auto leader balancing (kafka.controller.KafkaController)
[2025-03-07 23:58:56,061] DEBUG [Controller id=0] Topics not in preferred replica for broker 0 HashMap() (kafka.controller.KafkaController)
[2025-03-07 23:58:56,061] TRACE [Controller id=0] Leader imbalance ratio for broker 0 is 0.0 (kafka.controller.KafkaController)
[2025-03-08 00:03:56,066] INFO [Controller id=0] Processing automatic preferred replica leader election (kafka.controller.KafkaController)
[2025-03-08 00:03:56,074] TRACE [Controller id=0] Checking need to trigger auto leader balancing (kafka.controller.KafkaController)
[2025-03-08 00:03:56,074] DEBUG [Controller id=0] Topics not in preferred replica for broker 0 HashMap() (kafka.controller.KafkaController)
[2025-03-08 00:03:56,074] TRACE [Controller id=0] Leader imbalance ratio for broker 0 is 0.0 (kafka.controller.KafkaController)
[2025-03-08 00:08:56,087] INFO [Controller id=0] Processing automatic preferred replica leader election (kafka.controller.KafkaController)
[2025-03-08 00:08:56,087] TRACE [Controller id=0] Checking need to trigger auto leader balancing (kafka.controller.KafkaController)
[2025-03-08 00:08:56,088] DEBUG [Controller id=0] Topics not in preferred replica for broker 0 HashMap() (kafka.controller.KafkaController)
[2025-03-08 00:08:56,088] TRACE [Controller id=0] Leader imbalance ratio for broker 0 is 0.0 (kafka.controller.KafkaController)
[2025-03-08 00:13:56,090] INFO [Controller id=0] Processing automatic preferred replica leader election (kafka.controller.KafkaController)
[2025-03-08 00:13:56,090] TRACE [Controller id=0] Checking need to trigger auto leader balancing (kafka.controller.KafkaController)
[2025-03-08 00:13:56,090] DEBUG [Controller id=0] Topics not in preferred replica for broker 0 HashMap() (kafka.controller.KafkaController)
[2025-03-08 00:13:56,090] TRACE [Controller id=0] Leader imbalance ratio for broker 0 is 0.0 (kafka.controller.KafkaController)
[2025-03-08 00:18:56,092] INFO [Controller id=0] Processing automatic preferred replica leader election (kafka.controller.KafkaController)
[2025-03-08 00:18:56,093] TRACE [Controller id=0] Checking need to trigger auto leader balancing (kafka.controller.KafkaController)
[2025-03-08 00:18:56,093] DEBUG [Controller id=0] Topics not in preferred replica for broker 0 HashMap() (kafka.controller.KafkaController)
[2025-03-08 00:18:56,093] TRACE [Controller id=0] Leader imbalance ratio for broker 0 is 0.0 (kafka.controller.KafkaController)
[2025-03-08 00:23:56,107] INFO [Controller id=0] Processing automatic preferred replica leader election (kafka.controller.KafkaController)
[2025-03-08 00:23:56,107] TRACE [Controller id=0] Checking need to trigger auto leader balancing (kafka.controller.KafkaController)
[2025-03-08 00:23:56,107] DEBUG [Controller id=0] Topics not in preferred replica for broker 0 HashMap() (kafka.controller.KafkaController)
[2025-03-08 00:23:56,107] TRACE [Controller id=0] Leader imbalance ratio for broker 0 is 0.0 (kafka.controller.KafkaController)
[2025-03-08 00:28:56,109] INFO [Controller id=0] Processing automatic preferred replica leader election (kafka.controller.KafkaController)
[2025-03-08 00:28:56,109] TRACE [Controller id=0] Checking need to trigger auto leader balancing (kafka.controller.KafkaController)
[2025-03-08 00:28:56,110] DEBUG [Controller id=0] Topics not in preferred replica for broker 0 HashMap() (kafka.controller.KafkaController)
[2025-03-08 00:28:56,110] TRACE [Controller id=0] Leader imbalance ratio for broker 0 is 0.0 (kafka.controller.KafkaController)
[2025-03-08 00:33:56,115] INFO [Controller id=0] Processing automatic preferred replica leader election (kafka.controller.KafkaController)
[2025-03-08 00:33:56,115] TRACE [Controller id=0] Checking need to trigger auto leader balancing (kafka.controller.KafkaController)
[2025-03-08 00:33:56,115] DEBUG [Controller id=0] Topics not in preferred replica for broker 0 HashMap() (kafka.controller.KafkaController)
[2025-03-08 00:33:56,115] TRACE [Controller id=0] Leader imbalance ratio for broker 0 is 0.0 (kafka.controller.KafkaController)
[2025-03-08 00:38:56,117] INFO [Controller id=0] Processing automatic preferred replica leader election (kafka.controller.KafkaController)
[2025-03-08 00:38:56,117] TRACE [Controller id=0] Checking need to trigger auto leader balancing (kafka.controller.KafkaController)
[2025-03-08 00:38:56,120] DEBUG [Controller id=0] Topics not in preferred replica for broker 0 HashMap() (kafka.controller.KafkaController)
[2025-03-08 00:38:56,120] TRACE [Controller id=0] Leader imbalance ratio for broker 0 is 0.0 (kafka.controller.KafkaController)
[2025-03-08 00:43:56,126] INFO [Controller id=0] Processing automatic preferred replica leader election (kafka.controller.KafkaController)
[2025-03-08 00:43:56,126] TRACE [Controller id=0] Checking need to trigger auto leader balancing (kafka.controller.KafkaController)
[2025-03-08 00:43:56,130] DEBUG [Controller id=0] Topics not in preferred replica for broker 0 HashMap() (kafka.controller.KafkaController)
[2025-03-08 00:43:56,131] TRACE [Controller id=0] Leader imbalance ratio for broker 0 is 0.0 (kafka.controller.KafkaController)
[2025-03-08 00:48:56,138] INFO [Controller id=0] Processing automatic preferred replica leader election (kafka.controller.KafkaController)
[2025-03-08 00:48:56,138] TRACE [Controller id=0] Checking need to trigger auto leader balancing (kafka.controller.KafkaController)
[2025-03-08 00:48:56,141] DEBUG [Controller id=0] Topics not in preferred replica for broker 0 HashMap() (kafka.controller.KafkaController)
[2025-03-08 00:48:56,141] TRACE [Controller id=0] Leader imbalance ratio for broker 0 is 0.0 (kafka.controller.KafkaController)
[2025-03-08 00:53:56,154] INFO [Controller id=0] Processing automatic preferred replica leader election (kafka.controller.KafkaController)
[2025-03-08 00:53:56,154] TRACE [Controller id=0] Checking need to trigger auto leader balancing (kafka.controller.KafkaController)
[2025-03-08 00:53:56,155] DEBUG [Controller id=0] Topics not in preferred replica for broker 0 HashMap() (kafka.controller.KafkaController)
[2025-03-08 00:53:56,155] TRACE [Controller id=0] Leader imbalance ratio for broker 0 is 0.0 (kafka.controller.KafkaController)
[2025-03-08 00:58:56,166] INFO [Controller id=0] Processing automatic preferred replica leader election (kafka.controller.KafkaController)
[2025-03-08 00:58:56,167] TRACE [Controller id=0] Checking need to trigger auto leader balancing (kafka.controller.KafkaController)
[2025-03-08 00:58:56,168] DEBUG [Controller id=0] Topics not in preferred replica for broker 0 HashMap() (kafka.controller.KafkaController)
[2025-03-08 00:58:56,168] TRACE [Controller id=0] Leader imbalance ratio for broker 0 is 0.0 (kafka.controller.KafkaController)
[2025-03-08 01:03:56,181] INFO [Controller id=0] Processing automatic preferred replica leader election (kafka.controller.KafkaController)
[2025-03-08 01:03:56,186] TRACE [Controller id=0] Checking need to trigger auto leader balancing (kafka.controller.KafkaController)
[2025-03-08 01:03:56,189] DEBUG [Controller id=0] Topics not in preferred replica for broker 0 HashMap() (kafka.controller.KafkaController)
[2025-03-08 01:03:56,189] TRACE [Controller id=0] Leader imbalance ratio for broker 0 is 0.0 (kafka.controller.KafkaController)
[2025-03-08 01:08:56,205] INFO [Controller id=0] Processing automatic preferred replica leader election (kafka.controller.KafkaController)
[2025-03-08 01:08:56,206] TRACE [Controller id=0] Checking need to trigger auto leader balancing (kafka.controller.KafkaController)
[2025-03-08 01:08:56,207] DEBUG [Controller id=0] Topics not in preferred replica for broker 0 HashMap() (kafka.controller.KafkaController)
[2025-03-08 01:08:56,207] TRACE [Controller id=0] Leader imbalance ratio for broker 0 is 0.0 (kafka.controller.KafkaController)
[2025-03-08 01:13:56,208] INFO [Controller id=0] Processing automatic preferred replica leader election (kafka.controller.KafkaController)
[2025-03-08 01:13:56,208] TRACE [Controller id=0] Checking need to trigger auto leader balancing (kafka.controller.KafkaController)
[2025-03-08 01:13:56,212] DEBUG [Controller id=0] Topics not in preferred replica for broker 0 HashMap() (kafka.controller.KafkaController)
[2025-03-08 01:13:56,212] TRACE [Controller id=0] Leader imbalance ratio for broker 0 is 0.0 (kafka.controller.KafkaController)
[2025-03-08 01:18:56,213] INFO [Controller id=0] Processing automatic preferred replica leader election (kafka.controller.KafkaController)
[2025-03-08 01:18:56,214] TRACE [Controller id=0] Checking need to trigger auto leader balancing (kafka.controller.KafkaController)
[2025-03-08 01:18:56,214] DEBUG [Controller id=0] Topics not in preferred replica for broker 0 HashMap() (kafka.controller.KafkaController)
[2025-03-08 01:18:56,214] TRACE [Controller id=0] Leader imbalance ratio for broker 0 is 0.0 (kafka.controller.KafkaController)
[2025-03-08 01:23:56,230] INFO [Controller id=0] Processing automatic preferred replica leader election (kafka.controller.KafkaController)
[2025-03-08 01:23:56,234] TRACE [Controller id=0] Checking need to trigger auto leader balancing (kafka.controller.KafkaController)
[2025-03-08 01:23:56,246] DEBUG [Controller id=0] Topics not in preferred replica for broker 0 HashMap() (kafka.controller.KafkaController)
[2025-03-08 01:23:56,246] TRACE [Controller id=0] Leader imbalance ratio for broker 0 is 0.0 (kafka.controller.KafkaController)
[2025-03-08 01:28:56,265] INFO [Controller id=0] Processing automatic preferred replica leader election (kafka.controller.KafkaController)
[2025-03-08 01:28:56,265] TRACE [Controller id=0] Checking need to trigger auto leader balancing (kafka.controller.KafkaController)
[2025-03-08 01:28:56,266] DEBUG [Controller id=0] Topics not in preferred replica for broker 0 HashMap() (kafka.controller.KafkaController)
[2025-03-08 01:28:56,266] TRACE [Controller id=0] Leader imbalance ratio for broker 0 is 0.0 (kafka.controller.KafkaController)
[2025-03-08 01:33:56,267] INFO [Controller id=0] Processing automatic preferred replica leader election (kafka.controller.KafkaController)
[2025-03-08 01:33:56,267] TRACE [Controller id=0] Checking need to trigger auto leader balancing (kafka.controller.KafkaController)
[2025-03-08 01:33:56,269] DEBUG [Controller id=0] Topics not in preferred replica for broker 0 HashMap() (kafka.controller.KafkaController)
[2025-03-08 01:33:56,269] TRACE [Controller id=0] Leader imbalance ratio for broker 0 is 0.0 (kafka.controller.KafkaController)
[2025-03-08 01:38:56,278] INFO [Controller id=0] Processing automatic preferred replica leader election (kafka.controller.KafkaController)
[2025-03-08 01:38:56,279] TRACE [Controller id=0] Checking need to trigger auto leader balancing (kafka.controller.KafkaController)
[2025-03-08 01:38:56,284] DEBUG [Controller id=0] Topics not in preferred replica for broker 0 HashMap() (kafka.controller.KafkaController)
[2025-03-08 01:38:56,284] TRACE [Controller id=0] Leader imbalance ratio for broker 0 is 0.0 (kafka.controller.KafkaController)
[2025-03-08 01:43:56,287] INFO [Controller id=0] Processing automatic preferred replica leader election (kafka.controller.KafkaController)
[2025-03-08 01:43:56,287] TRACE [Controller id=0] Checking need to trigger auto leader balancing (kafka.controller.KafkaController)
[2025-03-08 01:43:56,289] DEBUG [Controller id=0] Topics not in preferred replica for broker 0 HashMap() (kafka.controller.KafkaController)
[2025-03-08 01:43:56,289] TRACE [Controller id=0] Leader imbalance ratio for broker 0 is 0.0 (kafka.controller.KafkaController)
[2025-03-08 01:48:56,297] INFO [Controller id=0] Processing automatic preferred replica leader election (kafka.controller.KafkaController)
[2025-03-08 01:48:56,297] TRACE [Controller id=0] Checking need to trigger auto leader balancing (kafka.controller.KafkaController)
[2025-03-08 01:48:56,299] DEBUG [Controller id=0] Topics not in preferred replica for broker 0 HashMap() (kafka.controller.KafkaController)
[2025-03-08 01:48:56,299] TRACE [Controller id=0] Leader imbalance ratio for broker 0 is 0.0 (kafka.controller.KafkaController)
[2025-03-08 01:53:56,300] INFO [Controller id=0] Processing automatic preferred replica leader election (kafka.controller.KafkaController)
[2025-03-08 01:53:56,300] TRACE [Controller id=0] Checking need to trigger auto leader balancing (kafka.controller.KafkaController)
[2025-03-08 01:53:56,304] DEBUG [Controller id=0] Topics not in preferred replica for broker 0 HashMap() (kafka.controller.KafkaController)
[2025-03-08 01:53:56,304] TRACE [Controller id=0] Leader imbalance ratio for broker 0 is 0.0 (kafka.controller.KafkaController)
[2025-03-08 01:58:56,315] INFO [Controller id=0] Processing automatic preferred replica leader election (kafka.controller.KafkaController)
[2025-03-08 01:58:56,315] TRACE [Controller id=0] Checking need to trigger auto leader balancing (kafka.controller.KafkaController)
[2025-03-08 01:58:56,316] DEBUG [Controller id=0] Topics not in preferred replica for broker 0 HashMap() (kafka.controller.KafkaController)
[2025-03-08 01:58:56,316] TRACE [Controller id=0] Leader imbalance ratio for broker 0 is 0.0 (kafka.controller.KafkaController)
[2025-03-08 02:03:56,323] INFO [Controller id=0] Processing automatic preferred replica leader election (kafka.controller.KafkaController)
[2025-03-08 02:03:56,335] TRACE [Controller id=0] Checking need to trigger auto leader balancing (kafka.controller.KafkaController)
[2025-03-08 02:03:56,335] DEBUG [Controller id=0] Topics not in preferred replica for broker 0 HashMap() (kafka.controller.KafkaController)
[2025-03-08 02:03:56,335] TRACE [Controller id=0] Leader imbalance ratio for broker 0 is 0.0 (kafka.controller.KafkaController)
[2025-03-08 02:08:25,600] INFO [Controller id=0] New topics: [HashSet(user-service-invite-members)], deleted topics: [HashSet()], new partition replica assignment [Set(TopicIdReplicaAssignment(user-service-invite-members,Some(tkMgJy84QbGlJWP-QyYtQQ),Map(user-service-invite-members-0 -> ReplicaAssignment(replicas=0, addingReplicas=, removingReplicas=))))] (kafka.controller.KafkaController)
[2025-03-08 02:08:25,602] INFO [Controller id=0] New partition creation callback for user-service-invite-members-0 (kafka.controller.KafkaController)
[2025-03-08 02:08:25,672] INFO [RequestSendThread controllerId=0] Controller 0 connected to DESKTOP-8GKE7FT:9092 (id: 0 rack: null) for sending state change requests (kafka.controller.RequestSendThread)
[2025-03-08 02:08:56,337] INFO [Controller id=0] Processing automatic preferred replica leader election (kafka.controller.KafkaController)
[2025-03-08 02:08:56,339] TRACE [Controller id=0] Checking need to trigger auto leader balancing (kafka.controller.KafkaController)
[2025-03-08 02:08:56,340] DEBUG [Controller id=0] Topics not in preferred replica for broker 0 HashMap() (kafka.controller.KafkaController)
[2025-03-08 02:08:56,340] TRACE [Controller id=0] Leader imbalance ratio for broker 0 is 0.0 (kafka.controller.KafkaController)
[2025-03-08 02:13:56,345] INFO [Controller id=0] Processing automatic preferred replica leader election (kafka.controller.KafkaController)
[2025-03-08 02:13:56,345] TRACE [Controller id=0] Checking need to trigger auto leader balancing (kafka.controller.KafkaController)
[2025-03-08 02:13:56,345] DEBUG [Controller id=0] Topics not in preferred replica for broker 0 HashMap() (kafka.controller.KafkaController)
[2025-03-08 02:13:56,345] TRACE [Controller id=0] Leader imbalance ratio for broker 0 is 0.0 (kafka.controller.KafkaController)
[2025-03-08 02:18:56,358] INFO [Controller id=0] Processing automatic preferred replica leader election (kafka.controller.KafkaController)
[2025-03-08 02:18:56,358] TRACE [Controller id=0] Checking need to trigger auto leader balancing (kafka.controller.KafkaController)
[2025-03-08 02:18:56,359] DEBUG [Controller id=0] Topics not in preferred replica for broker 0 HashMap() (kafka.controller.KafkaController)
[2025-03-08 02:18:56,359] TRACE [Controller id=0] Leader imbalance ratio for broker 0 is 0.0 (kafka.controller.KafkaController)
[2025-03-08 02:23:56,362] INFO [Controller id=0] Processing automatic preferred replica leader election (kafka.controller.KafkaController)
[2025-03-08 02:23:56,362] TRACE [Controller id=0] Checking need to trigger auto leader balancing (kafka.controller.KafkaController)
[2025-03-08 02:23:56,364] DEBUG [Controller id=0] Topics not in preferred replica for broker 0 HashMap() (kafka.controller.KafkaController)
[2025-03-08 02:23:56,364] TRACE [Controller id=0] Leader imbalance ratio for broker 0 is 0.0 (kafka.controller.KafkaController)
[2025-03-08 02:28:56,365] INFO [Controller id=0] Processing automatic preferred replica leader election (kafka.controller.KafkaController)
[2025-03-08 02:28:56,366] TRACE [Controller id=0] Checking need to trigger auto leader balancing (kafka.controller.KafkaController)
[2025-03-08 02:28:56,367] DEBUG [Controller id=0] Topics not in preferred replica for broker 0 HashMap() (kafka.controller.KafkaController)
[2025-03-08 02:28:56,367] TRACE [Controller id=0] Leader imbalance ratio for broker 0 is 0.0 (kafka.controller.KafkaController)
[2025-03-08 02:30:03,398] INFO [Controller id=0] New topics: [HashSet(team-service-invite-members)], deleted topics: [HashSet()], new partition replica assignment [Set(TopicIdReplicaAssignment(team-service-invite-members,Some(hcxIX7ZES2-b0VR4LFe_IA),Map(team-service-invite-members-0 -> ReplicaAssignment(replicas=0, addingReplicas=, removingReplicas=))))] (kafka.controller.KafkaController)
[2025-03-08 02:30:03,398] INFO [Controller id=0] New partition creation callback for team-service-invite-members-0 (kafka.controller.KafkaController)
[2025-03-08 02:30:03,415] INFO [RequestSendThread controllerId=0] Controller 0 connected to DESKTOP-8GKE7FT:9092 (id: 0 rack: null) for sending state change requests (kafka.controller.RequestSendThread)
[2025-03-08 02:33:56,383] INFO [Controller id=0] Processing automatic preferred replica leader election (kafka.controller.KafkaController)
[2025-03-08 02:33:56,384] TRACE [Controller id=0] Checking need to trigger auto leader balancing (kafka.controller.KafkaController)
[2025-03-08 02:33:56,385] DEBUG [Controller id=0] Topics not in preferred replica for broker 0 HashMap() (kafka.controller.KafkaController)
[2025-03-08 02:33:56,385] TRACE [Controller id=0] Leader imbalance ratio for broker 0 is 0.0 (kafka.controller.KafkaController)
[2025-03-08 02:38:56,386] INFO [Controller id=0] Processing automatic preferred replica leader election (kafka.controller.KafkaController)
[2025-03-08 02:38:56,387] TRACE [Controller id=0] Checking need to trigger auto leader balancing (kafka.controller.KafkaController)
[2025-03-08 02:38:56,388] DEBUG [Controller id=0] Topics not in preferred replica for broker 0 HashMap() (kafka.controller.KafkaController)
[2025-03-08 02:38:56,388] TRACE [Controller id=0] Leader imbalance ratio for broker 0 is 0.0 (kafka.controller.KafkaController)
[2025-03-08 02:43:56,399] INFO [Controller id=0] Processing automatic preferred replica leader election (kafka.controller.KafkaController)
[2025-03-08 02:43:56,399] TRACE [Controller id=0] Checking need to trigger auto leader balancing (kafka.controller.KafkaController)
[2025-03-08 02:43:56,402] DEBUG [Controller id=0] Topics not in preferred replica for broker 0 HashMap() (kafka.controller.KafkaController)
[2025-03-08 02:43:56,402] TRACE [Controller id=0] Leader imbalance ratio for broker 0 is 0.0 (kafka.controller.KafkaController)
[2025-03-08 02:48:56,404] INFO [Controller id=0] Processing automatic preferred replica leader election (kafka.controller.KafkaController)
[2025-03-08 02:48:56,404] TRACE [Controller id=0] Checking need to trigger auto leader balancing (kafka.controller.KafkaController)
[2025-03-08 02:48:56,405] DEBUG [Controller id=0] Topics not in preferred replica for broker 0 HashMap() (kafka.controller.KafkaController)
[2025-03-08 02:48:56,405] TRACE [Controller id=0] Leader imbalance ratio for broker 0 is 0.0 (kafka.controller.KafkaController)
[2025-03-08 02:53:56,406] INFO [Controller id=0] Processing automatic preferred replica leader election (kafka.controller.KafkaController)
[2025-03-08 02:53:56,406] TRACE [Controller id=0] Checking need to trigger auto leader balancing (kafka.controller.KafkaController)
[2025-03-08 02:53:56,406] DEBUG [Controller id=0] Topics not in preferred replica for broker 0 HashMap() (kafka.controller.KafkaController)
[2025-03-08 02:53:56,406] TRACE [Controller id=0] Leader imbalance ratio for broker 0 is 0.0 (kafka.controller.KafkaController)
[2025-03-08 02:58:56,420] INFO [Controller id=0] Processing automatic preferred replica leader election (kafka.controller.KafkaController)
[2025-03-08 02:58:56,420] TRACE [Controller id=0] Checking need to trigger auto leader balancing (kafka.controller.KafkaController)
[2025-03-08 02:58:56,424] DEBUG [Controller id=0] Topics not in preferred replica for broker 0 HashMap() (kafka.controller.KafkaController)
[2025-03-08 02:58:56,424] TRACE [Controller id=0] Leader imbalance ratio for broker 0 is 0.0 (kafka.controller.KafkaController)
[2025-03-08 03:03:56,429] INFO [Controller id=0] Processing automatic preferred replica leader election (kafka.controller.KafkaController)
[2025-03-08 03:03:56,449] TRACE [Controller id=0] Checking need to trigger auto leader balancing (kafka.controller.KafkaController)
[2025-03-08 03:03:56,450] DEBUG [Controller id=0] Topics not in preferred replica for broker 0 HashMap() (kafka.controller.KafkaController)
[2025-03-08 03:03:56,450] TRACE [Controller id=0] Leader imbalance ratio for broker 0 is 0.0 (kafka.controller.KafkaController)
[2025-03-08 03:08:56,454] INFO [Controller id=0] Processing automatic preferred replica leader election (kafka.controller.KafkaController)
[2025-03-08 03:08:56,454] TRACE [Controller id=0] Checking need to trigger auto leader balancing (kafka.controller.KafkaController)
[2025-03-08 03:08:56,457] DEBUG [Controller id=0] Topics not in preferred replica for broker 0 HashMap() (kafka.controller.KafkaController)
[2025-03-08 03:08:56,457] TRACE [Controller id=0] Leader imbalance ratio for broker 0 is 0.0 (kafka.controller.KafkaController)
[2025-03-08 03:13:56,465] INFO [Controller id=0] Processing automatic preferred replica leader election (kafka.controller.KafkaController)
[2025-03-08 03:13:56,465] TRACE [Controller id=0] Checking need to trigger auto leader balancing (kafka.controller.KafkaController)
[2025-03-08 03:13:56,466] DEBUG [Controller id=0] Topics not in preferred replica for broker 0 HashMap() (kafka.controller.KafkaController)
[2025-03-08 03:13:56,468] TRACE [Controller id=0] Leader imbalance ratio for broker 0 is 0.0 (kafka.controller.KafkaController)
[2025-03-08 03:18:56,477] INFO [Controller id=0] Processing automatic preferred replica leader election (kafka.controller.KafkaController)
[2025-03-08 03:18:56,478] TRACE [Controller id=0] Checking need to trigger auto leader balancing (kafka.controller.KafkaController)
[2025-03-08 03:18:56,479] DEBUG [Controller id=0] Topics not in preferred replica for broker 0 HashMap() (kafka.controller.KafkaController)
[2025-03-08 03:18:56,479] TRACE [Controller id=0] Leader imbalance ratio for broker 0 is 0.0 (kafka.controller.KafkaController)
[2025-03-08 03:23:56,484] INFO [Controller id=0] Processing automatic preferred replica leader election (kafka.controller.KafkaController)
[2025-03-08 03:23:56,484] TRACE [Controller id=0] Checking need to trigger auto leader balancing (kafka.controller.KafkaController)
[2025-03-08 03:23:56,485] DEBUG [Controller id=0] Topics not in preferred replica for broker 0 HashMap() (kafka.controller.KafkaController)
[2025-03-08 03:23:56,486] TRACE [Controller id=0] Leader imbalance ratio for broker 0 is 0.0 (kafka.controller.KafkaController)
[2025-03-08 03:28:56,488] INFO [Controller id=0] Processing automatic preferred replica leader election (kafka.controller.KafkaController)
[2025-03-08 03:28:56,488] TRACE [Controller id=0] Checking need to trigger auto leader balancing (kafka.controller.KafkaController)
[2025-03-08 03:28:56,492] DEBUG [Controller id=0] Topics not in preferred replica for broker 0 HashMap() (kafka.controller.KafkaController)
[2025-03-08 03:28:56,492] TRACE [Controller id=0] Leader imbalance ratio for broker 0 is 0.0 (kafka.controller.KafkaController)
[2025-03-08 03:33:56,496] INFO [Controller id=0] Processing automatic preferred replica leader election (kafka.controller.KafkaController)
[2025-03-08 03:33:56,496] TRACE [Controller id=0] Checking need to trigger auto leader balancing (kafka.controller.KafkaController)
[2025-03-08 03:33:56,497] DEBUG [Controller id=0] Topics not in preferred replica for broker 0 HashMap() (kafka.controller.KafkaController)
[2025-03-08 03:33:56,497] TRACE [Controller id=0] Leader imbalance ratio for broker 0 is 0.0 (kafka.controller.KafkaController)
[2025-03-08 03:38:56,499] INFO [Controller id=0] Processing automatic preferred replica leader election (kafka.controller.KafkaController)
[2025-03-08 03:38:56,499] TRACE [Controller id=0] Checking need to trigger auto leader balancing (kafka.controller.KafkaController)
[2025-03-08 03:38:56,502] DEBUG [Controller id=0] Topics not in preferred replica for broker 0 HashMap() (kafka.controller.KafkaController)
[2025-03-08 03:38:56,502] TRACE [Controller id=0] Leader imbalance ratio for broker 0 is 0.0 (kafka.controller.KafkaController)
[2025-03-08 03:43:56,511] INFO [Controller id=0] Processing automatic preferred replica leader election (kafka.controller.KafkaController)
[2025-03-08 03:43:56,511] TRACE [Controller id=0] Checking need to trigger auto leader balancing (kafka.controller.KafkaController)
[2025-03-08 03:43:56,512] DEBUG [Controller id=0] Topics not in preferred replica for broker 0 HashMap() (kafka.controller.KafkaController)
[2025-03-08 03:43:56,512] TRACE [Controller id=0] Leader imbalance ratio for broker 0 is 0.0 (kafka.controller.KafkaController)
[2025-03-08 03:48:56,522] INFO [Controller id=0] Processing automatic preferred replica leader election (kafka.controller.KafkaController)
[2025-03-08 03:48:56,524] TRACE [Controller id=0] Checking need to trigger auto leader balancing (kafka.controller.KafkaController)
[2025-03-08 03:48:56,526] DEBUG [Controller id=0] Topics not in preferred replica for broker 0 HashMap() (kafka.controller.KafkaController)
[2025-03-08 03:48:56,526] TRACE [Controller id=0] Leader imbalance ratio for broker 0 is 0.0 (kafka.controller.KafkaController)
[2025-03-08 03:53:56,534] INFO [Controller id=0] Processing automatic preferred replica leader election (kafka.controller.KafkaController)
[2025-03-08 03:53:56,534] TRACE [Controller id=0] Checking need to trigger auto leader balancing (kafka.controller.KafkaController)
[2025-03-08 03:53:56,535] DEBUG [Controller id=0] Topics not in preferred replica for broker 0 HashMap() (kafka.controller.KafkaController)
[2025-03-08 03:53:56,535] TRACE [Controller id=0] Leader imbalance ratio for broker 0 is 0.0 (kafka.controller.KafkaController)
[2025-03-08 03:58:56,550] INFO [Controller id=0] Processing automatic preferred replica leader election (kafka.controller.KafkaController)
[2025-03-08 03:58:56,550] TRACE [Controller id=0] Checking need to trigger auto leader balancing (kafka.controller.KafkaController)
[2025-03-08 03:58:56,551] DEBUG [Controller id=0] Topics not in preferred replica for broker 0 HashMap() (kafka.controller.KafkaController)
[2025-03-08 03:58:56,551] TRACE [Controller id=0] Leader imbalance ratio for broker 0 is 0.0 (kafka.controller.KafkaController)
[2025-03-08 04:03:56,551] INFO [Controller id=0] Processing automatic preferred replica leader election (kafka.controller.KafkaController)
[2025-03-08 04:03:56,574] TRACE [Controller id=0] Checking need to trigger auto leader balancing (kafka.controller.KafkaController)
[2025-03-08 04:03:56,575] DEBUG [Controller id=0] Topics not in preferred replica for broker 0 HashMap() (kafka.controller.KafkaController)
[2025-03-08 04:03:56,575] TRACE [Controller id=0] Leader imbalance ratio for broker 0 is 0.0 (kafka.controller.KafkaController)
[2025-03-08 04:08:56,590] INFO [Controller id=0] Processing automatic preferred replica leader election (kafka.controller.KafkaController)
[2025-03-08 04:08:56,590] TRACE [Controller id=0] Checking need to trigger auto leader balancing (kafka.controller.KafkaController)
[2025-03-08 04:08:56,595] DEBUG [Controller id=0] Topics not in preferred replica for broker 0 HashMap() (kafka.controller.KafkaController)
[2025-03-08 04:08:56,595] TRACE [Controller id=0] Leader imbalance ratio for broker 0 is 0.0 (kafka.controller.KafkaController)
[2025-03-08 04:21:34,967] DEBUG [Controller id=0] Resigning (kafka.controller.KafkaController)
[2025-03-08 04:21:34,975] DEBUG [Controller id=0] Unregister BrokerModifications handler for Set(0) (kafka.controller.KafkaController)
[2025-03-08 04:21:34,984] INFO [PartitionStateMachine controllerId=0] Stopped partition state machine (kafka.controller.ZkPartitionStateMachine)
[2025-03-08 04:21:34,984] INFO [ReplicaStateMachine controllerId=0] Stopped replica state machine (kafka.controller.ZkReplicaStateMachine)
[2025-03-08 04:21:34,984] INFO [RequestSendThread controllerId=0] Shutting down (kafka.controller.RequestSendThread)
[2025-03-08 04:21:34,984] INFO [RequestSendThread controllerId=0] Stopped (kafka.controller.RequestSendThread)
[2025-03-08 04:21:34,984] INFO [RequestSendThread controllerId=0] Shutdown completed (kafka.controller.RequestSendThread)
[2025-03-08 04:21:35,024] INFO [Controller id=0] Resigned (kafka.controller.KafkaController)
[2025-03-08 04:21:35,074] INFO [Controller id=0] 0 successfully elected as the controller. Epoch incremented to 6 and epoch zk version is now 6 (kafka.controller.KafkaController)
[2025-03-08 04:21:35,074] INFO [Controller id=0] Registering handlers (kafka.controller.KafkaController)
[2025-03-08 04:21:35,082] INFO [Controller id=0] Deleting log dir event notifications (kafka.controller.KafkaController)
[2025-03-08 04:21:35,083] INFO [Controller id=0] Deleting isr change notifications (kafka.controller.KafkaController)
[2025-03-08 04:21:35,083] INFO [Controller id=0] Initializing controller context (kafka.controller.KafkaController)
[2025-03-08 04:21:35,090] INFO [Controller id=0] Initialized broker epochs cache: HashMap(0 -> 223) (kafka.controller.KafkaController)
[2025-03-08 04:21:35,107] DEBUG [Controller id=0] Register BrokerModifications handler for Set(0) (kafka.controller.KafkaController)
[2025-03-08 04:21:35,132] DEBUG [Channel manager on controller 0]: Controller 0 trying to connect to broker 0 (kafka.controller.ControllerChannelManager)
[2025-03-08 04:21:35,165] INFO [Controller id=0] Currently active brokers in the cluster: Set(0) (kafka.controller.KafkaController)
[2025-03-08 04:21:35,165] INFO [Controller id=0] Currently shutting brokers in the cluster: HashSet() (kafka.controller.KafkaController)
[2025-03-08 04:21:35,165] INFO [RequestSendThread controllerId=0] Starting (kafka.controller.RequestSendThread)
[2025-03-08 04:21:35,165] INFO [Controller id=0] Current list of topics in the cluster: HashSet(user-service-invite-members, file-upload, user-avatar-updated, team-service-topic, user-service-project-created, __consumer_offsets, team-service-invite-members) (kafka.controller.KafkaController)
[2025-03-08 04:21:35,165] INFO [Controller id=0] Fetching topic deletions in progress (kafka.controller.KafkaController)
[2025-03-08 04:21:35,170] INFO [Controller id=0] List of topics to be deleted:  (kafka.controller.KafkaController)
[2025-03-08 04:21:35,170] INFO [Controller id=0] List of topics ineligible for deletion:  (kafka.controller.KafkaController)
[2025-03-08 04:21:35,172] INFO [Controller id=0] Initializing topic deletion manager (kafka.controller.KafkaController)
[2025-03-08 04:21:35,172] INFO [Topic Deletion Manager 0] Initializing manager with initial deletions: Set(), initial ineligible deletions: HashSet() (kafka.controller.TopicDeletionManager)
[2025-03-08 04:21:35,172] INFO [Controller id=0] Sending update metadata request (kafka.controller.KafkaController)
[2025-03-08 04:21:35,180] INFO [ReplicaStateMachine controllerId=0] Initializing replica state (kafka.controller.ZkReplicaStateMachine)
[2025-03-08 04:21:35,180] INFO [ReplicaStateMachine controllerId=0] Triggering online replica state changes (kafka.controller.ZkReplicaStateMachine)
[2025-03-08 04:21:35,188] INFO [RequestSendThread controllerId=0] Controller 0 connected to DESKTOP-8GKE7FT:9092 (id: 0 rack: null) for sending state change requests (kafka.controller.RequestSendThread)
[2025-03-08 04:21:35,196] INFO [ReplicaStateMachine controllerId=0] Triggering offline replica state changes (kafka.controller.ZkReplicaStateMachine)
[2025-03-08 04:21:35,196] DEBUG [ReplicaStateMachine controllerId=0] Started replica state machine with initial state -> HashMap([Topic=__consumer_offsets,Partition=40,Replica=0] -> OnlineReplica, [Topic=__consumer_offsets,Partition=27,Replica=0] -> OnlineReplica, [Topic=__consumer_offsets,Partition=49,Replica=0] -> OnlineReplica, [Topic=user-avatar-updated,Partition=0,Replica=0] -> OnlineReplica, [Topic=__consumer_offsets,Partition=47,Replica=0] -> OnlineReplica, [Topic=__consumer_offsets,Partition=3,Replica=0] -> OnlineReplica, [Topic=__consumer_offsets,Partition=18,Replica=0] -> OnlineReplica, [Topic=__consumer_offsets,Partition=44,Replica=0] -> OnlineReplica, [Topic=__consumer_offsets,Partition=8,Replica=0] -> OnlineReplica, [Topic=user-service-project-created,Partition=0,Replica=0] -> OnlineReplica, [Topic=__consumer_offsets,Partition=34,Replica=0] -> OnlineReplica, [Topic=__consumer_offsets,Partition=25,Replica=0] -> OnlineReplica, [Topic=user-service-invite-members,Partition=0,Replica=0] -> OnlineReplica, [Topic=__consumer_offsets,Partition=14,Replica=0] -> OnlineReplica, [Topic=__consumer_offsets,Partition=24,Replica=0] -> OnlineReplica, [Topic=__consumer_offsets,Partition=36,Replica=0] -> OnlineReplica, [Topic=__consumer_offsets,Partition=42,Replica=0] -> OnlineReplica, [Topic=__consumer_offsets,Partition=45,Replica=0] -> OnlineReplica, [Topic=__consumer_offsets,Partition=11,Replica=0] -> OnlineReplica, [Topic=__consumer_offsets,Partition=32,Replica=0] -> OnlineReplica, [Topic=__consumer_offsets,Partition=12,Replica=0] -> OnlineReplica, [Topic=__consumer_offsets,Partition=30,Replica=0] -> OnlineReplica, [Topic=__consumer_offsets,Partition=9,Replica=0] -> OnlineReplica, [Topic=__consumer_offsets,Partition=39,Replica=0] -> OnlineReplica, [Topic=__consumer_offsets,Partition=38,Replica=0] -> OnlineReplica, [Topic=__consumer_offsets,Partition=23,Replica=0] -> OnlineReplica, [Topic=__consumer_offsets,Partition=19,Replica=0] -> OnlineReplica, [Topic=__consumer_offsets,Partition=17,Replica=0] -> OnlineReplica, [Topic=__consumer_offsets,Partition=41,Replica=0] -> OnlineReplica, [Topic=__consumer_offsets,Partition=37,Replica=0] -> OnlineReplica, [Topic=__consumer_offsets,Partition=48,Replica=0] -> OnlineReplica, [Topic=__consumer_offsets,Partition=29,Replica=0] -> OnlineReplica, [Topic=team-service-invite-members,Partition=0,Replica=0] -> OnlineReplica, [Topic=__consumer_offsets,Partition=10,Replica=0] -> OnlineReplica, [Topic=__consumer_offsets,Partition=46,Replica=0] -> OnlineReplica, [Topic=__consumer_offsets,Partition=1,Replica=0] -> OnlineReplica, [Topic=team-service-topic,Partition=0,Replica=0] -> OnlineReplica, [Topic=__consumer_offsets,Partition=16,Replica=0] -> OnlineReplica, [Topic=__consumer_offsets,Partition=5,Replica=0] -> OnlineReplica, [Topic=file-upload,Partition=0,Replica=0] -> OnlineReplica, [Topic=__consumer_offsets,Partition=15,Replica=0] -> OnlineReplica, [Topic=__consumer_offsets,Partition=4,Replica=0] -> OnlineReplica, [Topic=__consumer_offsets,Partition=6,Replica=0] -> OnlineReplica, [Topic=__consumer_offsets,Partition=7,Replica=0] -> OnlineReplica, [Topic=__consumer_offsets,Partition=43,Replica=0] -> OnlineReplica, [Topic=__consumer_offsets,Partition=0,Replica=0] -> OnlineReplica, [Topic=__consumer_offsets,Partition=20,Replica=0] -> OnlineReplica, [Topic=__consumer_offsets,Partition=31,Replica=0] -> OnlineReplica, [Topic=__consumer_offsets,Partition=28,Replica=0] -> OnlineReplica, [Topic=__consumer_offsets,Partition=26,Replica=0] -> OnlineReplica, [Topic=__consumer_offsets,Partition=2,Replica=0] -> OnlineReplica, [Topic=__consumer_offsets,Partition=33,Replica=0] -> OnlineReplica, [Topic=__consumer_offsets,Partition=22,Replica=0] -> OnlineReplica, [Topic=__consumer_offsets,Partition=21,Replica=0] -> OnlineReplica, [Topic=__consumer_offsets,Partition=13,Replica=0] -> OnlineReplica, [Topic=__consumer_offsets,Partition=35,Replica=0] -> OnlineReplica) (kafka.controller.ZkReplicaStateMachine)
[2025-03-08 04:21:35,196] INFO [PartitionStateMachine controllerId=0] Initializing partition state (kafka.controller.ZkPartitionStateMachine)
[2025-03-08 04:21:35,196] INFO [PartitionStateMachine controllerId=0] Triggering online partition state changes (kafka.controller.ZkPartitionStateMachine)
[2025-03-08 04:21:35,196] DEBUG [PartitionStateMachine controllerId=0] Started partition state machine with initial state -> HashMap(__consumer_offsets-13 -> OnlinePartition, __consumer_offsets-46 -> OnlinePartition, __consumer_offsets-9 -> OnlinePartition, __consumer_offsets-42 -> OnlinePartition, __consumer_offsets-21 -> OnlinePartition, user-service-project-created-0 -> OnlinePartition, __consumer_offsets-17 -> OnlinePartition, __consumer_offsets-30 -> OnlinePartition, __consumer_offsets-26 -> OnlinePartition, __consumer_offsets-5 -> OnlinePartition, __consumer_offsets-38 -> OnlinePartition, __consumer_offsets-1 -> OnlinePartition, __consumer_offsets-34 -> OnlinePartition, __consumer_offsets-16 -> OnlinePartition, __consumer_offsets-45 -> OnlinePartition, team-service-topic-0 -> OnlinePartition, __consumer_offsets-12 -> OnlinePartition, __consumer_offsets-41 -> OnlinePartition, __consumer_offsets-24 -> OnlinePartition, team-service-invite-members-0 -> OnlinePartition, __consumer_offsets-20 -> OnlinePartition, __consumer_offsets-49 -> OnlinePartition, __consumer_offsets-0 -> OnlinePartition, __consumer_offsets-29 -> OnlinePartition, __consumer_offsets-25 -> OnlinePartition, __consumer_offsets-8 -> OnlinePartition, __consumer_offsets-37 -> OnlinePartition, __consumer_offsets-4 -> OnlinePartition, __consumer_offsets-33 -> OnlinePartition, __consumer_offsets-15 -> OnlinePartition, __consumer_offsets-48 -> OnlinePartition, file-upload-0 -> OnlinePartition, __consumer_offsets-11 -> OnlinePartition, __consumer_offsets-44 -> OnlinePartition, __consumer_offsets-23 -> OnlinePartition, __consumer_offsets-19 -> OnlinePartition, __consumer_offsets-32 -> OnlinePartition, __consumer_offsets-28 -> OnlinePartition, __consumer_offsets-7 -> OnlinePartition, __consumer_offsets-40 -> OnlinePartition, __consumer_offsets-3 -> OnlinePartition, __consumer_offsets-36 -> OnlinePartition, user-service-invite-members-0 -> OnlinePartition, __consumer_offsets-47 -> OnlinePartition, __consumer_offsets-14 -> OnlinePartition, __consumer_offsets-43 -> OnlinePartition, __consumer_offsets-10 -> OnlinePartition, __consumer_offsets-22 -> OnlinePartition, __consumer_offsets-18 -> OnlinePartition, __consumer_offsets-31 -> OnlinePartition, user-avatar-updated-0 -> OnlinePartition, __consumer_offsets-27 -> OnlinePartition, __consumer_offsets-39 -> OnlinePartition, __consumer_offsets-6 -> OnlinePartition, __consumer_offsets-35 -> OnlinePartition, __consumer_offsets-2 -> OnlinePartition) (kafka.controller.ZkPartitionStateMachine)
[2025-03-08 04:21:35,196] INFO [Controller id=0] Ready to serve as the new controller with epoch 6 (kafka.controller.KafkaController)
[2025-03-08 04:21:35,196] INFO [Controller id=0] Partitions undergoing preferred replica election:  (kafka.controller.KafkaController)
[2025-03-08 04:21:35,196] INFO [Controller id=0] Partitions that completed preferred replica election:  (kafka.controller.KafkaController)
[2025-03-08 04:21:35,196] INFO [Controller id=0] Skipping preferred replica election for partitions due to topic deletion:  (kafka.controller.KafkaController)
[2025-03-08 04:21:35,196] INFO [Controller id=0] Resuming preferred replica election for partitions:  (kafka.controller.KafkaController)
[2025-03-08 04:21:35,196] INFO [Controller id=0] Starting replica leader election (PREFERRED) for partitions  triggered by ZkTriggered (kafka.controller.KafkaController)
[2025-03-08 04:21:35,213] INFO [Controller id=0] Starting the controller scheduler (kafka.controller.KafkaController)
[2025-03-08 04:21:40,231] INFO [Controller id=0] Processing automatic preferred replica leader election (kafka.controller.KafkaController)
[2025-03-08 04:21:40,231] TRACE [Controller id=0] Checking need to trigger auto leader balancing (kafka.controller.KafkaController)
[2025-03-08 04:21:40,231] DEBUG [Controller id=0] Topics not in preferred replica for broker 0 HashMap() (kafka.controller.KafkaController)
[2025-03-08 04:21:40,231] TRACE [Controller id=0] Leader imbalance ratio for broker 0 is 0.0 (kafka.controller.KafkaController)
[2025-03-08 04:26:40,242] INFO [Controller id=0] Processing automatic preferred replica leader election (kafka.controller.KafkaController)
[2025-03-08 04:26:40,247] TRACE [Controller id=0] Checking need to trigger auto leader balancing (kafka.controller.KafkaController)
[2025-03-08 04:26:40,255] DEBUG [Controller id=0] Topics not in preferred replica for broker 0 HashMap() (kafka.controller.KafkaController)
[2025-03-08 04:26:40,255] TRACE [Controller id=0] Leader imbalance ratio for broker 0 is 0.0 (kafka.controller.KafkaController)
[2025-03-08 04:31:40,263] INFO [Controller id=0] Processing automatic preferred replica leader election (kafka.controller.KafkaController)
[2025-03-08 04:31:40,263] TRACE [Controller id=0] Checking need to trigger auto leader balancing (kafka.controller.KafkaController)
[2025-03-08 04:31:40,263] DEBUG [Controller id=0] Topics not in preferred replica for broker 0 HashMap() (kafka.controller.KafkaController)
[2025-03-08 04:31:40,263] TRACE [Controller id=0] Leader imbalance ratio for broker 0 is 0.0 (kafka.controller.KafkaController)
[2025-03-08 04:36:40,278] INFO [Controller id=0] Processing automatic preferred replica leader election (kafka.controller.KafkaController)
[2025-03-08 04:36:40,278] TRACE [Controller id=0] Checking need to trigger auto leader balancing (kafka.controller.KafkaController)
[2025-03-08 04:36:40,278] DEBUG [Controller id=0] Topics not in preferred replica for broker 0 HashMap() (kafka.controller.KafkaController)
[2025-03-08 04:36:40,278] TRACE [Controller id=0] Leader imbalance ratio for broker 0 is 0.0 (kafka.controller.KafkaController)
[2025-03-08 04:41:40,283] INFO [Controller id=0] Processing automatic preferred replica leader election (kafka.controller.KafkaController)
[2025-03-08 04:41:40,292] TRACE [Controller id=0] Checking need to trigger auto leader balancing (kafka.controller.KafkaController)
[2025-03-08 04:41:40,300] DEBUG [Controller id=0] Topics not in preferred replica for broker 0 HashMap() (kafka.controller.KafkaController)
[2025-03-08 04:41:40,300] TRACE [Controller id=0] Leader imbalance ratio for broker 0 is 0.0 (kafka.controller.KafkaController)
[2025-03-08 04:46:40,318] INFO [Controller id=0] Processing automatic preferred replica leader election (kafka.controller.KafkaController)
[2025-03-08 04:46:40,318] TRACE [Controller id=0] Checking need to trigger auto leader balancing (kafka.controller.KafkaController)
[2025-03-08 04:46:40,318] DEBUG [Controller id=0] Topics not in preferred replica for broker 0 HashMap() (kafka.controller.KafkaController)
[2025-03-08 04:46:40,318] TRACE [Controller id=0] Leader imbalance ratio for broker 0 is 0.0 (kafka.controller.KafkaController)
[2025-03-08 04:51:40,324] INFO [Controller id=0] Processing automatic preferred replica leader election (kafka.controller.KafkaController)
[2025-03-08 04:51:40,324] TRACE [Controller id=0] Checking need to trigger auto leader balancing (kafka.controller.KafkaController)
[2025-03-08 04:51:40,324] DEBUG [Controller id=0] Topics not in preferred replica for broker 0 HashMap() (kafka.controller.KafkaController)
[2025-03-08 04:51:40,324] TRACE [Controller id=0] Leader imbalance ratio for broker 0 is 0.0 (kafka.controller.KafkaController)
[2025-03-08 04:56:40,334] INFO [Controller id=0] Processing automatic preferred replica leader election (kafka.controller.KafkaController)
[2025-03-08 04:56:40,334] TRACE [Controller id=0] Checking need to trigger auto leader balancing (kafka.controller.KafkaController)
[2025-03-08 04:56:40,334] DEBUG [Controller id=0] Topics not in preferred replica for broker 0 HashMap() (kafka.controller.KafkaController)
[2025-03-08 04:56:40,334] TRACE [Controller id=0] Leader imbalance ratio for broker 0 is 0.0 (kafka.controller.KafkaController)
[2025-03-08 05:01:40,340] INFO [Controller id=0] Processing automatic preferred replica leader election (kafka.controller.KafkaController)
[2025-03-08 05:01:40,405] TRACE [Controller id=0] Checking need to trigger auto leader balancing (kafka.controller.KafkaController)
[2025-03-08 05:01:40,405] DEBUG [Controller id=0] Topics not in preferred replica for broker 0 HashMap() (kafka.controller.KafkaController)
[2025-03-08 05:01:40,405] TRACE [Controller id=0] Leader imbalance ratio for broker 0 is 0.0 (kafka.controller.KafkaController)
[2025-03-08 05:06:40,422] INFO [Controller id=0] Processing automatic preferred replica leader election (kafka.controller.KafkaController)
[2025-03-08 05:06:40,422] TRACE [Controller id=0] Checking need to trigger auto leader balancing (kafka.controller.KafkaController)
[2025-03-08 05:06:40,441] DEBUG [Controller id=0] Topics not in preferred replica for broker 0 HashMap() (kafka.controller.KafkaController)
[2025-03-08 05:06:40,441] TRACE [Controller id=0] Leader imbalance ratio for broker 0 is 0.0 (kafka.controller.KafkaController)
[2025-03-08 05:11:40,446] INFO [Controller id=0] Processing automatic preferred replica leader election (kafka.controller.KafkaController)
[2025-03-08 05:11:40,446] TRACE [Controller id=0] Checking need to trigger auto leader balancing (kafka.controller.KafkaController)
[2025-03-08 05:11:40,446] DEBUG [Controller id=0] Topics not in preferred replica for broker 0 HashMap() (kafka.controller.KafkaController)
[2025-03-08 05:11:40,446] TRACE [Controller id=0] Leader imbalance ratio for broker 0 is 0.0 (kafka.controller.KafkaController)
[2025-03-08 05:15:18,588] DEBUG [Controller id=0] Resigning (kafka.controller.KafkaController)
[2025-03-08 05:15:18,588] DEBUG [Controller id=0] Unregister BrokerModifications handler for Set(0) (kafka.controller.KafkaController)
[2025-03-08 05:15:18,588] INFO [PartitionStateMachine controllerId=0] Stopped partition state machine (kafka.controller.ZkPartitionStateMachine)
[2025-03-08 05:15:18,588] INFO [ReplicaStateMachine controllerId=0] Stopped replica state machine (kafka.controller.ZkReplicaStateMachine)
[2025-03-08 05:15:18,596] INFO [RequestSendThread controllerId=0] Shutting down (kafka.controller.RequestSendThread)
[2025-03-08 05:15:18,596] INFO [RequestSendThread controllerId=0] Stopped (kafka.controller.RequestSendThread)
[2025-03-08 05:15:18,596] INFO [RequestSendThread controllerId=0] Shutdown completed (kafka.controller.RequestSendThread)
[2025-03-08 05:15:18,606] INFO [Controller id=0] Resigned (kafka.controller.KafkaController)
[2025-03-08 05:15:18,655] INFO [Controller id=0] 0 successfully elected as the controller. Epoch incremented to 7 and epoch zk version is now 7 (kafka.controller.KafkaController)
[2025-03-08 05:15:18,657] INFO [Controller id=0] Registering handlers (kafka.controller.KafkaController)
[2025-03-08 05:15:18,657] INFO [Controller id=0] Deleting log dir event notifications (kafka.controller.KafkaController)
[2025-03-08 05:15:18,661] INFO [Controller id=0] Deleting isr change notifications (kafka.controller.KafkaController)
[2025-03-08 05:15:18,661] INFO [Controller id=0] Initializing controller context (kafka.controller.KafkaController)
[2025-03-08 05:15:18,677] INFO [Controller id=0] Initialized broker epochs cache: HashMap(0 -> 228) (kafka.controller.KafkaController)
[2025-03-08 05:15:18,685] DEBUG [Controller id=0] Register BrokerModifications handler for Set(0) (kafka.controller.KafkaController)
[2025-03-08 05:15:18,734] DEBUG [Channel manager on controller 0]: Controller 0 trying to connect to broker 0 (kafka.controller.ControllerChannelManager)
[2025-03-08 05:15:18,750] INFO [Controller id=0] Currently active brokers in the cluster: Set(0) (kafka.controller.KafkaController)
[2025-03-08 05:15:18,750] INFO [Controller id=0] Currently shutting brokers in the cluster: HashSet() (kafka.controller.KafkaController)
[2025-03-08 05:15:18,758] INFO [Controller id=0] Current list of topics in the cluster: HashSet(user-service-invite-members, file-upload, user-avatar-updated, team-service-topic, user-service-project-created, __consumer_offsets, team-service-invite-members) (kafka.controller.KafkaController)
[2025-03-08 05:15:18,758] INFO [Controller id=0] Fetching topic deletions in progress (kafka.controller.KafkaController)
[2025-03-08 05:15:18,759] INFO [Controller id=0] List of topics to be deleted:  (kafka.controller.KafkaController)
[2025-03-08 05:15:18,759] INFO [Controller id=0] List of topics ineligible for deletion:  (kafka.controller.KafkaController)
[2025-03-08 05:15:18,759] INFO [Controller id=0] Initializing topic deletion manager (kafka.controller.KafkaController)
[2025-03-08 05:15:18,759] INFO [Topic Deletion Manager 0] Initializing manager with initial deletions: Set(), initial ineligible deletions: HashSet() (kafka.controller.TopicDeletionManager)
[2025-03-08 05:15:18,759] INFO [Controller id=0] Sending update metadata request (kafka.controller.KafkaController)
[2025-03-08 05:15:18,759] INFO [RequestSendThread controllerId=0] Starting (kafka.controller.RequestSendThread)
[2025-03-08 05:15:18,770] INFO [ReplicaStateMachine controllerId=0] Initializing replica state (kafka.controller.ZkReplicaStateMachine)
[2025-03-08 05:15:18,770] INFO [ReplicaStateMachine controllerId=0] Triggering online replica state changes (kafka.controller.ZkReplicaStateMachine)
[2025-03-08 05:15:18,772] INFO [RequestSendThread controllerId=0] Controller 0 connected to DESKTOP-8GKE7FT:9092 (id: 0 rack: null) for sending state change requests (kafka.controller.RequestSendThread)
[2025-03-08 05:15:18,775] INFO [ReplicaStateMachine controllerId=0] Triggering offline replica state changes (kafka.controller.ZkReplicaStateMachine)
[2025-03-08 05:15:18,783] DEBUG [ReplicaStateMachine controllerId=0] Started replica state machine with initial state -> HashMap([Topic=__consumer_offsets,Partition=40,Replica=0] -> OnlineReplica, [Topic=__consumer_offsets,Partition=27,Replica=0] -> OnlineReplica, [Topic=__consumer_offsets,Partition=49,Replica=0] -> OnlineReplica, [Topic=user-avatar-updated,Partition=0,Replica=0] -> OnlineReplica, [Topic=__consumer_offsets,Partition=47,Replica=0] -> OnlineReplica, [Topic=__consumer_offsets,Partition=3,Replica=0] -> OnlineReplica, [Topic=__consumer_offsets,Partition=18,Replica=0] -> OnlineReplica, [Topic=__consumer_offsets,Partition=44,Replica=0] -> OnlineReplica, [Topic=__consumer_offsets,Partition=8,Replica=0] -> OnlineReplica, [Topic=user-service-project-created,Partition=0,Replica=0] -> OnlineReplica, [Topic=__consumer_offsets,Partition=34,Replica=0] -> OnlineReplica, [Topic=__consumer_offsets,Partition=25,Replica=0] -> OnlineReplica, [Topic=user-service-invite-members,Partition=0,Replica=0] -> OnlineReplica, [Topic=__consumer_offsets,Partition=14,Replica=0] -> OnlineReplica, [Topic=__consumer_offsets,Partition=24,Replica=0] -> OnlineReplica, [Topic=__consumer_offsets,Partition=36,Replica=0] -> OnlineReplica, [Topic=__consumer_offsets,Partition=42,Replica=0] -> OnlineReplica, [Topic=__consumer_offsets,Partition=45,Replica=0] -> OnlineReplica, [Topic=__consumer_offsets,Partition=11,Replica=0] -> OnlineReplica, [Topic=__consumer_offsets,Partition=32,Replica=0] -> OnlineReplica, [Topic=__consumer_offsets,Partition=12,Replica=0] -> OnlineReplica, [Topic=__consumer_offsets,Partition=30,Replica=0] -> OnlineReplica, [Topic=__consumer_offsets,Partition=9,Replica=0] -> OnlineReplica, [Topic=__consumer_offsets,Partition=39,Replica=0] -> OnlineReplica, [Topic=__consumer_offsets,Partition=38,Replica=0] -> OnlineReplica, [Topic=__consumer_offsets,Partition=23,Replica=0] -> OnlineReplica, [Topic=__consumer_offsets,Partition=19,Replica=0] -> OnlineReplica, [Topic=__consumer_offsets,Partition=17,Replica=0] -> OnlineReplica, [Topic=__consumer_offsets,Partition=41,Replica=0] -> OnlineReplica, [Topic=__consumer_offsets,Partition=37,Replica=0] -> OnlineReplica, [Topic=__consumer_offsets,Partition=48,Replica=0] -> OnlineReplica, [Topic=__consumer_offsets,Partition=29,Replica=0] -> OnlineReplica, [Topic=team-service-invite-members,Partition=0,Replica=0] -> OnlineReplica, [Topic=__consumer_offsets,Partition=10,Replica=0] -> OnlineReplica, [Topic=__consumer_offsets,Partition=46,Replica=0] -> OnlineReplica, [Topic=__consumer_offsets,Partition=1,Replica=0] -> OnlineReplica, [Topic=team-service-topic,Partition=0,Replica=0] -> OnlineReplica, [Topic=__consumer_offsets,Partition=16,Replica=0] -> OnlineReplica, [Topic=__consumer_offsets,Partition=5,Replica=0] -> OnlineReplica, [Topic=file-upload,Partition=0,Replica=0] -> OnlineReplica, [Topic=__consumer_offsets,Partition=15,Replica=0] -> OnlineReplica, [Topic=__consumer_offsets,Partition=4,Replica=0] -> OnlineReplica, [Topic=__consumer_offsets,Partition=6,Replica=0] -> OnlineReplica, [Topic=__consumer_offsets,Partition=7,Replica=0] -> OnlineReplica, [Topic=__consumer_offsets,Partition=43,Replica=0] -> OnlineReplica, [Topic=__consumer_offsets,Partition=0,Replica=0] -> OnlineReplica, [Topic=__consumer_offsets,Partition=20,Replica=0] -> OnlineReplica, [Topic=__consumer_offsets,Partition=31,Replica=0] -> OnlineReplica, [Topic=__consumer_offsets,Partition=28,Replica=0] -> OnlineReplica, [Topic=__consumer_offsets,Partition=26,Replica=0] -> OnlineReplica, [Topic=__consumer_offsets,Partition=2,Replica=0] -> OnlineReplica, [Topic=__consumer_offsets,Partition=33,Replica=0] -> OnlineReplica, [Topic=__consumer_offsets,Partition=22,Replica=0] -> OnlineReplica, [Topic=__consumer_offsets,Partition=21,Replica=0] -> OnlineReplica, [Topic=__consumer_offsets,Partition=13,Replica=0] -> OnlineReplica, [Topic=__consumer_offsets,Partition=35,Replica=0] -> OnlineReplica) (kafka.controller.ZkReplicaStateMachine)
[2025-03-08 05:15:18,783] INFO [PartitionStateMachine controllerId=0] Initializing partition state (kafka.controller.ZkPartitionStateMachine)
[2025-03-08 05:15:18,783] INFO [PartitionStateMachine controllerId=0] Triggering online partition state changes (kafka.controller.ZkPartitionStateMachine)
[2025-03-08 05:15:18,783] DEBUG [PartitionStateMachine controllerId=0] Started partition state machine with initial state -> HashMap(__consumer_offsets-13 -> OnlinePartition, __consumer_offsets-46 -> OnlinePartition, __consumer_offsets-9 -> OnlinePartition, __consumer_offsets-42 -> OnlinePartition, __consumer_offsets-21 -> OnlinePartition, user-service-project-created-0 -> OnlinePartition, __consumer_offsets-17 -> OnlinePartition, __consumer_offsets-30 -> OnlinePartition, __consumer_offsets-26 -> OnlinePartition, __consumer_offsets-5 -> OnlinePartition, __consumer_offsets-38 -> OnlinePartition, __consumer_offsets-1 -> OnlinePartition, __consumer_offsets-34 -> OnlinePartition, __consumer_offsets-16 -> OnlinePartition, __consumer_offsets-45 -> OnlinePartition, team-service-topic-0 -> OnlinePartition, __consumer_offsets-12 -> OnlinePartition, __consumer_offsets-41 -> OnlinePartition, __consumer_offsets-24 -> OnlinePartition, team-service-invite-members-0 -> OnlinePartition, __consumer_offsets-20 -> OnlinePartition, __consumer_offsets-49 -> OnlinePartition, __consumer_offsets-0 -> OnlinePartition, __consumer_offsets-29 -> OnlinePartition, __consumer_offsets-25 -> OnlinePartition, __consumer_offsets-8 -> OnlinePartition, __consumer_offsets-37 -> OnlinePartition, __consumer_offsets-4 -> OnlinePartition, __consumer_offsets-33 -> OnlinePartition, __consumer_offsets-15 -> OnlinePartition, __consumer_offsets-48 -> OnlinePartition, file-upload-0 -> OnlinePartition, __consumer_offsets-11 -> OnlinePartition, __consumer_offsets-44 -> OnlinePartition, __consumer_offsets-23 -> OnlinePartition, __consumer_offsets-19 -> OnlinePartition, __consumer_offsets-32 -> OnlinePartition, __consumer_offsets-28 -> OnlinePartition, __consumer_offsets-7 -> OnlinePartition, __consumer_offsets-40 -> OnlinePartition, __consumer_offsets-3 -> OnlinePartition, __consumer_offsets-36 -> OnlinePartition, user-service-invite-members-0 -> OnlinePartition, __consumer_offsets-47 -> OnlinePartition, __consumer_offsets-14 -> OnlinePartition, __consumer_offsets-43 -> OnlinePartition, __consumer_offsets-10 -> OnlinePartition, __consumer_offsets-22 -> OnlinePartition, __consumer_offsets-18 -> OnlinePartition, __consumer_offsets-31 -> OnlinePartition, user-avatar-updated-0 -> OnlinePartition, __consumer_offsets-27 -> OnlinePartition, __consumer_offsets-39 -> OnlinePartition, __consumer_offsets-6 -> OnlinePartition, __consumer_offsets-35 -> OnlinePartition, __consumer_offsets-2 -> OnlinePartition) (kafka.controller.ZkPartitionStateMachine)
[2025-03-08 05:15:18,783] INFO [Controller id=0] Ready to serve as the new controller with epoch 7 (kafka.controller.KafkaController)
[2025-03-08 05:15:18,783] INFO [Controller id=0] Partitions undergoing preferred replica election:  (kafka.controller.KafkaController)
[2025-03-08 05:15:18,783] INFO [Controller id=0] Partitions that completed preferred replica election:  (kafka.controller.KafkaController)
[2025-03-08 05:15:18,783] INFO [Controller id=0] Skipping preferred replica election for partitions due to topic deletion:  (kafka.controller.KafkaController)
[2025-03-08 05:15:18,783] INFO [Controller id=0] Resuming preferred replica election for partitions:  (kafka.controller.KafkaController)
[2025-03-08 05:15:18,783] INFO [Controller id=0] Starting replica leader election (PREFERRED) for partitions  triggered by ZkTriggered (kafka.controller.KafkaController)
[2025-03-08 05:15:18,791] INFO [Controller id=0] Starting the controller scheduler (kafka.controller.KafkaController)
[2025-03-08 05:15:23,799] INFO [Controller id=0] Processing automatic preferred replica leader election (kafka.controller.KafkaController)
[2025-03-08 05:15:23,799] TRACE [Controller id=0] Checking need to trigger auto leader balancing (kafka.controller.KafkaController)
[2025-03-08 05:15:23,799] DEBUG [Controller id=0] Topics not in preferred replica for broker 0 HashMap() (kafka.controller.KafkaController)
[2025-03-08 05:15:23,799] TRACE [Controller id=0] Leader imbalance ratio for broker 0 is 0.0 (kafka.controller.KafkaController)
[2025-03-08 22:43:34,996] INFO [ControllerEventThread controllerId=0] Starting (kafka.controller.ControllerEventManager$ControllerEventThread)
[2025-03-08 22:43:35,047] INFO [Controller id=0] 0 successfully elected as the controller. Epoch incremented to 8 and epoch zk version is now 8 (kafka.controller.KafkaController)
[2025-03-08 22:43:35,053] INFO [Controller id=0] Registering handlers (kafka.controller.KafkaController)
[2025-03-08 22:43:35,063] INFO [Controller id=0] Deleting log dir event notifications (kafka.controller.KafkaController)
[2025-03-08 22:43:35,066] INFO [Controller id=0] Deleting isr change notifications (kafka.controller.KafkaController)
[2025-03-08 22:43:35,071] INFO [Controller id=0] Initializing controller context (kafka.controller.KafkaController)
[2025-03-08 22:43:35,096] INFO [Controller id=0] Initialized broker epochs cache: HashMap(0 -> 247) (kafka.controller.KafkaController)
[2025-03-08 22:43:35,131] DEBUG [Controller id=0] Register BrokerModifications handler for Set(0) (kafka.controller.KafkaController)
[2025-03-08 22:43:35,214] DEBUG [Channel manager on controller 0]: Controller 0 trying to connect to broker 0 (kafka.controller.ControllerChannelManager)
[2025-03-08 22:43:35,222] INFO [RequestSendThread controllerId=0] Starting (kafka.controller.RequestSendThread)
[2025-03-08 22:43:35,223] INFO [Controller id=0] Currently active brokers in the cluster: Set(0) (kafka.controller.KafkaController)
[2025-03-08 22:43:35,224] INFO [Controller id=0] Currently shutting brokers in the cluster: HashSet() (kafka.controller.KafkaController)
[2025-03-08 22:43:35,224] INFO [Controller id=0] Current list of topics in the cluster: HashSet(user-service-invite-members, file-upload, user-avatar-updated, team-service-topic, user-service-project-created, __consumer_offsets, team-service-invite-members) (kafka.controller.KafkaController)
[2025-03-08 22:43:35,224] INFO [Controller id=0] Fetching topic deletions in progress (kafka.controller.KafkaController)
[2025-03-08 22:43:35,228] INFO [Controller id=0] List of topics to be deleted:  (kafka.controller.KafkaController)
[2025-03-08 22:43:35,228] INFO [Controller id=0] List of topics ineligible for deletion:  (kafka.controller.KafkaController)
[2025-03-08 22:43:35,229] INFO [Controller id=0] Initializing topic deletion manager (kafka.controller.KafkaController)
[2025-03-08 22:43:35,229] INFO [Topic Deletion Manager 0] Initializing manager with initial deletions: Set(), initial ineligible deletions: HashSet() (kafka.controller.TopicDeletionManager)
[2025-03-08 22:43:35,230] INFO [Controller id=0] Sending update metadata request (kafka.controller.KafkaController)
[2025-03-08 22:43:35,241] INFO [ReplicaStateMachine controllerId=0] Initializing replica state (kafka.controller.ZkReplicaStateMachine)
[2025-03-08 22:43:35,248] INFO [ReplicaStateMachine controllerId=0] Triggering online replica state changes (kafka.controller.ZkReplicaStateMachine)
[2025-03-08 22:43:35,275] INFO [ReplicaStateMachine controllerId=0] Triggering offline replica state changes (kafka.controller.ZkReplicaStateMachine)
[2025-03-08 22:43:35,276] DEBUG [ReplicaStateMachine controllerId=0] Started replica state machine with initial state -> HashMap([Topic=__consumer_offsets,Partition=40,Replica=0] -> OnlineReplica, [Topic=__consumer_offsets,Partition=27,Replica=0] -> OnlineReplica, [Topic=__consumer_offsets,Partition=49,Replica=0] -> OnlineReplica, [Topic=user-avatar-updated,Partition=0,Replica=0] -> OnlineReplica, [Topic=__consumer_offsets,Partition=47,Replica=0] -> OnlineReplica, [Topic=__consumer_offsets,Partition=3,Replica=0] -> OnlineReplica, [Topic=__consumer_offsets,Partition=18,Replica=0] -> OnlineReplica, [Topic=__consumer_offsets,Partition=44,Replica=0] -> OnlineReplica, [Topic=__consumer_offsets,Partition=8,Replica=0] -> OnlineReplica, [Topic=user-service-project-created,Partition=0,Replica=0] -> OnlineReplica, [Topic=__consumer_offsets,Partition=34,Replica=0] -> OnlineReplica, [Topic=__consumer_offsets,Partition=25,Replica=0] -> OnlineReplica, [Topic=user-service-invite-members,Partition=0,Replica=0] -> OnlineReplica, [Topic=__consumer_offsets,Partition=14,Replica=0] -> OnlineReplica, [Topic=__consumer_offsets,Partition=24,Replica=0] -> OnlineReplica, [Topic=__consumer_offsets,Partition=36,Replica=0] -> OnlineReplica, [Topic=__consumer_offsets,Partition=42,Replica=0] -> OnlineReplica, [Topic=__consumer_offsets,Partition=45,Replica=0] -> OnlineReplica, [Topic=__consumer_offsets,Partition=11,Replica=0] -> OnlineReplica, [Topic=__consumer_offsets,Partition=32,Replica=0] -> OnlineReplica, [Topic=__consumer_offsets,Partition=12,Replica=0] -> OnlineReplica, [Topic=__consumer_offsets,Partition=30,Replica=0] -> OnlineReplica, [Topic=__consumer_offsets,Partition=9,Replica=0] -> OnlineReplica, [Topic=__consumer_offsets,Partition=39,Replica=0] -> OnlineReplica, [Topic=__consumer_offsets,Partition=38,Replica=0] -> OnlineReplica, [Topic=__consumer_offsets,Partition=23,Replica=0] -> OnlineReplica, [Topic=__consumer_offsets,Partition=19,Replica=0] -> OnlineReplica, [Topic=__consumer_offsets,Partition=17,Replica=0] -> OnlineReplica, [Topic=__consumer_offsets,Partition=41,Replica=0] -> OnlineReplica, [Topic=__consumer_offsets,Partition=37,Replica=0] -> OnlineReplica, [Topic=__consumer_offsets,Partition=48,Replica=0] -> OnlineReplica, [Topic=__consumer_offsets,Partition=29,Replica=0] -> OnlineReplica, [Topic=team-service-invite-members,Partition=0,Replica=0] -> OnlineReplica, [Topic=__consumer_offsets,Partition=10,Replica=0] -> OnlineReplica, [Topic=__consumer_offsets,Partition=46,Replica=0] -> OnlineReplica, [Topic=__consumer_offsets,Partition=1,Replica=0] -> OnlineReplica, [Topic=team-service-topic,Partition=0,Replica=0] -> OnlineReplica, [Topic=__consumer_offsets,Partition=16,Replica=0] -> OnlineReplica, [Topic=__consumer_offsets,Partition=5,Replica=0] -> OnlineReplica, [Topic=file-upload,Partition=0,Replica=0] -> OnlineReplica, [Topic=__consumer_offsets,Partition=15,Replica=0] -> OnlineReplica, [Topic=__consumer_offsets,Partition=4,Replica=0] -> OnlineReplica, [Topic=__consumer_offsets,Partition=6,Replica=0] -> OnlineReplica, [Topic=__consumer_offsets,Partition=7,Replica=0] -> OnlineReplica, [Topic=__consumer_offsets,Partition=43,Replica=0] -> OnlineReplica, [Topic=__consumer_offsets,Partition=0,Replica=0] -> OnlineReplica, [Topic=__consumer_offsets,Partition=20,Replica=0] -> OnlineReplica, [Topic=__consumer_offsets,Partition=31,Replica=0] -> OnlineReplica, [Topic=__consumer_offsets,Partition=28,Replica=0] -> OnlineReplica, [Topic=__consumer_offsets,Partition=26,Replica=0] -> OnlineReplica, [Topic=__consumer_offsets,Partition=2,Replica=0] -> OnlineReplica, [Topic=__consumer_offsets,Partition=33,Replica=0] -> OnlineReplica, [Topic=__consumer_offsets,Partition=22,Replica=0] -> OnlineReplica, [Topic=__consumer_offsets,Partition=21,Replica=0] -> OnlineReplica, [Topic=__consumer_offsets,Partition=13,Replica=0] -> OnlineReplica, [Topic=__consumer_offsets,Partition=35,Replica=0] -> OnlineReplica) (kafka.controller.ZkReplicaStateMachine)
[2025-03-08 22:43:35,277] INFO [PartitionStateMachine controllerId=0] Initializing partition state (kafka.controller.ZkPartitionStateMachine)
[2025-03-08 22:43:35,284] INFO [PartitionStateMachine controllerId=0] Triggering online partition state changes (kafka.controller.ZkPartitionStateMachine)
[2025-03-08 22:43:35,288] DEBUG [PartitionStateMachine controllerId=0] Started partition state machine with initial state -> HashMap(__consumer_offsets-13 -> OnlinePartition, __consumer_offsets-46 -> OnlinePartition, __consumer_offsets-9 -> OnlinePartition, __consumer_offsets-42 -> OnlinePartition, __consumer_offsets-21 -> OnlinePartition, user-service-project-created-0 -> OnlinePartition, __consumer_offsets-17 -> OnlinePartition, __consumer_offsets-30 -> OnlinePartition, __consumer_offsets-26 -> OnlinePartition, __consumer_offsets-5 -> OnlinePartition, __consumer_offsets-38 -> OnlinePartition, __consumer_offsets-1 -> OnlinePartition, __consumer_offsets-34 -> OnlinePartition, __consumer_offsets-16 -> OnlinePartition, __consumer_offsets-45 -> OnlinePartition, team-service-topic-0 -> OnlinePartition, __consumer_offsets-12 -> OnlinePartition, __consumer_offsets-41 -> OnlinePartition, __consumer_offsets-24 -> OnlinePartition, team-service-invite-members-0 -> OnlinePartition, __consumer_offsets-20 -> OnlinePartition, __consumer_offsets-49 -> OnlinePartition, __consumer_offsets-0 -> OnlinePartition, __consumer_offsets-29 -> OnlinePartition, __consumer_offsets-25 -> OnlinePartition, __consumer_offsets-8 -> OnlinePartition, __consumer_offsets-37 -> OnlinePartition, __consumer_offsets-4 -> OnlinePartition, __consumer_offsets-33 -> OnlinePartition, __consumer_offsets-15 -> OnlinePartition, __consumer_offsets-48 -> OnlinePartition, file-upload-0 -> OnlinePartition, __consumer_offsets-11 -> OnlinePartition, __consumer_offsets-44 -> OnlinePartition, __consumer_offsets-23 -> OnlinePartition, __consumer_offsets-19 -> OnlinePartition, __consumer_offsets-32 -> OnlinePartition, __consumer_offsets-28 -> OnlinePartition, __consumer_offsets-7 -> OnlinePartition, __consumer_offsets-40 -> OnlinePartition, __consumer_offsets-3 -> OnlinePartition, __consumer_offsets-36 -> OnlinePartition, user-service-invite-members-0 -> OnlinePartition, __consumer_offsets-47 -> OnlinePartition, __consumer_offsets-14 -> OnlinePartition, __consumer_offsets-43 -> OnlinePartition, __consumer_offsets-10 -> OnlinePartition, __consumer_offsets-22 -> OnlinePartition, __consumer_offsets-18 -> OnlinePartition, __consumer_offsets-31 -> OnlinePartition, user-avatar-updated-0 -> OnlinePartition, __consumer_offsets-27 -> OnlinePartition, __consumer_offsets-39 -> OnlinePartition, __consumer_offsets-6 -> OnlinePartition, __consumer_offsets-35 -> OnlinePartition, __consumer_offsets-2 -> OnlinePartition) (kafka.controller.ZkPartitionStateMachine)
[2025-03-08 22:43:35,288] INFO [Controller id=0] Ready to serve as the new controller with epoch 8 (kafka.controller.KafkaController)
[2025-03-08 22:43:35,292] INFO [Controller id=0] Partitions undergoing preferred replica election:  (kafka.controller.KafkaController)
[2025-03-08 22:43:35,293] INFO [Controller id=0] Partitions that completed preferred replica election:  (kafka.controller.KafkaController)
[2025-03-08 22:43:35,293] INFO [Controller id=0] Skipping preferred replica election for partitions due to topic deletion:  (kafka.controller.KafkaController)
[2025-03-08 22:43:35,293] INFO [Controller id=0] Resuming preferred replica election for partitions:  (kafka.controller.KafkaController)
[2025-03-08 22:43:35,294] INFO [Controller id=0] Starting replica leader election (PREFERRED) for partitions  triggered by ZkTriggered (kafka.controller.KafkaController)
[2025-03-08 22:43:35,306] INFO [Controller id=0] Starting the controller scheduler (kafka.controller.KafkaController)
[2025-03-08 22:43:35,758] INFO [RequestSendThread controllerId=0] Controller 0 connected to DESKTOP-8GKE7FT:9092 (id: 0 rack: null) for sending state change requests (kafka.controller.RequestSendThread)
[2025-03-08 22:43:40,314] INFO [Controller id=0] Processing automatic preferred replica leader election (kafka.controller.KafkaController)
[2025-03-08 22:43:40,315] TRACE [Controller id=0] Checking need to trigger auto leader balancing (kafka.controller.KafkaController)
[2025-03-08 22:43:40,321] DEBUG [Controller id=0] Topics not in preferred replica for broker 0 HashMap() (kafka.controller.KafkaController)
[2025-03-08 22:43:40,322] TRACE [Controller id=0] Leader imbalance ratio for broker 0 is 0.0 (kafka.controller.KafkaController)
[2025-03-08 22:48:40,332] INFO [Controller id=0] Processing automatic preferred replica leader election (kafka.controller.KafkaController)
[2025-03-08 22:48:40,332] TRACE [Controller id=0] Checking need to trigger auto leader balancing (kafka.controller.KafkaController)
[2025-03-08 22:48:40,332] DEBUG [Controller id=0] Topics not in preferred replica for broker 0 HashMap() (kafka.controller.KafkaController)
[2025-03-08 22:48:40,332] TRACE [Controller id=0] Leader imbalance ratio for broker 0 is 0.0 (kafka.controller.KafkaController)
[2025-03-08 22:53:40,342] INFO [Controller id=0] Processing automatic preferred replica leader election (kafka.controller.KafkaController)
[2025-03-08 22:53:40,342] TRACE [Controller id=0] Checking need to trigger auto leader balancing (kafka.controller.KafkaController)
[2025-03-08 22:53:40,345] DEBUG [Controller id=0] Topics not in preferred replica for broker 0 HashMap() (kafka.controller.KafkaController)
[2025-03-08 22:53:40,345] TRACE [Controller id=0] Leader imbalance ratio for broker 0 is 0.0 (kafka.controller.KafkaController)
[2025-03-08 22:58:40,346] INFO [Controller id=0] Processing automatic preferred replica leader election (kafka.controller.KafkaController)
[2025-03-08 22:58:40,346] TRACE [Controller id=0] Checking need to trigger auto leader balancing (kafka.controller.KafkaController)
[2025-03-08 22:58:40,351] DEBUG [Controller id=0] Topics not in preferred replica for broker 0 HashMap() (kafka.controller.KafkaController)
[2025-03-08 22:58:40,351] TRACE [Controller id=0] Leader imbalance ratio for broker 0 is 0.0 (kafka.controller.KafkaController)
[2025-03-08 23:03:40,388] INFO [Controller id=0] Processing automatic preferred replica leader election (kafka.controller.KafkaController)
[2025-03-08 23:03:40,391] TRACE [Controller id=0] Checking need to trigger auto leader balancing (kafka.controller.KafkaController)
[2025-03-08 23:03:40,392] DEBUG [Controller id=0] Topics not in preferred replica for broker 0 HashMap() (kafka.controller.KafkaController)
[2025-03-08 23:03:40,392] TRACE [Controller id=0] Leader imbalance ratio for broker 0 is 0.0 (kafka.controller.KafkaController)
[2025-03-08 23:08:40,447] INFO [Controller id=0] Processing automatic preferred replica leader election (kafka.controller.KafkaController)
[2025-03-08 23:08:40,447] TRACE [Controller id=0] Checking need to trigger auto leader balancing (kafka.controller.KafkaController)
[2025-03-08 23:08:40,447] DEBUG [Controller id=0] Topics not in preferred replica for broker 0 HashMap() (kafka.controller.KafkaController)
[2025-03-08 23:08:40,447] TRACE [Controller id=0] Leader imbalance ratio for broker 0 is 0.0 (kafka.controller.KafkaController)
[2025-03-08 23:13:40,498] INFO [Controller id=0] Processing automatic preferred replica leader election (kafka.controller.KafkaController)
[2025-03-08 23:13:40,498] TRACE [Controller id=0] Checking need to trigger auto leader balancing (kafka.controller.KafkaController)
[2025-03-08 23:13:40,498] DEBUG [Controller id=0] Topics not in preferred replica for broker 0 HashMap() (kafka.controller.KafkaController)
[2025-03-08 23:13:40,498] TRACE [Controller id=0] Leader imbalance ratio for broker 0 is 0.0 (kafka.controller.KafkaController)
[2025-03-08 23:27:02,907] DEBUG [Controller id=0] Resigning (kafka.controller.KafkaController)
[2025-03-08 23:27:02,907] DEBUG [Controller id=0] Unregister BrokerModifications handler for Set(0) (kafka.controller.KafkaController)
[2025-03-08 23:27:02,907] INFO [PartitionStateMachine controllerId=0] Stopped partition state machine (kafka.controller.ZkPartitionStateMachine)
[2025-03-08 23:27:02,907] INFO [ReplicaStateMachine controllerId=0] Stopped replica state machine (kafka.controller.ZkReplicaStateMachine)
[2025-03-08 23:27:02,907] INFO [RequestSendThread controllerId=0] Shutting down (kafka.controller.RequestSendThread)
[2025-03-08 23:27:02,923] INFO [RequestSendThread controllerId=0] Stopped (kafka.controller.RequestSendThread)
[2025-03-08 23:27:02,923] INFO [RequestSendThread controllerId=0] Shutdown completed (kafka.controller.RequestSendThread)
[2025-03-08 23:27:02,938] INFO [Controller id=0] Resigned (kafka.controller.KafkaController)
[2025-03-08 23:27:02,970] INFO [Controller id=0] 0 successfully elected as the controller. Epoch incremented to 9 and epoch zk version is now 9 (kafka.controller.KafkaController)
[2025-03-08 23:27:02,975] INFO [Controller id=0] Registering handlers (kafka.controller.KafkaController)
[2025-03-08 23:27:02,975] INFO [Controller id=0] Deleting log dir event notifications (kafka.controller.KafkaController)
[2025-03-08 23:27:02,975] INFO [Controller id=0] Deleting isr change notifications (kafka.controller.KafkaController)
[2025-03-08 23:27:02,975] INFO [Controller id=0] Initializing controller context (kafka.controller.KafkaController)
[2025-03-08 23:27:02,975] INFO [Controller id=0] Initialized broker epochs cache: HashMap(0 -> 252) (kafka.controller.KafkaController)
[2025-03-08 23:27:02,986] DEBUG [Controller id=0] Register BrokerModifications handler for Set(0) (kafka.controller.KafkaController)
[2025-03-08 23:27:03,001] DEBUG [Channel manager on controller 0]: Controller 0 trying to connect to broker 0 (kafka.controller.ControllerChannelManager)
[2025-03-08 23:27:03,017] INFO [RequestSendThread controllerId=0] Starting (kafka.controller.RequestSendThread)
[2025-03-08 23:27:03,017] INFO [Controller id=0] Currently active brokers in the cluster: Set(0) (kafka.controller.KafkaController)
[2025-03-08 23:27:03,017] INFO [Controller id=0] Currently shutting brokers in the cluster: HashSet() (kafka.controller.KafkaController)
[2025-03-08 23:27:03,017] INFO [Controller id=0] Current list of topics in the cluster: HashSet(user-service-invite-members, file-upload, user-avatar-updated, team-service-topic, user-service-project-created, __consumer_offsets, team-service-invite-members) (kafka.controller.KafkaController)
[2025-03-08 23:27:03,017] INFO [Controller id=0] Fetching topic deletions in progress (kafka.controller.KafkaController)
[2025-03-08 23:27:03,017] INFO [Controller id=0] List of topics to be deleted:  (kafka.controller.KafkaController)
[2025-03-08 23:27:03,017] INFO [Controller id=0] List of topics ineligible for deletion:  (kafka.controller.KafkaController)
[2025-03-08 23:27:03,017] INFO [Controller id=0] Initializing topic deletion manager (kafka.controller.KafkaController)
[2025-03-08 23:27:03,017] INFO [Topic Deletion Manager 0] Initializing manager with initial deletions: Set(), initial ineligible deletions: HashSet() (kafka.controller.TopicDeletionManager)
[2025-03-08 23:27:03,017] INFO [Controller id=0] Sending update metadata request (kafka.controller.KafkaController)
[2025-03-08 23:27:03,017] INFO [ReplicaStateMachine controllerId=0] Initializing replica state (kafka.controller.ZkReplicaStateMachine)
[2025-03-08 23:27:03,017] INFO [ReplicaStateMachine controllerId=0] Triggering online replica state changes (kafka.controller.ZkReplicaStateMachine)
[2025-03-08 23:27:03,017] INFO [RequestSendThread controllerId=0] Controller 0 connected to DESKTOP-8GKE7FT:9092 (id: 0 rack: null) for sending state change requests (kafka.controller.RequestSendThread)
[2025-03-08 23:27:03,032] INFO [ReplicaStateMachine controllerId=0] Triggering offline replica state changes (kafka.controller.ZkReplicaStateMachine)
[2025-03-08 23:27:03,032] DEBUG [ReplicaStateMachine controllerId=0] Started replica state machine with initial state -> HashMap([Topic=__consumer_offsets,Partition=40,Replica=0] -> OnlineReplica, [Topic=__consumer_offsets,Partition=27,Replica=0] -> OnlineReplica, [Topic=__consumer_offsets,Partition=49,Replica=0] -> OnlineReplica, [Topic=user-avatar-updated,Partition=0,Replica=0] -> OnlineReplica, [Topic=__consumer_offsets,Partition=47,Replica=0] -> OnlineReplica, [Topic=__consumer_offsets,Partition=3,Replica=0] -> OnlineReplica, [Topic=__consumer_offsets,Partition=18,Replica=0] -> OnlineReplica, [Topic=__consumer_offsets,Partition=44,Replica=0] -> OnlineReplica, [Topic=__consumer_offsets,Partition=8,Replica=0] -> OnlineReplica, [Topic=user-service-project-created,Partition=0,Replica=0] -> OnlineReplica, [Topic=__consumer_offsets,Partition=34,Replica=0] -> OnlineReplica, [Topic=__consumer_offsets,Partition=25,Replica=0] -> OnlineReplica, [Topic=user-service-invite-members,Partition=0,Replica=0] -> OnlineReplica, [Topic=__consumer_offsets,Partition=14,Replica=0] -> OnlineReplica, [Topic=__consumer_offsets,Partition=24,Replica=0] -> OnlineReplica, [Topic=__consumer_offsets,Partition=36,Replica=0] -> OnlineReplica, [Topic=__consumer_offsets,Partition=42,Replica=0] -> OnlineReplica, [Topic=__consumer_offsets,Partition=45,Replica=0] -> OnlineReplica, [Topic=__consumer_offsets,Partition=11,Replica=0] -> OnlineReplica, [Topic=__consumer_offsets,Partition=32,Replica=0] -> OnlineReplica, [Topic=__consumer_offsets,Partition=12,Replica=0] -> OnlineReplica, [Topic=__consumer_offsets,Partition=30,Replica=0] -> OnlineReplica, [Topic=__consumer_offsets,Partition=9,Replica=0] -> OnlineReplica, [Topic=__consumer_offsets,Partition=39,Replica=0] -> OnlineReplica, [Topic=__consumer_offsets,Partition=38,Replica=0] -> OnlineReplica, [Topic=__consumer_offsets,Partition=23,Replica=0] -> OnlineReplica, [Topic=__consumer_offsets,Partition=19,Replica=0] -> OnlineReplica, [Topic=__consumer_offsets,Partition=17,Replica=0] -> OnlineReplica, [Topic=__consumer_offsets,Partition=41,Replica=0] -> OnlineReplica, [Topic=__consumer_offsets,Partition=37,Replica=0] -> OnlineReplica, [Topic=__consumer_offsets,Partition=48,Replica=0] -> OnlineReplica, [Topic=__consumer_offsets,Partition=29,Replica=0] -> OnlineReplica, [Topic=team-service-invite-members,Partition=0,Replica=0] -> OnlineReplica, [Topic=__consumer_offsets,Partition=10,Replica=0] -> OnlineReplica, [Topic=__consumer_offsets,Partition=46,Replica=0] -> OnlineReplica, [Topic=__consumer_offsets,Partition=1,Replica=0] -> OnlineReplica, [Topic=team-service-topic,Partition=0,Replica=0] -> OnlineReplica, [Topic=__consumer_offsets,Partition=16,Replica=0] -> OnlineReplica, [Topic=__consumer_offsets,Partition=5,Replica=0] -> OnlineReplica, [Topic=file-upload,Partition=0,Replica=0] -> OnlineReplica, [Topic=__consumer_offsets,Partition=15,Replica=0] -> OnlineReplica, [Topic=__consumer_offsets,Partition=4,Replica=0] -> OnlineReplica, [Topic=__consumer_offsets,Partition=6,Replica=0] -> OnlineReplica, [Topic=__consumer_offsets,Partition=7,Replica=0] -> OnlineReplica, [Topic=__consumer_offsets,Partition=43,Replica=0] -> OnlineReplica, [Topic=__consumer_offsets,Partition=0,Replica=0] -> OnlineReplica, [Topic=__consumer_offsets,Partition=20,Replica=0] -> OnlineReplica, [Topic=__consumer_offsets,Partition=31,Replica=0] -> OnlineReplica, [Topic=__consumer_offsets,Partition=28,Replica=0] -> OnlineReplica, [Topic=__consumer_offsets,Partition=26,Replica=0] -> OnlineReplica, [Topic=__consumer_offsets,Partition=2,Replica=0] -> OnlineReplica, [Topic=__consumer_offsets,Partition=33,Replica=0] -> OnlineReplica, [Topic=__consumer_offsets,Partition=22,Replica=0] -> OnlineReplica, [Topic=__consumer_offsets,Partition=21,Replica=0] -> OnlineReplica, [Topic=__consumer_offsets,Partition=13,Replica=0] -> OnlineReplica, [Topic=__consumer_offsets,Partition=35,Replica=0] -> OnlineReplica) (kafka.controller.ZkReplicaStateMachine)
[2025-03-08 23:27:03,032] INFO [PartitionStateMachine controllerId=0] Initializing partition state (kafka.controller.ZkPartitionStateMachine)
[2025-03-08 23:27:03,032] INFO [PartitionStateMachine controllerId=0] Triggering online partition state changes (kafka.controller.ZkPartitionStateMachine)
[2025-03-08 23:27:03,032] DEBUG [PartitionStateMachine controllerId=0] Started partition state machine with initial state -> HashMap(__consumer_offsets-13 -> OnlinePartition, __consumer_offsets-46 -> OnlinePartition, __consumer_offsets-9 -> OnlinePartition, __consumer_offsets-42 -> OnlinePartition, __consumer_offsets-21 -> OnlinePartition, user-service-project-created-0 -> OnlinePartition, __consumer_offsets-17 -> OnlinePartition, __consumer_offsets-30 -> OnlinePartition, __consumer_offsets-26 -> OnlinePartition, __consumer_offsets-5 -> OnlinePartition, __consumer_offsets-38 -> OnlinePartition, __consumer_offsets-1 -> OnlinePartition, __consumer_offsets-34 -> OnlinePartition, __consumer_offsets-16 -> OnlinePartition, __consumer_offsets-45 -> OnlinePartition, team-service-topic-0 -> OnlinePartition, __consumer_offsets-12 -> OnlinePartition, __consumer_offsets-41 -> OnlinePartition, __consumer_offsets-24 -> OnlinePartition, team-service-invite-members-0 -> OnlinePartition, __consumer_offsets-20 -> OnlinePartition, __consumer_offsets-49 -> OnlinePartition, __consumer_offsets-0 -> OnlinePartition, __consumer_offsets-29 -> OnlinePartition, __consumer_offsets-25 -> OnlinePartition, __consumer_offsets-8 -> OnlinePartition, __consumer_offsets-37 -> OnlinePartition, __consumer_offsets-4 -> OnlinePartition, __consumer_offsets-33 -> OnlinePartition, __consumer_offsets-15 -> OnlinePartition, __consumer_offsets-48 -> OnlinePartition, file-upload-0 -> OnlinePartition, __consumer_offsets-11 -> OnlinePartition, __consumer_offsets-44 -> OnlinePartition, __consumer_offsets-23 -> OnlinePartition, __consumer_offsets-19 -> OnlinePartition, __consumer_offsets-32 -> OnlinePartition, __consumer_offsets-28 -> OnlinePartition, __consumer_offsets-7 -> OnlinePartition, __consumer_offsets-40 -> OnlinePartition, __consumer_offsets-3 -> OnlinePartition, __consumer_offsets-36 -> OnlinePartition, user-service-invite-members-0 -> OnlinePartition, __consumer_offsets-47 -> OnlinePartition, __consumer_offsets-14 -> OnlinePartition, __consumer_offsets-43 -> OnlinePartition, __consumer_offsets-10 -> OnlinePartition, __consumer_offsets-22 -> OnlinePartition, __consumer_offsets-18 -> OnlinePartition, __consumer_offsets-31 -> OnlinePartition, user-avatar-updated-0 -> OnlinePartition, __consumer_offsets-27 -> OnlinePartition, __consumer_offsets-39 -> OnlinePartition, __consumer_offsets-6 -> OnlinePartition, __consumer_offsets-35 -> OnlinePartition, __consumer_offsets-2 -> OnlinePartition) (kafka.controller.ZkPartitionStateMachine)
[2025-03-08 23:27:03,032] INFO [Controller id=0] Ready to serve as the new controller with epoch 9 (kafka.controller.KafkaController)
[2025-03-08 23:27:03,032] INFO [Controller id=0] Partitions undergoing preferred replica election:  (kafka.controller.KafkaController)
[2025-03-08 23:27:03,032] INFO [Controller id=0] Partitions that completed preferred replica election:  (kafka.controller.KafkaController)
[2025-03-08 23:27:03,032] INFO [Controller id=0] Skipping preferred replica election for partitions due to topic deletion:  (kafka.controller.KafkaController)
[2025-03-08 23:27:03,032] INFO [Controller id=0] Resuming preferred replica election for partitions:  (kafka.controller.KafkaController)
[2025-03-08 23:27:03,032] INFO [Controller id=0] Starting replica leader election (PREFERRED) for partitions  triggered by ZkTriggered (kafka.controller.KafkaController)
[2025-03-08 23:27:03,032] INFO [Controller id=0] Starting the controller scheduler (kafka.controller.KafkaController)
[2025-03-08 23:27:08,052] INFO [Controller id=0] Processing automatic preferred replica leader election (kafka.controller.KafkaController)
[2025-03-08 23:27:08,052] TRACE [Controller id=0] Checking need to trigger auto leader balancing (kafka.controller.KafkaController)
[2025-03-08 23:27:08,052] DEBUG [Controller id=0] Topics not in preferred replica for broker 0 HashMap() (kafka.controller.KafkaController)
[2025-03-08 23:27:08,052] TRACE [Controller id=0] Leader imbalance ratio for broker 0 is 0.0 (kafka.controller.KafkaController)
[2025-03-08 23:32:08,055] INFO [Controller id=0] Processing automatic preferred replica leader election (kafka.controller.KafkaController)
[2025-03-08 23:32:08,055] TRACE [Controller id=0] Checking need to trigger auto leader balancing (kafka.controller.KafkaController)
[2025-03-08 23:32:08,055] DEBUG [Controller id=0] Topics not in preferred replica for broker 0 HashMap() (kafka.controller.KafkaController)
[2025-03-08 23:32:08,056] TRACE [Controller id=0] Leader imbalance ratio for broker 0 is 0.0 (kafka.controller.KafkaController)
[2025-03-08 23:37:08,066] INFO [Controller id=0] Processing automatic preferred replica leader election (kafka.controller.KafkaController)
[2025-03-08 23:37:08,066] TRACE [Controller id=0] Checking need to trigger auto leader balancing (kafka.controller.KafkaController)
[2025-03-08 23:37:08,068] DEBUG [Controller id=0] Topics not in preferred replica for broker 0 HashMap() (kafka.controller.KafkaController)
[2025-03-08 23:37:08,068] TRACE [Controller id=0] Leader imbalance ratio for broker 0 is 0.0 (kafka.controller.KafkaController)
[2025-03-08 23:42:08,071] INFO [Controller id=0] Processing automatic preferred replica leader election (kafka.controller.KafkaController)
[2025-03-08 23:42:08,071] TRACE [Controller id=0] Checking need to trigger auto leader balancing (kafka.controller.KafkaController)
[2025-03-08 23:42:08,072] DEBUG [Controller id=0] Topics not in preferred replica for broker 0 HashMap() (kafka.controller.KafkaController)
[2025-03-08 23:42:08,072] TRACE [Controller id=0] Leader imbalance ratio for broker 0 is 0.0 (kafka.controller.KafkaController)
[2025-03-08 23:47:08,074] INFO [Controller id=0] Processing automatic preferred replica leader election (kafka.controller.KafkaController)
[2025-03-08 23:47:08,074] TRACE [Controller id=0] Checking need to trigger auto leader balancing (kafka.controller.KafkaController)
[2025-03-08 23:47:08,074] DEBUG [Controller id=0] Topics not in preferred replica for broker 0 HashMap() (kafka.controller.KafkaController)
[2025-03-08 23:47:08,074] TRACE [Controller id=0] Leader imbalance ratio for broker 0 is 0.0 (kafka.controller.KafkaController)
[2025-03-08 23:52:08,083] INFO [Controller id=0] Processing automatic preferred replica leader election (kafka.controller.KafkaController)
[2025-03-08 23:52:08,083] TRACE [Controller id=0] Checking need to trigger auto leader balancing (kafka.controller.KafkaController)
[2025-03-08 23:52:08,088] DEBUG [Controller id=0] Topics not in preferred replica for broker 0 HashMap() (kafka.controller.KafkaController)
[2025-03-08 23:52:08,088] TRACE [Controller id=0] Leader imbalance ratio for broker 0 is 0.0 (kafka.controller.KafkaController)
[2025-03-08 23:57:08,092] INFO [Controller id=0] Processing automatic preferred replica leader election (kafka.controller.KafkaController)
[2025-03-08 23:57:08,092] TRACE [Controller id=0] Checking need to trigger auto leader balancing (kafka.controller.KafkaController)
[2025-03-08 23:57:08,094] DEBUG [Controller id=0] Topics not in preferred replica for broker 0 HashMap() (kafka.controller.KafkaController)
[2025-03-08 23:57:08,094] TRACE [Controller id=0] Leader imbalance ratio for broker 0 is 0.0 (kafka.controller.KafkaController)
[2025-03-09 00:02:08,097] INFO [Controller id=0] Processing automatic preferred replica leader election (kafka.controller.KafkaController)
[2025-03-09 00:02:08,105] TRACE [Controller id=0] Checking need to trigger auto leader balancing (kafka.controller.KafkaController)
[2025-03-09 00:02:08,105] DEBUG [Controller id=0] Topics not in preferred replica for broker 0 HashMap() (kafka.controller.KafkaController)
[2025-03-09 00:02:08,105] TRACE [Controller id=0] Leader imbalance ratio for broker 0 is 0.0 (kafka.controller.KafkaController)
[2025-03-09 00:07:08,115] INFO [Controller id=0] Processing automatic preferred replica leader election (kafka.controller.KafkaController)
[2025-03-09 00:07:08,115] TRACE [Controller id=0] Checking need to trigger auto leader balancing (kafka.controller.KafkaController)
[2025-03-09 00:07:08,116] DEBUG [Controller id=0] Topics not in preferred replica for broker 0 HashMap() (kafka.controller.KafkaController)
[2025-03-09 00:07:08,116] TRACE [Controller id=0] Leader imbalance ratio for broker 0 is 0.0 (kafka.controller.KafkaController)
[2025-03-09 00:12:08,120] INFO [Controller id=0] Processing automatic preferred replica leader election (kafka.controller.KafkaController)
[2025-03-09 00:12:08,120] TRACE [Controller id=0] Checking need to trigger auto leader balancing (kafka.controller.KafkaController)
[2025-03-09 00:12:08,122] DEBUG [Controller id=0] Topics not in preferred replica for broker 0 HashMap() (kafka.controller.KafkaController)
[2025-03-09 00:12:08,122] TRACE [Controller id=0] Leader imbalance ratio for broker 0 is 0.0 (kafka.controller.KafkaController)
[2025-03-09 00:17:08,124] INFO [Controller id=0] Processing automatic preferred replica leader election (kafka.controller.KafkaController)
[2025-03-09 00:17:08,124] TRACE [Controller id=0] Checking need to trigger auto leader balancing (kafka.controller.KafkaController)
[2025-03-09 00:17:08,127] DEBUG [Controller id=0] Topics not in preferred replica for broker 0 HashMap() (kafka.controller.KafkaController)
[2025-03-09 00:17:08,127] TRACE [Controller id=0] Leader imbalance ratio for broker 0 is 0.0 (kafka.controller.KafkaController)
[2025-03-09 00:22:08,136] INFO [Controller id=0] Processing automatic preferred replica leader election (kafka.controller.KafkaController)
[2025-03-09 00:22:08,136] TRACE [Controller id=0] Checking need to trigger auto leader balancing (kafka.controller.KafkaController)
[2025-03-09 00:22:08,136] DEBUG [Controller id=0] Topics not in preferred replica for broker 0 HashMap() (kafka.controller.KafkaController)
[2025-03-09 00:22:08,136] TRACE [Controller id=0] Leader imbalance ratio for broker 0 is 0.0 (kafka.controller.KafkaController)
[2025-03-09 00:27:08,152] INFO [Controller id=0] Processing automatic preferred replica leader election (kafka.controller.KafkaController)
[2025-03-09 00:27:08,152] TRACE [Controller id=0] Checking need to trigger auto leader balancing (kafka.controller.KafkaController)
[2025-03-09 00:27:08,154] DEBUG [Controller id=0] Topics not in preferred replica for broker 0 HashMap() (kafka.controller.KafkaController)
[2025-03-09 00:27:08,154] TRACE [Controller id=0] Leader imbalance ratio for broker 0 is 0.0 (kafka.controller.KafkaController)
[2025-03-09 00:32:08,168] INFO [Controller id=0] Processing automatic preferred replica leader election (kafka.controller.KafkaController)
[2025-03-09 00:32:08,168] TRACE [Controller id=0] Checking need to trigger auto leader balancing (kafka.controller.KafkaController)
[2025-03-09 00:32:08,168] DEBUG [Controller id=0] Topics not in preferred replica for broker 0 HashMap() (kafka.controller.KafkaController)
[2025-03-09 00:32:08,168] TRACE [Controller id=0] Leader imbalance ratio for broker 0 is 0.0 (kafka.controller.KafkaController)
[2025-03-09 00:37:08,178] INFO [Controller id=0] Processing automatic preferred replica leader election (kafka.controller.KafkaController)
[2025-03-09 00:37:08,178] TRACE [Controller id=0] Checking need to trigger auto leader balancing (kafka.controller.KafkaController)
[2025-03-09 00:37:08,179] DEBUG [Controller id=0] Topics not in preferred replica for broker 0 HashMap() (kafka.controller.KafkaController)
[2025-03-09 00:37:08,179] TRACE [Controller id=0] Leader imbalance ratio for broker 0 is 0.0 (kafka.controller.KafkaController)
[2025-03-09 00:42:08,187] INFO [Controller id=0] Processing automatic preferred replica leader election (kafka.controller.KafkaController)
[2025-03-09 00:42:08,187] TRACE [Controller id=0] Checking need to trigger auto leader balancing (kafka.controller.KafkaController)
[2025-03-09 00:42:08,188] DEBUG [Controller id=0] Topics not in preferred replica for broker 0 HashMap() (kafka.controller.KafkaController)
[2025-03-09 00:42:08,188] TRACE [Controller id=0] Leader imbalance ratio for broker 0 is 0.0 (kafka.controller.KafkaController)
[2025-03-09 00:47:08,189] INFO [Controller id=0] Processing automatic preferred replica leader election (kafka.controller.KafkaController)
[2025-03-09 00:47:08,189] TRACE [Controller id=0] Checking need to trigger auto leader balancing (kafka.controller.KafkaController)
[2025-03-09 00:47:08,190] DEBUG [Controller id=0] Topics not in preferred replica for broker 0 HashMap() (kafka.controller.KafkaController)
[2025-03-09 00:47:08,190] TRACE [Controller id=0] Leader imbalance ratio for broker 0 is 0.0 (kafka.controller.KafkaController)
[2025-03-09 00:52:08,201] INFO [Controller id=0] Processing automatic preferred replica leader election (kafka.controller.KafkaController)
[2025-03-09 00:52:08,201] TRACE [Controller id=0] Checking need to trigger auto leader balancing (kafka.controller.KafkaController)
[2025-03-09 00:52:08,202] DEBUG [Controller id=0] Topics not in preferred replica for broker 0 HashMap() (kafka.controller.KafkaController)
[2025-03-09 00:52:08,202] TRACE [Controller id=0] Leader imbalance ratio for broker 0 is 0.0 (kafka.controller.KafkaController)
[2025-03-09 00:57:08,214] INFO [Controller id=0] Processing automatic preferred replica leader election (kafka.controller.KafkaController)
[2025-03-09 00:57:08,214] TRACE [Controller id=0] Checking need to trigger auto leader balancing (kafka.controller.KafkaController)
[2025-03-09 00:57:08,216] DEBUG [Controller id=0] Topics not in preferred replica for broker 0 HashMap() (kafka.controller.KafkaController)
[2025-03-09 00:57:08,216] TRACE [Controller id=0] Leader imbalance ratio for broker 0 is 0.0 (kafka.controller.KafkaController)
[2025-03-09 01:02:08,223] INFO [Controller id=0] Processing automatic preferred replica leader election (kafka.controller.KafkaController)
[2025-03-09 01:02:08,224] TRACE [Controller id=0] Checking need to trigger auto leader balancing (kafka.controller.KafkaController)
[2025-03-09 01:02:08,224] DEBUG [Controller id=0] Topics not in preferred replica for broker 0 HashMap() (kafka.controller.KafkaController)
[2025-03-09 01:02:08,224] TRACE [Controller id=0] Leader imbalance ratio for broker 0 is 0.0 (kafka.controller.KafkaController)
[2025-03-09 01:07:08,235] INFO [Controller id=0] Processing automatic preferred replica leader election (kafka.controller.KafkaController)
[2025-03-09 01:07:08,235] TRACE [Controller id=0] Checking need to trigger auto leader balancing (kafka.controller.KafkaController)
[2025-03-09 01:07:08,235] DEBUG [Controller id=0] Topics not in preferred replica for broker 0 HashMap() (kafka.controller.KafkaController)
[2025-03-09 01:07:08,235] TRACE [Controller id=0] Leader imbalance ratio for broker 0 is 0.0 (kafka.controller.KafkaController)
[2025-03-09 01:12:08,243] INFO [Controller id=0] Processing automatic preferred replica leader election (kafka.controller.KafkaController)
[2025-03-09 01:12:08,243] TRACE [Controller id=0] Checking need to trigger auto leader balancing (kafka.controller.KafkaController)
[2025-03-09 01:12:08,244] DEBUG [Controller id=0] Topics not in preferred replica for broker 0 HashMap() (kafka.controller.KafkaController)
[2025-03-09 01:12:08,244] TRACE [Controller id=0] Leader imbalance ratio for broker 0 is 0.0 (kafka.controller.KafkaController)
[2025-03-09 01:17:08,248] INFO [Controller id=0] Processing automatic preferred replica leader election (kafka.controller.KafkaController)
[2025-03-09 01:17:08,248] TRACE [Controller id=0] Checking need to trigger auto leader balancing (kafka.controller.KafkaController)
[2025-03-09 01:17:08,250] DEBUG [Controller id=0] Topics not in preferred replica for broker 0 HashMap() (kafka.controller.KafkaController)
[2025-03-09 01:17:08,250] TRACE [Controller id=0] Leader imbalance ratio for broker 0 is 0.0 (kafka.controller.KafkaController)
[2025-03-09 01:22:08,254] INFO [Controller id=0] Processing automatic preferred replica leader election (kafka.controller.KafkaController)
[2025-03-09 01:22:08,255] TRACE [Controller id=0] Checking need to trigger auto leader balancing (kafka.controller.KafkaController)
[2025-03-09 01:22:08,257] DEBUG [Controller id=0] Topics not in preferred replica for broker 0 HashMap() (kafka.controller.KafkaController)
[2025-03-09 01:22:08,257] TRACE [Controller id=0] Leader imbalance ratio for broker 0 is 0.0 (kafka.controller.KafkaController)
[2025-03-09 01:27:08,272] INFO [Controller id=0] Processing automatic preferred replica leader election (kafka.controller.KafkaController)
[2025-03-09 01:27:08,272] TRACE [Controller id=0] Checking need to trigger auto leader balancing (kafka.controller.KafkaController)
[2025-03-09 01:27:08,275] DEBUG [Controller id=0] Topics not in preferred replica for broker 0 HashMap() (kafka.controller.KafkaController)
[2025-03-09 01:27:08,275] TRACE [Controller id=0] Leader imbalance ratio for broker 0 is 0.0 (kafka.controller.KafkaController)
[2025-03-09 01:32:08,288] INFO [Controller id=0] Processing automatic preferred replica leader election (kafka.controller.KafkaController)
[2025-03-09 01:32:08,288] TRACE [Controller id=0] Checking need to trigger auto leader balancing (kafka.controller.KafkaController)
[2025-03-09 01:32:08,289] DEBUG [Controller id=0] Topics not in preferred replica for broker 0 HashMap() (kafka.controller.KafkaController)
[2025-03-09 01:32:08,289] TRACE [Controller id=0] Leader imbalance ratio for broker 0 is 0.0 (kafka.controller.KafkaController)
[2025-03-09 01:37:08,303] INFO [Controller id=0] Processing automatic preferred replica leader election (kafka.controller.KafkaController)
[2025-03-09 01:37:08,303] TRACE [Controller id=0] Checking need to trigger auto leader balancing (kafka.controller.KafkaController)
[2025-03-09 01:37:08,306] DEBUG [Controller id=0] Topics not in preferred replica for broker 0 HashMap() (kafka.controller.KafkaController)
[2025-03-09 01:37:08,306] TRACE [Controller id=0] Leader imbalance ratio for broker 0 is 0.0 (kafka.controller.KafkaController)
[2025-03-09 01:42:08,307] INFO [Controller id=0] Processing automatic preferred replica leader election (kafka.controller.KafkaController)
[2025-03-09 01:42:08,307] TRACE [Controller id=0] Checking need to trigger auto leader balancing (kafka.controller.KafkaController)
[2025-03-09 01:42:08,310] DEBUG [Controller id=0] Topics not in preferred replica for broker 0 HashMap() (kafka.controller.KafkaController)
[2025-03-09 01:42:08,310] TRACE [Controller id=0] Leader imbalance ratio for broker 0 is 0.0 (kafka.controller.KafkaController)
[2025-03-09 01:47:08,318] INFO [Controller id=0] Processing automatic preferred replica leader election (kafka.controller.KafkaController)
[2025-03-09 01:47:08,319] TRACE [Controller id=0] Checking need to trigger auto leader balancing (kafka.controller.KafkaController)
[2025-03-09 01:47:08,319] DEBUG [Controller id=0] Topics not in preferred replica for broker 0 HashMap() (kafka.controller.KafkaController)
[2025-03-09 01:47:08,319] TRACE [Controller id=0] Leader imbalance ratio for broker 0 is 0.0 (kafka.controller.KafkaController)
[2025-03-09 01:52:08,324] INFO [Controller id=0] Processing automatic preferred replica leader election (kafka.controller.KafkaController)
[2025-03-09 01:52:08,326] TRACE [Controller id=0] Checking need to trigger auto leader balancing (kafka.controller.KafkaController)
[2025-03-09 01:52:08,332] DEBUG [Controller id=0] Topics not in preferred replica for broker 0 HashMap() (kafka.controller.KafkaController)
[2025-03-09 01:52:08,332] TRACE [Controller id=0] Leader imbalance ratio for broker 0 is 0.0 (kafka.controller.KafkaController)
[2025-03-09 01:57:08,333] INFO [Controller id=0] Processing automatic preferred replica leader election (kafka.controller.KafkaController)
[2025-03-09 01:57:08,333] TRACE [Controller id=0] Checking need to trigger auto leader balancing (kafka.controller.KafkaController)
[2025-03-09 01:57:08,337] DEBUG [Controller id=0] Topics not in preferred replica for broker 0 HashMap() (kafka.controller.KafkaController)
[2025-03-09 01:57:08,338] TRACE [Controller id=0] Leader imbalance ratio for broker 0 is 0.0 (kafka.controller.KafkaController)
[2025-03-09 02:02:08,345] INFO [Controller id=0] Processing automatic preferred replica leader election (kafka.controller.KafkaController)
[2025-03-09 02:02:08,384] TRACE [Controller id=0] Checking need to trigger auto leader balancing (kafka.controller.KafkaController)
[2025-03-09 02:02:08,384] DEBUG [Controller id=0] Topics not in preferred replica for broker 0 HashMap() (kafka.controller.KafkaController)
[2025-03-09 02:02:08,384] TRACE [Controller id=0] Leader imbalance ratio for broker 0 is 0.0 (kafka.controller.KafkaController)
[2025-03-09 02:07:08,386] INFO [Controller id=0] Processing automatic preferred replica leader election (kafka.controller.KafkaController)
[2025-03-09 02:07:08,386] TRACE [Controller id=0] Checking need to trigger auto leader balancing (kafka.controller.KafkaController)
[2025-03-09 02:07:08,388] DEBUG [Controller id=0] Topics not in preferred replica for broker 0 HashMap() (kafka.controller.KafkaController)
[2025-03-09 02:07:08,388] TRACE [Controller id=0] Leader imbalance ratio for broker 0 is 0.0 (kafka.controller.KafkaController)
[2025-03-09 02:12:08,397] INFO [Controller id=0] Processing automatic preferred replica leader election (kafka.controller.KafkaController)
[2025-03-09 02:12:08,398] TRACE [Controller id=0] Checking need to trigger auto leader balancing (kafka.controller.KafkaController)
[2025-03-09 02:12:08,399] DEBUG [Controller id=0] Topics not in preferred replica for broker 0 HashMap() (kafka.controller.KafkaController)
[2025-03-09 02:12:08,399] TRACE [Controller id=0] Leader imbalance ratio for broker 0 is 0.0 (kafka.controller.KafkaController)
[2025-03-09 02:34:41,048] DEBUG [Controller id=0] Resigning (kafka.controller.KafkaController)
[2025-03-09 02:34:41,052] DEBUG [Controller id=0] Unregister BrokerModifications handler for Set(0) (kafka.controller.KafkaController)
[2025-03-09 02:34:41,056] INFO [PartitionStateMachine controllerId=0] Stopped partition state machine (kafka.controller.ZkPartitionStateMachine)
[2025-03-09 02:34:41,057] INFO [ReplicaStateMachine controllerId=0] Stopped replica state machine (kafka.controller.ZkReplicaStateMachine)
[2025-03-09 02:34:41,059] INFO [RequestSendThread controllerId=0] Shutting down (kafka.controller.RequestSendThread)
[2025-03-09 02:34:41,062] INFO [RequestSendThread controllerId=0] Stopped (kafka.controller.RequestSendThread)
[2025-03-09 02:34:41,063] INFO [RequestSendThread controllerId=0] Shutdown completed (kafka.controller.RequestSendThread)
[2025-03-09 02:34:41,087] INFO [Controller id=0] Resigned (kafka.controller.KafkaController)
[2025-03-09 02:34:41,146] INFO [Controller id=0] 0 successfully elected as the controller. Epoch incremented to 10 and epoch zk version is now 10 (kafka.controller.KafkaController)
[2025-03-09 02:34:41,148] INFO [Controller id=0] Registering handlers (kafka.controller.KafkaController)
[2025-03-09 02:34:41,150] INFO [Controller id=0] Deleting log dir event notifications (kafka.controller.KafkaController)
[2025-03-09 02:34:41,152] INFO [Controller id=0] Deleting isr change notifications (kafka.controller.KafkaController)
[2025-03-09 02:34:41,154] INFO [Controller id=0] Initializing controller context (kafka.controller.KafkaController)
[2025-03-09 02:34:41,169] INFO [Controller id=0] Initialized broker epochs cache: HashMap(0 -> 257) (kafka.controller.KafkaController)
[2025-03-09 02:34:41,182] DEBUG [Controller id=0] Register BrokerModifications handler for Set(0) (kafka.controller.KafkaController)
[2025-03-09 02:34:41,212] DEBUG [Channel manager on controller 0]: Controller 0 trying to connect to broker 0 (kafka.controller.ControllerChannelManager)
[2025-03-09 02:34:41,242] INFO [Controller id=0] Currently active brokers in the cluster: Set(0) (kafka.controller.KafkaController)
[2025-03-09 02:34:41,242] INFO [Controller id=0] Currently shutting brokers in the cluster: HashSet() (kafka.controller.KafkaController)
[2025-03-09 02:34:41,242] INFO [RequestSendThread controllerId=0] Starting (kafka.controller.RequestSendThread)
[2025-03-09 02:34:41,242] INFO [Controller id=0] Current list of topics in the cluster: HashSet(user-service-invite-members, file-upload, user-avatar-updated, team-service-topic, user-service-project-created, __consumer_offsets, team-service-invite-members) (kafka.controller.KafkaController)
[2025-03-09 02:34:41,243] INFO [Controller id=0] Fetching topic deletions in progress (kafka.controller.KafkaController)
[2025-03-09 02:34:41,246] INFO [Controller id=0] List of topics to be deleted:  (kafka.controller.KafkaController)
[2025-03-09 02:34:41,246] INFO [Controller id=0] List of topics ineligible for deletion:  (kafka.controller.KafkaController)
[2025-03-09 02:34:41,246] INFO [Controller id=0] Initializing topic deletion manager (kafka.controller.KafkaController)
[2025-03-09 02:34:41,246] INFO [Topic Deletion Manager 0] Initializing manager with initial deletions: Set(), initial ineligible deletions: HashSet() (kafka.controller.TopicDeletionManager)
[2025-03-09 02:34:41,247] INFO [Controller id=0] Sending update metadata request (kafka.controller.KafkaController)
[2025-03-09 02:34:41,256] INFO [ReplicaStateMachine controllerId=0] Initializing replica state (kafka.controller.ZkReplicaStateMachine)
[2025-03-09 02:34:41,257] INFO [ReplicaStateMachine controllerId=0] Triggering online replica state changes (kafka.controller.ZkReplicaStateMachine)
[2025-03-09 02:34:41,261] INFO [RequestSendThread controllerId=0] Controller 0 connected to DESKTOP-8GKE7FT:9092 (id: 0 rack: null) for sending state change requests (kafka.controller.RequestSendThread)
[2025-03-09 02:34:41,269] INFO [ReplicaStateMachine controllerId=0] Triggering offline replica state changes (kafka.controller.ZkReplicaStateMachine)
[2025-03-09 02:34:41,269] DEBUG [ReplicaStateMachine controllerId=0] Started replica state machine with initial state -> HashMap([Topic=__consumer_offsets,Partition=40,Replica=0] -> OnlineReplica, [Topic=__consumer_offsets,Partition=27,Replica=0] -> OnlineReplica, [Topic=__consumer_offsets,Partition=49,Replica=0] -> OnlineReplica, [Topic=user-avatar-updated,Partition=0,Replica=0] -> OnlineReplica, [Topic=__consumer_offsets,Partition=47,Replica=0] -> OnlineReplica, [Topic=__consumer_offsets,Partition=3,Replica=0] -> OnlineReplica, [Topic=__consumer_offsets,Partition=18,Replica=0] -> OnlineReplica, [Topic=__consumer_offsets,Partition=44,Replica=0] -> OnlineReplica, [Topic=__consumer_offsets,Partition=8,Replica=0] -> OnlineReplica, [Topic=user-service-project-created,Partition=0,Replica=0] -> OnlineReplica, [Topic=__consumer_offsets,Partition=34,Replica=0] -> OnlineReplica, [Topic=__consumer_offsets,Partition=25,Replica=0] -> OnlineReplica, [Topic=user-service-invite-members,Partition=0,Replica=0] -> OnlineReplica, [Topic=__consumer_offsets,Partition=14,Replica=0] -> OnlineReplica, [Topic=__consumer_offsets,Partition=24,Replica=0] -> OnlineReplica, [Topic=__consumer_offsets,Partition=36,Replica=0] -> OnlineReplica, [Topic=__consumer_offsets,Partition=42,Replica=0] -> OnlineReplica, [Topic=__consumer_offsets,Partition=45,Replica=0] -> OnlineReplica, [Topic=__consumer_offsets,Partition=11,Replica=0] -> OnlineReplica, [Topic=__consumer_offsets,Partition=32,Replica=0] -> OnlineReplica, [Topic=__consumer_offsets,Partition=12,Replica=0] -> OnlineReplica, [Topic=__consumer_offsets,Partition=30,Replica=0] -> OnlineReplica, [Topic=__consumer_offsets,Partition=9,Replica=0] -> OnlineReplica, [Topic=__consumer_offsets,Partition=39,Replica=0] -> OnlineReplica, [Topic=__consumer_offsets,Partition=38,Replica=0] -> OnlineReplica, [Topic=__consumer_offsets,Partition=23,Replica=0] -> OnlineReplica, [Topic=__consumer_offsets,Partition=19,Replica=0] -> OnlineReplica, [Topic=__consumer_offsets,Partition=17,Replica=0] -> OnlineReplica, [Topic=__consumer_offsets,Partition=41,Replica=0] -> OnlineReplica, [Topic=__consumer_offsets,Partition=37,Replica=0] -> OnlineReplica, [Topic=__consumer_offsets,Partition=48,Replica=0] -> OnlineReplica, [Topic=__consumer_offsets,Partition=29,Replica=0] -> OnlineReplica, [Topic=team-service-invite-members,Partition=0,Replica=0] -> OnlineReplica, [Topic=__consumer_offsets,Partition=10,Replica=0] -> OnlineReplica, [Topic=__consumer_offsets,Partition=46,Replica=0] -> OnlineReplica, [Topic=__consumer_offsets,Partition=1,Replica=0] -> OnlineReplica, [Topic=team-service-topic,Partition=0,Replica=0] -> OnlineReplica, [Topic=__consumer_offsets,Partition=16,Replica=0] -> OnlineReplica, [Topic=__consumer_offsets,Partition=5,Replica=0] -> OnlineReplica, [Topic=file-upload,Partition=0,Replica=0] -> OnlineReplica, [Topic=__consumer_offsets,Partition=15,Replica=0] -> OnlineReplica, [Topic=__consumer_offsets,Partition=4,Replica=0] -> OnlineReplica, [Topic=__consumer_offsets,Partition=6,Replica=0] -> OnlineReplica, [Topic=__consumer_offsets,Partition=7,Replica=0] -> OnlineReplica, [Topic=__consumer_offsets,Partition=43,Replica=0] -> OnlineReplica, [Topic=__consumer_offsets,Partition=0,Replica=0] -> OnlineReplica, [Topic=__consumer_offsets,Partition=20,Replica=0] -> OnlineReplica, [Topic=__consumer_offsets,Partition=31,Replica=0] -> OnlineReplica, [Topic=__consumer_offsets,Partition=28,Replica=0] -> OnlineReplica, [Topic=__consumer_offsets,Partition=26,Replica=0] -> OnlineReplica, [Topic=__consumer_offsets,Partition=2,Replica=0] -> OnlineReplica, [Topic=__consumer_offsets,Partition=33,Replica=0] -> OnlineReplica, [Topic=__consumer_offsets,Partition=22,Replica=0] -> OnlineReplica, [Topic=__consumer_offsets,Partition=21,Replica=0] -> OnlineReplica, [Topic=__consumer_offsets,Partition=13,Replica=0] -> OnlineReplica, [Topic=__consumer_offsets,Partition=35,Replica=0] -> OnlineReplica) (kafka.controller.ZkReplicaStateMachine)
[2025-03-09 02:34:41,269] INFO [PartitionStateMachine controllerId=0] Initializing partition state (kafka.controller.ZkPartitionStateMachine)
[2025-03-09 02:34:41,270] INFO [PartitionStateMachine controllerId=0] Triggering online partition state changes (kafka.controller.ZkPartitionStateMachine)
[2025-03-09 02:34:41,272] DEBUG [PartitionStateMachine controllerId=0] Started partition state machine with initial state -> HashMap(__consumer_offsets-13 -> OnlinePartition, __consumer_offsets-46 -> OnlinePartition, __consumer_offsets-9 -> OnlinePartition, __consumer_offsets-42 -> OnlinePartition, __consumer_offsets-21 -> OnlinePartition, user-service-project-created-0 -> OnlinePartition, __consumer_offsets-17 -> OnlinePartition, __consumer_offsets-30 -> OnlinePartition, __consumer_offsets-26 -> OnlinePartition, __consumer_offsets-5 -> OnlinePartition, __consumer_offsets-38 -> OnlinePartition, __consumer_offsets-1 -> OnlinePartition, __consumer_offsets-34 -> OnlinePartition, __consumer_offsets-16 -> OnlinePartition, __consumer_offsets-45 -> OnlinePartition, team-service-topic-0 -> OnlinePartition, __consumer_offsets-12 -> OnlinePartition, __consumer_offsets-41 -> OnlinePartition, __consumer_offsets-24 -> OnlinePartition, team-service-invite-members-0 -> OnlinePartition, __consumer_offsets-20 -> OnlinePartition, __consumer_offsets-49 -> OnlinePartition, __consumer_offsets-0 -> OnlinePartition, __consumer_offsets-29 -> OnlinePartition, __consumer_offsets-25 -> OnlinePartition, __consumer_offsets-8 -> OnlinePartition, __consumer_offsets-37 -> OnlinePartition, __consumer_offsets-4 -> OnlinePartition, __consumer_offsets-33 -> OnlinePartition, __consumer_offsets-15 -> OnlinePartition, __consumer_offsets-48 -> OnlinePartition, file-upload-0 -> OnlinePartition, __consumer_offsets-11 -> OnlinePartition, __consumer_offsets-44 -> OnlinePartition, __consumer_offsets-23 -> OnlinePartition, __consumer_offsets-19 -> OnlinePartition, __consumer_offsets-32 -> OnlinePartition, __consumer_offsets-28 -> OnlinePartition, __consumer_offsets-7 -> OnlinePartition, __consumer_offsets-40 -> OnlinePartition, __consumer_offsets-3 -> OnlinePartition, __consumer_offsets-36 -> OnlinePartition, user-service-invite-members-0 -> OnlinePartition, __consumer_offsets-47 -> OnlinePartition, __consumer_offsets-14 -> OnlinePartition, __consumer_offsets-43 -> OnlinePartition, __consumer_offsets-10 -> OnlinePartition, __consumer_offsets-22 -> OnlinePartition, __consumer_offsets-18 -> OnlinePartition, __consumer_offsets-31 -> OnlinePartition, user-avatar-updated-0 -> OnlinePartition, __consumer_offsets-27 -> OnlinePartition, __consumer_offsets-39 -> OnlinePartition, __consumer_offsets-6 -> OnlinePartition, __consumer_offsets-35 -> OnlinePartition, __consumer_offsets-2 -> OnlinePartition) (kafka.controller.ZkPartitionStateMachine)
[2025-03-09 02:34:41,272] INFO [Controller id=0] Ready to serve as the new controller with epoch 10 (kafka.controller.KafkaController)
[2025-03-09 02:34:41,274] INFO [Controller id=0] Partitions undergoing preferred replica election:  (kafka.controller.KafkaController)
[2025-03-09 02:34:41,274] INFO [Controller id=0] Partitions that completed preferred replica election:  (kafka.controller.KafkaController)
[2025-03-09 02:34:41,274] INFO [Controller id=0] Skipping preferred replica election for partitions due to topic deletion:  (kafka.controller.KafkaController)
[2025-03-09 02:34:41,274] INFO [Controller id=0] Resuming preferred replica election for partitions:  (kafka.controller.KafkaController)
[2025-03-09 02:34:41,274] INFO [Controller id=0] Starting replica leader election (PREFERRED) for partitions  triggered by ZkTriggered (kafka.controller.KafkaController)
[2025-03-09 02:34:41,280] INFO [Controller id=0] Starting the controller scheduler (kafka.controller.KafkaController)
[2025-03-09 02:34:46,292] INFO [Controller id=0] Processing automatic preferred replica leader election (kafka.controller.KafkaController)
[2025-03-09 02:34:46,292] TRACE [Controller id=0] Checking need to trigger auto leader balancing (kafka.controller.KafkaController)
[2025-03-09 02:34:46,293] DEBUG [Controller id=0] Topics not in preferred replica for broker 0 HashMap() (kafka.controller.KafkaController)
[2025-03-09 02:34:46,293] TRACE [Controller id=0] Leader imbalance ratio for broker 0 is 0.0 (kafka.controller.KafkaController)
[2025-03-09 02:39:46,300] INFO [Controller id=0] Processing automatic preferred replica leader election (kafka.controller.KafkaController)
[2025-03-09 02:39:46,300] TRACE [Controller id=0] Checking need to trigger auto leader balancing (kafka.controller.KafkaController)
[2025-03-09 02:39:46,302] DEBUG [Controller id=0] Topics not in preferred replica for broker 0 HashMap() (kafka.controller.KafkaController)
[2025-03-09 02:39:46,302] TRACE [Controller id=0] Leader imbalance ratio for broker 0 is 0.0 (kafka.controller.KafkaController)
[2025-03-09 02:46:11,593] DEBUG [Controller id=0] Resigning (kafka.controller.KafkaController)
[2025-03-09 02:46:11,593] DEBUG [Controller id=0] Unregister BrokerModifications handler for Set(0) (kafka.controller.KafkaController)
[2025-03-09 02:46:11,595] INFO [PartitionStateMachine controllerId=0] Stopped partition state machine (kafka.controller.ZkPartitionStateMachine)
[2025-03-09 02:46:11,595] INFO [ReplicaStateMachine controllerId=0] Stopped replica state machine (kafka.controller.ZkReplicaStateMachine)
[2025-03-09 02:46:11,595] INFO [RequestSendThread controllerId=0] Shutting down (kafka.controller.RequestSendThread)
[2025-03-09 02:46:11,596] INFO [RequestSendThread controllerId=0] Stopped (kafka.controller.RequestSendThread)
[2025-03-09 02:46:11,596] INFO [RequestSendThread controllerId=0] Shutdown completed (kafka.controller.RequestSendThread)
[2025-03-09 02:46:11,607] INFO [Controller id=0] Resigned (kafka.controller.KafkaController)
[2025-03-09 02:46:11,633] INFO [Controller id=0] 0 successfully elected as the controller. Epoch incremented to 11 and epoch zk version is now 11 (kafka.controller.KafkaController)
[2025-03-09 02:46:11,636] INFO [Controller id=0] Registering handlers (kafka.controller.KafkaController)
[2025-03-09 02:46:11,642] INFO [Controller id=0] Deleting log dir event notifications (kafka.controller.KafkaController)
[2025-03-09 02:46:11,643] INFO [Controller id=0] Deleting isr change notifications (kafka.controller.KafkaController)
[2025-03-09 02:46:11,644] INFO [Controller id=0] Initializing controller context (kafka.controller.KafkaController)
[2025-03-09 02:46:11,648] INFO [Controller id=0] Initialized broker epochs cache: HashMap(0 -> 262) (kafka.controller.KafkaController)
[2025-03-09 02:46:11,659] DEBUG [Controller id=0] Register BrokerModifications handler for Set(0) (kafka.controller.KafkaController)
[2025-03-09 02:46:11,681] DEBUG [Channel manager on controller 0]: Controller 0 trying to connect to broker 0 (kafka.controller.ControllerChannelManager)
[2025-03-09 02:46:11,692] INFO [Controller id=0] Currently active brokers in the cluster: Set(0) (kafka.controller.KafkaController)
[2025-03-09 02:46:11,692] INFO [Controller id=0] Currently shutting brokers in the cluster: HashSet() (kafka.controller.KafkaController)
[2025-03-09 02:46:11,692] INFO [Controller id=0] Current list of topics in the cluster: HashSet(user-service-invite-members, file-upload, user-avatar-updated, team-service-topic, user-service-project-created, __consumer_offsets, team-service-invite-members) (kafka.controller.KafkaController)
[2025-03-09 02:46:11,692] INFO [Controller id=0] Fetching topic deletions in progress (kafka.controller.KafkaController)
[2025-03-09 02:46:11,692] INFO [RequestSendThread controllerId=0] Starting (kafka.controller.RequestSendThread)
[2025-03-09 02:46:11,694] INFO [Controller id=0] List of topics to be deleted:  (kafka.controller.KafkaController)
[2025-03-09 02:46:11,694] INFO [Controller id=0] List of topics ineligible for deletion:  (kafka.controller.KafkaController)
[2025-03-09 02:46:11,694] INFO [Controller id=0] Initializing topic deletion manager (kafka.controller.KafkaController)
[2025-03-09 02:46:11,694] INFO [Topic Deletion Manager 0] Initializing manager with initial deletions: Set(), initial ineligible deletions: HashSet() (kafka.controller.TopicDeletionManager)
[2025-03-09 02:46:11,695] INFO [Controller id=0] Sending update metadata request (kafka.controller.KafkaController)
[2025-03-09 02:46:11,695] INFO [ReplicaStateMachine controllerId=0] Initializing replica state (kafka.controller.ZkReplicaStateMachine)
[2025-03-09 02:46:11,695] INFO [ReplicaStateMachine controllerId=0] Triggering online replica state changes (kafka.controller.ZkReplicaStateMachine)
[2025-03-09 02:46:11,697] INFO [RequestSendThread controllerId=0] Controller 0 connected to DESKTOP-8GKE7FT:9092 (id: 0 rack: null) for sending state change requests (kafka.controller.RequestSendThread)
[2025-03-09 02:46:11,699] INFO [ReplicaStateMachine controllerId=0] Triggering offline replica state changes (kafka.controller.ZkReplicaStateMachine)
[2025-03-09 02:46:11,700] DEBUG [ReplicaStateMachine controllerId=0] Started replica state machine with initial state -> HashMap([Topic=__consumer_offsets,Partition=40,Replica=0] -> OnlineReplica, [Topic=__consumer_offsets,Partition=27,Replica=0] -> OnlineReplica, [Topic=__consumer_offsets,Partition=49,Replica=0] -> OnlineReplica, [Topic=user-avatar-updated,Partition=0,Replica=0] -> OnlineReplica, [Topic=__consumer_offsets,Partition=47,Replica=0] -> OnlineReplica, [Topic=__consumer_offsets,Partition=3,Replica=0] -> OnlineReplica, [Topic=__consumer_offsets,Partition=18,Replica=0] -> OnlineReplica, [Topic=__consumer_offsets,Partition=44,Replica=0] -> OnlineReplica, [Topic=__consumer_offsets,Partition=8,Replica=0] -> OnlineReplica, [Topic=user-service-project-created,Partition=0,Replica=0] -> OnlineReplica, [Topic=__consumer_offsets,Partition=34,Replica=0] -> OnlineReplica, [Topic=__consumer_offsets,Partition=25,Replica=0] -> OnlineReplica, [Topic=user-service-invite-members,Partition=0,Replica=0] -> OnlineReplica, [Topic=__consumer_offsets,Partition=14,Replica=0] -> OnlineReplica, [Topic=__consumer_offsets,Partition=24,Replica=0] -> OnlineReplica, [Topic=__consumer_offsets,Partition=36,Replica=0] -> OnlineReplica, [Topic=__consumer_offsets,Partition=42,Replica=0] -> OnlineReplica, [Topic=__consumer_offsets,Partition=45,Replica=0] -> OnlineReplica, [Topic=__consumer_offsets,Partition=11,Replica=0] -> OnlineReplica, [Topic=__consumer_offsets,Partition=32,Replica=0] -> OnlineReplica, [Topic=__consumer_offsets,Partition=12,Replica=0] -> OnlineReplica, [Topic=__consumer_offsets,Partition=30,Replica=0] -> OnlineReplica, [Topic=__consumer_offsets,Partition=9,Replica=0] -> OnlineReplica, [Topic=__consumer_offsets,Partition=39,Replica=0] -> OnlineReplica, [Topic=__consumer_offsets,Partition=38,Replica=0] -> OnlineReplica, [Topic=__consumer_offsets,Partition=23,Replica=0] -> OnlineReplica, [Topic=__consumer_offsets,Partition=19,Replica=0] -> OnlineReplica, [Topic=__consumer_offsets,Partition=17,Replica=0] -> OnlineReplica, [Topic=__consumer_offsets,Partition=41,Replica=0] -> OnlineReplica, [Topic=__consumer_offsets,Partition=37,Replica=0] -> OnlineReplica, [Topic=__consumer_offsets,Partition=48,Replica=0] -> OnlineReplica, [Topic=__consumer_offsets,Partition=29,Replica=0] -> OnlineReplica, [Topic=team-service-invite-members,Partition=0,Replica=0] -> OnlineReplica, [Topic=__consumer_offsets,Partition=10,Replica=0] -> OnlineReplica, [Topic=__consumer_offsets,Partition=46,Replica=0] -> OnlineReplica, [Topic=__consumer_offsets,Partition=1,Replica=0] -> OnlineReplica, [Topic=team-service-topic,Partition=0,Replica=0] -> OnlineReplica, [Topic=__consumer_offsets,Partition=16,Replica=0] -> OnlineReplica, [Topic=__consumer_offsets,Partition=5,Replica=0] -> OnlineReplica, [Topic=file-upload,Partition=0,Replica=0] -> OnlineReplica, [Topic=__consumer_offsets,Partition=15,Replica=0] -> OnlineReplica, [Topic=__consumer_offsets,Partition=4,Replica=0] -> OnlineReplica, [Topic=__consumer_offsets,Partition=6,Replica=0] -> OnlineReplica, [Topic=__consumer_offsets,Partition=7,Replica=0] -> OnlineReplica, [Topic=__consumer_offsets,Partition=43,Replica=0] -> OnlineReplica, [Topic=__consumer_offsets,Partition=0,Replica=0] -> OnlineReplica, [Topic=__consumer_offsets,Partition=20,Replica=0] -> OnlineReplica, [Topic=__consumer_offsets,Partition=31,Replica=0] -> OnlineReplica, [Topic=__consumer_offsets,Partition=28,Replica=0] -> OnlineReplica, [Topic=__consumer_offsets,Partition=26,Replica=0] -> OnlineReplica, [Topic=__consumer_offsets,Partition=2,Replica=0] -> OnlineReplica, [Topic=__consumer_offsets,Partition=33,Replica=0] -> OnlineReplica, [Topic=__consumer_offsets,Partition=22,Replica=0] -> OnlineReplica, [Topic=__consumer_offsets,Partition=21,Replica=0] -> OnlineReplica, [Topic=__consumer_offsets,Partition=13,Replica=0] -> OnlineReplica, [Topic=__consumer_offsets,Partition=35,Replica=0] -> OnlineReplica) (kafka.controller.ZkReplicaStateMachine)
[2025-03-09 02:46:11,700] INFO [PartitionStateMachine controllerId=0] Initializing partition state (kafka.controller.ZkPartitionStateMachine)
[2025-03-09 02:46:11,700] INFO [PartitionStateMachine controllerId=0] Triggering online partition state changes (kafka.controller.ZkPartitionStateMachine)
[2025-03-09 02:46:11,700] DEBUG [PartitionStateMachine controllerId=0] Started partition state machine with initial state -> HashMap(__consumer_offsets-13 -> OnlinePartition, __consumer_offsets-46 -> OnlinePartition, __consumer_offsets-9 -> OnlinePartition, __consumer_offsets-42 -> OnlinePartition, __consumer_offsets-21 -> OnlinePartition, user-service-project-created-0 -> OnlinePartition, __consumer_offsets-17 -> OnlinePartition, __consumer_offsets-30 -> OnlinePartition, __consumer_offsets-26 -> OnlinePartition, __consumer_offsets-5 -> OnlinePartition, __consumer_offsets-38 -> OnlinePartition, __consumer_offsets-1 -> OnlinePartition, __consumer_offsets-34 -> OnlinePartition, __consumer_offsets-16 -> OnlinePartition, __consumer_offsets-45 -> OnlinePartition, team-service-topic-0 -> OnlinePartition, __consumer_offsets-12 -> OnlinePartition, __consumer_offsets-41 -> OnlinePartition, __consumer_offsets-24 -> OnlinePartition, team-service-invite-members-0 -> OnlinePartition, __consumer_offsets-20 -> OnlinePartition, __consumer_offsets-49 -> OnlinePartition, __consumer_offsets-0 -> OnlinePartition, __consumer_offsets-29 -> OnlinePartition, __consumer_offsets-25 -> OnlinePartition, __consumer_offsets-8 -> OnlinePartition, __consumer_offsets-37 -> OnlinePartition, __consumer_offsets-4 -> OnlinePartition, __consumer_offsets-33 -> OnlinePartition, __consumer_offsets-15 -> OnlinePartition, __consumer_offsets-48 -> OnlinePartition, file-upload-0 -> OnlinePartition, __consumer_offsets-11 -> OnlinePartition, __consumer_offsets-44 -> OnlinePartition, __consumer_offsets-23 -> OnlinePartition, __consumer_offsets-19 -> OnlinePartition, __consumer_offsets-32 -> OnlinePartition, __consumer_offsets-28 -> OnlinePartition, __consumer_offsets-7 -> OnlinePartition, __consumer_offsets-40 -> OnlinePartition, __consumer_offsets-3 -> OnlinePartition, __consumer_offsets-36 -> OnlinePartition, user-service-invite-members-0 -> OnlinePartition, __consumer_offsets-47 -> OnlinePartition, __consumer_offsets-14 -> OnlinePartition, __consumer_offsets-43 -> OnlinePartition, __consumer_offsets-10 -> OnlinePartition, __consumer_offsets-22 -> OnlinePartition, __consumer_offsets-18 -> OnlinePartition, __consumer_offsets-31 -> OnlinePartition, user-avatar-updated-0 -> OnlinePartition, __consumer_offsets-27 -> OnlinePartition, __consumer_offsets-39 -> OnlinePartition, __consumer_offsets-6 -> OnlinePartition, __consumer_offsets-35 -> OnlinePartition, __consumer_offsets-2 -> OnlinePartition) (kafka.controller.ZkPartitionStateMachine)
[2025-03-09 02:46:11,700] INFO [Controller id=0] Ready to serve as the new controller with epoch 11 (kafka.controller.KafkaController)
[2025-03-09 02:46:11,703] INFO [Controller id=0] Partitions undergoing preferred replica election:  (kafka.controller.KafkaController)
[2025-03-09 02:46:11,703] INFO [Controller id=0] Partitions that completed preferred replica election:  (kafka.controller.KafkaController)
[2025-03-09 02:46:11,703] INFO [Controller id=0] Skipping preferred replica election for partitions due to topic deletion:  (kafka.controller.KafkaController)
[2025-03-09 02:46:11,703] INFO [Controller id=0] Resuming preferred replica election for partitions:  (kafka.controller.KafkaController)
[2025-03-09 02:46:11,703] INFO [Controller id=0] Starting replica leader election (PREFERRED) for partitions  triggered by ZkTriggered (kafka.controller.KafkaController)
[2025-03-09 02:46:11,707] INFO [Controller id=0] Starting the controller scheduler (kafka.controller.KafkaController)
[2025-03-09 02:46:16,719] INFO [Controller id=0] Processing automatic preferred replica leader election (kafka.controller.KafkaController)
[2025-03-09 02:46:16,719] TRACE [Controller id=0] Checking need to trigger auto leader balancing (kafka.controller.KafkaController)
[2025-03-09 02:46:16,719] DEBUG [Controller id=0] Topics not in preferred replica for broker 0 HashMap() (kafka.controller.KafkaController)
[2025-03-09 02:46:16,719] TRACE [Controller id=0] Leader imbalance ratio for broker 0 is 0.0 (kafka.controller.KafkaController)
[2025-03-09 02:51:16,732] INFO [Controller id=0] Processing automatic preferred replica leader election (kafka.controller.KafkaController)
[2025-03-09 02:51:16,732] TRACE [Controller id=0] Checking need to trigger auto leader balancing (kafka.controller.KafkaController)
[2025-03-09 02:51:16,734] DEBUG [Controller id=0] Topics not in preferred replica for broker 0 HashMap() (kafka.controller.KafkaController)
[2025-03-09 02:51:16,734] TRACE [Controller id=0] Leader imbalance ratio for broker 0 is 0.0 (kafka.controller.KafkaController)
[2025-03-09 02:56:16,740] INFO [Controller id=0] Processing automatic preferred replica leader election (kafka.controller.KafkaController)
[2025-03-09 02:56:16,740] TRACE [Controller id=0] Checking need to trigger auto leader balancing (kafka.controller.KafkaController)
[2025-03-09 02:56:16,741] DEBUG [Controller id=0] Topics not in preferred replica for broker 0 HashMap() (kafka.controller.KafkaController)
[2025-03-09 02:56:16,741] TRACE [Controller id=0] Leader imbalance ratio for broker 0 is 0.0 (kafka.controller.KafkaController)
[2025-03-09 03:01:16,756] INFO [Controller id=0] Processing automatic preferred replica leader election (kafka.controller.KafkaController)
[2025-03-09 03:01:16,784] TRACE [Controller id=0] Checking need to trigger auto leader balancing (kafka.controller.KafkaController)
[2025-03-09 03:01:16,788] DEBUG [Controller id=0] Topics not in preferred replica for broker 0 HashMap() (kafka.controller.KafkaController)
[2025-03-09 03:01:16,788] TRACE [Controller id=0] Leader imbalance ratio for broker 0 is 0.0 (kafka.controller.KafkaController)
[2025-03-09 03:09:25,921] DEBUG [Controller id=0] Resigning (kafka.controller.KafkaController)
[2025-03-09 03:09:25,922] DEBUG [Controller id=0] Unregister BrokerModifications handler for Set(0) (kafka.controller.KafkaController)
[2025-03-09 03:09:25,922] INFO [PartitionStateMachine controllerId=0] Stopped partition state machine (kafka.controller.ZkPartitionStateMachine)
[2025-03-09 03:09:25,922] INFO [ReplicaStateMachine controllerId=0] Stopped replica state machine (kafka.controller.ZkReplicaStateMachine)
[2025-03-09 03:09:25,922] INFO [RequestSendThread controllerId=0] Shutting down (kafka.controller.RequestSendThread)
[2025-03-09 03:09:25,922] INFO [RequestSendThread controllerId=0] Stopped (kafka.controller.RequestSendThread)
[2025-03-09 03:09:25,922] INFO [RequestSendThread controllerId=0] Shutdown completed (kafka.controller.RequestSendThread)
[2025-03-09 03:09:25,929] INFO [Controller id=0] Resigned (kafka.controller.KafkaController)
[2025-03-09 03:09:25,968] INFO [Controller id=0] 0 successfully elected as the controller. Epoch incremented to 12 and epoch zk version is now 12 (kafka.controller.KafkaController)
[2025-03-09 03:09:25,969] INFO [Controller id=0] Registering handlers (kafka.controller.KafkaController)
[2025-03-09 03:09:25,971] INFO [Controller id=0] Deleting log dir event notifications (kafka.controller.KafkaController)
[2025-03-09 03:09:25,972] INFO [Controller id=0] Deleting isr change notifications (kafka.controller.KafkaController)
[2025-03-09 03:09:25,973] INFO [Controller id=0] Initializing controller context (kafka.controller.KafkaController)
[2025-03-09 03:09:25,977] INFO [Controller id=0] Initialized broker epochs cache: HashMap(0 -> 267) (kafka.controller.KafkaController)
[2025-03-09 03:09:25,985] DEBUG [Controller id=0] Register BrokerModifications handler for Set(0) (kafka.controller.KafkaController)
[2025-03-09 03:09:26,045] DEBUG [Channel manager on controller 0]: Controller 0 trying to connect to broker 0 (kafka.controller.ControllerChannelManager)
[2025-03-09 03:09:26,055] INFO [Controller id=0] Currently active brokers in the cluster: Set(0) (kafka.controller.KafkaController)
[2025-03-09 03:09:26,055] INFO [Controller id=0] Currently shutting brokers in the cluster: HashSet() (kafka.controller.KafkaController)
[2025-03-09 03:09:26,055] INFO [Controller id=0] Current list of topics in the cluster: HashSet(user-service-invite-members, file-upload, user-avatar-updated, team-service-topic, user-service-project-created, __consumer_offsets, team-service-invite-members) (kafka.controller.KafkaController)
[2025-03-09 03:09:26,055] INFO [RequestSendThread controllerId=0] Starting (kafka.controller.RequestSendThread)
[2025-03-09 03:09:26,055] INFO [Controller id=0] Fetching topic deletions in progress (kafka.controller.KafkaController)
[2025-03-09 03:09:26,057] INFO [Controller id=0] List of topics to be deleted:  (kafka.controller.KafkaController)
[2025-03-09 03:09:26,057] INFO [Controller id=0] List of topics ineligible for deletion:  (kafka.controller.KafkaController)
[2025-03-09 03:09:26,057] INFO [Controller id=0] Initializing topic deletion manager (kafka.controller.KafkaController)
[2025-03-09 03:09:26,057] INFO [Topic Deletion Manager 0] Initializing manager with initial deletions: Set(), initial ineligible deletions: HashSet() (kafka.controller.TopicDeletionManager)
[2025-03-09 03:09:26,057] INFO [Controller id=0] Sending update metadata request (kafka.controller.KafkaController)
[2025-03-09 03:09:26,062] INFO [ReplicaStateMachine controllerId=0] Initializing replica state (kafka.controller.ZkReplicaStateMachine)
[2025-03-09 03:09:26,062] INFO [ReplicaStateMachine controllerId=0] Triggering online replica state changes (kafka.controller.ZkReplicaStateMachine)
[2025-03-09 03:09:26,064] INFO [RequestSendThread controllerId=0] Controller 0 connected to DESKTOP-8GKE7FT:9092 (id: 0 rack: null) for sending state change requests (kafka.controller.RequestSendThread)
[2025-03-09 03:09:26,069] INFO [ReplicaStateMachine controllerId=0] Triggering offline replica state changes (kafka.controller.ZkReplicaStateMachine)
[2025-03-09 03:09:26,069] DEBUG [ReplicaStateMachine controllerId=0] Started replica state machine with initial state -> HashMap([Topic=__consumer_offsets,Partition=40,Replica=0] -> OnlineReplica, [Topic=__consumer_offsets,Partition=27,Replica=0] -> OnlineReplica, [Topic=__consumer_offsets,Partition=49,Replica=0] -> OnlineReplica, [Topic=user-avatar-updated,Partition=0,Replica=0] -> OnlineReplica, [Topic=__consumer_offsets,Partition=47,Replica=0] -> OnlineReplica, [Topic=__consumer_offsets,Partition=3,Replica=0] -> OnlineReplica, [Topic=__consumer_offsets,Partition=18,Replica=0] -> OnlineReplica, [Topic=__consumer_offsets,Partition=44,Replica=0] -> OnlineReplica, [Topic=__consumer_offsets,Partition=8,Replica=0] -> OnlineReplica, [Topic=user-service-project-created,Partition=0,Replica=0] -> OnlineReplica, [Topic=__consumer_offsets,Partition=34,Replica=0] -> OnlineReplica, [Topic=__consumer_offsets,Partition=25,Replica=0] -> OnlineReplica, [Topic=user-service-invite-members,Partition=0,Replica=0] -> OnlineReplica, [Topic=__consumer_offsets,Partition=14,Replica=0] -> OnlineReplica, [Topic=__consumer_offsets,Partition=24,Replica=0] -> OnlineReplica, [Topic=__consumer_offsets,Partition=36,Replica=0] -> OnlineReplica, [Topic=__consumer_offsets,Partition=42,Replica=0] -> OnlineReplica, [Topic=__consumer_offsets,Partition=45,Replica=0] -> OnlineReplica, [Topic=__consumer_offsets,Partition=11,Replica=0] -> OnlineReplica, [Topic=__consumer_offsets,Partition=32,Replica=0] -> OnlineReplica, [Topic=__consumer_offsets,Partition=12,Replica=0] -> OnlineReplica, [Topic=__consumer_offsets,Partition=30,Replica=0] -> OnlineReplica, [Topic=__consumer_offsets,Partition=9,Replica=0] -> OnlineReplica, [Topic=__consumer_offsets,Partition=39,Replica=0] -> OnlineReplica, [Topic=__consumer_offsets,Partition=38,Replica=0] -> OnlineReplica, [Topic=__consumer_offsets,Partition=23,Replica=0] -> OnlineReplica, [Topic=__consumer_offsets,Partition=19,Replica=0] -> OnlineReplica, [Topic=__consumer_offsets,Partition=17,Replica=0] -> OnlineReplica, [Topic=__consumer_offsets,Partition=41,Replica=0] -> OnlineReplica, [Topic=__consumer_offsets,Partition=37,Replica=0] -> OnlineReplica, [Topic=__consumer_offsets,Partition=48,Replica=0] -> OnlineReplica, [Topic=__consumer_offsets,Partition=29,Replica=0] -> OnlineReplica, [Topic=team-service-invite-members,Partition=0,Replica=0] -> OnlineReplica, [Topic=__consumer_offsets,Partition=10,Replica=0] -> OnlineReplica, [Topic=__consumer_offsets,Partition=46,Replica=0] -> OnlineReplica, [Topic=__consumer_offsets,Partition=1,Replica=0] -> OnlineReplica, [Topic=team-service-topic,Partition=0,Replica=0] -> OnlineReplica, [Topic=__consumer_offsets,Partition=16,Replica=0] -> OnlineReplica, [Topic=__consumer_offsets,Partition=5,Replica=0] -> OnlineReplica, [Topic=file-upload,Partition=0,Replica=0] -> OnlineReplica, [Topic=__consumer_offsets,Partition=15,Replica=0] -> OnlineReplica, [Topic=__consumer_offsets,Partition=4,Replica=0] -> OnlineReplica, [Topic=__consumer_offsets,Partition=6,Replica=0] -> OnlineReplica, [Topic=__consumer_offsets,Partition=7,Replica=0] -> OnlineReplica, [Topic=__consumer_offsets,Partition=43,Replica=0] -> OnlineReplica, [Topic=__consumer_offsets,Partition=0,Replica=0] -> OnlineReplica, [Topic=__consumer_offsets,Partition=20,Replica=0] -> OnlineReplica, [Topic=__consumer_offsets,Partition=31,Replica=0] -> OnlineReplica, [Topic=__consumer_offsets,Partition=28,Replica=0] -> OnlineReplica, [Topic=__consumer_offsets,Partition=26,Replica=0] -> OnlineReplica, [Topic=__consumer_offsets,Partition=2,Replica=0] -> OnlineReplica, [Topic=__consumer_offsets,Partition=33,Replica=0] -> OnlineReplica, [Topic=__consumer_offsets,Partition=22,Replica=0] -> OnlineReplica, [Topic=__consumer_offsets,Partition=21,Replica=0] -> OnlineReplica, [Topic=__consumer_offsets,Partition=13,Replica=0] -> OnlineReplica, [Topic=__consumer_offsets,Partition=35,Replica=0] -> OnlineReplica) (kafka.controller.ZkReplicaStateMachine)
[2025-03-09 03:09:26,069] INFO [PartitionStateMachine controllerId=0] Initializing partition state (kafka.controller.ZkPartitionStateMachine)
[2025-03-09 03:09:26,069] INFO [PartitionStateMachine controllerId=0] Triggering online partition state changes (kafka.controller.ZkPartitionStateMachine)
[2025-03-09 03:09:26,070] DEBUG [PartitionStateMachine controllerId=0] Started partition state machine with initial state -> HashMap(__consumer_offsets-13 -> OnlinePartition, __consumer_offsets-46 -> OnlinePartition, __consumer_offsets-9 -> OnlinePartition, __consumer_offsets-42 -> OnlinePartition, __consumer_offsets-21 -> OnlinePartition, user-service-project-created-0 -> OnlinePartition, __consumer_offsets-17 -> OnlinePartition, __consumer_offsets-30 -> OnlinePartition, __consumer_offsets-26 -> OnlinePartition, __consumer_offsets-5 -> OnlinePartition, __consumer_offsets-38 -> OnlinePartition, __consumer_offsets-1 -> OnlinePartition, __consumer_offsets-34 -> OnlinePartition, __consumer_offsets-16 -> OnlinePartition, __consumer_offsets-45 -> OnlinePartition, team-service-topic-0 -> OnlinePartition, __consumer_offsets-12 -> OnlinePartition, __consumer_offsets-41 -> OnlinePartition, __consumer_offsets-24 -> OnlinePartition, team-service-invite-members-0 -> OnlinePartition, __consumer_offsets-20 -> OnlinePartition, __consumer_offsets-49 -> OnlinePartition, __consumer_offsets-0 -> OnlinePartition, __consumer_offsets-29 -> OnlinePartition, __consumer_offsets-25 -> OnlinePartition, __consumer_offsets-8 -> OnlinePartition, __consumer_offsets-37 -> OnlinePartition, __consumer_offsets-4 -> OnlinePartition, __consumer_offsets-33 -> OnlinePartition, __consumer_offsets-15 -> OnlinePartition, __consumer_offsets-48 -> OnlinePartition, file-upload-0 -> OnlinePartition, __consumer_offsets-11 -> OnlinePartition, __consumer_offsets-44 -> OnlinePartition, __consumer_offsets-23 -> OnlinePartition, __consumer_offsets-19 -> OnlinePartition, __consumer_offsets-32 -> OnlinePartition, __consumer_offsets-28 -> OnlinePartition, __consumer_offsets-7 -> OnlinePartition, __consumer_offsets-40 -> OnlinePartition, __consumer_offsets-3 -> OnlinePartition, __consumer_offsets-36 -> OnlinePartition, user-service-invite-members-0 -> OnlinePartition, __consumer_offsets-47 -> OnlinePartition, __consumer_offsets-14 -> OnlinePartition, __consumer_offsets-43 -> OnlinePartition, __consumer_offsets-10 -> OnlinePartition, __consumer_offsets-22 -> OnlinePartition, __consumer_offsets-18 -> OnlinePartition, __consumer_offsets-31 -> OnlinePartition, user-avatar-updated-0 -> OnlinePartition, __consumer_offsets-27 -> OnlinePartition, __consumer_offsets-39 -> OnlinePartition, __consumer_offsets-6 -> OnlinePartition, __consumer_offsets-35 -> OnlinePartition, __consumer_offsets-2 -> OnlinePartition) (kafka.controller.ZkPartitionStateMachine)
[2025-03-09 03:09:26,070] INFO [Controller id=0] Ready to serve as the new controller with epoch 12 (kafka.controller.KafkaController)
[2025-03-09 03:09:26,074] INFO [Controller id=0] Partitions undergoing preferred replica election:  (kafka.controller.KafkaController)
[2025-03-09 03:09:26,074] INFO [Controller id=0] Partitions that completed preferred replica election:  (kafka.controller.KafkaController)
[2025-03-09 03:09:26,074] INFO [Controller id=0] Skipping preferred replica election for partitions due to topic deletion:  (kafka.controller.KafkaController)
[2025-03-09 03:09:26,074] INFO [Controller id=0] Resuming preferred replica election for partitions:  (kafka.controller.KafkaController)
[2025-03-09 03:09:26,074] INFO [Controller id=0] Starting replica leader election (PREFERRED) for partitions  triggered by ZkTriggered (kafka.controller.KafkaController)
[2025-03-09 03:09:26,078] INFO [Controller id=0] Starting the controller scheduler (kafka.controller.KafkaController)
[2025-03-09 03:09:31,087] INFO [Controller id=0] Processing automatic preferred replica leader election (kafka.controller.KafkaController)
[2025-03-09 03:09:31,087] TRACE [Controller id=0] Checking need to trigger auto leader balancing (kafka.controller.KafkaController)
[2025-03-09 03:09:31,087] DEBUG [Controller id=0] Topics not in preferred replica for broker 0 HashMap() (kafka.controller.KafkaController)
[2025-03-09 03:09:31,087] TRACE [Controller id=0] Leader imbalance ratio for broker 0 is 0.0 (kafka.controller.KafkaController)
[2025-03-09 03:14:31,098] INFO [Controller id=0] Processing automatic preferred replica leader election (kafka.controller.KafkaController)
[2025-03-09 03:14:31,098] TRACE [Controller id=0] Checking need to trigger auto leader balancing (kafka.controller.KafkaController)
[2025-03-09 03:14:31,100] DEBUG [Controller id=0] Topics not in preferred replica for broker 0 HashMap() (kafka.controller.KafkaController)
[2025-03-09 03:14:31,100] TRACE [Controller id=0] Leader imbalance ratio for broker 0 is 0.0 (kafka.controller.KafkaController)
[2025-03-09 03:19:31,124] INFO [Controller id=0] Processing automatic preferred replica leader election (kafka.controller.KafkaController)
[2025-03-09 03:19:31,125] TRACE [Controller id=0] Checking need to trigger auto leader balancing (kafka.controller.KafkaController)
[2025-03-09 03:19:31,129] DEBUG [Controller id=0] Topics not in preferred replica for broker 0 HashMap() (kafka.controller.KafkaController)
[2025-03-09 03:19:31,129] TRACE [Controller id=0] Leader imbalance ratio for broker 0 is 0.0 (kafka.controller.KafkaController)
[2025-03-09 03:24:31,140] INFO [Controller id=0] Processing automatic preferred replica leader election (kafka.controller.KafkaController)
[2025-03-09 03:24:31,141] TRACE [Controller id=0] Checking need to trigger auto leader balancing (kafka.controller.KafkaController)
[2025-03-09 03:24:31,142] DEBUG [Controller id=0] Topics not in preferred replica for broker 0 HashMap() (kafka.controller.KafkaController)
[2025-03-09 03:24:31,142] TRACE [Controller id=0] Leader imbalance ratio for broker 0 is 0.0 (kafka.controller.KafkaController)
[2025-03-09 03:29:31,155] INFO [Controller id=0] Processing automatic preferred replica leader election (kafka.controller.KafkaController)
[2025-03-09 03:29:31,156] TRACE [Controller id=0] Checking need to trigger auto leader balancing (kafka.controller.KafkaController)
[2025-03-09 03:29:31,157] DEBUG [Controller id=0] Topics not in preferred replica for broker 0 HashMap() (kafka.controller.KafkaController)
[2025-03-09 03:29:31,157] TRACE [Controller id=0] Leader imbalance ratio for broker 0 is 0.0 (kafka.controller.KafkaController)
[2025-03-09 03:34:31,162] INFO [Controller id=0] Processing automatic preferred replica leader election (kafka.controller.KafkaController)
[2025-03-09 03:34:31,162] TRACE [Controller id=0] Checking need to trigger auto leader balancing (kafka.controller.KafkaController)
[2025-03-09 03:34:31,164] DEBUG [Controller id=0] Topics not in preferred replica for broker 0 HashMap() (kafka.controller.KafkaController)
[2025-03-09 03:34:31,164] TRACE [Controller id=0] Leader imbalance ratio for broker 0 is 0.0 (kafka.controller.KafkaController)
[2025-03-09 03:39:31,170] INFO [Controller id=0] Processing automatic preferred replica leader election (kafka.controller.KafkaController)
[2025-03-09 03:39:31,171] TRACE [Controller id=0] Checking need to trigger auto leader balancing (kafka.controller.KafkaController)
[2025-03-09 03:39:31,172] DEBUG [Controller id=0] Topics not in preferred replica for broker 0 HashMap() (kafka.controller.KafkaController)
[2025-03-09 03:39:31,173] TRACE [Controller id=0] Leader imbalance ratio for broker 0 is 0.0 (kafka.controller.KafkaController)
[2025-03-09 03:44:31,187] INFO [Controller id=0] Processing automatic preferred replica leader election (kafka.controller.KafkaController)
[2025-03-09 03:44:31,187] TRACE [Controller id=0] Checking need to trigger auto leader balancing (kafka.controller.KafkaController)
[2025-03-09 03:44:31,189] DEBUG [Controller id=0] Topics not in preferred replica for broker 0 HashMap() (kafka.controller.KafkaController)
[2025-03-09 03:44:31,189] TRACE [Controller id=0] Leader imbalance ratio for broker 0 is 0.0 (kafka.controller.KafkaController)
[2025-03-24 01:53:51,021] INFO [ControllerEventThread controllerId=0] Starting (kafka.controller.ControllerEventManager$ControllerEventThread)
[2025-03-24 01:53:51,060] INFO [Controller id=0] 0 successfully elected as the controller. Epoch incremented to 13 and epoch zk version is now 13 (kafka.controller.KafkaController)
[2025-03-24 01:53:51,063] INFO [Controller id=0] Registering handlers (kafka.controller.KafkaController)
[2025-03-24 01:53:51,070] INFO [Controller id=0] Deleting log dir event notifications (kafka.controller.KafkaController)
[2025-03-24 01:53:51,075] INFO [Controller id=0] Deleting isr change notifications (kafka.controller.KafkaController)
[2025-03-24 01:53:51,079] INFO [Controller id=0] Initializing controller context (kafka.controller.KafkaController)
[2025-03-24 01:53:51,098] INFO [Controller id=0] Initialized broker epochs cache: HashMap(0 -> 286) (kafka.controller.KafkaController)
[2025-03-24 01:53:51,119] DEBUG [Controller id=0] Register BrokerModifications handler for Set(0) (kafka.controller.KafkaController)
[2025-03-24 01:53:51,174] DEBUG [Channel manager on controller 0]: Controller 0 trying to connect to broker 0 (kafka.controller.ControllerChannelManager)
[2025-03-24 01:53:51,183] INFO [RequestSendThread controllerId=0] Starting (kafka.controller.RequestSendThread)
[2025-03-24 01:53:51,185] INFO [Controller id=0] Currently active brokers in the cluster: Set(0) (kafka.controller.KafkaController)
[2025-03-24 01:53:51,185] INFO [Controller id=0] Currently shutting brokers in the cluster: HashSet() (kafka.controller.KafkaController)
[2025-03-24 01:53:51,185] INFO [Controller id=0] Current list of topics in the cluster: HashSet(user-service-invite-members, file-upload, user-avatar-updated, team-service-topic, user-service-project-created, __consumer_offsets, team-service-invite-members) (kafka.controller.KafkaController)
[2025-03-24 01:53:51,185] INFO [Controller id=0] Fetching topic deletions in progress (kafka.controller.KafkaController)
[2025-03-24 01:53:51,190] INFO [Controller id=0] List of topics to be deleted:  (kafka.controller.KafkaController)
[2025-03-24 01:53:51,191] INFO [Controller id=0] List of topics ineligible for deletion:  (kafka.controller.KafkaController)
[2025-03-24 01:53:51,191] INFO [Controller id=0] Initializing topic deletion manager (kafka.controller.KafkaController)
[2025-03-24 01:53:51,191] INFO [Topic Deletion Manager 0] Initializing manager with initial deletions: Set(), initial ineligible deletions: HashSet() (kafka.controller.TopicDeletionManager)
[2025-03-24 01:53:51,192] INFO [Controller id=0] Sending update metadata request (kafka.controller.KafkaController)
[2025-03-24 01:53:51,207] INFO [ReplicaStateMachine controllerId=0] Initializing replica state (kafka.controller.ZkReplicaStateMachine)
[2025-03-24 01:53:51,212] INFO [ReplicaStateMachine controllerId=0] Triggering online replica state changes (kafka.controller.ZkReplicaStateMachine)
[2025-03-24 01:53:51,248] INFO [ReplicaStateMachine controllerId=0] Triggering offline replica state changes (kafka.controller.ZkReplicaStateMachine)
[2025-03-24 01:53:51,249] DEBUG [ReplicaStateMachine controllerId=0] Started replica state machine with initial state -> HashMap([Topic=__consumer_offsets,Partition=40,Replica=0] -> OnlineReplica, [Topic=__consumer_offsets,Partition=27,Replica=0] -> OnlineReplica, [Topic=__consumer_offsets,Partition=49,Replica=0] -> OnlineReplica, [Topic=user-avatar-updated,Partition=0,Replica=0] -> OnlineReplica, [Topic=__consumer_offsets,Partition=47,Replica=0] -> OnlineReplica, [Topic=__consumer_offsets,Partition=3,Replica=0] -> OnlineReplica, [Topic=__consumer_offsets,Partition=18,Replica=0] -> OnlineReplica, [Topic=__consumer_offsets,Partition=44,Replica=0] -> OnlineReplica, [Topic=__consumer_offsets,Partition=8,Replica=0] -> OnlineReplica, [Topic=user-service-project-created,Partition=0,Replica=0] -> OnlineReplica, [Topic=__consumer_offsets,Partition=34,Replica=0] -> OnlineReplica, [Topic=__consumer_offsets,Partition=25,Replica=0] -> OnlineReplica, [Topic=user-service-invite-members,Partition=0,Replica=0] -> OnlineReplica, [Topic=__consumer_offsets,Partition=14,Replica=0] -> OnlineReplica, [Topic=__consumer_offsets,Partition=24,Replica=0] -> OnlineReplica, [Topic=__consumer_offsets,Partition=36,Replica=0] -> OnlineReplica, [Topic=__consumer_offsets,Partition=42,Replica=0] -> OnlineReplica, [Topic=__consumer_offsets,Partition=45,Replica=0] -> OnlineReplica, [Topic=__consumer_offsets,Partition=11,Replica=0] -> OnlineReplica, [Topic=__consumer_offsets,Partition=32,Replica=0] -> OnlineReplica, [Topic=__consumer_offsets,Partition=12,Replica=0] -> OnlineReplica, [Topic=__consumer_offsets,Partition=30,Replica=0] -> OnlineReplica, [Topic=__consumer_offsets,Partition=9,Replica=0] -> OnlineReplica, [Topic=__consumer_offsets,Partition=39,Replica=0] -> OnlineReplica, [Topic=__consumer_offsets,Partition=38,Replica=0] -> OnlineReplica, [Topic=__consumer_offsets,Partition=23,Replica=0] -> OnlineReplica, [Topic=__consumer_offsets,Partition=19,Replica=0] -> OnlineReplica, [Topic=__consumer_offsets,Partition=17,Replica=0] -> OnlineReplica, [Topic=__consumer_offsets,Partition=41,Replica=0] -> OnlineReplica, [Topic=__consumer_offsets,Partition=37,Replica=0] -> OnlineReplica, [Topic=__consumer_offsets,Partition=48,Replica=0] -> OnlineReplica, [Topic=__consumer_offsets,Partition=29,Replica=0] -> OnlineReplica, [Topic=team-service-invite-members,Partition=0,Replica=0] -> OnlineReplica, [Topic=__consumer_offsets,Partition=10,Replica=0] -> OnlineReplica, [Topic=__consumer_offsets,Partition=46,Replica=0] -> OnlineReplica, [Topic=__consumer_offsets,Partition=1,Replica=0] -> OnlineReplica, [Topic=team-service-topic,Partition=0,Replica=0] -> OnlineReplica, [Topic=__consumer_offsets,Partition=16,Replica=0] -> OnlineReplica, [Topic=__consumer_offsets,Partition=5,Replica=0] -> OnlineReplica, [Topic=file-upload,Partition=0,Replica=0] -> OnlineReplica, [Topic=__consumer_offsets,Partition=15,Replica=0] -> OnlineReplica, [Topic=__consumer_offsets,Partition=4,Replica=0] -> OnlineReplica, [Topic=__consumer_offsets,Partition=6,Replica=0] -> OnlineReplica, [Topic=__consumer_offsets,Partition=7,Replica=0] -> OnlineReplica, [Topic=__consumer_offsets,Partition=43,Replica=0] -> OnlineReplica, [Topic=__consumer_offsets,Partition=0,Replica=0] -> OnlineReplica, [Topic=__consumer_offsets,Partition=20,Replica=0] -> OnlineReplica, [Topic=__consumer_offsets,Partition=31,Replica=0] -> OnlineReplica, [Topic=__consumer_offsets,Partition=28,Replica=0] -> OnlineReplica, [Topic=__consumer_offsets,Partition=26,Replica=0] -> OnlineReplica, [Topic=__consumer_offsets,Partition=2,Replica=0] -> OnlineReplica, [Topic=__consumer_offsets,Partition=33,Replica=0] -> OnlineReplica, [Topic=__consumer_offsets,Partition=22,Replica=0] -> OnlineReplica, [Topic=__consumer_offsets,Partition=21,Replica=0] -> OnlineReplica, [Topic=__consumer_offsets,Partition=13,Replica=0] -> OnlineReplica, [Topic=__consumer_offsets,Partition=35,Replica=0] -> OnlineReplica) (kafka.controller.ZkReplicaStateMachine)
[2025-03-24 01:53:51,249] INFO [PartitionStateMachine controllerId=0] Initializing partition state (kafka.controller.ZkPartitionStateMachine)
[2025-03-24 01:53:51,253] INFO [PartitionStateMachine controllerId=0] Triggering online partition state changes (kafka.controller.ZkPartitionStateMachine)
[2025-03-24 01:53:51,255] DEBUG [PartitionStateMachine controllerId=0] Started partition state machine with initial state -> HashMap(__consumer_offsets-13 -> OnlinePartition, __consumer_offsets-46 -> OnlinePartition, __consumer_offsets-9 -> OnlinePartition, __consumer_offsets-42 -> OnlinePartition, __consumer_offsets-21 -> OnlinePartition, user-service-project-created-0 -> OnlinePartition, __consumer_offsets-17 -> OnlinePartition, __consumer_offsets-30 -> OnlinePartition, __consumer_offsets-26 -> OnlinePartition, __consumer_offsets-5 -> OnlinePartition, __consumer_offsets-38 -> OnlinePartition, __consumer_offsets-1 -> OnlinePartition, __consumer_offsets-34 -> OnlinePartition, __consumer_offsets-16 -> OnlinePartition, __consumer_offsets-45 -> OnlinePartition, team-service-topic-0 -> OnlinePartition, __consumer_offsets-12 -> OnlinePartition, __consumer_offsets-41 -> OnlinePartition, __consumer_offsets-24 -> OnlinePartition, team-service-invite-members-0 -> OnlinePartition, __consumer_offsets-20 -> OnlinePartition, __consumer_offsets-49 -> OnlinePartition, __consumer_offsets-0 -> OnlinePartition, __consumer_offsets-29 -> OnlinePartition, __consumer_offsets-25 -> OnlinePartition, __consumer_offsets-8 -> OnlinePartition, __consumer_offsets-37 -> OnlinePartition, __consumer_offsets-4 -> OnlinePartition, __consumer_offsets-33 -> OnlinePartition, __consumer_offsets-15 -> OnlinePartition, __consumer_offsets-48 -> OnlinePartition, file-upload-0 -> OnlinePartition, __consumer_offsets-11 -> OnlinePartition, __consumer_offsets-44 -> OnlinePartition, __consumer_offsets-23 -> OnlinePartition, __consumer_offsets-19 -> OnlinePartition, __consumer_offsets-32 -> OnlinePartition, __consumer_offsets-28 -> OnlinePartition, __consumer_offsets-7 -> OnlinePartition, __consumer_offsets-40 -> OnlinePartition, __consumer_offsets-3 -> OnlinePartition, __consumer_offsets-36 -> OnlinePartition, user-service-invite-members-0 -> OnlinePartition, __consumer_offsets-47 -> OnlinePartition, __consumer_offsets-14 -> OnlinePartition, __consumer_offsets-43 -> OnlinePartition, __consumer_offsets-10 -> OnlinePartition, __consumer_offsets-22 -> OnlinePartition, __consumer_offsets-18 -> OnlinePartition, __consumer_offsets-31 -> OnlinePartition, user-avatar-updated-0 -> OnlinePartition, __consumer_offsets-27 -> OnlinePartition, __consumer_offsets-39 -> OnlinePartition, __consumer_offsets-6 -> OnlinePartition, __consumer_offsets-35 -> OnlinePartition, __consumer_offsets-2 -> OnlinePartition) (kafka.controller.ZkPartitionStateMachine)
[2025-03-24 01:53:51,256] INFO [Controller id=0] Ready to serve as the new controller with epoch 13 (kafka.controller.KafkaController)
[2025-03-24 01:53:51,260] INFO [Controller id=0] Partitions undergoing preferred replica election:  (kafka.controller.KafkaController)
[2025-03-24 01:53:51,260] INFO [Controller id=0] Partitions that completed preferred replica election:  (kafka.controller.KafkaController)
[2025-03-24 01:53:51,261] INFO [Controller id=0] Skipping preferred replica election for partitions due to topic deletion:  (kafka.controller.KafkaController)
[2025-03-24 01:53:51,261] INFO [Controller id=0] Resuming preferred replica election for partitions:  (kafka.controller.KafkaController)
[2025-03-24 01:53:51,263] INFO [Controller id=0] Starting replica leader election (PREFERRED) for partitions  triggered by ZkTriggered (kafka.controller.KafkaController)
[2025-03-24 01:53:51,277] INFO [Controller id=0] Starting the controller scheduler (kafka.controller.KafkaController)
[2025-03-24 01:53:51,712] INFO [RequestSendThread controllerId=0] Controller 0 connected to DESKTOP-8GKE7FT:9092 (id: 0 rack: null) for sending state change requests (kafka.controller.RequestSendThread)
[2025-03-24 01:53:56,278] INFO [Controller id=0] Processing automatic preferred replica leader election (kafka.controller.KafkaController)
[2025-03-24 01:53:56,278] TRACE [Controller id=0] Checking need to trigger auto leader balancing (kafka.controller.KafkaController)
[2025-03-24 01:53:56,280] DEBUG [Controller id=0] Topics not in preferred replica for broker 0 HashMap() (kafka.controller.KafkaController)
[2025-03-24 01:53:56,281] TRACE [Controller id=0] Leader imbalance ratio for broker 0 is 0.0 (kafka.controller.KafkaController)
[2025-03-24 01:56:44,190] INFO [ControllerEventThread controllerId=0] Starting (kafka.controller.ControllerEventManager$ControllerEventThread)
[2025-03-24 01:56:44,217] INFO [Controller id=0] 0 successfully elected as the controller. Epoch incremented to 14 and epoch zk version is now 14 (kafka.controller.KafkaController)
[2025-03-24 01:56:44,220] INFO [Controller id=0] Registering handlers (kafka.controller.KafkaController)
[2025-03-24 01:56:44,223] INFO [Controller id=0] Deleting log dir event notifications (kafka.controller.KafkaController)
[2025-03-24 01:56:44,226] INFO [Controller id=0] Deleting isr change notifications (kafka.controller.KafkaController)
[2025-03-24 01:56:44,229] INFO [Controller id=0] Initializing controller context (kafka.controller.KafkaController)
[2025-03-24 01:56:44,247] INFO [Controller id=0] Initialized broker epochs cache: HashMap(0 -> 305) (kafka.controller.KafkaController)
[2025-03-24 01:56:44,278] DEBUG [Controller id=0] Register BrokerModifications handler for Set(0) (kafka.controller.KafkaController)
[2025-03-24 01:56:44,343] DEBUG [Channel manager on controller 0]: Controller 0 trying to connect to broker 0 (kafka.controller.ControllerChannelManager)
[2025-03-24 01:56:44,351] INFO [RequestSendThread controllerId=0] Starting (kafka.controller.RequestSendThread)
[2025-03-24 01:56:44,352] INFO [Controller id=0] Currently active brokers in the cluster: Set(0) (kafka.controller.KafkaController)
[2025-03-24 01:56:44,352] INFO [Controller id=0] Currently shutting brokers in the cluster: HashSet() (kafka.controller.KafkaController)
[2025-03-24 01:56:44,352] INFO [Controller id=0] Current list of topics in the cluster: HashSet(user-service-invite-members, file-upload, user-avatar-updated, team-service-topic, user-service-project-created, __consumer_offsets, team-service-invite-members) (kafka.controller.KafkaController)
[2025-03-24 01:56:44,353] INFO [Controller id=0] Fetching topic deletions in progress (kafka.controller.KafkaController)
[2025-03-24 01:56:44,359] INFO [Controller id=0] List of topics to be deleted:  (kafka.controller.KafkaController)
[2025-03-24 01:56:44,359] INFO [Controller id=0] List of topics ineligible for deletion:  (kafka.controller.KafkaController)
[2025-03-24 01:56:44,359] INFO [Controller id=0] Initializing topic deletion manager (kafka.controller.KafkaController)
[2025-03-24 01:56:44,360] INFO [Topic Deletion Manager 0] Initializing manager with initial deletions: Set(), initial ineligible deletions: HashSet() (kafka.controller.TopicDeletionManager)
[2025-03-24 01:56:44,361] INFO [Controller id=0] Sending update metadata request (kafka.controller.KafkaController)
[2025-03-24 01:56:44,374] INFO [ReplicaStateMachine controllerId=0] Initializing replica state (kafka.controller.ZkReplicaStateMachine)
[2025-03-24 01:56:44,380] INFO [ReplicaStateMachine controllerId=0] Triggering online replica state changes (kafka.controller.ZkReplicaStateMachine)
[2025-03-24 01:56:44,411] INFO [ReplicaStateMachine controllerId=0] Triggering offline replica state changes (kafka.controller.ZkReplicaStateMachine)
[2025-03-24 01:56:44,411] DEBUG [ReplicaStateMachine controllerId=0] Started replica state machine with initial state -> HashMap([Topic=__consumer_offsets,Partition=40,Replica=0] -> OnlineReplica, [Topic=__consumer_offsets,Partition=27,Replica=0] -> OnlineReplica, [Topic=__consumer_offsets,Partition=49,Replica=0] -> OnlineReplica, [Topic=user-avatar-updated,Partition=0,Replica=0] -> OnlineReplica, [Topic=__consumer_offsets,Partition=47,Replica=0] -> OnlineReplica, [Topic=__consumer_offsets,Partition=3,Replica=0] -> OnlineReplica, [Topic=__consumer_offsets,Partition=18,Replica=0] -> OnlineReplica, [Topic=__consumer_offsets,Partition=44,Replica=0] -> OnlineReplica, [Topic=__consumer_offsets,Partition=8,Replica=0] -> OnlineReplica, [Topic=user-service-project-created,Partition=0,Replica=0] -> OnlineReplica, [Topic=__consumer_offsets,Partition=34,Replica=0] -> OnlineReplica, [Topic=__consumer_offsets,Partition=25,Replica=0] -> OnlineReplica, [Topic=user-service-invite-members,Partition=0,Replica=0] -> OnlineReplica, [Topic=__consumer_offsets,Partition=14,Replica=0] -> OnlineReplica, [Topic=__consumer_offsets,Partition=24,Replica=0] -> OnlineReplica, [Topic=__consumer_offsets,Partition=36,Replica=0] -> OnlineReplica, [Topic=__consumer_offsets,Partition=42,Replica=0] -> OnlineReplica, [Topic=__consumer_offsets,Partition=45,Replica=0] -> OnlineReplica, [Topic=__consumer_offsets,Partition=11,Replica=0] -> OnlineReplica, [Topic=__consumer_offsets,Partition=32,Replica=0] -> OnlineReplica, [Topic=__consumer_offsets,Partition=12,Replica=0] -> OnlineReplica, [Topic=__consumer_offsets,Partition=30,Replica=0] -> OnlineReplica, [Topic=__consumer_offsets,Partition=9,Replica=0] -> OnlineReplica, [Topic=__consumer_offsets,Partition=39,Replica=0] -> OnlineReplica, [Topic=__consumer_offsets,Partition=38,Replica=0] -> OnlineReplica, [Topic=__consumer_offsets,Partition=23,Replica=0] -> OnlineReplica, [Topic=__consumer_offsets,Partition=19,Replica=0] -> OnlineReplica, [Topic=__consumer_offsets,Partition=17,Replica=0] -> OnlineReplica, [Topic=__consumer_offsets,Partition=41,Replica=0] -> OnlineReplica, [Topic=__consumer_offsets,Partition=37,Replica=0] -> OnlineReplica, [Topic=__consumer_offsets,Partition=48,Replica=0] -> OnlineReplica, [Topic=__consumer_offsets,Partition=29,Replica=0] -> OnlineReplica, [Topic=team-service-invite-members,Partition=0,Replica=0] -> OnlineReplica, [Topic=__consumer_offsets,Partition=10,Replica=0] -> OnlineReplica, [Topic=__consumer_offsets,Partition=46,Replica=0] -> OnlineReplica, [Topic=__consumer_offsets,Partition=1,Replica=0] -> OnlineReplica, [Topic=team-service-topic,Partition=0,Replica=0] -> OnlineReplica, [Topic=__consumer_offsets,Partition=16,Replica=0] -> OnlineReplica, [Topic=__consumer_offsets,Partition=5,Replica=0] -> OnlineReplica, [Topic=file-upload,Partition=0,Replica=0] -> OnlineReplica, [Topic=__consumer_offsets,Partition=15,Replica=0] -> OnlineReplica, [Topic=__consumer_offsets,Partition=4,Replica=0] -> OnlineReplica, [Topic=__consumer_offsets,Partition=6,Replica=0] -> OnlineReplica, [Topic=__consumer_offsets,Partition=7,Replica=0] -> OnlineReplica, [Topic=__consumer_offsets,Partition=43,Replica=0] -> OnlineReplica, [Topic=__consumer_offsets,Partition=0,Replica=0] -> OnlineReplica, [Topic=__consumer_offsets,Partition=20,Replica=0] -> OnlineReplica, [Topic=__consumer_offsets,Partition=31,Replica=0] -> OnlineReplica, [Topic=__consumer_offsets,Partition=28,Replica=0] -> OnlineReplica, [Topic=__consumer_offsets,Partition=26,Replica=0] -> OnlineReplica, [Topic=__consumer_offsets,Partition=2,Replica=0] -> OnlineReplica, [Topic=__consumer_offsets,Partition=33,Replica=0] -> OnlineReplica, [Topic=__consumer_offsets,Partition=22,Replica=0] -> OnlineReplica, [Topic=__consumer_offsets,Partition=21,Replica=0] -> OnlineReplica, [Topic=__consumer_offsets,Partition=13,Replica=0] -> OnlineReplica, [Topic=__consumer_offsets,Partition=35,Replica=0] -> OnlineReplica) (kafka.controller.ZkReplicaStateMachine)
[2025-03-24 01:56:44,412] INFO [PartitionStateMachine controllerId=0] Initializing partition state (kafka.controller.ZkPartitionStateMachine)
[2025-03-24 01:56:44,417] INFO [PartitionStateMachine controllerId=0] Triggering online partition state changes (kafka.controller.ZkPartitionStateMachine)
[2025-03-24 01:56:44,419] DEBUG [PartitionStateMachine controllerId=0] Started partition state machine with initial state -> HashMap(__consumer_offsets-13 -> OnlinePartition, __consumer_offsets-46 -> OnlinePartition, __consumer_offsets-9 -> OnlinePartition, __consumer_offsets-42 -> OnlinePartition, __consumer_offsets-21 -> OnlinePartition, user-service-project-created-0 -> OnlinePartition, __consumer_offsets-17 -> OnlinePartition, __consumer_offsets-30 -> OnlinePartition, __consumer_offsets-26 -> OnlinePartition, __consumer_offsets-5 -> OnlinePartition, __consumer_offsets-38 -> OnlinePartition, __consumer_offsets-1 -> OnlinePartition, __consumer_offsets-34 -> OnlinePartition, __consumer_offsets-16 -> OnlinePartition, __consumer_offsets-45 -> OnlinePartition, team-service-topic-0 -> OnlinePartition, __consumer_offsets-12 -> OnlinePartition, __consumer_offsets-41 -> OnlinePartition, __consumer_offsets-24 -> OnlinePartition, team-service-invite-members-0 -> OnlinePartition, __consumer_offsets-20 -> OnlinePartition, __consumer_offsets-49 -> OnlinePartition, __consumer_offsets-0 -> OnlinePartition, __consumer_offsets-29 -> OnlinePartition, __consumer_offsets-25 -> OnlinePartition, __consumer_offsets-8 -> OnlinePartition, __consumer_offsets-37 -> OnlinePartition, __consumer_offsets-4 -> OnlinePartition, __consumer_offsets-33 -> OnlinePartition, __consumer_offsets-15 -> OnlinePartition, __consumer_offsets-48 -> OnlinePartition, file-upload-0 -> OnlinePartition, __consumer_offsets-11 -> OnlinePartition, __consumer_offsets-44 -> OnlinePartition, __consumer_offsets-23 -> OnlinePartition, __consumer_offsets-19 -> OnlinePartition, __consumer_offsets-32 -> OnlinePartition, __consumer_offsets-28 -> OnlinePartition, __consumer_offsets-7 -> OnlinePartition, __consumer_offsets-40 -> OnlinePartition, __consumer_offsets-3 -> OnlinePartition, __consumer_offsets-36 -> OnlinePartition, user-service-invite-members-0 -> OnlinePartition, __consumer_offsets-47 -> OnlinePartition, __consumer_offsets-14 -> OnlinePartition, __consumer_offsets-43 -> OnlinePartition, __consumer_offsets-10 -> OnlinePartition, __consumer_offsets-22 -> OnlinePartition, __consumer_offsets-18 -> OnlinePartition, __consumer_offsets-31 -> OnlinePartition, user-avatar-updated-0 -> OnlinePartition, __consumer_offsets-27 -> OnlinePartition, __consumer_offsets-39 -> OnlinePartition, __consumer_offsets-6 -> OnlinePartition, __consumer_offsets-35 -> OnlinePartition, __consumer_offsets-2 -> OnlinePartition) (kafka.controller.ZkPartitionStateMachine)
[2025-03-24 01:56:44,420] INFO [Controller id=0] Ready to serve as the new controller with epoch 14 (kafka.controller.KafkaController)
[2025-03-24 01:56:44,427] INFO [Controller id=0] Partitions undergoing preferred replica election:  (kafka.controller.KafkaController)
[2025-03-24 01:56:44,427] INFO [Controller id=0] Partitions that completed preferred replica election:  (kafka.controller.KafkaController)
[2025-03-24 01:56:44,427] INFO [Controller id=0] Skipping preferred replica election for partitions due to topic deletion:  (kafka.controller.KafkaController)
[2025-03-24 01:56:44,428] INFO [Controller id=0] Resuming preferred replica election for partitions:  (kafka.controller.KafkaController)
[2025-03-24 01:56:44,428] INFO [Controller id=0] Starting replica leader election (PREFERRED) for partitions  triggered by ZkTriggered (kafka.controller.KafkaController)
[2025-03-24 01:56:44,439] INFO [Controller id=0] Starting the controller scheduler (kafka.controller.KafkaController)
[2025-03-24 01:56:44,889] INFO [RequestSendThread controllerId=0] Controller 0 connected to DESKTOP-8GKE7FT:9092 (id: 0 rack: null) for sending state change requests (kafka.controller.RequestSendThread)
[2025-03-24 01:56:49,445] INFO [Controller id=0] Processing automatic preferred replica leader election (kafka.controller.KafkaController)
[2025-03-24 01:56:49,445] TRACE [Controller id=0] Checking need to trigger auto leader balancing (kafka.controller.KafkaController)
[2025-03-24 01:56:49,448] DEBUG [Controller id=0] Topics not in preferred replica for broker 0 HashMap() (kafka.controller.KafkaController)
[2025-03-24 01:56:49,449] TRACE [Controller id=0] Leader imbalance ratio for broker 0 is 0.0 (kafka.controller.KafkaController)
[2025-03-24 01:57:51,071] INFO [ControllerEventThread controllerId=0] Starting (kafka.controller.ControllerEventManager$ControllerEventThread)
[2025-03-24 01:57:51,108] INFO [Controller id=0] 0 successfully elected as the controller. Epoch incremented to 15 and epoch zk version is now 15 (kafka.controller.KafkaController)
[2025-03-24 01:57:51,111] INFO [Controller id=0] Registering handlers (kafka.controller.KafkaController)
[2025-03-24 01:57:51,117] INFO [Controller id=0] Deleting log dir event notifications (kafka.controller.KafkaController)
[2025-03-24 01:57:51,121] INFO [Controller id=0] Deleting isr change notifications (kafka.controller.KafkaController)
[2025-03-24 01:57:51,129] INFO [Controller id=0] Initializing controller context (kafka.controller.KafkaController)
[2025-03-24 01:57:51,155] INFO [Controller id=0] Initialized broker epochs cache: HashMap(0 -> 324) (kafka.controller.KafkaController)
[2025-03-24 01:57:51,195] DEBUG [Controller id=0] Register BrokerModifications handler for Set(0) (kafka.controller.KafkaController)
[2025-03-24 01:57:51,247] DEBUG [Channel manager on controller 0]: Controller 0 trying to connect to broker 0 (kafka.controller.ControllerChannelManager)
[2025-03-24 01:57:51,256] INFO [RequestSendThread controllerId=0] Starting (kafka.controller.RequestSendThread)
[2025-03-24 01:57:51,257] INFO [Controller id=0] Currently active brokers in the cluster: Set(0) (kafka.controller.KafkaController)
[2025-03-24 01:57:51,258] INFO [Controller id=0] Currently shutting brokers in the cluster: HashSet() (kafka.controller.KafkaController)
[2025-03-24 01:57:51,258] INFO [Controller id=0] Current list of topics in the cluster: HashSet(user-service-invite-members, file-upload, user-avatar-updated, team-service-topic, user-service-project-created, __consumer_offsets, team-service-invite-members) (kafka.controller.KafkaController)
[2025-03-24 01:57:51,258] INFO [Controller id=0] Fetching topic deletions in progress (kafka.controller.KafkaController)
[2025-03-24 01:57:51,264] INFO [Controller id=0] List of topics to be deleted:  (kafka.controller.KafkaController)
[2025-03-24 01:57:51,264] INFO [Controller id=0] List of topics ineligible for deletion:  (kafka.controller.KafkaController)
[2025-03-24 01:57:51,264] INFO [Controller id=0] Initializing topic deletion manager (kafka.controller.KafkaController)
[2025-03-24 01:57:51,265] INFO [Topic Deletion Manager 0] Initializing manager with initial deletions: Set(), initial ineligible deletions: HashSet() (kafka.controller.TopicDeletionManager)
[2025-03-24 01:57:51,266] INFO [Controller id=0] Sending update metadata request (kafka.controller.KafkaController)
[2025-03-24 01:57:51,279] INFO [ReplicaStateMachine controllerId=0] Initializing replica state (kafka.controller.ZkReplicaStateMachine)
[2025-03-24 01:57:51,290] INFO [ReplicaStateMachine controllerId=0] Triggering online replica state changes (kafka.controller.ZkReplicaStateMachine)
[2025-03-24 01:57:51,337] INFO [ReplicaStateMachine controllerId=0] Triggering offline replica state changes (kafka.controller.ZkReplicaStateMachine)
[2025-03-24 01:57:51,337] DEBUG [ReplicaStateMachine controllerId=0] Started replica state machine with initial state -> HashMap([Topic=__consumer_offsets,Partition=40,Replica=0] -> OnlineReplica, [Topic=__consumer_offsets,Partition=27,Replica=0] -> OnlineReplica, [Topic=__consumer_offsets,Partition=49,Replica=0] -> OnlineReplica, [Topic=user-avatar-updated,Partition=0,Replica=0] -> OnlineReplica, [Topic=__consumer_offsets,Partition=47,Replica=0] -> OnlineReplica, [Topic=__consumer_offsets,Partition=3,Replica=0] -> OnlineReplica, [Topic=__consumer_offsets,Partition=18,Replica=0] -> OnlineReplica, [Topic=__consumer_offsets,Partition=44,Replica=0] -> OnlineReplica, [Topic=__consumer_offsets,Partition=8,Replica=0] -> OnlineReplica, [Topic=user-service-project-created,Partition=0,Replica=0] -> OnlineReplica, [Topic=__consumer_offsets,Partition=34,Replica=0] -> OnlineReplica, [Topic=__consumer_offsets,Partition=25,Replica=0] -> OnlineReplica, [Topic=user-service-invite-members,Partition=0,Replica=0] -> OnlineReplica, [Topic=__consumer_offsets,Partition=14,Replica=0] -> OnlineReplica, [Topic=__consumer_offsets,Partition=24,Replica=0] -> OnlineReplica, [Topic=__consumer_offsets,Partition=36,Replica=0] -> OnlineReplica, [Topic=__consumer_offsets,Partition=42,Replica=0] -> OnlineReplica, [Topic=__consumer_offsets,Partition=45,Replica=0] -> OnlineReplica, [Topic=__consumer_offsets,Partition=11,Replica=0] -> OnlineReplica, [Topic=__consumer_offsets,Partition=32,Replica=0] -> OnlineReplica, [Topic=__consumer_offsets,Partition=12,Replica=0] -> OnlineReplica, [Topic=__consumer_offsets,Partition=30,Replica=0] -> OnlineReplica, [Topic=__consumer_offsets,Partition=9,Replica=0] -> OnlineReplica, [Topic=__consumer_offsets,Partition=39,Replica=0] -> OnlineReplica, [Topic=__consumer_offsets,Partition=38,Replica=0] -> OnlineReplica, [Topic=__consumer_offsets,Partition=23,Replica=0] -> OnlineReplica, [Topic=__consumer_offsets,Partition=19,Replica=0] -> OnlineReplica, [Topic=__consumer_offsets,Partition=17,Replica=0] -> OnlineReplica, [Topic=__consumer_offsets,Partition=41,Replica=0] -> OnlineReplica, [Topic=__consumer_offsets,Partition=37,Replica=0] -> OnlineReplica, [Topic=__consumer_offsets,Partition=48,Replica=0] -> OnlineReplica, [Topic=__consumer_offsets,Partition=29,Replica=0] -> OnlineReplica, [Topic=team-service-invite-members,Partition=0,Replica=0] -> OnlineReplica, [Topic=__consumer_offsets,Partition=10,Replica=0] -> OnlineReplica, [Topic=__consumer_offsets,Partition=46,Replica=0] -> OnlineReplica, [Topic=__consumer_offsets,Partition=1,Replica=0] -> OnlineReplica, [Topic=team-service-topic,Partition=0,Replica=0] -> OnlineReplica, [Topic=__consumer_offsets,Partition=16,Replica=0] -> OnlineReplica, [Topic=__consumer_offsets,Partition=5,Replica=0] -> OnlineReplica, [Topic=file-upload,Partition=0,Replica=0] -> OnlineReplica, [Topic=__consumer_offsets,Partition=15,Replica=0] -> OnlineReplica, [Topic=__consumer_offsets,Partition=4,Replica=0] -> OnlineReplica, [Topic=__consumer_offsets,Partition=6,Replica=0] -> OnlineReplica, [Topic=__consumer_offsets,Partition=7,Replica=0] -> OnlineReplica, [Topic=__consumer_offsets,Partition=43,Replica=0] -> OnlineReplica, [Topic=__consumer_offsets,Partition=0,Replica=0] -> OnlineReplica, [Topic=__consumer_offsets,Partition=20,Replica=0] -> OnlineReplica, [Topic=__consumer_offsets,Partition=31,Replica=0] -> OnlineReplica, [Topic=__consumer_offsets,Partition=28,Replica=0] -> OnlineReplica, [Topic=__consumer_offsets,Partition=26,Replica=0] -> OnlineReplica, [Topic=__consumer_offsets,Partition=2,Replica=0] -> OnlineReplica, [Topic=__consumer_offsets,Partition=33,Replica=0] -> OnlineReplica, [Topic=__consumer_offsets,Partition=22,Replica=0] -> OnlineReplica, [Topic=__consumer_offsets,Partition=21,Replica=0] -> OnlineReplica, [Topic=__consumer_offsets,Partition=13,Replica=0] -> OnlineReplica, [Topic=__consumer_offsets,Partition=35,Replica=0] -> OnlineReplica) (kafka.controller.ZkReplicaStateMachine)
[2025-03-24 01:57:51,338] INFO [PartitionStateMachine controllerId=0] Initializing partition state (kafka.controller.ZkPartitionStateMachine)
[2025-03-24 01:57:51,344] INFO [PartitionStateMachine controllerId=0] Triggering online partition state changes (kafka.controller.ZkPartitionStateMachine)
[2025-03-24 01:57:51,346] DEBUG [PartitionStateMachine controllerId=0] Started partition state machine with initial state -> HashMap(__consumer_offsets-13 -> OnlinePartition, __consumer_offsets-46 -> OnlinePartition, __consumer_offsets-9 -> OnlinePartition, __consumer_offsets-42 -> OnlinePartition, __consumer_offsets-21 -> OnlinePartition, user-service-project-created-0 -> OnlinePartition, __consumer_offsets-17 -> OnlinePartition, __consumer_offsets-30 -> OnlinePartition, __consumer_offsets-26 -> OnlinePartition, __consumer_offsets-5 -> OnlinePartition, __consumer_offsets-38 -> OnlinePartition, __consumer_offsets-1 -> OnlinePartition, __consumer_offsets-34 -> OnlinePartition, __consumer_offsets-16 -> OnlinePartition, __consumer_offsets-45 -> OnlinePartition, team-service-topic-0 -> OnlinePartition, __consumer_offsets-12 -> OnlinePartition, __consumer_offsets-41 -> OnlinePartition, __consumer_offsets-24 -> OnlinePartition, team-service-invite-members-0 -> OnlinePartition, __consumer_offsets-20 -> OnlinePartition, __consumer_offsets-49 -> OnlinePartition, __consumer_offsets-0 -> OnlinePartition, __consumer_offsets-29 -> OnlinePartition, __consumer_offsets-25 -> OnlinePartition, __consumer_offsets-8 -> OnlinePartition, __consumer_offsets-37 -> OnlinePartition, __consumer_offsets-4 -> OnlinePartition, __consumer_offsets-33 -> OnlinePartition, __consumer_offsets-15 -> OnlinePartition, __consumer_offsets-48 -> OnlinePartition, file-upload-0 -> OnlinePartition, __consumer_offsets-11 -> OnlinePartition, __consumer_offsets-44 -> OnlinePartition, __consumer_offsets-23 -> OnlinePartition, __consumer_offsets-19 -> OnlinePartition, __consumer_offsets-32 -> OnlinePartition, __consumer_offsets-28 -> OnlinePartition, __consumer_offsets-7 -> OnlinePartition, __consumer_offsets-40 -> OnlinePartition, __consumer_offsets-3 -> OnlinePartition, __consumer_offsets-36 -> OnlinePartition, user-service-invite-members-0 -> OnlinePartition, __consumer_offsets-47 -> OnlinePartition, __consumer_offsets-14 -> OnlinePartition, __consumer_offsets-43 -> OnlinePartition, __consumer_offsets-10 -> OnlinePartition, __consumer_offsets-22 -> OnlinePartition, __consumer_offsets-18 -> OnlinePartition, __consumer_offsets-31 -> OnlinePartition, user-avatar-updated-0 -> OnlinePartition, __consumer_offsets-27 -> OnlinePartition, __consumer_offsets-39 -> OnlinePartition, __consumer_offsets-6 -> OnlinePartition, __consumer_offsets-35 -> OnlinePartition, __consumer_offsets-2 -> OnlinePartition) (kafka.controller.ZkPartitionStateMachine)
[2025-03-24 01:57:51,347] INFO [Controller id=0] Ready to serve as the new controller with epoch 15 (kafka.controller.KafkaController)
[2025-03-24 01:57:51,354] INFO [Controller id=0] Partitions undergoing preferred replica election:  (kafka.controller.KafkaController)
[2025-03-24 01:57:51,355] INFO [Controller id=0] Partitions that completed preferred replica election:  (kafka.controller.KafkaController)
[2025-03-24 01:57:51,355] INFO [Controller id=0] Skipping preferred replica election for partitions due to topic deletion:  (kafka.controller.KafkaController)
[2025-03-24 01:57:51,355] INFO [Controller id=0] Resuming preferred replica election for partitions:  (kafka.controller.KafkaController)
[2025-03-24 01:57:51,356] INFO [Controller id=0] Starting replica leader election (PREFERRED) for partitions  triggered by ZkTriggered (kafka.controller.KafkaController)
[2025-03-24 01:57:51,371] INFO [Controller id=0] Starting the controller scheduler (kafka.controller.KafkaController)
[2025-03-24 01:57:51,788] INFO [RequestSendThread controllerId=0] Controller 0 connected to DESKTOP-8GKE7FT:9092 (id: 0 rack: null) for sending state change requests (kafka.controller.RequestSendThread)
[2025-03-24 01:57:56,380] INFO [Controller id=0] Processing automatic preferred replica leader election (kafka.controller.KafkaController)
[2025-03-24 01:57:56,380] TRACE [Controller id=0] Checking need to trigger auto leader balancing (kafka.controller.KafkaController)
[2025-03-24 01:57:56,383] DEBUG [Controller id=0] Topics not in preferred replica for broker 0 HashMap() (kafka.controller.KafkaController)
[2025-03-24 01:57:56,384] TRACE [Controller id=0] Leader imbalance ratio for broker 0 is 0.0 (kafka.controller.KafkaController)
[2025-03-24 02:02:56,512] INFO [Controller id=0] Processing automatic preferred replica leader election (kafka.controller.KafkaController)
[2025-03-24 02:02:56,535] TRACE [Controller id=0] Checking need to trigger auto leader balancing (kafka.controller.KafkaController)
[2025-03-24 02:02:56,543] DEBUG [Controller id=0] Topics not in preferred replica for broker 0 HashMap() (kafka.controller.KafkaController)
[2025-03-24 02:02:56,544] TRACE [Controller id=0] Leader imbalance ratio for broker 0 is 0.0 (kafka.controller.KafkaController)
[2025-03-24 02:07:56,555] INFO [Controller id=0] Processing automatic preferred replica leader election (kafka.controller.KafkaController)
[2025-03-24 02:07:56,559] TRACE [Controller id=0] Checking need to trigger auto leader balancing (kafka.controller.KafkaController)
[2025-03-24 02:07:56,562] DEBUG [Controller id=0] Topics not in preferred replica for broker 0 HashMap() (kafka.controller.KafkaController)
[2025-03-24 02:07:56,562] TRACE [Controller id=0] Leader imbalance ratio for broker 0 is 0.0 (kafka.controller.KafkaController)
[2025-03-24 02:12:56,575] INFO [Controller id=0] Processing automatic preferred replica leader election (kafka.controller.KafkaController)
[2025-03-24 02:12:56,575] TRACE [Controller id=0] Checking need to trigger auto leader balancing (kafka.controller.KafkaController)
[2025-03-24 02:12:56,580] DEBUG [Controller id=0] Topics not in preferred replica for broker 0 HashMap() (kafka.controller.KafkaController)
[2025-03-24 02:12:56,580] TRACE [Controller id=0] Leader imbalance ratio for broker 0 is 0.0 (kafka.controller.KafkaController)
[2025-03-24 02:17:56,593] INFO [Controller id=0] Processing automatic preferred replica leader election (kafka.controller.KafkaController)
[2025-03-24 02:17:56,594] TRACE [Controller id=0] Checking need to trigger auto leader balancing (kafka.controller.KafkaController)
[2025-03-24 02:17:56,597] DEBUG [Controller id=0] Topics not in preferred replica for broker 0 HashMap() (kafka.controller.KafkaController)
[2025-03-24 02:17:56,597] TRACE [Controller id=0] Leader imbalance ratio for broker 0 is 0.0 (kafka.controller.KafkaController)
[2025-03-24 02:22:56,600] INFO [Controller id=0] Processing automatic preferred replica leader election (kafka.controller.KafkaController)
[2025-03-24 02:22:56,600] TRACE [Controller id=0] Checking need to trigger auto leader balancing (kafka.controller.KafkaController)
[2025-03-24 02:22:56,602] DEBUG [Controller id=0] Topics not in preferred replica for broker 0 HashMap() (kafka.controller.KafkaController)
[2025-03-24 02:22:56,602] TRACE [Controller id=0] Leader imbalance ratio for broker 0 is 0.0 (kafka.controller.KafkaController)
[2025-03-24 02:27:56,611] INFO [Controller id=0] Processing automatic preferred replica leader election (kafka.controller.KafkaController)
[2025-03-24 02:27:56,611] TRACE [Controller id=0] Checking need to trigger auto leader balancing (kafka.controller.KafkaController)
[2025-03-24 02:27:56,614] DEBUG [Controller id=0] Topics not in preferred replica for broker 0 HashMap() (kafka.controller.KafkaController)
[2025-03-24 02:27:56,614] TRACE [Controller id=0] Leader imbalance ratio for broker 0 is 0.0 (kafka.controller.KafkaController)
[2025-03-24 02:32:56,624] INFO [Controller id=0] Processing automatic preferred replica leader election (kafka.controller.KafkaController)
[2025-03-24 02:32:56,624] TRACE [Controller id=0] Checking need to trigger auto leader balancing (kafka.controller.KafkaController)
[2025-03-24 02:32:56,625] DEBUG [Controller id=0] Topics not in preferred replica for broker 0 HashMap() (kafka.controller.KafkaController)
[2025-03-24 02:32:56,625] TRACE [Controller id=0] Leader imbalance ratio for broker 0 is 0.0 (kafka.controller.KafkaController)
[2025-03-24 02:37:56,640] INFO [Controller id=0] Processing automatic preferred replica leader election (kafka.controller.KafkaController)
[2025-03-24 02:37:56,640] TRACE [Controller id=0] Checking need to trigger auto leader balancing (kafka.controller.KafkaController)
[2025-03-24 02:37:56,642] DEBUG [Controller id=0] Topics not in preferred replica for broker 0 HashMap() (kafka.controller.KafkaController)
[2025-03-24 02:37:56,643] TRACE [Controller id=0] Leader imbalance ratio for broker 0 is 0.0 (kafka.controller.KafkaController)
[2025-03-24 02:42:56,654] INFO [Controller id=0] Processing automatic preferred replica leader election (kafka.controller.KafkaController)
[2025-03-24 02:42:56,654] TRACE [Controller id=0] Checking need to trigger auto leader balancing (kafka.controller.KafkaController)
[2025-03-24 02:42:56,655] DEBUG [Controller id=0] Topics not in preferred replica for broker 0 HashMap() (kafka.controller.KafkaController)
[2025-03-24 02:42:56,655] TRACE [Controller id=0] Leader imbalance ratio for broker 0 is 0.0 (kafka.controller.KafkaController)
[2025-03-24 02:47:56,657] INFO [Controller id=0] Processing automatic preferred replica leader election (kafka.controller.KafkaController)
[2025-03-24 02:47:56,658] TRACE [Controller id=0] Checking need to trigger auto leader balancing (kafka.controller.KafkaController)
[2025-03-24 02:47:56,659] DEBUG [Controller id=0] Topics not in preferred replica for broker 0 HashMap() (kafka.controller.KafkaController)
[2025-03-24 02:47:56,659] TRACE [Controller id=0] Leader imbalance ratio for broker 0 is 0.0 (kafka.controller.KafkaController)
[2025-03-24 02:52:56,671] INFO [Controller id=0] Processing automatic preferred replica leader election (kafka.controller.KafkaController)
[2025-03-24 02:52:56,671] TRACE [Controller id=0] Checking need to trigger auto leader balancing (kafka.controller.KafkaController)
[2025-03-24 02:52:56,672] DEBUG [Controller id=0] Topics not in preferred replica for broker 0 HashMap() (kafka.controller.KafkaController)
[2025-03-24 02:52:56,672] TRACE [Controller id=0] Leader imbalance ratio for broker 0 is 0.0 (kafka.controller.KafkaController)
[2025-03-24 02:57:56,675] INFO [Controller id=0] Processing automatic preferred replica leader election (kafka.controller.KafkaController)
[2025-03-24 02:57:56,675] TRACE [Controller id=0] Checking need to trigger auto leader balancing (kafka.controller.KafkaController)
[2025-03-24 02:57:56,677] DEBUG [Controller id=0] Topics not in preferred replica for broker 0 HashMap() (kafka.controller.KafkaController)
[2025-03-24 02:57:56,677] TRACE [Controller id=0] Leader imbalance ratio for broker 0 is 0.0 (kafka.controller.KafkaController)
[2025-03-24 03:02:56,691] INFO [Controller id=0] Processing automatic preferred replica leader election (kafka.controller.KafkaController)
[2025-03-24 03:02:56,700] TRACE [Controller id=0] Checking need to trigger auto leader balancing (kafka.controller.KafkaController)
[2025-03-24 03:02:56,701] DEBUG [Controller id=0] Topics not in preferred replica for broker 0 HashMap() (kafka.controller.KafkaController)
[2025-03-24 03:02:56,701] TRACE [Controller id=0] Leader imbalance ratio for broker 0 is 0.0 (kafka.controller.KafkaController)
[2025-03-24 03:07:56,710] INFO [Controller id=0] Processing automatic preferred replica leader election (kafka.controller.KafkaController)
[2025-03-24 03:07:56,710] TRACE [Controller id=0] Checking need to trigger auto leader balancing (kafka.controller.KafkaController)
[2025-03-24 03:07:56,711] DEBUG [Controller id=0] Topics not in preferred replica for broker 0 HashMap() (kafka.controller.KafkaController)
[2025-03-24 03:07:56,712] TRACE [Controller id=0] Leader imbalance ratio for broker 0 is 0.0 (kafka.controller.KafkaController)
[2025-03-24 03:12:56,715] INFO [Controller id=0] Processing automatic preferred replica leader election (kafka.controller.KafkaController)
[2025-03-24 03:12:56,715] TRACE [Controller id=0] Checking need to trigger auto leader balancing (kafka.controller.KafkaController)
[2025-03-24 03:12:56,716] DEBUG [Controller id=0] Topics not in preferred replica for broker 0 HashMap() (kafka.controller.KafkaController)
[2025-03-24 03:12:56,716] TRACE [Controller id=0] Leader imbalance ratio for broker 0 is 0.0 (kafka.controller.KafkaController)
[2025-03-24 03:17:56,732] INFO [Controller id=0] Processing automatic preferred replica leader election (kafka.controller.KafkaController)
[2025-03-24 03:17:56,732] TRACE [Controller id=0] Checking need to trigger auto leader balancing (kafka.controller.KafkaController)
[2025-03-24 03:17:56,734] DEBUG [Controller id=0] Topics not in preferred replica for broker 0 HashMap() (kafka.controller.KafkaController)
[2025-03-24 03:17:56,734] TRACE [Controller id=0] Leader imbalance ratio for broker 0 is 0.0 (kafka.controller.KafkaController)
[2025-03-24 03:22:56,741] INFO [Controller id=0] Processing automatic preferred replica leader election (kafka.controller.KafkaController)
[2025-03-24 03:22:56,742] TRACE [Controller id=0] Checking need to trigger auto leader balancing (kafka.controller.KafkaController)
[2025-03-24 03:22:56,743] DEBUG [Controller id=0] Topics not in preferred replica for broker 0 HashMap() (kafka.controller.KafkaController)
[2025-03-24 03:22:56,744] TRACE [Controller id=0] Leader imbalance ratio for broker 0 is 0.0 (kafka.controller.KafkaController)
[2025-03-24 03:27:56,758] INFO [Controller id=0] Processing automatic preferred replica leader election (kafka.controller.KafkaController)
[2025-03-24 03:27:56,758] TRACE [Controller id=0] Checking need to trigger auto leader balancing (kafka.controller.KafkaController)
[2025-03-24 03:27:56,760] DEBUG [Controller id=0] Topics not in preferred replica for broker 0 HashMap() (kafka.controller.KafkaController)
[2025-03-24 03:27:56,760] TRACE [Controller id=0] Leader imbalance ratio for broker 0 is 0.0 (kafka.controller.KafkaController)
[2025-03-24 03:32:56,765] INFO [Controller id=0] Processing automatic preferred replica leader election (kafka.controller.KafkaController)
[2025-03-24 03:32:56,765] TRACE [Controller id=0] Checking need to trigger auto leader balancing (kafka.controller.KafkaController)
[2025-03-24 03:32:56,766] DEBUG [Controller id=0] Topics not in preferred replica for broker 0 HashMap() (kafka.controller.KafkaController)
[2025-03-24 03:32:56,766] TRACE [Controller id=0] Leader imbalance ratio for broker 0 is 0.0 (kafka.controller.KafkaController)
[2025-03-24 03:37:56,782] INFO [Controller id=0] Processing automatic preferred replica leader election (kafka.controller.KafkaController)
[2025-03-24 03:37:56,782] TRACE [Controller id=0] Checking need to trigger auto leader balancing (kafka.controller.KafkaController)
[2025-03-24 03:37:56,784] DEBUG [Controller id=0] Topics not in preferred replica for broker 0 HashMap() (kafka.controller.KafkaController)
[2025-03-24 03:37:56,785] TRACE [Controller id=0] Leader imbalance ratio for broker 0 is 0.0 (kafka.controller.KafkaController)
[2025-03-24 03:42:56,787] INFO [Controller id=0] Processing automatic preferred replica leader election (kafka.controller.KafkaController)
[2025-03-24 03:42:56,789] TRACE [Controller id=0] Checking need to trigger auto leader balancing (kafka.controller.KafkaController)
[2025-03-24 03:42:56,790] DEBUG [Controller id=0] Topics not in preferred replica for broker 0 HashMap() (kafka.controller.KafkaController)
[2025-03-24 03:42:56,790] TRACE [Controller id=0] Leader imbalance ratio for broker 0 is 0.0 (kafka.controller.KafkaController)
[2025-03-24 03:47:56,793] INFO [Controller id=0] Processing automatic preferred replica leader election (kafka.controller.KafkaController)
[2025-03-24 03:47:56,793] TRACE [Controller id=0] Checking need to trigger auto leader balancing (kafka.controller.KafkaController)
[2025-03-24 03:47:56,795] DEBUG [Controller id=0] Topics not in preferred replica for broker 0 HashMap() (kafka.controller.KafkaController)
[2025-03-24 03:47:56,795] TRACE [Controller id=0] Leader imbalance ratio for broker 0 is 0.0 (kafka.controller.KafkaController)
[2025-03-25 23:10:42,202] INFO [ControllerEventThread controllerId=0] Starting (kafka.controller.ControllerEventManager$ControllerEventThread)
[2025-03-25 23:10:42,247] INFO [Controller id=0] 0 successfully elected as the controller. Epoch incremented to 16 and epoch zk version is now 16 (kafka.controller.KafkaController)
[2025-03-25 23:10:42,251] INFO [Controller id=0] Registering handlers (kafka.controller.KafkaController)
[2025-03-25 23:10:42,259] INFO [Controller id=0] Deleting log dir event notifications (kafka.controller.KafkaController)
[2025-03-25 23:10:42,269] INFO [Controller id=0] Deleting isr change notifications (kafka.controller.KafkaController)
[2025-03-25 23:10:42,275] INFO [Controller id=0] Initializing controller context (kafka.controller.KafkaController)
[2025-03-25 23:10:42,315] INFO [Controller id=0] Initialized broker epochs cache: HashMap(0 -> 343) (kafka.controller.KafkaController)
[2025-03-25 23:10:42,360] DEBUG [Controller id=0] Register BrokerModifications handler for Set(0) (kafka.controller.KafkaController)
[2025-03-25 23:10:42,476] DEBUG [Channel manager on controller 0]: Controller 0 trying to connect to broker 0 (kafka.controller.ControllerChannelManager)
[2025-03-25 23:10:42,503] INFO [RequestSendThread controllerId=0] Starting (kafka.controller.RequestSendThread)
[2025-03-25 23:10:42,507] INFO [Controller id=0] Currently active brokers in the cluster: Set(0) (kafka.controller.KafkaController)
[2025-03-25 23:10:42,508] INFO [Controller id=0] Currently shutting brokers in the cluster: HashSet() (kafka.controller.KafkaController)
[2025-03-25 23:10:42,508] INFO [Controller id=0] Current list of topics in the cluster: HashSet(user-service-invite-members, file-upload, user-avatar-updated, team-service-topic, user-service-project-created, __consumer_offsets, team-service-invite-members) (kafka.controller.KafkaController)
[2025-03-25 23:10:42,509] INFO [Controller id=0] Fetching topic deletions in progress (kafka.controller.KafkaController)
[2025-03-25 23:10:42,524] INFO [Controller id=0] List of topics to be deleted:  (kafka.controller.KafkaController)
[2025-03-25 23:10:42,524] INFO [Controller id=0] List of topics ineligible for deletion:  (kafka.controller.KafkaController)
[2025-03-25 23:10:42,525] INFO [Controller id=0] Initializing topic deletion manager (kafka.controller.KafkaController)
[2025-03-25 23:10:42,526] INFO [Topic Deletion Manager 0] Initializing manager with initial deletions: Set(), initial ineligible deletions: HashSet() (kafka.controller.TopicDeletionManager)
[2025-03-25 23:10:42,535] INFO [Controller id=0] Sending update metadata request (kafka.controller.KafkaController)
[2025-03-25 23:10:42,578] INFO [ReplicaStateMachine controllerId=0] Initializing replica state (kafka.controller.ZkReplicaStateMachine)
[2025-03-25 23:10:42,631] INFO [ReplicaStateMachine controllerId=0] Triggering online replica state changes (kafka.controller.ZkReplicaStateMachine)
[2025-03-25 23:10:42,673] INFO [ReplicaStateMachine controllerId=0] Triggering offline replica state changes (kafka.controller.ZkReplicaStateMachine)
[2025-03-25 23:10:42,674] DEBUG [ReplicaStateMachine controllerId=0] Started replica state machine with initial state -> HashMap([Topic=__consumer_offsets,Partition=40,Replica=0] -> OnlineReplica, [Topic=__consumer_offsets,Partition=27,Replica=0] -> OnlineReplica, [Topic=__consumer_offsets,Partition=49,Replica=0] -> OnlineReplica, [Topic=user-avatar-updated,Partition=0,Replica=0] -> OnlineReplica, [Topic=__consumer_offsets,Partition=47,Replica=0] -> OnlineReplica, [Topic=__consumer_offsets,Partition=3,Replica=0] -> OnlineReplica, [Topic=__consumer_offsets,Partition=18,Replica=0] -> OnlineReplica, [Topic=__consumer_offsets,Partition=44,Replica=0] -> OnlineReplica, [Topic=__consumer_offsets,Partition=8,Replica=0] -> OnlineReplica, [Topic=user-service-project-created,Partition=0,Replica=0] -> OnlineReplica, [Topic=__consumer_offsets,Partition=34,Replica=0] -> OnlineReplica, [Topic=__consumer_offsets,Partition=25,Replica=0] -> OnlineReplica, [Topic=user-service-invite-members,Partition=0,Replica=0] -> OnlineReplica, [Topic=__consumer_offsets,Partition=14,Replica=0] -> OnlineReplica, [Topic=__consumer_offsets,Partition=24,Replica=0] -> OnlineReplica, [Topic=__consumer_offsets,Partition=36,Replica=0] -> OnlineReplica, [Topic=__consumer_offsets,Partition=42,Replica=0] -> OnlineReplica, [Topic=__consumer_offsets,Partition=45,Replica=0] -> OnlineReplica, [Topic=__consumer_offsets,Partition=11,Replica=0] -> OnlineReplica, [Topic=__consumer_offsets,Partition=32,Replica=0] -> OnlineReplica, [Topic=__consumer_offsets,Partition=12,Replica=0] -> OnlineReplica, [Topic=__consumer_offsets,Partition=30,Replica=0] -> OnlineReplica, [Topic=__consumer_offsets,Partition=9,Replica=0] -> OnlineReplica, [Topic=__consumer_offsets,Partition=39,Replica=0] -> OnlineReplica, [Topic=__consumer_offsets,Partition=38,Replica=0] -> OnlineReplica, [Topic=__consumer_offsets,Partition=23,Replica=0] -> OnlineReplica, [Topic=__consumer_offsets,Partition=19,Replica=0] -> OnlineReplica, [Topic=__consumer_offsets,Partition=17,Replica=0] -> OnlineReplica, [Topic=__consumer_offsets,Partition=41,Replica=0] -> OnlineReplica, [Topic=__consumer_offsets,Partition=37,Replica=0] -> OnlineReplica, [Topic=__consumer_offsets,Partition=48,Replica=0] -> OnlineReplica, [Topic=__consumer_offsets,Partition=29,Replica=0] -> OnlineReplica, [Topic=team-service-invite-members,Partition=0,Replica=0] -> OnlineReplica, [Topic=__consumer_offsets,Partition=10,Replica=0] -> OnlineReplica, [Topic=__consumer_offsets,Partition=46,Replica=0] -> OnlineReplica, [Topic=__consumer_offsets,Partition=1,Replica=0] -> OnlineReplica, [Topic=team-service-topic,Partition=0,Replica=0] -> OnlineReplica, [Topic=__consumer_offsets,Partition=16,Replica=0] -> OnlineReplica, [Topic=__consumer_offsets,Partition=5,Replica=0] -> OnlineReplica, [Topic=file-upload,Partition=0,Replica=0] -> OnlineReplica, [Topic=__consumer_offsets,Partition=15,Replica=0] -> OnlineReplica, [Topic=__consumer_offsets,Partition=4,Replica=0] -> OnlineReplica, [Topic=__consumer_offsets,Partition=6,Replica=0] -> OnlineReplica, [Topic=__consumer_offsets,Partition=7,Replica=0] -> OnlineReplica, [Topic=__consumer_offsets,Partition=43,Replica=0] -> OnlineReplica, [Topic=__consumer_offsets,Partition=0,Replica=0] -> OnlineReplica, [Topic=__consumer_offsets,Partition=20,Replica=0] -> OnlineReplica, [Topic=__consumer_offsets,Partition=31,Replica=0] -> OnlineReplica, [Topic=__consumer_offsets,Partition=28,Replica=0] -> OnlineReplica, [Topic=__consumer_offsets,Partition=26,Replica=0] -> OnlineReplica, [Topic=__consumer_offsets,Partition=2,Replica=0] -> OnlineReplica, [Topic=__consumer_offsets,Partition=33,Replica=0] -> OnlineReplica, [Topic=__consumer_offsets,Partition=22,Replica=0] -> OnlineReplica, [Topic=__consumer_offsets,Partition=21,Replica=0] -> OnlineReplica, [Topic=__consumer_offsets,Partition=13,Replica=0] -> OnlineReplica, [Topic=__consumer_offsets,Partition=35,Replica=0] -> OnlineReplica) (kafka.controller.ZkReplicaStateMachine)
[2025-03-25 23:10:42,674] INFO [PartitionStateMachine controllerId=0] Initializing partition state (kafka.controller.ZkPartitionStateMachine)
[2025-03-25 23:10:42,690] INFO [PartitionStateMachine controllerId=0] Triggering online partition state changes (kafka.controller.ZkPartitionStateMachine)
[2025-03-25 23:10:42,697] DEBUG [PartitionStateMachine controllerId=0] Started partition state machine with initial state -> HashMap(__consumer_offsets-13 -> OnlinePartition, __consumer_offsets-46 -> OnlinePartition, __consumer_offsets-9 -> OnlinePartition, __consumer_offsets-42 -> OnlinePartition, __consumer_offsets-21 -> OnlinePartition, user-service-project-created-0 -> OnlinePartition, __consumer_offsets-17 -> OnlinePartition, __consumer_offsets-30 -> OnlinePartition, __consumer_offsets-26 -> OnlinePartition, __consumer_offsets-5 -> OnlinePartition, __consumer_offsets-38 -> OnlinePartition, __consumer_offsets-1 -> OnlinePartition, __consumer_offsets-34 -> OnlinePartition, __consumer_offsets-16 -> OnlinePartition, __consumer_offsets-45 -> OnlinePartition, team-service-topic-0 -> OnlinePartition, __consumer_offsets-12 -> OnlinePartition, __consumer_offsets-41 -> OnlinePartition, __consumer_offsets-24 -> OnlinePartition, team-service-invite-members-0 -> OnlinePartition, __consumer_offsets-20 -> OnlinePartition, __consumer_offsets-49 -> OnlinePartition, __consumer_offsets-0 -> OnlinePartition, __consumer_offsets-29 -> OnlinePartition, __consumer_offsets-25 -> OnlinePartition, __consumer_offsets-8 -> OnlinePartition, __consumer_offsets-37 -> OnlinePartition, __consumer_offsets-4 -> OnlinePartition, __consumer_offsets-33 -> OnlinePartition, __consumer_offsets-15 -> OnlinePartition, __consumer_offsets-48 -> OnlinePartition, file-upload-0 -> OnlinePartition, __consumer_offsets-11 -> OnlinePartition, __consumer_offsets-44 -> OnlinePartition, __consumer_offsets-23 -> OnlinePartition, __consumer_offsets-19 -> OnlinePartition, __consumer_offsets-32 -> OnlinePartition, __consumer_offsets-28 -> OnlinePartition, __consumer_offsets-7 -> OnlinePartition, __consumer_offsets-40 -> OnlinePartition, __consumer_offsets-3 -> OnlinePartition, __consumer_offsets-36 -> OnlinePartition, user-service-invite-members-0 -> OnlinePartition, __consumer_offsets-47 -> OnlinePartition, __consumer_offsets-14 -> OnlinePartition, __consumer_offsets-43 -> OnlinePartition, __consumer_offsets-10 -> OnlinePartition, __consumer_offsets-22 -> OnlinePartition, __consumer_offsets-18 -> OnlinePartition, __consumer_offsets-31 -> OnlinePartition, user-avatar-updated-0 -> OnlinePartition, __consumer_offsets-27 -> OnlinePartition, __consumer_offsets-39 -> OnlinePartition, __consumer_offsets-6 -> OnlinePartition, __consumer_offsets-35 -> OnlinePartition, __consumer_offsets-2 -> OnlinePartition) (kafka.controller.ZkPartitionStateMachine)
[2025-03-25 23:10:42,698] INFO [Controller id=0] Ready to serve as the new controller with epoch 16 (kafka.controller.KafkaController)
[2025-03-25 23:10:42,705] INFO [Controller id=0] Partitions undergoing preferred replica election:  (kafka.controller.KafkaController)
[2025-03-25 23:10:42,706] INFO [Controller id=0] Partitions that completed preferred replica election:  (kafka.controller.KafkaController)
[2025-03-25 23:10:42,706] INFO [Controller id=0] Skipping preferred replica election for partitions due to topic deletion:  (kafka.controller.KafkaController)
[2025-03-25 23:10:42,707] INFO [Controller id=0] Resuming preferred replica election for partitions:  (kafka.controller.KafkaController)
[2025-03-25 23:10:42,710] INFO [Controller id=0] Starting replica leader election (PREFERRED) for partitions  triggered by ZkTriggered (kafka.controller.KafkaController)
[2025-03-25 23:10:42,732] INFO [Controller id=0] Starting the controller scheduler (kafka.controller.KafkaController)
[2025-03-25 23:10:43,085] INFO [RequestSendThread controllerId=0] Controller 0 connected to DESKTOP-8GKE7FT:9092 (id: 0 rack: null) for sending state change requests (kafka.controller.RequestSendThread)
[2025-03-25 23:10:47,741] INFO [Controller id=0] Processing automatic preferred replica leader election (kafka.controller.KafkaController)
[2025-03-25 23:10:47,741] TRACE [Controller id=0] Checking need to trigger auto leader balancing (kafka.controller.KafkaController)
[2025-03-25 23:10:47,752] DEBUG [Controller id=0] Topics not in preferred replica for broker 0 HashMap() (kafka.controller.KafkaController)
[2025-03-25 23:10:47,756] TRACE [Controller id=0] Leader imbalance ratio for broker 0 is 0.0 (kafka.controller.KafkaController)
[2025-03-25 23:15:47,789] INFO [Controller id=0] Processing automatic preferred replica leader election (kafka.controller.KafkaController)
[2025-03-25 23:15:47,794] TRACE [Controller id=0] Checking need to trigger auto leader balancing (kafka.controller.KafkaController)
[2025-03-25 23:15:47,820] DEBUG [Controller id=0] Topics not in preferred replica for broker 0 HashMap() (kafka.controller.KafkaController)
[2025-03-25 23:15:47,822] TRACE [Controller id=0] Leader imbalance ratio for broker 0 is 0.0 (kafka.controller.KafkaController)
[2025-03-25 23:20:36,662] INFO [Controller id=0] Shutting down broker 0 (kafka.controller.KafkaController)
[2025-03-25 23:20:36,663] DEBUG [Controller id=0] All shutting down brokers: 0 (kafka.controller.KafkaController)
[2025-03-25 23:20:36,664] DEBUG [Controller id=0] Live brokers:  (kafka.controller.KafkaController)
[2025-03-25 23:20:36,681] TRACE [Controller id=0] All leaders = __consumer_offsets-13 -> (Leader:0,ISR:0,LeaderRecoveryState:RECOVERED,LeaderEpoch:0,ZkVersion:0,ControllerEpoch:1),__consumer_offsets-46 -> (Leader:0,ISR:0,LeaderRecoveryState:RECOVERED,LeaderEpoch:0,ZkVersion:0,ControllerEpoch:1),__consumer_offsets-9 -> (Leader:0,ISR:0,LeaderRecoveryState:RECOVERED,LeaderEpoch:0,ZkVersion:0,ControllerEpoch:1),__consumer_offsets-42 -> (Leader:0,ISR:0,LeaderRecoveryState:RECOVERED,LeaderEpoch:0,ZkVersion:0,ControllerEpoch:1),__consumer_offsets-21 -> (Leader:0,ISR:0,LeaderRecoveryState:RECOVERED,LeaderEpoch:0,ZkVersion:0,ControllerEpoch:1),user-service-project-created-0 -> (Leader:0,ISR:0,LeaderRecoveryState:RECOVERED,LeaderEpoch:0,ZkVersion:0,ControllerEpoch:2),__consumer_offsets-17 -> (Leader:0,ISR:0,LeaderRecoveryState:RECOVERED,LeaderEpoch:0,ZkVersion:0,ControllerEpoch:1),__consumer_offsets-30 -> (Leader:0,ISR:0,LeaderRecoveryState:RECOVERED,LeaderEpoch:0,ZkVersion:0,ControllerEpoch:1),__consumer_offsets-26 -> (Leader:0,ISR:0,LeaderRecoveryState:RECOVERED,LeaderEpoch:0,ZkVersion:0,ControllerEpoch:1),__consumer_offsets-5 -> (Leader:0,ISR:0,LeaderRecoveryState:RECOVERED,LeaderEpoch:0,ZkVersion:0,ControllerEpoch:1),__consumer_offsets-38 -> (Leader:0,ISR:0,LeaderRecoveryState:RECOVERED,LeaderEpoch:0,ZkVersion:0,ControllerEpoch:1),__consumer_offsets-1 -> (Leader:0,ISR:0,LeaderRecoveryState:RECOVERED,LeaderEpoch:0,ZkVersion:0,ControllerEpoch:1),__consumer_offsets-34 -> (Leader:0,ISR:0,LeaderRecoveryState:RECOVERED,LeaderEpoch:0,ZkVersion:0,ControllerEpoch:1),__consumer_offsets-16 -> (Leader:0,ISR:0,LeaderRecoveryState:RECOVERED,LeaderEpoch:0,ZkVersion:0,ControllerEpoch:1),__consumer_offsets-45 -> (Leader:0,ISR:0,LeaderRecoveryState:RECOVERED,LeaderEpoch:0,ZkVersion:0,ControllerEpoch:1),team-service-topic-0 -> (Leader:0,ISR:0,LeaderRecoveryState:RECOVERED,LeaderEpoch:0,ZkVersion:0,ControllerEpoch:2),__consumer_offsets-12 -> (Leader:0,ISR:0,LeaderRecoveryState:RECOVERED,LeaderEpoch:0,ZkVersion:0,ControllerEpoch:1),__consumer_offsets-41 -> (Leader:0,ISR:0,LeaderRecoveryState:RECOVERED,LeaderEpoch:0,ZkVersion:0,ControllerEpoch:1),__consumer_offsets-24 -> (Leader:0,ISR:0,LeaderRecoveryState:RECOVERED,LeaderEpoch:0,ZkVersion:0,ControllerEpoch:1),team-service-invite-members-0 -> (Leader:0,ISR:0,LeaderRecoveryState:RECOVERED,LeaderEpoch:0,ZkVersion:0,ControllerEpoch:5),__consumer_offsets-20 -> (Leader:0,ISR:0,LeaderRecoveryState:RECOVERED,LeaderEpoch:0,ZkVersion:0,ControllerEpoch:1),__consumer_offsets-49 -> (Leader:0,ISR:0,LeaderRecoveryState:RECOVERED,LeaderEpoch:0,ZkVersion:0,ControllerEpoch:1),__consumer_offsets-0 -> (Leader:0,ISR:0,LeaderRecoveryState:RECOVERED,LeaderEpoch:0,ZkVersion:0,ControllerEpoch:1),__consumer_offsets-29 -> (Leader:0,ISR:0,LeaderRecoveryState:RECOVERED,LeaderEpoch:0,ZkVersion:0,ControllerEpoch:1),__consumer_offsets-25 -> (Leader:0,ISR:0,LeaderRecoveryState:RECOVERED,LeaderEpoch:0,ZkVersion:0,ControllerEpoch:1),__consumer_offsets-8 -> (Leader:0,ISR:0,LeaderRecoveryState:RECOVERED,LeaderEpoch:0,ZkVersion:0,ControllerEpoch:1),__consumer_offsets-37 -> (Leader:0,ISR:0,LeaderRecoveryState:RECOVERED,LeaderEpoch:0,ZkVersion:0,ControllerEpoch:1),__consumer_offsets-4 -> (Leader:0,ISR:0,LeaderRecoveryState:RECOVERED,LeaderEpoch:0,ZkVersion:0,ControllerEpoch:1),__consumer_offsets-33 -> (Leader:0,ISR:0,LeaderRecoveryState:RECOVERED,LeaderEpoch:0,ZkVersion:0,ControllerEpoch:1),__consumer_offsets-15 -> (Leader:0,ISR:0,LeaderRecoveryState:RECOVERED,LeaderEpoch:0,ZkVersion:0,ControllerEpoch:1),__consumer_offsets-48 -> (Leader:0,ISR:0,LeaderRecoveryState:RECOVERED,LeaderEpoch:0,ZkVersion:0,ControllerEpoch:1),file-upload-0 -> (Leader:0,ISR:0,LeaderRecoveryState:RECOVERED,LeaderEpoch:0,ZkVersion:0,ControllerEpoch:1),__consumer_offsets-11 -> (Leader:0,ISR:0,LeaderRecoveryState:RECOVERED,LeaderEpoch:0,ZkVersion:0,ControllerEpoch:1),__consumer_offsets-44 -> (Leader:0,ISR:0,LeaderRecoveryState:RECOVERED,LeaderEpoch:0,ZkVersion:0,ControllerEpoch:1),__consumer_offsets-23 -> (Leader:0,ISR:0,LeaderRecoveryState:RECOVERED,LeaderEpoch:0,ZkVersion:0,ControllerEpoch:1),__consumer_offsets-19 -> (Leader:0,ISR:0,LeaderRecoveryState:RECOVERED,LeaderEpoch:0,ZkVersion:0,ControllerEpoch:1),__consumer_offsets-32 -> (Leader:0,ISR:0,LeaderRecoveryState:RECOVERED,LeaderEpoch:0,ZkVersion:0,ControllerEpoch:1),__consumer_offsets-28 -> (Leader:0,ISR:0,LeaderRecoveryState:RECOVERED,LeaderEpoch:0,ZkVersion:0,ControllerEpoch:1),__consumer_offsets-7 -> (Leader:0,ISR:0,LeaderRecoveryState:RECOVERED,LeaderEpoch:0,ZkVersion:0,ControllerEpoch:1),__consumer_offsets-40 -> (Leader:0,ISR:0,LeaderRecoveryState:RECOVERED,LeaderEpoch:0,ZkVersion:0,ControllerEpoch:1),__consumer_offsets-3 -> (Leader:0,ISR:0,LeaderRecoveryState:RECOVERED,LeaderEpoch:0,ZkVersion:0,ControllerEpoch:1),__consumer_offsets-36 -> (Leader:0,ISR:0,LeaderRecoveryState:RECOVERED,LeaderEpoch:0,ZkVersion:0,ControllerEpoch:1),user-service-invite-members-0 -> (Leader:0,ISR:0,LeaderRecoveryState:RECOVERED,LeaderEpoch:0,ZkVersion:0,ControllerEpoch:5),__consumer_offsets-47 -> (Leader:0,ISR:0,LeaderRecoveryState:RECOVERED,LeaderEpoch:0,ZkVersion:0,ControllerEpoch:1),__consumer_offsets-14 -> (Leader:0,ISR:0,LeaderRecoveryState:RECOVERED,LeaderEpoch:0,ZkVersion:0,ControllerEpoch:1),__consumer_offsets-43 -> (Leader:0,ISR:0,LeaderRecoveryState:RECOVERED,LeaderEpoch:0,ZkVersion:0,ControllerEpoch:1),__consumer_offsets-10 -> (Leader:0,ISR:0,LeaderRecoveryState:RECOVERED,LeaderEpoch:0,ZkVersion:0,ControllerEpoch:1),__consumer_offsets-22 -> (Leader:0,ISR:0,LeaderRecoveryState:RECOVERED,LeaderEpoch:0,ZkVersion:0,ControllerEpoch:1),__consumer_offsets-18 -> (Leader:0,ISR:0,LeaderRecoveryState:RECOVERED,LeaderEpoch:0,ZkVersion:0,ControllerEpoch:1),__consumer_offsets-31 -> (Leader:0,ISR:0,LeaderRecoveryState:RECOVERED,LeaderEpoch:0,ZkVersion:0,ControllerEpoch:1),user-avatar-updated-0 -> (Leader:0,ISR:0,LeaderRecoveryState:RECOVERED,LeaderEpoch:0,ZkVersion:0,ControllerEpoch:1),__consumer_offsets-27 -> (Leader:0,ISR:0,LeaderRecoveryState:RECOVERED,LeaderEpoch:0,ZkVersion:0,ControllerEpoch:1),__consumer_offsets-39 -> (Leader:0,ISR:0,LeaderRecoveryState:RECOVERED,LeaderEpoch:0,ZkVersion:0,ControllerEpoch:1),__consumer_offsets-6 -> (Leader:0,ISR:0,LeaderRecoveryState:RECOVERED,LeaderEpoch:0,ZkVersion:0,ControllerEpoch:1),__consumer_offsets-35 -> (Leader:0,ISR:0,LeaderRecoveryState:RECOVERED,LeaderEpoch:0,ZkVersion:0,ControllerEpoch:1),__consumer_offsets-2 -> (Leader:0,ISR:0,LeaderRecoveryState:RECOVERED,LeaderEpoch:0,ZkVersion:0,ControllerEpoch:1) (kafka.controller.KafkaController)
[2025-03-25 23:20:37,366] INFO [ControllerEventThread controllerId=0] Shutting down (kafka.controller.ControllerEventManager$ControllerEventThread)
[2025-03-25 23:20:37,366] INFO [ControllerEventThread controllerId=0] Stopped (kafka.controller.ControllerEventManager$ControllerEventThread)
[2025-03-25 23:20:37,367] INFO [ControllerEventThread controllerId=0] Shutdown completed (kafka.controller.ControllerEventManager$ControllerEventThread)
[2025-03-25 23:20:37,367] DEBUG [Controller id=0] Resigning (kafka.controller.KafkaController)
[2025-03-25 23:20:37,368] DEBUG [Controller id=0] Unregister BrokerModifications handler for Set(0) (kafka.controller.KafkaController)
[2025-03-25 23:20:37,370] INFO [PartitionStateMachine controllerId=0] Stopped partition state machine (kafka.controller.ZkPartitionStateMachine)
[2025-03-25 23:20:37,371] INFO [ReplicaStateMachine controllerId=0] Stopped replica state machine (kafka.controller.ZkReplicaStateMachine)
[2025-03-25 23:20:37,372] INFO [RequestSendThread controllerId=0] Shutting down (kafka.controller.RequestSendThread)
[2025-03-25 23:20:37,372] INFO [RequestSendThread controllerId=0] Stopped (kafka.controller.RequestSendThread)
[2025-03-25 23:20:37,372] INFO [RequestSendThread controllerId=0] Shutdown completed (kafka.controller.RequestSendThread)
[2025-03-25 23:20:37,375] INFO [Controller id=0] Resigned (kafka.controller.KafkaController)
[2025-03-25 23:23:33,782] INFO [ControllerEventThread controllerId=0] Starting (kafka.controller.ControllerEventManager$ControllerEventThread)
[2025-03-25 23:23:33,860] INFO [Controller id=0] 0 successfully elected as the controller. Epoch incremented to 17 and epoch zk version is now 17 (kafka.controller.KafkaController)
[2025-03-25 23:23:33,867] INFO [Controller id=0] Registering handlers (kafka.controller.KafkaController)
[2025-03-25 23:23:33,878] INFO [Controller id=0] Deleting log dir event notifications (kafka.controller.KafkaController)
[2025-03-25 23:23:33,888] INFO [Controller id=0] Deleting isr change notifications (kafka.controller.KafkaController)
[2025-03-25 23:23:33,894] INFO [Controller id=0] Initializing controller context (kafka.controller.KafkaController)
[2025-03-25 23:23:33,924] INFO [Controller id=0] Initialized broker epochs cache: HashMap(0 -> 362) (kafka.controller.KafkaController)
[2025-03-25 23:23:33,977] DEBUG [Controller id=0] Register BrokerModifications handler for Set(0) (kafka.controller.KafkaController)
[2025-03-25 23:23:34,064] DEBUG [Channel manager on controller 0]: Controller 0 trying to connect to broker 0 (kafka.controller.ControllerChannelManager)
[2025-03-25 23:23:34,106] INFO [RequestSendThread controllerId=0] Starting (kafka.controller.RequestSendThread)
[2025-03-25 23:23:34,109] INFO [Controller id=0] Currently active brokers in the cluster: Set(0) (kafka.controller.KafkaController)
[2025-03-25 23:23:34,110] INFO [Controller id=0] Currently shutting brokers in the cluster: HashSet() (kafka.controller.KafkaController)
[2025-03-25 23:23:34,111] INFO [Controller id=0] Current list of topics in the cluster: HashSet(user-service-invite-members, file-upload, user-avatar-updated, team-service-topic, user-service-project-created, __consumer_offsets, team-service-invite-members) (kafka.controller.KafkaController)
[2025-03-25 23:23:34,111] INFO [Controller id=0] Fetching topic deletions in progress (kafka.controller.KafkaController)
[2025-03-25 23:23:34,118] INFO [Controller id=0] List of topics to be deleted:  (kafka.controller.KafkaController)
[2025-03-25 23:23:34,118] INFO [Controller id=0] List of topics ineligible for deletion:  (kafka.controller.KafkaController)
[2025-03-25 23:23:34,119] INFO [Controller id=0] Initializing topic deletion manager (kafka.controller.KafkaController)
[2025-03-25 23:23:34,119] INFO [Topic Deletion Manager 0] Initializing manager with initial deletions: Set(), initial ineligible deletions: HashSet() (kafka.controller.TopicDeletionManager)
[2025-03-25 23:23:34,121] INFO [Controller id=0] Sending update metadata request (kafka.controller.KafkaController)
[2025-03-25 23:23:34,135] INFO [ReplicaStateMachine controllerId=0] Initializing replica state (kafka.controller.ZkReplicaStateMachine)
[2025-03-25 23:23:34,146] INFO [ReplicaStateMachine controllerId=0] Triggering online replica state changes (kafka.controller.ZkReplicaStateMachine)
[2025-03-25 23:23:34,210] INFO [ReplicaStateMachine controllerId=0] Triggering offline replica state changes (kafka.controller.ZkReplicaStateMachine)
[2025-03-25 23:23:34,211] DEBUG [ReplicaStateMachine controllerId=0] Started replica state machine with initial state -> HashMap([Topic=__consumer_offsets,Partition=40,Replica=0] -> OnlineReplica, [Topic=__consumer_offsets,Partition=27,Replica=0] -> OnlineReplica, [Topic=__consumer_offsets,Partition=49,Replica=0] -> OnlineReplica, [Topic=user-avatar-updated,Partition=0,Replica=0] -> OnlineReplica, [Topic=__consumer_offsets,Partition=47,Replica=0] -> OnlineReplica, [Topic=__consumer_offsets,Partition=3,Replica=0] -> OnlineReplica, [Topic=__consumer_offsets,Partition=18,Replica=0] -> OnlineReplica, [Topic=__consumer_offsets,Partition=44,Replica=0] -> OnlineReplica, [Topic=__consumer_offsets,Partition=8,Replica=0] -> OnlineReplica, [Topic=user-service-project-created,Partition=0,Replica=0] -> OnlineReplica, [Topic=__consumer_offsets,Partition=34,Replica=0] -> OnlineReplica, [Topic=__consumer_offsets,Partition=25,Replica=0] -> OnlineReplica, [Topic=user-service-invite-members,Partition=0,Replica=0] -> OnlineReplica, [Topic=__consumer_offsets,Partition=14,Replica=0] -> OnlineReplica, [Topic=__consumer_offsets,Partition=24,Replica=0] -> OnlineReplica, [Topic=__consumer_offsets,Partition=36,Replica=0] -> OnlineReplica, [Topic=__consumer_offsets,Partition=42,Replica=0] -> OnlineReplica, [Topic=__consumer_offsets,Partition=45,Replica=0] -> OnlineReplica, [Topic=__consumer_offsets,Partition=11,Replica=0] -> OnlineReplica, [Topic=__consumer_offsets,Partition=32,Replica=0] -> OnlineReplica, [Topic=__consumer_offsets,Partition=12,Replica=0] -> OnlineReplica, [Topic=__consumer_offsets,Partition=30,Replica=0] -> OnlineReplica, [Topic=__consumer_offsets,Partition=9,Replica=0] -> OnlineReplica, [Topic=__consumer_offsets,Partition=39,Replica=0] -> OnlineReplica, [Topic=__consumer_offsets,Partition=38,Replica=0] -> OnlineReplica, [Topic=__consumer_offsets,Partition=23,Replica=0] -> OnlineReplica, [Topic=__consumer_offsets,Partition=19,Replica=0] -> OnlineReplica, [Topic=__consumer_offsets,Partition=17,Replica=0] -> OnlineReplica, [Topic=__consumer_offsets,Partition=41,Replica=0] -> OnlineReplica, [Topic=__consumer_offsets,Partition=37,Replica=0] -> OnlineReplica, [Topic=__consumer_offsets,Partition=48,Replica=0] -> OnlineReplica, [Topic=__consumer_offsets,Partition=29,Replica=0] -> OnlineReplica, [Topic=team-service-invite-members,Partition=0,Replica=0] -> OnlineReplica, [Topic=__consumer_offsets,Partition=10,Replica=0] -> OnlineReplica, [Topic=__consumer_offsets,Partition=46,Replica=0] -> OnlineReplica, [Topic=__consumer_offsets,Partition=1,Replica=0] -> OnlineReplica, [Topic=team-service-topic,Partition=0,Replica=0] -> OnlineReplica, [Topic=__consumer_offsets,Partition=16,Replica=0] -> OnlineReplica, [Topic=__consumer_offsets,Partition=5,Replica=0] -> OnlineReplica, [Topic=file-upload,Partition=0,Replica=0] -> OnlineReplica, [Topic=__consumer_offsets,Partition=15,Replica=0] -> OnlineReplica, [Topic=__consumer_offsets,Partition=4,Replica=0] -> OnlineReplica, [Topic=__consumer_offsets,Partition=6,Replica=0] -> OnlineReplica, [Topic=__consumer_offsets,Partition=7,Replica=0] -> OnlineReplica, [Topic=__consumer_offsets,Partition=43,Replica=0] -> OnlineReplica, [Topic=__consumer_offsets,Partition=0,Replica=0] -> OnlineReplica, [Topic=__consumer_offsets,Partition=20,Replica=0] -> OnlineReplica, [Topic=__consumer_offsets,Partition=31,Replica=0] -> OnlineReplica, [Topic=__consumer_offsets,Partition=28,Replica=0] -> OnlineReplica, [Topic=__consumer_offsets,Partition=26,Replica=0] -> OnlineReplica, [Topic=__consumer_offsets,Partition=2,Replica=0] -> OnlineReplica, [Topic=__consumer_offsets,Partition=33,Replica=0] -> OnlineReplica, [Topic=__consumer_offsets,Partition=22,Replica=0] -> OnlineReplica, [Topic=__consumer_offsets,Partition=21,Replica=0] -> OnlineReplica, [Topic=__consumer_offsets,Partition=13,Replica=0] -> OnlineReplica, [Topic=__consumer_offsets,Partition=35,Replica=0] -> OnlineReplica) (kafka.controller.ZkReplicaStateMachine)
[2025-03-25 23:23:34,213] INFO [PartitionStateMachine controllerId=0] Initializing partition state (kafka.controller.ZkPartitionStateMachine)
[2025-03-25 23:23:34,225] INFO [PartitionStateMachine controllerId=0] Triggering online partition state changes (kafka.controller.ZkPartitionStateMachine)
[2025-03-25 23:23:34,229] DEBUG [PartitionStateMachine controllerId=0] Started partition state machine with initial state -> HashMap(__consumer_offsets-13 -> OnlinePartition, __consumer_offsets-46 -> OnlinePartition, __consumer_offsets-9 -> OnlinePartition, __consumer_offsets-42 -> OnlinePartition, __consumer_offsets-21 -> OnlinePartition, user-service-project-created-0 -> OnlinePartition, __consumer_offsets-17 -> OnlinePartition, __consumer_offsets-30 -> OnlinePartition, __consumer_offsets-26 -> OnlinePartition, __consumer_offsets-5 -> OnlinePartition, __consumer_offsets-38 -> OnlinePartition, __consumer_offsets-1 -> OnlinePartition, __consumer_offsets-34 -> OnlinePartition, __consumer_offsets-16 -> OnlinePartition, __consumer_offsets-45 -> OnlinePartition, team-service-topic-0 -> OnlinePartition, __consumer_offsets-12 -> OnlinePartition, __consumer_offsets-41 -> OnlinePartition, __consumer_offsets-24 -> OnlinePartition, team-service-invite-members-0 -> OnlinePartition, __consumer_offsets-20 -> OnlinePartition, __consumer_offsets-49 -> OnlinePartition, __consumer_offsets-0 -> OnlinePartition, __consumer_offsets-29 -> OnlinePartition, __consumer_offsets-25 -> OnlinePartition, __consumer_offsets-8 -> OnlinePartition, __consumer_offsets-37 -> OnlinePartition, __consumer_offsets-4 -> OnlinePartition, __consumer_offsets-33 -> OnlinePartition, __consumer_offsets-15 -> OnlinePartition, __consumer_offsets-48 -> OnlinePartition, file-upload-0 -> OnlinePartition, __consumer_offsets-11 -> OnlinePartition, __consumer_offsets-44 -> OnlinePartition, __consumer_offsets-23 -> OnlinePartition, __consumer_offsets-19 -> OnlinePartition, __consumer_offsets-32 -> OnlinePartition, __consumer_offsets-28 -> OnlinePartition, __consumer_offsets-7 -> OnlinePartition, __consumer_offsets-40 -> OnlinePartition, __consumer_offsets-3 -> OnlinePartition, __consumer_offsets-36 -> OnlinePartition, user-service-invite-members-0 -> OnlinePartition, __consumer_offsets-47 -> OnlinePartition, __consumer_offsets-14 -> OnlinePartition, __consumer_offsets-43 -> OnlinePartition, __consumer_offsets-10 -> OnlinePartition, __consumer_offsets-22 -> OnlinePartition, __consumer_offsets-18 -> OnlinePartition, __consumer_offsets-31 -> OnlinePartition, user-avatar-updated-0 -> OnlinePartition, __consumer_offsets-27 -> OnlinePartition, __consumer_offsets-39 -> OnlinePartition, __consumer_offsets-6 -> OnlinePartition, __consumer_offsets-35 -> OnlinePartition, __consumer_offsets-2 -> OnlinePartition) (kafka.controller.ZkPartitionStateMachine)
[2025-03-25 23:23:34,230] INFO [Controller id=0] Ready to serve as the new controller with epoch 17 (kafka.controller.KafkaController)
[2025-03-25 23:23:34,237] INFO [Controller id=0] Partitions undergoing preferred replica election:  (kafka.controller.KafkaController)
[2025-03-25 23:23:34,238] INFO [Controller id=0] Partitions that completed preferred replica election:  (kafka.controller.KafkaController)
[2025-03-25 23:23:34,238] INFO [Controller id=0] Skipping preferred replica election for partitions due to topic deletion:  (kafka.controller.KafkaController)
[2025-03-25 23:23:34,239] INFO [Controller id=0] Resuming preferred replica election for partitions:  (kafka.controller.KafkaController)
[2025-03-25 23:23:34,241] INFO [Controller id=0] Starting replica leader election (PREFERRED) for partitions  triggered by ZkTriggered (kafka.controller.KafkaController)
[2025-03-25 23:23:34,257] INFO [Controller id=0] Starting the controller scheduler (kafka.controller.KafkaController)
[2025-03-25 23:23:34,639] INFO [RequestSendThread controllerId=0] Controller 0 connected to DESKTOP-8GKE7FT:9092 (id: 0 rack: null) for sending state change requests (kafka.controller.RequestSendThread)
[2025-03-25 23:23:39,261] INFO [Controller id=0] Processing automatic preferred replica leader election (kafka.controller.KafkaController)
[2025-03-25 23:23:39,262] TRACE [Controller id=0] Checking need to trigger auto leader balancing (kafka.controller.KafkaController)
[2025-03-25 23:23:39,277] DEBUG [Controller id=0] Topics not in preferred replica for broker 0 HashMap() (kafka.controller.KafkaController)
[2025-03-25 23:23:39,281] TRACE [Controller id=0] Leader imbalance ratio for broker 0 is 0.0 (kafka.controller.KafkaController)
[2025-03-25 23:28:39,281] INFO [Controller id=0] Processing automatic preferred replica leader election (kafka.controller.KafkaController)
[2025-03-25 23:28:39,282] TRACE [Controller id=0] Checking need to trigger auto leader balancing (kafka.controller.KafkaController)
[2025-03-25 23:28:39,286] DEBUG [Controller id=0] Topics not in preferred replica for broker 0 HashMap() (kafka.controller.KafkaController)
[2025-03-25 23:28:39,286] TRACE [Controller id=0] Leader imbalance ratio for broker 0 is 0.0 (kafka.controller.KafkaController)
[2025-03-25 23:33:39,290] INFO [Controller id=0] Processing automatic preferred replica leader election (kafka.controller.KafkaController)
[2025-03-25 23:33:39,290] TRACE [Controller id=0] Checking need to trigger auto leader balancing (kafka.controller.KafkaController)
[2025-03-25 23:33:39,293] DEBUG [Controller id=0] Topics not in preferred replica for broker 0 HashMap() (kafka.controller.KafkaController)
[2025-03-25 23:33:39,293] TRACE [Controller id=0] Leader imbalance ratio for broker 0 is 0.0 (kafka.controller.KafkaController)
[2025-03-25 23:38:39,297] INFO [Controller id=0] Processing automatic preferred replica leader election (kafka.controller.KafkaController)
[2025-03-25 23:38:39,297] TRACE [Controller id=0] Checking need to trigger auto leader balancing (kafka.controller.KafkaController)
[2025-03-25 23:38:39,300] DEBUG [Controller id=0] Topics not in preferred replica for broker 0 HashMap() (kafka.controller.KafkaController)
[2025-03-25 23:38:39,300] TRACE [Controller id=0] Leader imbalance ratio for broker 0 is 0.0 (kafka.controller.KafkaController)
[2025-03-25 23:43:39,311] INFO [Controller id=0] Processing automatic preferred replica leader election (kafka.controller.KafkaController)
[2025-03-25 23:43:39,311] TRACE [Controller id=0] Checking need to trigger auto leader balancing (kafka.controller.KafkaController)
[2025-03-25 23:43:39,313] DEBUG [Controller id=0] Topics not in preferred replica for broker 0 HashMap() (kafka.controller.KafkaController)
[2025-03-25 23:43:39,314] TRACE [Controller id=0] Leader imbalance ratio for broker 0 is 0.0 (kafka.controller.KafkaController)
[2025-03-25 23:48:39,323] INFO [Controller id=0] Processing automatic preferred replica leader election (kafka.controller.KafkaController)
[2025-03-25 23:48:39,323] TRACE [Controller id=0] Checking need to trigger auto leader balancing (kafka.controller.KafkaController)
[2025-03-25 23:48:39,327] DEBUG [Controller id=0] Topics not in preferred replica for broker 0 HashMap() (kafka.controller.KafkaController)
[2025-03-25 23:48:39,327] TRACE [Controller id=0] Leader imbalance ratio for broker 0 is 0.0 (kafka.controller.KafkaController)
[2025-03-25 23:53:39,329] INFO [Controller id=0] Processing automatic preferred replica leader election (kafka.controller.KafkaController)
[2025-03-25 23:53:39,329] TRACE [Controller id=0] Checking need to trigger auto leader balancing (kafka.controller.KafkaController)
[2025-03-25 23:53:39,332] DEBUG [Controller id=0] Topics not in preferred replica for broker 0 HashMap() (kafka.controller.KafkaController)
[2025-03-25 23:53:39,332] TRACE [Controller id=0] Leader imbalance ratio for broker 0 is 0.0 (kafka.controller.KafkaController)
[2025-03-25 23:58:39,332] INFO [Controller id=0] Processing automatic preferred replica leader election (kafka.controller.KafkaController)
[2025-03-25 23:58:39,332] TRACE [Controller id=0] Checking need to trigger auto leader balancing (kafka.controller.KafkaController)
[2025-03-25 23:58:39,334] DEBUG [Controller id=0] Topics not in preferred replica for broker 0 HashMap() (kafka.controller.KafkaController)
[2025-03-25 23:58:39,334] TRACE [Controller id=0] Leader imbalance ratio for broker 0 is 0.0 (kafka.controller.KafkaController)
[2025-03-26 00:03:39,345] INFO [Controller id=0] Processing automatic preferred replica leader election (kafka.controller.KafkaController)
[2025-03-26 00:03:39,364] TRACE [Controller id=0] Checking need to trigger auto leader balancing (kafka.controller.KafkaController)
[2025-03-26 00:03:39,366] DEBUG [Controller id=0] Topics not in preferred replica for broker 0 HashMap() (kafka.controller.KafkaController)
[2025-03-26 00:03:39,366] TRACE [Controller id=0] Leader imbalance ratio for broker 0 is 0.0 (kafka.controller.KafkaController)
[2025-03-26 00:08:39,377] INFO [Controller id=0] Processing automatic preferred replica leader election (kafka.controller.KafkaController)
[2025-03-26 00:08:39,377] TRACE [Controller id=0] Checking need to trigger auto leader balancing (kafka.controller.KafkaController)
[2025-03-26 00:08:39,379] DEBUG [Controller id=0] Topics not in preferred replica for broker 0 HashMap() (kafka.controller.KafkaController)
[2025-03-26 00:08:39,379] TRACE [Controller id=0] Leader imbalance ratio for broker 0 is 0.0 (kafka.controller.KafkaController)
[2025-03-26 00:13:39,384] INFO [Controller id=0] Processing automatic preferred replica leader election (kafka.controller.KafkaController)
[2025-03-26 00:13:39,384] TRACE [Controller id=0] Checking need to trigger auto leader balancing (kafka.controller.KafkaController)
[2025-03-26 00:13:39,386] DEBUG [Controller id=0] Topics not in preferred replica for broker 0 HashMap() (kafka.controller.KafkaController)
[2025-03-26 00:13:39,386] TRACE [Controller id=0] Leader imbalance ratio for broker 0 is 0.0 (kafka.controller.KafkaController)
[2025-03-26 00:18:39,395] INFO [Controller id=0] Processing automatic preferred replica leader election (kafka.controller.KafkaController)
[2025-03-26 00:18:39,395] TRACE [Controller id=0] Checking need to trigger auto leader balancing (kafka.controller.KafkaController)
[2025-03-26 00:18:39,395] DEBUG [Controller id=0] Topics not in preferred replica for broker 0 HashMap() (kafka.controller.KafkaController)
[2025-03-26 00:18:39,395] TRACE [Controller id=0] Leader imbalance ratio for broker 0 is 0.0 (kafka.controller.KafkaController)
[2025-03-26 00:22:28,717] DEBUG [Controller id=0] Resigning (kafka.controller.KafkaController)
[2025-03-26 00:22:28,719] DEBUG [Controller id=0] Unregister BrokerModifications handler for Set(0) (kafka.controller.KafkaController)
[2025-03-26 00:22:28,723] INFO [PartitionStateMachine controllerId=0] Stopped partition state machine (kafka.controller.ZkPartitionStateMachine)
[2025-03-26 00:22:28,725] INFO [ReplicaStateMachine controllerId=0] Stopped replica state machine (kafka.controller.ZkReplicaStateMachine)
[2025-03-26 00:22:28,727] INFO [RequestSendThread controllerId=0] Shutting down (kafka.controller.RequestSendThread)
[2025-03-26 00:22:28,728] INFO [RequestSendThread controllerId=0] Stopped (kafka.controller.RequestSendThread)
[2025-03-26 00:22:28,728] INFO [RequestSendThread controllerId=0] Shutdown completed (kafka.controller.RequestSendThread)
[2025-03-26 00:22:28,738] INFO [Controller id=0] Resigned (kafka.controller.KafkaController)
[2025-03-26 00:22:28,796] INFO [Controller id=0] 0 successfully elected as the controller. Epoch incremented to 18 and epoch zk version is now 18 (kafka.controller.KafkaController)
[2025-03-26 00:22:28,799] INFO [Controller id=0] Registering handlers (kafka.controller.KafkaController)
[2025-03-26 00:22:28,805] INFO [Controller id=0] Deleting log dir event notifications (kafka.controller.KafkaController)
[2025-03-26 00:22:28,808] INFO [Controller id=0] Deleting isr change notifications (kafka.controller.KafkaController)
[2025-03-26 00:22:28,809] INFO [Controller id=0] Initializing controller context (kafka.controller.KafkaController)
[2025-03-26 00:22:28,817] INFO [Controller id=0] Initialized broker epochs cache: HashMap(0 -> 367) (kafka.controller.KafkaController)
[2025-03-26 00:22:28,827] DEBUG [Controller id=0] Register BrokerModifications handler for Set(0) (kafka.controller.KafkaController)
[2025-03-26 00:22:28,854] DEBUG [Channel manager on controller 0]: Controller 0 trying to connect to broker 0 (kafka.controller.ControllerChannelManager)
[2025-03-26 00:22:28,870] INFO [Controller id=0] Currently active brokers in the cluster: Set(0) (kafka.controller.KafkaController)
[2025-03-26 00:22:28,870] INFO [Controller id=0] Currently shutting brokers in the cluster: HashSet() (kafka.controller.KafkaController)
[2025-03-26 00:22:28,870] INFO [Controller id=0] Current list of topics in the cluster: HashSet(user-service-invite-members, file-upload, user-avatar-updated, team-service-topic, user-service-project-created, __consumer_offsets, team-service-invite-members) (kafka.controller.KafkaController)
[2025-03-26 00:22:28,870] INFO [Controller id=0] Fetching topic deletions in progress (kafka.controller.KafkaController)
[2025-03-26 00:22:28,872] INFO [Controller id=0] List of topics to be deleted:  (kafka.controller.KafkaController)
[2025-03-26 00:22:28,872] INFO [Controller id=0] List of topics ineligible for deletion:  (kafka.controller.KafkaController)
[2025-03-26 00:22:28,872] INFO [Controller id=0] Initializing topic deletion manager (kafka.controller.KafkaController)
[2025-03-26 00:22:28,872] INFO [Topic Deletion Manager 0] Initializing manager with initial deletions: Set(), initial ineligible deletions: HashSet() (kafka.controller.TopicDeletionManager)
[2025-03-26 00:22:28,873] INFO [Controller id=0] Sending update metadata request (kafka.controller.KafkaController)
[2025-03-26 00:22:28,873] INFO [RequestSendThread controllerId=0] Starting (kafka.controller.RequestSendThread)
[2025-03-26 00:22:28,876] INFO [ReplicaStateMachine controllerId=0] Initializing replica state (kafka.controller.ZkReplicaStateMachine)
[2025-03-26 00:22:28,877] INFO [ReplicaStateMachine controllerId=0] Triggering online replica state changes (kafka.controller.ZkReplicaStateMachine)
[2025-03-26 00:22:28,879] INFO [RequestSendThread controllerId=0] Controller 0 connected to DESKTOP-8GKE7FT:9092 (id: 0 rack: null) for sending state change requests (kafka.controller.RequestSendThread)
[2025-03-26 00:22:28,886] INFO [ReplicaStateMachine controllerId=0] Triggering offline replica state changes (kafka.controller.ZkReplicaStateMachine)
[2025-03-26 00:22:28,886] DEBUG [ReplicaStateMachine controllerId=0] Started replica state machine with initial state -> HashMap([Topic=__consumer_offsets,Partition=40,Replica=0] -> OnlineReplica, [Topic=__consumer_offsets,Partition=27,Replica=0] -> OnlineReplica, [Topic=__consumer_offsets,Partition=49,Replica=0] -> OnlineReplica, [Topic=user-avatar-updated,Partition=0,Replica=0] -> OnlineReplica, [Topic=__consumer_offsets,Partition=47,Replica=0] -> OnlineReplica, [Topic=__consumer_offsets,Partition=3,Replica=0] -> OnlineReplica, [Topic=__consumer_offsets,Partition=18,Replica=0] -> OnlineReplica, [Topic=__consumer_offsets,Partition=44,Replica=0] -> OnlineReplica, [Topic=__consumer_offsets,Partition=8,Replica=0] -> OnlineReplica, [Topic=user-service-project-created,Partition=0,Replica=0] -> OnlineReplica, [Topic=__consumer_offsets,Partition=34,Replica=0] -> OnlineReplica, [Topic=__consumer_offsets,Partition=25,Replica=0] -> OnlineReplica, [Topic=user-service-invite-members,Partition=0,Replica=0] -> OnlineReplica, [Topic=__consumer_offsets,Partition=14,Replica=0] -> OnlineReplica, [Topic=__consumer_offsets,Partition=24,Replica=0] -> OnlineReplica, [Topic=__consumer_offsets,Partition=36,Replica=0] -> OnlineReplica, [Topic=__consumer_offsets,Partition=42,Replica=0] -> OnlineReplica, [Topic=__consumer_offsets,Partition=45,Replica=0] -> OnlineReplica, [Topic=__consumer_offsets,Partition=11,Replica=0] -> OnlineReplica, [Topic=__consumer_offsets,Partition=32,Replica=0] -> OnlineReplica, [Topic=__consumer_offsets,Partition=12,Replica=0] -> OnlineReplica, [Topic=__consumer_offsets,Partition=30,Replica=0] -> OnlineReplica, [Topic=__consumer_offsets,Partition=9,Replica=0] -> OnlineReplica, [Topic=__consumer_offsets,Partition=39,Replica=0] -> OnlineReplica, [Topic=__consumer_offsets,Partition=38,Replica=0] -> OnlineReplica, [Topic=__consumer_offsets,Partition=23,Replica=0] -> OnlineReplica, [Topic=__consumer_offsets,Partition=19,Replica=0] -> OnlineReplica, [Topic=__consumer_offsets,Partition=17,Replica=0] -> OnlineReplica, [Topic=__consumer_offsets,Partition=41,Replica=0] -> OnlineReplica, [Topic=__consumer_offsets,Partition=37,Replica=0] -> OnlineReplica, [Topic=__consumer_offsets,Partition=48,Replica=0] -> OnlineReplica, [Topic=__consumer_offsets,Partition=29,Replica=0] -> OnlineReplica, [Topic=team-service-invite-members,Partition=0,Replica=0] -> OnlineReplica, [Topic=__consumer_offsets,Partition=10,Replica=0] -> OnlineReplica, [Topic=__consumer_offsets,Partition=46,Replica=0] -> OnlineReplica, [Topic=__consumer_offsets,Partition=1,Replica=0] -> OnlineReplica, [Topic=team-service-topic,Partition=0,Replica=0] -> OnlineReplica, [Topic=__consumer_offsets,Partition=16,Replica=0] -> OnlineReplica, [Topic=__consumer_offsets,Partition=5,Replica=0] -> OnlineReplica, [Topic=file-upload,Partition=0,Replica=0] -> OnlineReplica, [Topic=__consumer_offsets,Partition=15,Replica=0] -> OnlineReplica, [Topic=__consumer_offsets,Partition=4,Replica=0] -> OnlineReplica, [Topic=__consumer_offsets,Partition=6,Replica=0] -> OnlineReplica, [Topic=__consumer_offsets,Partition=7,Replica=0] -> OnlineReplica, [Topic=__consumer_offsets,Partition=43,Replica=0] -> OnlineReplica, [Topic=__consumer_offsets,Partition=0,Replica=0] -> OnlineReplica, [Topic=__consumer_offsets,Partition=20,Replica=0] -> OnlineReplica, [Topic=__consumer_offsets,Partition=31,Replica=0] -> OnlineReplica, [Topic=__consumer_offsets,Partition=28,Replica=0] -> OnlineReplica, [Topic=__consumer_offsets,Partition=26,Replica=0] -> OnlineReplica, [Topic=__consumer_offsets,Partition=2,Replica=0] -> OnlineReplica, [Topic=__consumer_offsets,Partition=33,Replica=0] -> OnlineReplica, [Topic=__consumer_offsets,Partition=22,Replica=0] -> OnlineReplica, [Topic=__consumer_offsets,Partition=21,Replica=0] -> OnlineReplica, [Topic=__consumer_offsets,Partition=13,Replica=0] -> OnlineReplica, [Topic=__consumer_offsets,Partition=35,Replica=0] -> OnlineReplica) (kafka.controller.ZkReplicaStateMachine)
[2025-03-26 00:22:28,886] INFO [PartitionStateMachine controllerId=0] Initializing partition state (kafka.controller.ZkPartitionStateMachine)
[2025-03-26 00:22:28,887] INFO [PartitionStateMachine controllerId=0] Triggering online partition state changes (kafka.controller.ZkPartitionStateMachine)
[2025-03-26 00:22:28,887] DEBUG [PartitionStateMachine controllerId=0] Started partition state machine with initial state -> HashMap(__consumer_offsets-13 -> OnlinePartition, __consumer_offsets-46 -> OnlinePartition, __consumer_offsets-9 -> OnlinePartition, __consumer_offsets-42 -> OnlinePartition, __consumer_offsets-21 -> OnlinePartition, user-service-project-created-0 -> OnlinePartition, __consumer_offsets-17 -> OnlinePartition, __consumer_offsets-30 -> OnlinePartition, __consumer_offsets-26 -> OnlinePartition, __consumer_offsets-5 -> OnlinePartition, __consumer_offsets-38 -> OnlinePartition, __consumer_offsets-1 -> OnlinePartition, __consumer_offsets-34 -> OnlinePartition, __consumer_offsets-16 -> OnlinePartition, __consumer_offsets-45 -> OnlinePartition, team-service-topic-0 -> OnlinePartition, __consumer_offsets-12 -> OnlinePartition, __consumer_offsets-41 -> OnlinePartition, __consumer_offsets-24 -> OnlinePartition, team-service-invite-members-0 -> OnlinePartition, __consumer_offsets-20 -> OnlinePartition, __consumer_offsets-49 -> OnlinePartition, __consumer_offsets-0 -> OnlinePartition, __consumer_offsets-29 -> OnlinePartition, __consumer_offsets-25 -> OnlinePartition, __consumer_offsets-8 -> OnlinePartition, __consumer_offsets-37 -> OnlinePartition, __consumer_offsets-4 -> OnlinePartition, __consumer_offsets-33 -> OnlinePartition, __consumer_offsets-15 -> OnlinePartition, __consumer_offsets-48 -> OnlinePartition, file-upload-0 -> OnlinePartition, __consumer_offsets-11 -> OnlinePartition, __consumer_offsets-44 -> OnlinePartition, __consumer_offsets-23 -> OnlinePartition, __consumer_offsets-19 -> OnlinePartition, __consumer_offsets-32 -> OnlinePartition, __consumer_offsets-28 -> OnlinePartition, __consumer_offsets-7 -> OnlinePartition, __consumer_offsets-40 -> OnlinePartition, __consumer_offsets-3 -> OnlinePartition, __consumer_offsets-36 -> OnlinePartition, user-service-invite-members-0 -> OnlinePartition, __consumer_offsets-47 -> OnlinePartition, __consumer_offsets-14 -> OnlinePartition, __consumer_offsets-43 -> OnlinePartition, __consumer_offsets-10 -> OnlinePartition, __consumer_offsets-22 -> OnlinePartition, __consumer_offsets-18 -> OnlinePartition, __consumer_offsets-31 -> OnlinePartition, user-avatar-updated-0 -> OnlinePartition, __consumer_offsets-27 -> OnlinePartition, __consumer_offsets-39 -> OnlinePartition, __consumer_offsets-6 -> OnlinePartition, __consumer_offsets-35 -> OnlinePartition, __consumer_offsets-2 -> OnlinePartition) (kafka.controller.ZkPartitionStateMachine)
[2025-03-26 00:22:28,887] INFO [Controller id=0] Ready to serve as the new controller with epoch 18 (kafka.controller.KafkaController)
[2025-03-26 00:22:28,890] INFO [Controller id=0] Partitions undergoing preferred replica election:  (kafka.controller.KafkaController)
[2025-03-26 00:22:28,890] INFO [Controller id=0] Partitions that completed preferred replica election:  (kafka.controller.KafkaController)
[2025-03-26 00:22:28,890] INFO [Controller id=0] Skipping preferred replica election for partitions due to topic deletion:  (kafka.controller.KafkaController)
[2025-03-26 00:22:28,890] INFO [Controller id=0] Resuming preferred replica election for partitions:  (kafka.controller.KafkaController)
[2025-03-26 00:22:28,890] INFO [Controller id=0] Starting replica leader election (PREFERRED) for partitions  triggered by ZkTriggered (kafka.controller.KafkaController)
[2025-03-26 00:22:28,895] INFO [Controller id=0] Starting the controller scheduler (kafka.controller.KafkaController)
[2025-03-26 00:22:33,901] INFO [Controller id=0] Processing automatic preferred replica leader election (kafka.controller.KafkaController)
[2025-03-26 00:22:33,901] TRACE [Controller id=0] Checking need to trigger auto leader balancing (kafka.controller.KafkaController)
[2025-03-26 00:22:33,902] DEBUG [Controller id=0] Topics not in preferred replica for broker 0 HashMap() (kafka.controller.KafkaController)
[2025-03-26 00:22:33,902] TRACE [Controller id=0] Leader imbalance ratio for broker 0 is 0.0 (kafka.controller.KafkaController)
[2025-03-26 00:27:33,907] INFO [Controller id=0] Processing automatic preferred replica leader election (kafka.controller.KafkaController)
[2025-03-26 00:27:33,907] TRACE [Controller id=0] Checking need to trigger auto leader balancing (kafka.controller.KafkaController)
[2025-03-26 00:27:33,908] DEBUG [Controller id=0] Topics not in preferred replica for broker 0 HashMap() (kafka.controller.KafkaController)
[2025-03-26 00:27:33,908] TRACE [Controller id=0] Leader imbalance ratio for broker 0 is 0.0 (kafka.controller.KafkaController)
[2025-03-26 00:32:33,918] INFO [Controller id=0] Processing automatic preferred replica leader election (kafka.controller.KafkaController)
[2025-03-26 00:32:33,918] TRACE [Controller id=0] Checking need to trigger auto leader balancing (kafka.controller.KafkaController)
[2025-03-26 00:32:33,920] DEBUG [Controller id=0] Topics not in preferred replica for broker 0 HashMap() (kafka.controller.KafkaController)
[2025-03-26 00:32:33,920] TRACE [Controller id=0] Leader imbalance ratio for broker 0 is 0.0 (kafka.controller.KafkaController)
[2025-03-26 00:37:33,921] INFO [Controller id=0] Processing automatic preferred replica leader election (kafka.controller.KafkaController)
[2025-03-26 00:37:33,921] TRACE [Controller id=0] Checking need to trigger auto leader balancing (kafka.controller.KafkaController)
[2025-03-26 00:37:33,923] DEBUG [Controller id=0] Topics not in preferred replica for broker 0 HashMap() (kafka.controller.KafkaController)
[2025-03-26 00:37:33,923] TRACE [Controller id=0] Leader imbalance ratio for broker 0 is 0.0 (kafka.controller.KafkaController)
[2025-03-26 00:42:33,934] INFO [Controller id=0] Processing automatic preferred replica leader election (kafka.controller.KafkaController)
[2025-03-26 00:42:33,934] TRACE [Controller id=0] Checking need to trigger auto leader balancing (kafka.controller.KafkaController)
[2025-03-26 00:42:33,936] DEBUG [Controller id=0] Topics not in preferred replica for broker 0 HashMap() (kafka.controller.KafkaController)
[2025-03-26 00:42:33,936] TRACE [Controller id=0] Leader imbalance ratio for broker 0 is 0.0 (kafka.controller.KafkaController)
[2025-03-26 00:47:33,946] INFO [Controller id=0] Processing automatic preferred replica leader election (kafka.controller.KafkaController)
[2025-03-26 00:47:33,946] TRACE [Controller id=0] Checking need to trigger auto leader balancing (kafka.controller.KafkaController)
[2025-03-26 00:47:33,949] DEBUG [Controller id=0] Topics not in preferred replica for broker 0 HashMap() (kafka.controller.KafkaController)
[2025-03-26 00:47:33,949] TRACE [Controller id=0] Leader imbalance ratio for broker 0 is 0.0 (kafka.controller.KafkaController)
[2025-03-26 00:52:33,956] INFO [Controller id=0] Processing automatic preferred replica leader election (kafka.controller.KafkaController)
[2025-03-26 00:52:33,956] TRACE [Controller id=0] Checking need to trigger auto leader balancing (kafka.controller.KafkaController)
[2025-03-26 00:52:33,957] DEBUG [Controller id=0] Topics not in preferred replica for broker 0 HashMap() (kafka.controller.KafkaController)
[2025-03-26 00:52:33,958] TRACE [Controller id=0] Leader imbalance ratio for broker 0 is 0.0 (kafka.controller.KafkaController)
[2025-03-26 00:57:33,966] INFO [Controller id=0] Processing automatic preferred replica leader election (kafka.controller.KafkaController)
[2025-03-26 00:57:33,967] TRACE [Controller id=0] Checking need to trigger auto leader balancing (kafka.controller.KafkaController)
[2025-03-26 00:57:33,968] DEBUG [Controller id=0] Topics not in preferred replica for broker 0 HashMap() (kafka.controller.KafkaController)
[2025-03-26 00:57:33,968] TRACE [Controller id=0] Leader imbalance ratio for broker 0 is 0.0 (kafka.controller.KafkaController)
[2025-03-26 01:02:33,972] INFO [Controller id=0] Processing automatic preferred replica leader election (kafka.controller.KafkaController)
[2025-03-26 01:02:33,976] TRACE [Controller id=0] Checking need to trigger auto leader balancing (kafka.controller.KafkaController)
[2025-03-26 01:02:33,978] DEBUG [Controller id=0] Topics not in preferred replica for broker 0 HashMap() (kafka.controller.KafkaController)
[2025-03-26 01:02:33,978] TRACE [Controller id=0] Leader imbalance ratio for broker 0 is 0.0 (kafka.controller.KafkaController)
[2025-03-26 01:07:33,990] INFO [Controller id=0] Processing automatic preferred replica leader election (kafka.controller.KafkaController)
[2025-03-26 01:07:33,990] TRACE [Controller id=0] Checking need to trigger auto leader balancing (kafka.controller.KafkaController)
[2025-03-26 01:07:33,992] DEBUG [Controller id=0] Topics not in preferred replica for broker 0 HashMap() (kafka.controller.KafkaController)
[2025-03-26 01:07:33,992] TRACE [Controller id=0] Leader imbalance ratio for broker 0 is 0.0 (kafka.controller.KafkaController)
[2025-03-26 01:12:53,234] DEBUG [Controller id=0] Resigning (kafka.controller.KafkaController)
[2025-03-26 01:12:53,234] DEBUG [Controller id=0] Unregister BrokerModifications handler for Set(0) (kafka.controller.KafkaController)
[2025-03-26 01:12:53,235] INFO [PartitionStateMachine controllerId=0] Stopped partition state machine (kafka.controller.ZkPartitionStateMachine)
[2025-03-26 01:12:53,236] INFO [ReplicaStateMachine controllerId=0] Stopped replica state machine (kafka.controller.ZkReplicaStateMachine)
[2025-03-26 01:12:53,236] INFO [RequestSendThread controllerId=0] Shutting down (kafka.controller.RequestSendThread)
[2025-03-26 01:12:53,237] INFO [RequestSendThread controllerId=0] Shutdown completed (kafka.controller.RequestSendThread)
[2025-03-26 01:12:53,237] INFO [RequestSendThread controllerId=0] Stopped (kafka.controller.RequestSendThread)
[2025-03-26 01:12:53,257] INFO [Controller id=0] Resigned (kafka.controller.KafkaController)
[2025-03-26 01:12:53,285] INFO [Controller id=0] 0 successfully elected as the controller. Epoch incremented to 19 and epoch zk version is now 19 (kafka.controller.KafkaController)
[2025-03-26 01:12:53,286] INFO [Controller id=0] Registering handlers (kafka.controller.KafkaController)
[2025-03-26 01:12:53,289] INFO [Controller id=0] Deleting log dir event notifications (kafka.controller.KafkaController)
[2025-03-26 01:12:53,291] INFO [Controller id=0] Deleting isr change notifications (kafka.controller.KafkaController)
[2025-03-26 01:12:53,293] INFO [Controller id=0] Initializing controller context (kafka.controller.KafkaController)
[2025-03-26 01:12:53,300] INFO [Controller id=0] Initialized broker epochs cache: HashMap(0 -> 372) (kafka.controller.KafkaController)
[2025-03-26 01:12:53,311] DEBUG [Controller id=0] Register BrokerModifications handler for Set(0) (kafka.controller.KafkaController)
[2025-03-26 01:12:53,349] DEBUG [Channel manager on controller 0]: Controller 0 trying to connect to broker 0 (kafka.controller.ControllerChannelManager)
[2025-03-26 01:12:53,362] INFO [Controller id=0] Currently active brokers in the cluster: Set(0) (kafka.controller.KafkaController)
[2025-03-26 01:12:53,362] INFO [Controller id=0] Currently shutting brokers in the cluster: HashSet() (kafka.controller.KafkaController)
[2025-03-26 01:12:53,362] INFO [Controller id=0] Current list of topics in the cluster: HashSet(user-service-invite-members, file-upload, user-avatar-updated, team-service-topic, user-service-project-created, __consumer_offsets, team-service-invite-members) (kafka.controller.KafkaController)
[2025-03-26 01:12:53,362] INFO [Controller id=0] Fetching topic deletions in progress (kafka.controller.KafkaController)
[2025-03-26 01:12:53,362] INFO [RequestSendThread controllerId=0] Starting (kafka.controller.RequestSendThread)
[2025-03-26 01:12:53,364] INFO [Controller id=0] List of topics to be deleted:  (kafka.controller.KafkaController)
[2025-03-26 01:12:53,364] INFO [Controller id=0] List of topics ineligible for deletion:  (kafka.controller.KafkaController)
[2025-03-26 01:12:53,364] INFO [Controller id=0] Initializing topic deletion manager (kafka.controller.KafkaController)
[2025-03-26 01:12:53,365] INFO [Topic Deletion Manager 0] Initializing manager with initial deletions: Set(), initial ineligible deletions: HashSet() (kafka.controller.TopicDeletionManager)
[2025-03-26 01:12:53,365] INFO [Controller id=0] Sending update metadata request (kafka.controller.KafkaController)
[2025-03-26 01:12:53,368] INFO [ReplicaStateMachine controllerId=0] Initializing replica state (kafka.controller.ZkReplicaStateMachine)
[2025-03-26 01:12:53,369] INFO [ReplicaStateMachine controllerId=0] Triggering online replica state changes (kafka.controller.ZkReplicaStateMachine)
[2025-03-26 01:12:53,370] INFO [RequestSendThread controllerId=0] Controller 0 connected to DESKTOP-8GKE7FT:9092 (id: 0 rack: null) for sending state change requests (kafka.controller.RequestSendThread)
[2025-03-26 01:12:53,375] INFO [ReplicaStateMachine controllerId=0] Triggering offline replica state changes (kafka.controller.ZkReplicaStateMachine)
[2025-03-26 01:12:53,375] DEBUG [ReplicaStateMachine controllerId=0] Started replica state machine with initial state -> HashMap([Topic=__consumer_offsets,Partition=40,Replica=0] -> OnlineReplica, [Topic=__consumer_offsets,Partition=27,Replica=0] -> OnlineReplica, [Topic=__consumer_offsets,Partition=49,Replica=0] -> OnlineReplica, [Topic=user-avatar-updated,Partition=0,Replica=0] -> OnlineReplica, [Topic=__consumer_offsets,Partition=47,Replica=0] -> OnlineReplica, [Topic=__consumer_offsets,Partition=3,Replica=0] -> OnlineReplica, [Topic=__consumer_offsets,Partition=18,Replica=0] -> OnlineReplica, [Topic=__consumer_offsets,Partition=44,Replica=0] -> OnlineReplica, [Topic=__consumer_offsets,Partition=8,Replica=0] -> OnlineReplica, [Topic=user-service-project-created,Partition=0,Replica=0] -> OnlineReplica, [Topic=__consumer_offsets,Partition=34,Replica=0] -> OnlineReplica, [Topic=__consumer_offsets,Partition=25,Replica=0] -> OnlineReplica, [Topic=user-service-invite-members,Partition=0,Replica=0] -> OnlineReplica, [Topic=__consumer_offsets,Partition=14,Replica=0] -> OnlineReplica, [Topic=__consumer_offsets,Partition=24,Replica=0] -> OnlineReplica, [Topic=__consumer_offsets,Partition=36,Replica=0] -> OnlineReplica, [Topic=__consumer_offsets,Partition=42,Replica=0] -> OnlineReplica, [Topic=__consumer_offsets,Partition=45,Replica=0] -> OnlineReplica, [Topic=__consumer_offsets,Partition=11,Replica=0] -> OnlineReplica, [Topic=__consumer_offsets,Partition=32,Replica=0] -> OnlineReplica, [Topic=__consumer_offsets,Partition=12,Replica=0] -> OnlineReplica, [Topic=__consumer_offsets,Partition=30,Replica=0] -> OnlineReplica, [Topic=__consumer_offsets,Partition=9,Replica=0] -> OnlineReplica, [Topic=__consumer_offsets,Partition=39,Replica=0] -> OnlineReplica, [Topic=__consumer_offsets,Partition=38,Replica=0] -> OnlineReplica, [Topic=__consumer_offsets,Partition=23,Replica=0] -> OnlineReplica, [Topic=__consumer_offsets,Partition=19,Replica=0] -> OnlineReplica, [Topic=__consumer_offsets,Partition=17,Replica=0] -> OnlineReplica, [Topic=__consumer_offsets,Partition=41,Replica=0] -> OnlineReplica, [Topic=__consumer_offsets,Partition=37,Replica=0] -> OnlineReplica, [Topic=__consumer_offsets,Partition=48,Replica=0] -> OnlineReplica, [Topic=__consumer_offsets,Partition=29,Replica=0] -> OnlineReplica, [Topic=team-service-invite-members,Partition=0,Replica=0] -> OnlineReplica, [Topic=__consumer_offsets,Partition=10,Replica=0] -> OnlineReplica, [Topic=__consumer_offsets,Partition=46,Replica=0] -> OnlineReplica, [Topic=__consumer_offsets,Partition=1,Replica=0] -> OnlineReplica, [Topic=team-service-topic,Partition=0,Replica=0] -> OnlineReplica, [Topic=__consumer_offsets,Partition=16,Replica=0] -> OnlineReplica, [Topic=__consumer_offsets,Partition=5,Replica=0] -> OnlineReplica, [Topic=file-upload,Partition=0,Replica=0] -> OnlineReplica, [Topic=__consumer_offsets,Partition=15,Replica=0] -> OnlineReplica, [Topic=__consumer_offsets,Partition=4,Replica=0] -> OnlineReplica, [Topic=__consumer_offsets,Partition=6,Replica=0] -> OnlineReplica, [Topic=__consumer_offsets,Partition=7,Replica=0] -> OnlineReplica, [Topic=__consumer_offsets,Partition=43,Replica=0] -> OnlineReplica, [Topic=__consumer_offsets,Partition=0,Replica=0] -> OnlineReplica, [Topic=__consumer_offsets,Partition=20,Replica=0] -> OnlineReplica, [Topic=__consumer_offsets,Partition=31,Replica=0] -> OnlineReplica, [Topic=__consumer_offsets,Partition=28,Replica=0] -> OnlineReplica, [Topic=__consumer_offsets,Partition=26,Replica=0] -> OnlineReplica, [Topic=__consumer_offsets,Partition=2,Replica=0] -> OnlineReplica, [Topic=__consumer_offsets,Partition=33,Replica=0] -> OnlineReplica, [Topic=__consumer_offsets,Partition=22,Replica=0] -> OnlineReplica, [Topic=__consumer_offsets,Partition=21,Replica=0] -> OnlineReplica, [Topic=__consumer_offsets,Partition=13,Replica=0] -> OnlineReplica, [Topic=__consumer_offsets,Partition=35,Replica=0] -> OnlineReplica) (kafka.controller.ZkReplicaStateMachine)
[2025-03-26 01:12:53,375] INFO [PartitionStateMachine controllerId=0] Initializing partition state (kafka.controller.ZkPartitionStateMachine)
[2025-03-26 01:12:53,376] INFO [PartitionStateMachine controllerId=0] Triggering online partition state changes (kafka.controller.ZkPartitionStateMachine)
[2025-03-26 01:12:53,377] DEBUG [PartitionStateMachine controllerId=0] Started partition state machine with initial state -> HashMap(__consumer_offsets-13 -> OnlinePartition, __consumer_offsets-46 -> OnlinePartition, __consumer_offsets-9 -> OnlinePartition, __consumer_offsets-42 -> OnlinePartition, __consumer_offsets-21 -> OnlinePartition, user-service-project-created-0 -> OnlinePartition, __consumer_offsets-17 -> OnlinePartition, __consumer_offsets-30 -> OnlinePartition, __consumer_offsets-26 -> OnlinePartition, __consumer_offsets-5 -> OnlinePartition, __consumer_offsets-38 -> OnlinePartition, __consumer_offsets-1 -> OnlinePartition, __consumer_offsets-34 -> OnlinePartition, __consumer_offsets-16 -> OnlinePartition, __consumer_offsets-45 -> OnlinePartition, team-service-topic-0 -> OnlinePartition, __consumer_offsets-12 -> OnlinePartition, __consumer_offsets-41 -> OnlinePartition, __consumer_offsets-24 -> OnlinePartition, team-service-invite-members-0 -> OnlinePartition, __consumer_offsets-20 -> OnlinePartition, __consumer_offsets-49 -> OnlinePartition, __consumer_offsets-0 -> OnlinePartition, __consumer_offsets-29 -> OnlinePartition, __consumer_offsets-25 -> OnlinePartition, __consumer_offsets-8 -> OnlinePartition, __consumer_offsets-37 -> OnlinePartition, __consumer_offsets-4 -> OnlinePartition, __consumer_offsets-33 -> OnlinePartition, __consumer_offsets-15 -> OnlinePartition, __consumer_offsets-48 -> OnlinePartition, file-upload-0 -> OnlinePartition, __consumer_offsets-11 -> OnlinePartition, __consumer_offsets-44 -> OnlinePartition, __consumer_offsets-23 -> OnlinePartition, __consumer_offsets-19 -> OnlinePartition, __consumer_offsets-32 -> OnlinePartition, __consumer_offsets-28 -> OnlinePartition, __consumer_offsets-7 -> OnlinePartition, __consumer_offsets-40 -> OnlinePartition, __consumer_offsets-3 -> OnlinePartition, __consumer_offsets-36 -> OnlinePartition, user-service-invite-members-0 -> OnlinePartition, __consumer_offsets-47 -> OnlinePartition, __consumer_offsets-14 -> OnlinePartition, __consumer_offsets-43 -> OnlinePartition, __consumer_offsets-10 -> OnlinePartition, __consumer_offsets-22 -> OnlinePartition, __consumer_offsets-18 -> OnlinePartition, __consumer_offsets-31 -> OnlinePartition, user-avatar-updated-0 -> OnlinePartition, __consumer_offsets-27 -> OnlinePartition, __consumer_offsets-39 -> OnlinePartition, __consumer_offsets-6 -> OnlinePartition, __consumer_offsets-35 -> OnlinePartition, __consumer_offsets-2 -> OnlinePartition) (kafka.controller.ZkPartitionStateMachine)
[2025-03-26 01:12:53,377] INFO [Controller id=0] Ready to serve as the new controller with epoch 19 (kafka.controller.KafkaController)
[2025-03-26 01:12:53,379] INFO [Controller id=0] Partitions undergoing preferred replica election:  (kafka.controller.KafkaController)
[2025-03-26 01:12:53,379] INFO [Controller id=0] Partitions that completed preferred replica election:  (kafka.controller.KafkaController)
[2025-03-26 01:12:53,379] INFO [Controller id=0] Skipping preferred replica election for partitions due to topic deletion:  (kafka.controller.KafkaController)
[2025-03-26 01:12:53,379] INFO [Controller id=0] Resuming preferred replica election for partitions:  (kafka.controller.KafkaController)
[2025-03-26 01:12:53,379] INFO [Controller id=0] Starting replica leader election (PREFERRED) for partitions  triggered by ZkTriggered (kafka.controller.KafkaController)
[2025-03-26 01:12:53,382] INFO [Controller id=0] Starting the controller scheduler (kafka.controller.KafkaController)
[2025-03-26 01:12:58,389] INFO [Controller id=0] Processing automatic preferred replica leader election (kafka.controller.KafkaController)
[2025-03-26 01:12:58,389] TRACE [Controller id=0] Checking need to trigger auto leader balancing (kafka.controller.KafkaController)
[2025-03-26 01:12:58,389] DEBUG [Controller id=0] Topics not in preferred replica for broker 0 HashMap() (kafka.controller.KafkaController)
[2025-03-26 01:12:58,389] TRACE [Controller id=0] Leader imbalance ratio for broker 0 is 0.0 (kafka.controller.KafkaController)
[2025-03-26 01:17:58,398] INFO [Controller id=0] Processing automatic preferred replica leader election (kafka.controller.KafkaController)
[2025-03-26 01:17:58,398] TRACE [Controller id=0] Checking need to trigger auto leader balancing (kafka.controller.KafkaController)
[2025-03-26 01:17:58,399] DEBUG [Controller id=0] Topics not in preferred replica for broker 0 HashMap() (kafka.controller.KafkaController)
[2025-03-26 01:17:58,399] TRACE [Controller id=0] Leader imbalance ratio for broker 0 is 0.0 (kafka.controller.KafkaController)
[2025-03-26 01:22:58,412] INFO [Controller id=0] Processing automatic preferred replica leader election (kafka.controller.KafkaController)
[2025-03-26 01:22:58,412] TRACE [Controller id=0] Checking need to trigger auto leader balancing (kafka.controller.KafkaController)
[2025-03-26 01:22:58,414] DEBUG [Controller id=0] Topics not in preferred replica for broker 0 HashMap() (kafka.controller.KafkaController)
[2025-03-26 01:22:58,414] TRACE [Controller id=0] Leader imbalance ratio for broker 0 is 0.0 (kafka.controller.KafkaController)
[2025-03-26 01:27:58,424] INFO [Controller id=0] Processing automatic preferred replica leader election (kafka.controller.KafkaController)
[2025-03-26 01:27:58,424] TRACE [Controller id=0] Checking need to trigger auto leader balancing (kafka.controller.KafkaController)
[2025-03-26 01:27:58,428] DEBUG [Controller id=0] Topics not in preferred replica for broker 0 HashMap() (kafka.controller.KafkaController)
[2025-03-26 01:27:58,429] TRACE [Controller id=0] Leader imbalance ratio for broker 0 is 0.0 (kafka.controller.KafkaController)
[2025-03-26 01:32:58,440] INFO [Controller id=0] Processing automatic preferred replica leader election (kafka.controller.KafkaController)
[2025-03-26 01:32:58,440] TRACE [Controller id=0] Checking need to trigger auto leader balancing (kafka.controller.KafkaController)
[2025-03-26 01:32:58,442] DEBUG [Controller id=0] Topics not in preferred replica for broker 0 HashMap() (kafka.controller.KafkaController)
[2025-03-26 01:32:58,442] TRACE [Controller id=0] Leader imbalance ratio for broker 0 is 0.0 (kafka.controller.KafkaController)
[2025-03-26 01:37:58,454] INFO [Controller id=0] Processing automatic preferred replica leader election (kafka.controller.KafkaController)
[2025-03-26 01:37:58,454] TRACE [Controller id=0] Checking need to trigger auto leader balancing (kafka.controller.KafkaController)
[2025-03-26 01:37:58,456] DEBUG [Controller id=0] Topics not in preferred replica for broker 0 HashMap() (kafka.controller.KafkaController)
[2025-03-26 01:37:58,458] TRACE [Controller id=0] Leader imbalance ratio for broker 0 is 0.0 (kafka.controller.KafkaController)
[2025-03-26 01:42:58,469] INFO [Controller id=0] Processing automatic preferred replica leader election (kafka.controller.KafkaController)
[2025-03-26 01:42:58,469] TRACE [Controller id=0] Checking need to trigger auto leader balancing (kafka.controller.KafkaController)
[2025-03-26 01:42:58,470] DEBUG [Controller id=0] Topics not in preferred replica for broker 0 HashMap() (kafka.controller.KafkaController)
[2025-03-26 01:42:58,470] TRACE [Controller id=0] Leader imbalance ratio for broker 0 is 0.0 (kafka.controller.KafkaController)
[2025-03-26 01:47:58,476] INFO [Controller id=0] Processing automatic preferred replica leader election (kafka.controller.KafkaController)
[2025-03-26 01:47:58,476] TRACE [Controller id=0] Checking need to trigger auto leader balancing (kafka.controller.KafkaController)
[2025-03-26 01:47:58,477] DEBUG [Controller id=0] Topics not in preferred replica for broker 0 HashMap() (kafka.controller.KafkaController)
[2025-03-26 01:47:58,477] TRACE [Controller id=0] Leader imbalance ratio for broker 0 is 0.0 (kafka.controller.KafkaController)
[2025-03-26 01:52:58,479] INFO [Controller id=0] Processing automatic preferred replica leader election (kafka.controller.KafkaController)
[2025-03-26 01:52:58,480] TRACE [Controller id=0] Checking need to trigger auto leader balancing (kafka.controller.KafkaController)
[2025-03-26 01:52:58,482] DEBUG [Controller id=0] Topics not in preferred replica for broker 0 HashMap() (kafka.controller.KafkaController)
[2025-03-26 01:52:58,482] TRACE [Controller id=0] Leader imbalance ratio for broker 0 is 0.0 (kafka.controller.KafkaController)
[2025-03-26 01:57:58,488] INFO [Controller id=0] Processing automatic preferred replica leader election (kafka.controller.KafkaController)
[2025-03-26 01:57:58,488] TRACE [Controller id=0] Checking need to trigger auto leader balancing (kafka.controller.KafkaController)
[2025-03-26 01:57:58,490] DEBUG [Controller id=0] Topics not in preferred replica for broker 0 HashMap() (kafka.controller.KafkaController)
[2025-03-26 01:57:58,490] TRACE [Controller id=0] Leader imbalance ratio for broker 0 is 0.0 (kafka.controller.KafkaController)
[2025-03-26 02:02:58,494] INFO [Controller id=0] Processing automatic preferred replica leader election (kafka.controller.KafkaController)
[2025-03-26 02:02:58,505] TRACE [Controller id=0] Checking need to trigger auto leader balancing (kafka.controller.KafkaController)
[2025-03-26 02:02:58,506] DEBUG [Controller id=0] Topics not in preferred replica for broker 0 HashMap() (kafka.controller.KafkaController)
[2025-03-26 02:02:58,506] TRACE [Controller id=0] Leader imbalance ratio for broker 0 is 0.0 (kafka.controller.KafkaController)
[2025-03-26 02:07:58,521] INFO [Controller id=0] Processing automatic preferred replica leader election (kafka.controller.KafkaController)
[2025-03-26 02:07:58,521] TRACE [Controller id=0] Checking need to trigger auto leader balancing (kafka.controller.KafkaController)
[2025-03-26 02:07:58,521] DEBUG [Controller id=0] Topics not in preferred replica for broker 0 HashMap() (kafka.controller.KafkaController)
[2025-03-26 02:07:58,521] TRACE [Controller id=0] Leader imbalance ratio for broker 0 is 0.0 (kafka.controller.KafkaController)
[2025-03-26 02:12:58,523] INFO [Controller id=0] Processing automatic preferred replica leader election (kafka.controller.KafkaController)
[2025-03-26 02:12:58,523] TRACE [Controller id=0] Checking need to trigger auto leader balancing (kafka.controller.KafkaController)
[2025-03-26 02:12:58,524] DEBUG [Controller id=0] Topics not in preferred replica for broker 0 HashMap() (kafka.controller.KafkaController)
[2025-03-26 02:12:58,524] TRACE [Controller id=0] Leader imbalance ratio for broker 0 is 0.0 (kafka.controller.KafkaController)
[2025-03-26 02:17:58,536] INFO [Controller id=0] Processing automatic preferred replica leader election (kafka.controller.KafkaController)
[2025-03-26 02:17:58,536] TRACE [Controller id=0] Checking need to trigger auto leader balancing (kafka.controller.KafkaController)
[2025-03-26 02:17:58,537] DEBUG [Controller id=0] Topics not in preferred replica for broker 0 HashMap() (kafka.controller.KafkaController)
[2025-03-26 02:17:58,537] TRACE [Controller id=0] Leader imbalance ratio for broker 0 is 0.0 (kafka.controller.KafkaController)
[2025-03-26 02:22:58,543] INFO [Controller id=0] Processing automatic preferred replica leader election (kafka.controller.KafkaController)
[2025-03-26 02:22:58,543] TRACE [Controller id=0] Checking need to trigger auto leader balancing (kafka.controller.KafkaController)
[2025-03-26 02:22:58,544] DEBUG [Controller id=0] Topics not in preferred replica for broker 0 HashMap() (kafka.controller.KafkaController)
[2025-03-26 02:22:58,544] TRACE [Controller id=0] Leader imbalance ratio for broker 0 is 0.0 (kafka.controller.KafkaController)
[2025-03-26 02:27:58,555] INFO [Controller id=0] Processing automatic preferred replica leader election (kafka.controller.KafkaController)
[2025-03-26 02:27:58,555] TRACE [Controller id=0] Checking need to trigger auto leader balancing (kafka.controller.KafkaController)
[2025-03-26 02:27:58,556] DEBUG [Controller id=0] Topics not in preferred replica for broker 0 HashMap() (kafka.controller.KafkaController)
[2025-03-26 02:27:58,556] TRACE [Controller id=0] Leader imbalance ratio for broker 0 is 0.0 (kafka.controller.KafkaController)
[2025-03-30 00:07:34,934] INFO [ControllerEventThread controllerId=0] Starting (kafka.controller.ControllerEventManager$ControllerEventThread)
[2025-03-30 00:07:34,979] INFO [Controller id=0] 0 successfully elected as the controller. Epoch incremented to 20 and epoch zk version is now 20 (kafka.controller.KafkaController)
[2025-03-30 00:07:34,983] INFO [Controller id=0] Registering handlers (kafka.controller.KafkaController)
[2025-03-30 00:07:34,991] INFO [Controller id=0] Deleting log dir event notifications (kafka.controller.KafkaController)
[2025-03-30 00:07:34,995] INFO [Controller id=0] Deleting isr change notifications (kafka.controller.KafkaController)
[2025-03-30 00:07:35,000] INFO [Controller id=0] Initializing controller context (kafka.controller.KafkaController)
[2025-03-30 00:07:35,028] INFO [Controller id=0] Initialized broker epochs cache: HashMap(0 -> 391) (kafka.controller.KafkaController)
[2025-03-30 00:07:35,061] DEBUG [Controller id=0] Register BrokerModifications handler for Set(0) (kafka.controller.KafkaController)
[2025-03-30 00:07:35,151] DEBUG [Channel manager on controller 0]: Controller 0 trying to connect to broker 0 (kafka.controller.ControllerChannelManager)
[2025-03-30 00:07:35,166] INFO [RequestSendThread controllerId=0] Starting (kafka.controller.RequestSendThread)
[2025-03-30 00:07:35,168] INFO [Controller id=0] Currently active brokers in the cluster: Set(0) (kafka.controller.KafkaController)
[2025-03-30 00:07:35,169] INFO [Controller id=0] Currently shutting brokers in the cluster: HashSet() (kafka.controller.KafkaController)
[2025-03-30 00:07:35,169] INFO [Controller id=0] Current list of topics in the cluster: HashSet(user-service-invite-members, file-upload, user-avatar-updated, team-service-topic, user-service-project-created, __consumer_offsets, team-service-invite-members) (kafka.controller.KafkaController)
[2025-03-30 00:07:35,170] INFO [Controller id=0] Fetching topic deletions in progress (kafka.controller.KafkaController)
[2025-03-30 00:07:35,177] INFO [Controller id=0] List of topics to be deleted:  (kafka.controller.KafkaController)
[2025-03-30 00:07:35,177] INFO [Controller id=0] List of topics ineligible for deletion:  (kafka.controller.KafkaController)
[2025-03-30 00:07:35,177] INFO [Controller id=0] Initializing topic deletion manager (kafka.controller.KafkaController)
[2025-03-30 00:07:35,178] INFO [Topic Deletion Manager 0] Initializing manager with initial deletions: Set(), initial ineligible deletions: HashSet() (kafka.controller.TopicDeletionManager)
[2025-03-30 00:07:35,181] INFO [Controller id=0] Sending update metadata request (kafka.controller.KafkaController)
[2025-03-30 00:07:35,201] INFO [ReplicaStateMachine controllerId=0] Initializing replica state (kafka.controller.ZkReplicaStateMachine)
[2025-03-30 00:07:35,214] INFO [ReplicaStateMachine controllerId=0] Triggering online replica state changes (kafka.controller.ZkReplicaStateMachine)
[2025-03-30 00:07:35,258] INFO [ReplicaStateMachine controllerId=0] Triggering offline replica state changes (kafka.controller.ZkReplicaStateMachine)
[2025-03-30 00:07:35,260] DEBUG [ReplicaStateMachine controllerId=0] Started replica state machine with initial state -> HashMap([Topic=__consumer_offsets,Partition=40,Replica=0] -> OnlineReplica, [Topic=__consumer_offsets,Partition=27,Replica=0] -> OnlineReplica, [Topic=__consumer_offsets,Partition=49,Replica=0] -> OnlineReplica, [Topic=user-avatar-updated,Partition=0,Replica=0] -> OnlineReplica, [Topic=__consumer_offsets,Partition=47,Replica=0] -> OnlineReplica, [Topic=__consumer_offsets,Partition=3,Replica=0] -> OnlineReplica, [Topic=__consumer_offsets,Partition=18,Replica=0] -> OnlineReplica, [Topic=__consumer_offsets,Partition=44,Replica=0] -> OnlineReplica, [Topic=__consumer_offsets,Partition=8,Replica=0] -> OnlineReplica, [Topic=user-service-project-created,Partition=0,Replica=0] -> OnlineReplica, [Topic=__consumer_offsets,Partition=34,Replica=0] -> OnlineReplica, [Topic=__consumer_offsets,Partition=25,Replica=0] -> OnlineReplica, [Topic=user-service-invite-members,Partition=0,Replica=0] -> OnlineReplica, [Topic=__consumer_offsets,Partition=14,Replica=0] -> OnlineReplica, [Topic=__consumer_offsets,Partition=24,Replica=0] -> OnlineReplica, [Topic=__consumer_offsets,Partition=36,Replica=0] -> OnlineReplica, [Topic=__consumer_offsets,Partition=42,Replica=0] -> OnlineReplica, [Topic=__consumer_offsets,Partition=45,Replica=0] -> OnlineReplica, [Topic=__consumer_offsets,Partition=11,Replica=0] -> OnlineReplica, [Topic=__consumer_offsets,Partition=32,Replica=0] -> OnlineReplica, [Topic=__consumer_offsets,Partition=12,Replica=0] -> OnlineReplica, [Topic=__consumer_offsets,Partition=30,Replica=0] -> OnlineReplica, [Topic=__consumer_offsets,Partition=9,Replica=0] -> OnlineReplica, [Topic=__consumer_offsets,Partition=39,Replica=0] -> OnlineReplica, [Topic=__consumer_offsets,Partition=38,Replica=0] -> OnlineReplica, [Topic=__consumer_offsets,Partition=23,Replica=0] -> OnlineReplica, [Topic=__consumer_offsets,Partition=19,Replica=0] -> OnlineReplica, [Topic=__consumer_offsets,Partition=17,Replica=0] -> OnlineReplica, [Topic=__consumer_offsets,Partition=41,Replica=0] -> OnlineReplica, [Topic=__consumer_offsets,Partition=37,Replica=0] -> OnlineReplica, [Topic=__consumer_offsets,Partition=48,Replica=0] -> OnlineReplica, [Topic=__consumer_offsets,Partition=29,Replica=0] -> OnlineReplica, [Topic=team-service-invite-members,Partition=0,Replica=0] -> OnlineReplica, [Topic=__consumer_offsets,Partition=10,Replica=0] -> OnlineReplica, [Topic=__consumer_offsets,Partition=46,Replica=0] -> OnlineReplica, [Topic=__consumer_offsets,Partition=1,Replica=0] -> OnlineReplica, [Topic=team-service-topic,Partition=0,Replica=0] -> OnlineReplica, [Topic=__consumer_offsets,Partition=16,Replica=0] -> OnlineReplica, [Topic=__consumer_offsets,Partition=5,Replica=0] -> OnlineReplica, [Topic=file-upload,Partition=0,Replica=0] -> OnlineReplica, [Topic=__consumer_offsets,Partition=15,Replica=0] -> OnlineReplica, [Topic=__consumer_offsets,Partition=4,Replica=0] -> OnlineReplica, [Topic=__consumer_offsets,Partition=6,Replica=0] -> OnlineReplica, [Topic=__consumer_offsets,Partition=7,Replica=0] -> OnlineReplica, [Topic=__consumer_offsets,Partition=43,Replica=0] -> OnlineReplica, [Topic=__consumer_offsets,Partition=0,Replica=0] -> OnlineReplica, [Topic=__consumer_offsets,Partition=20,Replica=0] -> OnlineReplica, [Topic=__consumer_offsets,Partition=31,Replica=0] -> OnlineReplica, [Topic=__consumer_offsets,Partition=28,Replica=0] -> OnlineReplica, [Topic=__consumer_offsets,Partition=26,Replica=0] -> OnlineReplica, [Topic=__consumer_offsets,Partition=2,Replica=0] -> OnlineReplica, [Topic=__consumer_offsets,Partition=33,Replica=0] -> OnlineReplica, [Topic=__consumer_offsets,Partition=22,Replica=0] -> OnlineReplica, [Topic=__consumer_offsets,Partition=21,Replica=0] -> OnlineReplica, [Topic=__consumer_offsets,Partition=13,Replica=0] -> OnlineReplica, [Topic=__consumer_offsets,Partition=35,Replica=0] -> OnlineReplica) (kafka.controller.ZkReplicaStateMachine)
[2025-03-30 00:07:35,260] INFO [PartitionStateMachine controllerId=0] Initializing partition state (kafka.controller.ZkPartitionStateMachine)
[2025-03-30 00:07:35,267] INFO [PartitionStateMachine controllerId=0] Triggering online partition state changes (kafka.controller.ZkPartitionStateMachine)
[2025-03-30 00:07:35,272] DEBUG [PartitionStateMachine controllerId=0] Started partition state machine with initial state -> HashMap(__consumer_offsets-13 -> OnlinePartition, __consumer_offsets-46 -> OnlinePartition, __consumer_offsets-9 -> OnlinePartition, __consumer_offsets-42 -> OnlinePartition, __consumer_offsets-21 -> OnlinePartition, user-service-project-created-0 -> OnlinePartition, __consumer_offsets-17 -> OnlinePartition, __consumer_offsets-30 -> OnlinePartition, __consumer_offsets-26 -> OnlinePartition, __consumer_offsets-5 -> OnlinePartition, __consumer_offsets-38 -> OnlinePartition, __consumer_offsets-1 -> OnlinePartition, __consumer_offsets-34 -> OnlinePartition, __consumer_offsets-16 -> OnlinePartition, __consumer_offsets-45 -> OnlinePartition, team-service-topic-0 -> OnlinePartition, __consumer_offsets-12 -> OnlinePartition, __consumer_offsets-41 -> OnlinePartition, __consumer_offsets-24 -> OnlinePartition, team-service-invite-members-0 -> OnlinePartition, __consumer_offsets-20 -> OnlinePartition, __consumer_offsets-49 -> OnlinePartition, __consumer_offsets-0 -> OnlinePartition, __consumer_offsets-29 -> OnlinePartition, __consumer_offsets-25 -> OnlinePartition, __consumer_offsets-8 -> OnlinePartition, __consumer_offsets-37 -> OnlinePartition, __consumer_offsets-4 -> OnlinePartition, __consumer_offsets-33 -> OnlinePartition, __consumer_offsets-15 -> OnlinePartition, __consumer_offsets-48 -> OnlinePartition, file-upload-0 -> OnlinePartition, __consumer_offsets-11 -> OnlinePartition, __consumer_offsets-44 -> OnlinePartition, __consumer_offsets-23 -> OnlinePartition, __consumer_offsets-19 -> OnlinePartition, __consumer_offsets-32 -> OnlinePartition, __consumer_offsets-28 -> OnlinePartition, __consumer_offsets-7 -> OnlinePartition, __consumer_offsets-40 -> OnlinePartition, __consumer_offsets-3 -> OnlinePartition, __consumer_offsets-36 -> OnlinePartition, user-service-invite-members-0 -> OnlinePartition, __consumer_offsets-47 -> OnlinePartition, __consumer_offsets-14 -> OnlinePartition, __consumer_offsets-43 -> OnlinePartition, __consumer_offsets-10 -> OnlinePartition, __consumer_offsets-22 -> OnlinePartition, __consumer_offsets-18 -> OnlinePartition, __consumer_offsets-31 -> OnlinePartition, user-avatar-updated-0 -> OnlinePartition, __consumer_offsets-27 -> OnlinePartition, __consumer_offsets-39 -> OnlinePartition, __consumer_offsets-6 -> OnlinePartition, __consumer_offsets-35 -> OnlinePartition, __consumer_offsets-2 -> OnlinePartition) (kafka.controller.ZkPartitionStateMachine)
[2025-03-30 00:07:35,272] INFO [Controller id=0] Ready to serve as the new controller with epoch 20 (kafka.controller.KafkaController)
[2025-03-30 00:07:35,279] INFO [Controller id=0] Partitions undergoing preferred replica election:  (kafka.controller.KafkaController)
[2025-03-30 00:07:35,281] INFO [Controller id=0] Partitions that completed preferred replica election:  (kafka.controller.KafkaController)
[2025-03-30 00:07:35,281] INFO [Controller id=0] Skipping preferred replica election for partitions due to topic deletion:  (kafka.controller.KafkaController)
[2025-03-30 00:07:35,281] INFO [Controller id=0] Resuming preferred replica election for partitions:  (kafka.controller.KafkaController)
[2025-03-30 00:07:35,282] INFO [Controller id=0] Starting replica leader election (PREFERRED) for partitions  triggered by ZkTriggered (kafka.controller.KafkaController)
[2025-03-30 00:07:35,304] INFO [Controller id=0] Starting the controller scheduler (kafka.controller.KafkaController)
[2025-03-30 00:07:35,712] INFO [RequestSendThread controllerId=0] Controller 0 connected to DESKTOP-8GKE7FT:9092 (id: 0 rack: null) for sending state change requests (kafka.controller.RequestSendThread)
[2025-03-30 00:07:40,320] INFO [Controller id=0] Processing automatic preferred replica leader election (kafka.controller.KafkaController)
[2025-03-30 00:07:40,321] TRACE [Controller id=0] Checking need to trigger auto leader balancing (kafka.controller.KafkaController)
[2025-03-30 00:07:40,333] DEBUG [Controller id=0] Topics not in preferred replica for broker 0 HashMap() (kafka.controller.KafkaController)
[2025-03-30 00:07:40,337] TRACE [Controller id=0] Leader imbalance ratio for broker 0 is 0.0 (kafka.controller.KafkaController)
[2025-03-30 00:12:40,353] INFO [Controller id=0] Processing automatic preferred replica leader election (kafka.controller.KafkaController)
[2025-03-30 00:12:40,354] TRACE [Controller id=0] Checking need to trigger auto leader balancing (kafka.controller.KafkaController)
[2025-03-30 00:12:40,356] DEBUG [Controller id=0] Topics not in preferred replica for broker 0 HashMap() (kafka.controller.KafkaController)
[2025-03-30 00:12:40,357] TRACE [Controller id=0] Leader imbalance ratio for broker 0 is 0.0 (kafka.controller.KafkaController)
[2025-03-30 00:17:40,390] INFO [Controller id=0] Processing automatic preferred replica leader election (kafka.controller.KafkaController)
[2025-03-30 00:17:40,390] TRACE [Controller id=0] Checking need to trigger auto leader balancing (kafka.controller.KafkaController)
[2025-03-30 00:17:40,394] DEBUG [Controller id=0] Topics not in preferred replica for broker 0 HashMap() (kafka.controller.KafkaController)
[2025-03-30 00:17:40,394] TRACE [Controller id=0] Leader imbalance ratio for broker 0 is 0.0 (kafka.controller.KafkaController)
[2025-03-30 00:22:40,397] INFO [Controller id=0] Processing automatic preferred replica leader election (kafka.controller.KafkaController)
[2025-03-30 00:22:40,398] TRACE [Controller id=0] Checking need to trigger auto leader balancing (kafka.controller.KafkaController)
[2025-03-30 00:22:40,405] DEBUG [Controller id=0] Topics not in preferred replica for broker 0 HashMap() (kafka.controller.KafkaController)
[2025-03-30 00:22:40,405] TRACE [Controller id=0] Leader imbalance ratio for broker 0 is 0.0 (kafka.controller.KafkaController)
[2025-03-30 00:27:40,414] INFO [Controller id=0] Processing automatic preferred replica leader election (kafka.controller.KafkaController)
[2025-03-30 00:27:40,434] TRACE [Controller id=0] Checking need to trigger auto leader balancing (kafka.controller.KafkaController)
[2025-03-30 00:27:40,439] DEBUG [Controller id=0] Topics not in preferred replica for broker 0 HashMap() (kafka.controller.KafkaController)
[2025-03-30 00:27:40,440] TRACE [Controller id=0] Leader imbalance ratio for broker 0 is 0.0 (kafka.controller.KafkaController)
[2025-03-30 00:32:40,494] INFO [Controller id=0] Processing automatic preferred replica leader election (kafka.controller.KafkaController)
[2025-03-30 00:32:40,494] TRACE [Controller id=0] Checking need to trigger auto leader balancing (kafka.controller.KafkaController)
[2025-03-30 00:32:40,499] DEBUG [Controller id=0] Topics not in preferred replica for broker 0 HashMap() (kafka.controller.KafkaController)
[2025-03-30 00:32:40,499] TRACE [Controller id=0] Leader imbalance ratio for broker 0 is 0.0 (kafka.controller.KafkaController)
[2025-03-30 00:37:40,520] INFO [Controller id=0] Processing automatic preferred replica leader election (kafka.controller.KafkaController)
[2025-03-30 00:37:40,520] TRACE [Controller id=0] Checking need to trigger auto leader balancing (kafka.controller.KafkaController)
[2025-03-30 00:37:40,522] DEBUG [Controller id=0] Topics not in preferred replica for broker 0 HashMap() (kafka.controller.KafkaController)
[2025-03-30 00:37:40,523] TRACE [Controller id=0] Leader imbalance ratio for broker 0 is 0.0 (kafka.controller.KafkaController)
[2025-03-30 00:42:40,525] INFO [Controller id=0] Processing automatic preferred replica leader election (kafka.controller.KafkaController)
[2025-03-30 00:42:40,525] TRACE [Controller id=0] Checking need to trigger auto leader balancing (kafka.controller.KafkaController)
[2025-03-30 00:42:40,529] DEBUG [Controller id=0] Topics not in preferred replica for broker 0 HashMap() (kafka.controller.KafkaController)
[2025-03-30 00:42:40,529] TRACE [Controller id=0] Leader imbalance ratio for broker 0 is 0.0 (kafka.controller.KafkaController)
[2025-03-30 00:47:40,540] INFO [Controller id=0] Processing automatic preferred replica leader election (kafka.controller.KafkaController)
[2025-03-30 00:47:40,540] TRACE [Controller id=0] Checking need to trigger auto leader balancing (kafka.controller.KafkaController)
[2025-03-30 00:47:40,542] DEBUG [Controller id=0] Topics not in preferred replica for broker 0 HashMap() (kafka.controller.KafkaController)
[2025-03-30 00:47:40,542] TRACE [Controller id=0] Leader imbalance ratio for broker 0 is 0.0 (kafka.controller.KafkaController)
[2025-03-30 00:52:53,802] DEBUG [Controller id=0] Resigning (kafka.controller.KafkaController)
[2025-03-30 00:52:53,807] DEBUG [Controller id=0] Unregister BrokerModifications handler for Set(0) (kafka.controller.KafkaController)
[2025-03-30 00:52:53,814] INFO [PartitionStateMachine controllerId=0] Stopped partition state machine (kafka.controller.ZkPartitionStateMachine)
[2025-03-30 00:52:53,817] INFO [ReplicaStateMachine controllerId=0] Stopped replica state machine (kafka.controller.ZkReplicaStateMachine)
[2025-03-30 00:52:53,822] INFO [RequestSendThread controllerId=0] Shutting down (kafka.controller.RequestSendThread)
[2025-03-30 00:52:53,823] INFO [RequestSendThread controllerId=0] Stopped (kafka.controller.RequestSendThread)
[2025-03-30 00:52:53,823] INFO [RequestSendThread controllerId=0] Shutdown completed (kafka.controller.RequestSendThread)
[2025-03-30 00:52:53,845] INFO [Controller id=0] Resigned (kafka.controller.KafkaController)
[2025-03-30 00:52:53,883] INFO [Controller id=0] 0 successfully elected as the controller. Epoch incremented to 21 and epoch zk version is now 21 (kafka.controller.KafkaController)
[2025-03-30 00:52:53,885] INFO [Controller id=0] Registering handlers (kafka.controller.KafkaController)
[2025-03-30 00:52:53,888] INFO [Controller id=0] Deleting log dir event notifications (kafka.controller.KafkaController)
[2025-03-30 00:52:53,890] INFO [Controller id=0] Deleting isr change notifications (kafka.controller.KafkaController)
[2025-03-30 00:52:53,892] INFO [Controller id=0] Initializing controller context (kafka.controller.KafkaController)
[2025-03-30 00:52:53,902] INFO [Controller id=0] Initialized broker epochs cache: HashMap(0 -> 396) (kafka.controller.KafkaController)
[2025-03-30 00:52:53,913] DEBUG [Controller id=0] Register BrokerModifications handler for Set(0) (kafka.controller.KafkaController)
[2025-03-30 00:52:53,941] DEBUG [Channel manager on controller 0]: Controller 0 trying to connect to broker 0 (kafka.controller.ControllerChannelManager)
[2025-03-30 00:52:53,952] INFO [RequestSendThread controllerId=0] Starting (kafka.controller.RequestSendThread)
[2025-03-30 00:52:53,952] INFO [Controller id=0] Currently active brokers in the cluster: Set(0) (kafka.controller.KafkaController)
[2025-03-30 00:52:53,952] INFO [Controller id=0] Currently shutting brokers in the cluster: HashSet() (kafka.controller.KafkaController)
[2025-03-30 00:52:53,952] INFO [Controller id=0] Current list of topics in the cluster: HashSet(user-service-invite-members, file-upload, user-avatar-updated, team-service-topic, user-service-project-created, __consumer_offsets, team-service-invite-members) (kafka.controller.KafkaController)
[2025-03-30 00:52:53,952] INFO [Controller id=0] Fetching topic deletions in progress (kafka.controller.KafkaController)
[2025-03-30 00:52:53,956] INFO [Controller id=0] List of topics to be deleted:  (kafka.controller.KafkaController)
[2025-03-30 00:52:53,956] INFO [Controller id=0] List of topics ineligible for deletion:  (kafka.controller.KafkaController)
[2025-03-30 00:52:53,956] INFO [Controller id=0] Initializing topic deletion manager (kafka.controller.KafkaController)
[2025-03-30 00:52:53,956] INFO [Topic Deletion Manager 0] Initializing manager with initial deletions: Set(), initial ineligible deletions: HashSet() (kafka.controller.TopicDeletionManager)
[2025-03-30 00:52:53,956] INFO [Controller id=0] Sending update metadata request (kafka.controller.KafkaController)
[2025-03-30 00:52:53,959] INFO [ReplicaStateMachine controllerId=0] Initializing replica state (kafka.controller.ZkReplicaStateMachine)
[2025-03-30 00:52:53,960] INFO [ReplicaStateMachine controllerId=0] Triggering online replica state changes (kafka.controller.ZkReplicaStateMachine)
[2025-03-30 00:52:53,962] INFO [RequestSendThread controllerId=0] Controller 0 connected to DESKTOP-8GKE7FT:9092 (id: 0 rack: null) for sending state change requests (kafka.controller.RequestSendThread)
[2025-03-30 00:52:53,969] INFO [ReplicaStateMachine controllerId=0] Triggering offline replica state changes (kafka.controller.ZkReplicaStateMachine)
[2025-03-30 00:52:53,970] DEBUG [ReplicaStateMachine controllerId=0] Started replica state machine with initial state -> HashMap([Topic=__consumer_offsets,Partition=40,Replica=0] -> OnlineReplica, [Topic=__consumer_offsets,Partition=27,Replica=0] -> OnlineReplica, [Topic=__consumer_offsets,Partition=49,Replica=0] -> OnlineReplica, [Topic=user-avatar-updated,Partition=0,Replica=0] -> OnlineReplica, [Topic=__consumer_offsets,Partition=47,Replica=0] -> OnlineReplica, [Topic=__consumer_offsets,Partition=3,Replica=0] -> OnlineReplica, [Topic=__consumer_offsets,Partition=18,Replica=0] -> OnlineReplica, [Topic=__consumer_offsets,Partition=44,Replica=0] -> OnlineReplica, [Topic=__consumer_offsets,Partition=8,Replica=0] -> OnlineReplica, [Topic=user-service-project-created,Partition=0,Replica=0] -> OnlineReplica, [Topic=__consumer_offsets,Partition=34,Replica=0] -> OnlineReplica, [Topic=__consumer_offsets,Partition=25,Replica=0] -> OnlineReplica, [Topic=user-service-invite-members,Partition=0,Replica=0] -> OnlineReplica, [Topic=__consumer_offsets,Partition=14,Replica=0] -> OnlineReplica, [Topic=__consumer_offsets,Partition=24,Replica=0] -> OnlineReplica, [Topic=__consumer_offsets,Partition=36,Replica=0] -> OnlineReplica, [Topic=__consumer_offsets,Partition=42,Replica=0] -> OnlineReplica, [Topic=__consumer_offsets,Partition=45,Replica=0] -> OnlineReplica, [Topic=__consumer_offsets,Partition=11,Replica=0] -> OnlineReplica, [Topic=__consumer_offsets,Partition=32,Replica=0] -> OnlineReplica, [Topic=__consumer_offsets,Partition=12,Replica=0] -> OnlineReplica, [Topic=__consumer_offsets,Partition=30,Replica=0] -> OnlineReplica, [Topic=__consumer_offsets,Partition=9,Replica=0] -> OnlineReplica, [Topic=__consumer_offsets,Partition=39,Replica=0] -> OnlineReplica, [Topic=__consumer_offsets,Partition=38,Replica=0] -> OnlineReplica, [Topic=__consumer_offsets,Partition=23,Replica=0] -> OnlineReplica, [Topic=__consumer_offsets,Partition=19,Replica=0] -> OnlineReplica, [Topic=__consumer_offsets,Partition=17,Replica=0] -> OnlineReplica, [Topic=__consumer_offsets,Partition=41,Replica=0] -> OnlineReplica, [Topic=__consumer_offsets,Partition=37,Replica=0] -> OnlineReplica, [Topic=__consumer_offsets,Partition=48,Replica=0] -> OnlineReplica, [Topic=__consumer_offsets,Partition=29,Replica=0] -> OnlineReplica, [Topic=team-service-invite-members,Partition=0,Replica=0] -> OnlineReplica, [Topic=__consumer_offsets,Partition=10,Replica=0] -> OnlineReplica, [Topic=__consumer_offsets,Partition=46,Replica=0] -> OnlineReplica, [Topic=__consumer_offsets,Partition=1,Replica=0] -> OnlineReplica, [Topic=team-service-topic,Partition=0,Replica=0] -> OnlineReplica, [Topic=__consumer_offsets,Partition=16,Replica=0] -> OnlineReplica, [Topic=__consumer_offsets,Partition=5,Replica=0] -> OnlineReplica, [Topic=file-upload,Partition=0,Replica=0] -> OnlineReplica, [Topic=__consumer_offsets,Partition=15,Replica=0] -> OnlineReplica, [Topic=__consumer_offsets,Partition=4,Replica=0] -> OnlineReplica, [Topic=__consumer_offsets,Partition=6,Replica=0] -> OnlineReplica, [Topic=__consumer_offsets,Partition=7,Replica=0] -> OnlineReplica, [Topic=__consumer_offsets,Partition=43,Replica=0] -> OnlineReplica, [Topic=__consumer_offsets,Partition=0,Replica=0] -> OnlineReplica, [Topic=__consumer_offsets,Partition=20,Replica=0] -> OnlineReplica, [Topic=__consumer_offsets,Partition=31,Replica=0] -> OnlineReplica, [Topic=__consumer_offsets,Partition=28,Replica=0] -> OnlineReplica, [Topic=__consumer_offsets,Partition=26,Replica=0] -> OnlineReplica, [Topic=__consumer_offsets,Partition=2,Replica=0] -> OnlineReplica, [Topic=__consumer_offsets,Partition=33,Replica=0] -> OnlineReplica, [Topic=__consumer_offsets,Partition=22,Replica=0] -> OnlineReplica, [Topic=__consumer_offsets,Partition=21,Replica=0] -> OnlineReplica, [Topic=__consumer_offsets,Partition=13,Replica=0] -> OnlineReplica, [Topic=__consumer_offsets,Partition=35,Replica=0] -> OnlineReplica) (kafka.controller.ZkReplicaStateMachine)
[2025-03-30 00:52:53,970] INFO [PartitionStateMachine controllerId=0] Initializing partition state (kafka.controller.ZkPartitionStateMachine)
[2025-03-30 00:52:53,970] INFO [PartitionStateMachine controllerId=0] Triggering online partition state changes (kafka.controller.ZkPartitionStateMachine)
[2025-03-30 00:52:53,971] DEBUG [PartitionStateMachine controllerId=0] Started partition state machine with initial state -> HashMap(__consumer_offsets-13 -> OnlinePartition, __consumer_offsets-46 -> OnlinePartition, __consumer_offsets-9 -> OnlinePartition, __consumer_offsets-42 -> OnlinePartition, __consumer_offsets-21 -> OnlinePartition, user-service-project-created-0 -> OnlinePartition, __consumer_offsets-17 -> OnlinePartition, __consumer_offsets-30 -> OnlinePartition, __consumer_offsets-26 -> OnlinePartition, __consumer_offsets-5 -> OnlinePartition, __consumer_offsets-38 -> OnlinePartition, __consumer_offsets-1 -> OnlinePartition, __consumer_offsets-34 -> OnlinePartition, __consumer_offsets-16 -> OnlinePartition, __consumer_offsets-45 -> OnlinePartition, team-service-topic-0 -> OnlinePartition, __consumer_offsets-12 -> OnlinePartition, __consumer_offsets-41 -> OnlinePartition, __consumer_offsets-24 -> OnlinePartition, team-service-invite-members-0 -> OnlinePartition, __consumer_offsets-20 -> OnlinePartition, __consumer_offsets-49 -> OnlinePartition, __consumer_offsets-0 -> OnlinePartition, __consumer_offsets-29 -> OnlinePartition, __consumer_offsets-25 -> OnlinePartition, __consumer_offsets-8 -> OnlinePartition, __consumer_offsets-37 -> OnlinePartition, __consumer_offsets-4 -> OnlinePartition, __consumer_offsets-33 -> OnlinePartition, __consumer_offsets-15 -> OnlinePartition, __consumer_offsets-48 -> OnlinePartition, file-upload-0 -> OnlinePartition, __consumer_offsets-11 -> OnlinePartition, __consumer_offsets-44 -> OnlinePartition, __consumer_offsets-23 -> OnlinePartition, __consumer_offsets-19 -> OnlinePartition, __consumer_offsets-32 -> OnlinePartition, __consumer_offsets-28 -> OnlinePartition, __consumer_offsets-7 -> OnlinePartition, __consumer_offsets-40 -> OnlinePartition, __consumer_offsets-3 -> OnlinePartition, __consumer_offsets-36 -> OnlinePartition, user-service-invite-members-0 -> OnlinePartition, __consumer_offsets-47 -> OnlinePartition, __consumer_offsets-14 -> OnlinePartition, __consumer_offsets-43 -> OnlinePartition, __consumer_offsets-10 -> OnlinePartition, __consumer_offsets-22 -> OnlinePartition, __consumer_offsets-18 -> OnlinePartition, __consumer_offsets-31 -> OnlinePartition, user-avatar-updated-0 -> OnlinePartition, __consumer_offsets-27 -> OnlinePartition, __consumer_offsets-39 -> OnlinePartition, __consumer_offsets-6 -> OnlinePartition, __consumer_offsets-35 -> OnlinePartition, __consumer_offsets-2 -> OnlinePartition) (kafka.controller.ZkPartitionStateMachine)
[2025-03-30 00:52:53,971] INFO [Controller id=0] Ready to serve as the new controller with epoch 21 (kafka.controller.KafkaController)
[2025-03-30 00:52:53,974] INFO [Controller id=0] Partitions undergoing preferred replica election:  (kafka.controller.KafkaController)
[2025-03-30 00:52:53,974] INFO [Controller id=0] Partitions that completed preferred replica election:  (kafka.controller.KafkaController)
[2025-03-30 00:52:53,974] INFO [Controller id=0] Skipping preferred replica election for partitions due to topic deletion:  (kafka.controller.KafkaController)
[2025-03-30 00:52:53,974] INFO [Controller id=0] Resuming preferred replica election for partitions:  (kafka.controller.KafkaController)
[2025-03-30 00:52:53,974] INFO [Controller id=0] Starting replica leader election (PREFERRED) for partitions  triggered by ZkTriggered (kafka.controller.KafkaController)
[2025-03-30 00:52:53,978] INFO [Controller id=0] Starting the controller scheduler (kafka.controller.KafkaController)
[2025-03-30 00:52:58,989] INFO [Controller id=0] Processing automatic preferred replica leader election (kafka.controller.KafkaController)
[2025-03-30 00:52:58,989] TRACE [Controller id=0] Checking need to trigger auto leader balancing (kafka.controller.KafkaController)
[2025-03-30 00:52:58,990] DEBUG [Controller id=0] Topics not in preferred replica for broker 0 HashMap() (kafka.controller.KafkaController)
[2025-03-30 00:52:58,990] TRACE [Controller id=0] Leader imbalance ratio for broker 0 is 0.0 (kafka.controller.KafkaController)
[2025-03-30 00:57:58,999] INFO [Controller id=0] Processing automatic preferred replica leader election (kafka.controller.KafkaController)
[2025-03-30 00:57:59,000] TRACE [Controller id=0] Checking need to trigger auto leader balancing (kafka.controller.KafkaController)
[2025-03-30 00:57:59,002] DEBUG [Controller id=0] Topics not in preferred replica for broker 0 HashMap() (kafka.controller.KafkaController)
[2025-03-30 00:57:59,002] TRACE [Controller id=0] Leader imbalance ratio for broker 0 is 0.0 (kafka.controller.KafkaController)
[2025-03-30 01:02:59,010] INFO [Controller id=0] Processing automatic preferred replica leader election (kafka.controller.KafkaController)
[2025-03-30 01:02:59,050] TRACE [Controller id=0] Checking need to trigger auto leader balancing (kafka.controller.KafkaController)
[2025-03-30 01:02:59,052] DEBUG [Controller id=0] Topics not in preferred replica for broker 0 HashMap() (kafka.controller.KafkaController)
[2025-03-30 01:02:59,052] TRACE [Controller id=0] Leader imbalance ratio for broker 0 is 0.0 (kafka.controller.KafkaController)
[2025-03-30 01:07:59,061] INFO [Controller id=0] Processing automatic preferred replica leader election (kafka.controller.KafkaController)
[2025-03-30 01:07:59,061] TRACE [Controller id=0] Checking need to trigger auto leader balancing (kafka.controller.KafkaController)
[2025-03-30 01:07:59,064] DEBUG [Controller id=0] Topics not in preferred replica for broker 0 HashMap() (kafka.controller.KafkaController)
[2025-03-30 01:07:59,064] TRACE [Controller id=0] Leader imbalance ratio for broker 0 is 0.0 (kafka.controller.KafkaController)
[2025-03-30 01:12:59,066] INFO [Controller id=0] Processing automatic preferred replica leader election (kafka.controller.KafkaController)
[2025-03-30 01:12:59,066] TRACE [Controller id=0] Checking need to trigger auto leader balancing (kafka.controller.KafkaController)
[2025-03-30 01:12:59,071] DEBUG [Controller id=0] Topics not in preferred replica for broker 0 HashMap() (kafka.controller.KafkaController)
[2025-03-30 01:12:59,071] TRACE [Controller id=0] Leader imbalance ratio for broker 0 is 0.0 (kafka.controller.KafkaController)
[2025-03-30 01:17:59,079] INFO [Controller id=0] Processing automatic preferred replica leader election (kafka.controller.KafkaController)
[2025-03-30 01:17:59,079] TRACE [Controller id=0] Checking need to trigger auto leader balancing (kafka.controller.KafkaController)
[2025-03-30 01:17:59,080] DEBUG [Controller id=0] Topics not in preferred replica for broker 0 HashMap() (kafka.controller.KafkaController)
[2025-03-30 01:17:59,080] TRACE [Controller id=0] Leader imbalance ratio for broker 0 is 0.0 (kafka.controller.KafkaController)
[2025-03-30 01:22:59,091] INFO [Controller id=0] Processing automatic preferred replica leader election (kafka.controller.KafkaController)
[2025-03-30 01:22:59,091] TRACE [Controller id=0] Checking need to trigger auto leader balancing (kafka.controller.KafkaController)
[2025-03-30 01:22:59,093] DEBUG [Controller id=0] Topics not in preferred replica for broker 0 HashMap() (kafka.controller.KafkaController)
[2025-03-30 01:22:59,093] TRACE [Controller id=0] Leader imbalance ratio for broker 0 is 0.0 (kafka.controller.KafkaController)
[2025-03-30 01:27:59,117] INFO [Controller id=0] Processing automatic preferred replica leader election (kafka.controller.KafkaController)
[2025-03-30 01:27:59,117] TRACE [Controller id=0] Checking need to trigger auto leader balancing (kafka.controller.KafkaController)
[2025-03-30 01:27:59,119] DEBUG [Controller id=0] Topics not in preferred replica for broker 0 HashMap() (kafka.controller.KafkaController)
[2025-03-30 01:27:59,119] TRACE [Controller id=0] Leader imbalance ratio for broker 0 is 0.0 (kafka.controller.KafkaController)
[2025-03-30 01:32:59,128] INFO [Controller id=0] Processing automatic preferred replica leader election (kafka.controller.KafkaController)
[2025-03-30 01:32:59,128] TRACE [Controller id=0] Checking need to trigger auto leader balancing (kafka.controller.KafkaController)
[2025-03-30 01:32:59,129] DEBUG [Controller id=0] Topics not in preferred replica for broker 0 HashMap() (kafka.controller.KafkaController)
[2025-03-30 01:32:59,129] TRACE [Controller id=0] Leader imbalance ratio for broker 0 is 0.0 (kafka.controller.KafkaController)
[2025-03-30 01:37:59,144] INFO [Controller id=0] Processing automatic preferred replica leader election (kafka.controller.KafkaController)
[2025-03-30 01:37:59,144] TRACE [Controller id=0] Checking need to trigger auto leader balancing (kafka.controller.KafkaController)
[2025-03-30 01:37:59,146] DEBUG [Controller id=0] Topics not in preferred replica for broker 0 HashMap() (kafka.controller.KafkaController)
[2025-03-30 01:37:59,146] TRACE [Controller id=0] Leader imbalance ratio for broker 0 is 0.0 (kafka.controller.KafkaController)
[2025-03-30 01:42:59,160] INFO [Controller id=0] Processing automatic preferred replica leader election (kafka.controller.KafkaController)
[2025-03-30 01:42:59,160] TRACE [Controller id=0] Checking need to trigger auto leader balancing (kafka.controller.KafkaController)
[2025-03-30 01:42:59,161] DEBUG [Controller id=0] Topics not in preferred replica for broker 0 HashMap() (kafka.controller.KafkaController)
[2025-03-30 01:42:59,161] TRACE [Controller id=0] Leader imbalance ratio for broker 0 is 0.0 (kafka.controller.KafkaController)
[2025-03-30 01:48:19,542] DEBUG [Controller id=0] Resigning (kafka.controller.KafkaController)
[2025-03-30 01:48:19,543] DEBUG [Controller id=0] Unregister BrokerModifications handler for Set(0) (kafka.controller.KafkaController)
[2025-03-30 01:48:19,545] INFO [PartitionStateMachine controllerId=0] Stopped partition state machine (kafka.controller.ZkPartitionStateMachine)
[2025-03-30 01:48:19,545] INFO [ReplicaStateMachine controllerId=0] Stopped replica state machine (kafka.controller.ZkReplicaStateMachine)
[2025-03-30 01:48:19,545] INFO [RequestSendThread controllerId=0] Shutting down (kafka.controller.RequestSendThread)
[2025-03-30 01:48:19,546] INFO [RequestSendThread controllerId=0] Stopped (kafka.controller.RequestSendThread)
[2025-03-30 01:48:19,546] INFO [RequestSendThread controllerId=0] Shutdown completed (kafka.controller.RequestSendThread)
[2025-03-30 01:48:19,561] INFO [Controller id=0] Resigned (kafka.controller.KafkaController)
[2025-03-30 01:48:19,589] INFO [Controller id=0] 0 successfully elected as the controller. Epoch incremented to 22 and epoch zk version is now 22 (kafka.controller.KafkaController)
[2025-03-30 01:48:19,590] INFO [Controller id=0] Registering handlers (kafka.controller.KafkaController)
[2025-03-30 01:48:19,594] INFO [Controller id=0] Deleting log dir event notifications (kafka.controller.KafkaController)
[2025-03-30 01:48:19,596] INFO [Controller id=0] Deleting isr change notifications (kafka.controller.KafkaController)
[2025-03-30 01:48:19,597] INFO [Controller id=0] Initializing controller context (kafka.controller.KafkaController)
[2025-03-30 01:48:19,603] INFO [Controller id=0] Initialized broker epochs cache: HashMap(0 -> 401) (kafka.controller.KafkaController)
[2025-03-30 01:48:19,612] DEBUG [Controller id=0] Register BrokerModifications handler for Set(0) (kafka.controller.KafkaController)
[2025-03-30 01:48:19,634] DEBUG [Channel manager on controller 0]: Controller 0 trying to connect to broker 0 (kafka.controller.ControllerChannelManager)
[2025-03-30 01:48:19,642] INFO [Controller id=0] Currently active brokers in the cluster: Set(0) (kafka.controller.KafkaController)
[2025-03-30 01:48:19,642] INFO [Controller id=0] Currently shutting brokers in the cluster: HashSet() (kafka.controller.KafkaController)
[2025-03-30 01:48:19,642] INFO [Controller id=0] Current list of topics in the cluster: HashSet(user-service-invite-members, file-upload, user-avatar-updated, team-service-topic, user-service-project-created, __consumer_offsets, team-service-invite-members) (kafka.controller.KafkaController)
[2025-03-30 01:48:19,642] INFO [Controller id=0] Fetching topic deletions in progress (kafka.controller.KafkaController)
[2025-03-30 01:48:19,642] INFO [RequestSendThread controllerId=0] Starting (kafka.controller.RequestSendThread)
[2025-03-30 01:48:19,644] INFO [Controller id=0] List of topics to be deleted:  (kafka.controller.KafkaController)
[2025-03-30 01:48:19,644] INFO [Controller id=0] List of topics ineligible for deletion:  (kafka.controller.KafkaController)
[2025-03-30 01:48:19,644] INFO [Controller id=0] Initializing topic deletion manager (kafka.controller.KafkaController)
[2025-03-30 01:48:19,644] INFO [Topic Deletion Manager 0] Initializing manager with initial deletions: Set(), initial ineligible deletions: HashSet() (kafka.controller.TopicDeletionManager)
[2025-03-30 01:48:19,645] INFO [Controller id=0] Sending update metadata request (kafka.controller.KafkaController)
[2025-03-30 01:48:19,648] INFO [ReplicaStateMachine controllerId=0] Initializing replica state (kafka.controller.ZkReplicaStateMachine)
[2025-03-30 01:48:19,648] INFO [ReplicaStateMachine controllerId=0] Triggering online replica state changes (kafka.controller.ZkReplicaStateMachine)
[2025-03-30 01:48:19,650] INFO [RequestSendThread controllerId=0] Controller 0 connected to DESKTOP-8GKE7FT:9092 (id: 0 rack: null) for sending state change requests (kafka.controller.RequestSendThread)
[2025-03-30 01:48:19,654] INFO [ReplicaStateMachine controllerId=0] Triggering offline replica state changes (kafka.controller.ZkReplicaStateMachine)
[2025-03-30 01:48:19,654] DEBUG [ReplicaStateMachine controllerId=0] Started replica state machine with initial state -> HashMap([Topic=__consumer_offsets,Partition=40,Replica=0] -> OnlineReplica, [Topic=__consumer_offsets,Partition=27,Replica=0] -> OnlineReplica, [Topic=__consumer_offsets,Partition=49,Replica=0] -> OnlineReplica, [Topic=user-avatar-updated,Partition=0,Replica=0] -> OnlineReplica, [Topic=__consumer_offsets,Partition=47,Replica=0] -> OnlineReplica, [Topic=__consumer_offsets,Partition=3,Replica=0] -> OnlineReplica, [Topic=__consumer_offsets,Partition=18,Replica=0] -> OnlineReplica, [Topic=__consumer_offsets,Partition=44,Replica=0] -> OnlineReplica, [Topic=__consumer_offsets,Partition=8,Replica=0] -> OnlineReplica, [Topic=user-service-project-created,Partition=0,Replica=0] -> OnlineReplica, [Topic=__consumer_offsets,Partition=34,Replica=0] -> OnlineReplica, [Topic=__consumer_offsets,Partition=25,Replica=0] -> OnlineReplica, [Topic=user-service-invite-members,Partition=0,Replica=0] -> OnlineReplica, [Topic=__consumer_offsets,Partition=14,Replica=0] -> OnlineReplica, [Topic=__consumer_offsets,Partition=24,Replica=0] -> OnlineReplica, [Topic=__consumer_offsets,Partition=36,Replica=0] -> OnlineReplica, [Topic=__consumer_offsets,Partition=42,Replica=0] -> OnlineReplica, [Topic=__consumer_offsets,Partition=45,Replica=0] -> OnlineReplica, [Topic=__consumer_offsets,Partition=11,Replica=0] -> OnlineReplica, [Topic=__consumer_offsets,Partition=32,Replica=0] -> OnlineReplica, [Topic=__consumer_offsets,Partition=12,Replica=0] -> OnlineReplica, [Topic=__consumer_offsets,Partition=30,Replica=0] -> OnlineReplica, [Topic=__consumer_offsets,Partition=9,Replica=0] -> OnlineReplica, [Topic=__consumer_offsets,Partition=39,Replica=0] -> OnlineReplica, [Topic=__consumer_offsets,Partition=38,Replica=0] -> OnlineReplica, [Topic=__consumer_offsets,Partition=23,Replica=0] -> OnlineReplica, [Topic=__consumer_offsets,Partition=19,Replica=0] -> OnlineReplica, [Topic=__consumer_offsets,Partition=17,Replica=0] -> OnlineReplica, [Topic=__consumer_offsets,Partition=41,Replica=0] -> OnlineReplica, [Topic=__consumer_offsets,Partition=37,Replica=0] -> OnlineReplica, [Topic=__consumer_offsets,Partition=48,Replica=0] -> OnlineReplica, [Topic=__consumer_offsets,Partition=29,Replica=0] -> OnlineReplica, [Topic=team-service-invite-members,Partition=0,Replica=0] -> OnlineReplica, [Topic=__consumer_offsets,Partition=10,Replica=0] -> OnlineReplica, [Topic=__consumer_offsets,Partition=46,Replica=0] -> OnlineReplica, [Topic=__consumer_offsets,Partition=1,Replica=0] -> OnlineReplica, [Topic=team-service-topic,Partition=0,Replica=0] -> OnlineReplica, [Topic=__consumer_offsets,Partition=16,Replica=0] -> OnlineReplica, [Topic=__consumer_offsets,Partition=5,Replica=0] -> OnlineReplica, [Topic=file-upload,Partition=0,Replica=0] -> OnlineReplica, [Topic=__consumer_offsets,Partition=15,Replica=0] -> OnlineReplica, [Topic=__consumer_offsets,Partition=4,Replica=0] -> OnlineReplica, [Topic=__consumer_offsets,Partition=6,Replica=0] -> OnlineReplica, [Topic=__consumer_offsets,Partition=7,Replica=0] -> OnlineReplica, [Topic=__consumer_offsets,Partition=43,Replica=0] -> OnlineReplica, [Topic=__consumer_offsets,Partition=0,Replica=0] -> OnlineReplica, [Topic=__consumer_offsets,Partition=20,Replica=0] -> OnlineReplica, [Topic=__consumer_offsets,Partition=31,Replica=0] -> OnlineReplica, [Topic=__consumer_offsets,Partition=28,Replica=0] -> OnlineReplica, [Topic=__consumer_offsets,Partition=26,Replica=0] -> OnlineReplica, [Topic=__consumer_offsets,Partition=2,Replica=0] -> OnlineReplica, [Topic=__consumer_offsets,Partition=33,Replica=0] -> OnlineReplica, [Topic=__consumer_offsets,Partition=22,Replica=0] -> OnlineReplica, [Topic=__consumer_offsets,Partition=21,Replica=0] -> OnlineReplica, [Topic=__consumer_offsets,Partition=13,Replica=0] -> OnlineReplica, [Topic=__consumer_offsets,Partition=35,Replica=0] -> OnlineReplica) (kafka.controller.ZkReplicaStateMachine)
[2025-03-30 01:48:19,655] INFO [PartitionStateMachine controllerId=0] Initializing partition state (kafka.controller.ZkPartitionStateMachine)
[2025-03-30 01:48:19,655] INFO [PartitionStateMachine controllerId=0] Triggering online partition state changes (kafka.controller.ZkPartitionStateMachine)
[2025-03-30 01:48:19,656] DEBUG [PartitionStateMachine controllerId=0] Started partition state machine with initial state -> HashMap(__consumer_offsets-13 -> OnlinePartition, __consumer_offsets-46 -> OnlinePartition, __consumer_offsets-9 -> OnlinePartition, __consumer_offsets-42 -> OnlinePartition, __consumer_offsets-21 -> OnlinePartition, user-service-project-created-0 -> OnlinePartition, __consumer_offsets-17 -> OnlinePartition, __consumer_offsets-30 -> OnlinePartition, __consumer_offsets-26 -> OnlinePartition, __consumer_offsets-5 -> OnlinePartition, __consumer_offsets-38 -> OnlinePartition, __consumer_offsets-1 -> OnlinePartition, __consumer_offsets-34 -> OnlinePartition, __consumer_offsets-16 -> OnlinePartition, __consumer_offsets-45 -> OnlinePartition, team-service-topic-0 -> OnlinePartition, __consumer_offsets-12 -> OnlinePartition, __consumer_offsets-41 -> OnlinePartition, __consumer_offsets-24 -> OnlinePartition, team-service-invite-members-0 -> OnlinePartition, __consumer_offsets-20 -> OnlinePartition, __consumer_offsets-49 -> OnlinePartition, __consumer_offsets-0 -> OnlinePartition, __consumer_offsets-29 -> OnlinePartition, __consumer_offsets-25 -> OnlinePartition, __consumer_offsets-8 -> OnlinePartition, __consumer_offsets-37 -> OnlinePartition, __consumer_offsets-4 -> OnlinePartition, __consumer_offsets-33 -> OnlinePartition, __consumer_offsets-15 -> OnlinePartition, __consumer_offsets-48 -> OnlinePartition, file-upload-0 -> OnlinePartition, __consumer_offsets-11 -> OnlinePartition, __consumer_offsets-44 -> OnlinePartition, __consumer_offsets-23 -> OnlinePartition, __consumer_offsets-19 -> OnlinePartition, __consumer_offsets-32 -> OnlinePartition, __consumer_offsets-28 -> OnlinePartition, __consumer_offsets-7 -> OnlinePartition, __consumer_offsets-40 -> OnlinePartition, __consumer_offsets-3 -> OnlinePartition, __consumer_offsets-36 -> OnlinePartition, user-service-invite-members-0 -> OnlinePartition, __consumer_offsets-47 -> OnlinePartition, __consumer_offsets-14 -> OnlinePartition, __consumer_offsets-43 -> OnlinePartition, __consumer_offsets-10 -> OnlinePartition, __consumer_offsets-22 -> OnlinePartition, __consumer_offsets-18 -> OnlinePartition, __consumer_offsets-31 -> OnlinePartition, user-avatar-updated-0 -> OnlinePartition, __consumer_offsets-27 -> OnlinePartition, __consumer_offsets-39 -> OnlinePartition, __consumer_offsets-6 -> OnlinePartition, __consumer_offsets-35 -> OnlinePartition, __consumer_offsets-2 -> OnlinePartition) (kafka.controller.ZkPartitionStateMachine)
[2025-03-30 01:48:19,656] INFO [Controller id=0] Ready to serve as the new controller with epoch 22 (kafka.controller.KafkaController)
[2025-03-30 01:48:19,659] INFO [Controller id=0] Partitions undergoing preferred replica election:  (kafka.controller.KafkaController)
[2025-03-30 01:48:19,659] INFO [Controller id=0] Partitions that completed preferred replica election:  (kafka.controller.KafkaController)
[2025-03-30 01:48:19,659] INFO [Controller id=0] Skipping preferred replica election for partitions due to topic deletion:  (kafka.controller.KafkaController)
[2025-03-30 01:48:19,659] INFO [Controller id=0] Resuming preferred replica election for partitions:  (kafka.controller.KafkaController)
[2025-03-30 01:48:19,659] INFO [Controller id=0] Starting replica leader election (PREFERRED) for partitions  triggered by ZkTriggered (kafka.controller.KafkaController)
[2025-03-30 01:48:19,663] INFO [Controller id=0] Starting the controller scheduler (kafka.controller.KafkaController)
[2025-03-30 01:48:24,671] INFO [Controller id=0] Processing automatic preferred replica leader election (kafka.controller.KafkaController)
[2025-03-30 01:48:24,671] TRACE [Controller id=0] Checking need to trigger auto leader balancing (kafka.controller.KafkaController)
[2025-03-30 01:48:24,672] DEBUG [Controller id=0] Topics not in preferred replica for broker 0 HashMap() (kafka.controller.KafkaController)
[2025-03-30 01:48:24,672] TRACE [Controller id=0] Leader imbalance ratio for broker 0 is 0.0 (kafka.controller.KafkaController)
[2025-03-30 01:53:24,683] INFO [Controller id=0] Processing automatic preferred replica leader election (kafka.controller.KafkaController)
[2025-03-30 01:53:24,683] TRACE [Controller id=0] Checking need to trigger auto leader balancing (kafka.controller.KafkaController)
[2025-03-30 01:53:24,685] DEBUG [Controller id=0] Topics not in preferred replica for broker 0 HashMap() (kafka.controller.KafkaController)
[2025-03-30 01:53:24,685] TRACE [Controller id=0] Leader imbalance ratio for broker 0 is 0.0 (kafka.controller.KafkaController)
[2025-03-30 02:10:24,569] DEBUG [Controller id=0] Resigning (kafka.controller.KafkaController)
[2025-03-30 02:10:24,584] DEBUG [Controller id=0] Unregister BrokerModifications handler for Set(0) (kafka.controller.KafkaController)
[2025-03-30 02:10:24,585] INFO [PartitionStateMachine controllerId=0] Stopped partition state machine (kafka.controller.ZkPartitionStateMachine)
[2025-03-30 02:10:24,585] INFO [ReplicaStateMachine controllerId=0] Stopped replica state machine (kafka.controller.ZkReplicaStateMachine)
[2025-03-30 02:10:24,585] INFO [RequestSendThread controllerId=0] Shutting down (kafka.controller.RequestSendThread)
[2025-03-30 02:10:24,585] INFO [RequestSendThread controllerId=0] Shutdown completed (kafka.controller.RequestSendThread)
[2025-03-30 02:10:24,585] INFO [RequestSendThread controllerId=0] Stopped (kafka.controller.RequestSendThread)
[2025-03-30 02:10:24,588] INFO [Controller id=0] Resigned (kafka.controller.KafkaController)
[2025-03-30 02:10:24,608] INFO [Controller id=0] 0 successfully elected as the controller. Epoch incremented to 23 and epoch zk version is now 23 (kafka.controller.KafkaController)
[2025-03-30 02:10:24,610] INFO [Controller id=0] Registering handlers (kafka.controller.KafkaController)
[2025-03-30 02:10:24,611] INFO [Controller id=0] Deleting log dir event notifications (kafka.controller.KafkaController)
[2025-03-30 02:10:24,613] INFO [Controller id=0] Deleting isr change notifications (kafka.controller.KafkaController)
[2025-03-30 02:10:24,614] INFO [Controller id=0] Initializing controller context (kafka.controller.KafkaController)
[2025-03-30 02:10:24,616] INFO [Controller id=0] Initialized broker epochs cache: HashMap(0 -> 406) (kafka.controller.KafkaController)
[2025-03-30 02:10:24,623] DEBUG [Controller id=0] Register BrokerModifications handler for Set(0) (kafka.controller.KafkaController)
[2025-03-30 02:10:24,643] DEBUG [Channel manager on controller 0]: Controller 0 trying to connect to broker 0 (kafka.controller.ControllerChannelManager)
[2025-03-30 02:10:24,648] INFO [Controller id=0] Currently active brokers in the cluster: Set(0) (kafka.controller.KafkaController)
[2025-03-30 02:10:24,648] INFO [Controller id=0] Currently shutting brokers in the cluster: HashSet() (kafka.controller.KafkaController)
[2025-03-30 02:10:24,648] INFO [Controller id=0] Current list of topics in the cluster: HashSet(user-service-invite-members, file-upload, user-avatar-updated, team-service-topic, user-service-project-created, __consumer_offsets, team-service-invite-members) (kafka.controller.KafkaController)
[2025-03-30 02:10:24,648] INFO [Controller id=0] Fetching topic deletions in progress (kafka.controller.KafkaController)
[2025-03-30 02:10:24,648] INFO [RequestSendThread controllerId=0] Starting (kafka.controller.RequestSendThread)
[2025-03-30 02:10:24,650] INFO [Controller id=0] List of topics to be deleted:  (kafka.controller.KafkaController)
[2025-03-30 02:10:24,650] INFO [Controller id=0] List of topics ineligible for deletion:  (kafka.controller.KafkaController)
[2025-03-30 02:10:24,650] INFO [Controller id=0] Initializing topic deletion manager (kafka.controller.KafkaController)
[2025-03-30 02:10:24,650] INFO [Topic Deletion Manager 0] Initializing manager with initial deletions: Set(), initial ineligible deletions: HashSet() (kafka.controller.TopicDeletionManager)
[2025-03-30 02:10:24,650] INFO [Controller id=0] Sending update metadata request (kafka.controller.KafkaController)
[2025-03-30 02:10:24,651] INFO [ReplicaStateMachine controllerId=0] Initializing replica state (kafka.controller.ZkReplicaStateMachine)
[2025-03-30 02:10:24,652] INFO [ReplicaStateMachine controllerId=0] Triggering online replica state changes (kafka.controller.ZkReplicaStateMachine)
[2025-03-30 02:10:24,653] INFO [RequestSendThread controllerId=0] Controller 0 connected to DESKTOP-8GKE7FT:9092 (id: 0 rack: null) for sending state change requests (kafka.controller.RequestSendThread)
[2025-03-30 02:10:24,655] INFO [ReplicaStateMachine controllerId=0] Triggering offline replica state changes (kafka.controller.ZkReplicaStateMachine)
[2025-03-30 02:10:24,656] DEBUG [ReplicaStateMachine controllerId=0] Started replica state machine with initial state -> HashMap([Topic=__consumer_offsets,Partition=40,Replica=0] -> OnlineReplica, [Topic=__consumer_offsets,Partition=27,Replica=0] -> OnlineReplica, [Topic=__consumer_offsets,Partition=49,Replica=0] -> OnlineReplica, [Topic=user-avatar-updated,Partition=0,Replica=0] -> OnlineReplica, [Topic=__consumer_offsets,Partition=47,Replica=0] -> OnlineReplica, [Topic=__consumer_offsets,Partition=3,Replica=0] -> OnlineReplica, [Topic=__consumer_offsets,Partition=18,Replica=0] -> OnlineReplica, [Topic=__consumer_offsets,Partition=44,Replica=0] -> OnlineReplica, [Topic=__consumer_offsets,Partition=8,Replica=0] -> OnlineReplica, [Topic=user-service-project-created,Partition=0,Replica=0] -> OnlineReplica, [Topic=__consumer_offsets,Partition=34,Replica=0] -> OnlineReplica, [Topic=__consumer_offsets,Partition=25,Replica=0] -> OnlineReplica, [Topic=user-service-invite-members,Partition=0,Replica=0] -> OnlineReplica, [Topic=__consumer_offsets,Partition=14,Replica=0] -> OnlineReplica, [Topic=__consumer_offsets,Partition=24,Replica=0] -> OnlineReplica, [Topic=__consumer_offsets,Partition=36,Replica=0] -> OnlineReplica, [Topic=__consumer_offsets,Partition=42,Replica=0] -> OnlineReplica, [Topic=__consumer_offsets,Partition=45,Replica=0] -> OnlineReplica, [Topic=__consumer_offsets,Partition=11,Replica=0] -> OnlineReplica, [Topic=__consumer_offsets,Partition=32,Replica=0] -> OnlineReplica, [Topic=__consumer_offsets,Partition=12,Replica=0] -> OnlineReplica, [Topic=__consumer_offsets,Partition=30,Replica=0] -> OnlineReplica, [Topic=__consumer_offsets,Partition=9,Replica=0] -> OnlineReplica, [Topic=__consumer_offsets,Partition=39,Replica=0] -> OnlineReplica, [Topic=__consumer_offsets,Partition=38,Replica=0] -> OnlineReplica, [Topic=__consumer_offsets,Partition=23,Replica=0] -> OnlineReplica, [Topic=__consumer_offsets,Partition=19,Replica=0] -> OnlineReplica, [Topic=__consumer_offsets,Partition=17,Replica=0] -> OnlineReplica, [Topic=__consumer_offsets,Partition=41,Replica=0] -> OnlineReplica, [Topic=__consumer_offsets,Partition=37,Replica=0] -> OnlineReplica, [Topic=__consumer_offsets,Partition=48,Replica=0] -> OnlineReplica, [Topic=__consumer_offsets,Partition=29,Replica=0] -> OnlineReplica, [Topic=team-service-invite-members,Partition=0,Replica=0] -> OnlineReplica, [Topic=__consumer_offsets,Partition=10,Replica=0] -> OnlineReplica, [Topic=__consumer_offsets,Partition=46,Replica=0] -> OnlineReplica, [Topic=__consumer_offsets,Partition=1,Replica=0] -> OnlineReplica, [Topic=team-service-topic,Partition=0,Replica=0] -> OnlineReplica, [Topic=__consumer_offsets,Partition=16,Replica=0] -> OnlineReplica, [Topic=__consumer_offsets,Partition=5,Replica=0] -> OnlineReplica, [Topic=file-upload,Partition=0,Replica=0] -> OnlineReplica, [Topic=__consumer_offsets,Partition=15,Replica=0] -> OnlineReplica, [Topic=__consumer_offsets,Partition=4,Replica=0] -> OnlineReplica, [Topic=__consumer_offsets,Partition=6,Replica=0] -> OnlineReplica, [Topic=__consumer_offsets,Partition=7,Replica=0] -> OnlineReplica, [Topic=__consumer_offsets,Partition=43,Replica=0] -> OnlineReplica, [Topic=__consumer_offsets,Partition=0,Replica=0] -> OnlineReplica, [Topic=__consumer_offsets,Partition=20,Replica=0] -> OnlineReplica, [Topic=__consumer_offsets,Partition=31,Replica=0] -> OnlineReplica, [Topic=__consumer_offsets,Partition=28,Replica=0] -> OnlineReplica, [Topic=__consumer_offsets,Partition=26,Replica=0] -> OnlineReplica, [Topic=__consumer_offsets,Partition=2,Replica=0] -> OnlineReplica, [Topic=__consumer_offsets,Partition=33,Replica=0] -> OnlineReplica, [Topic=__consumer_offsets,Partition=22,Replica=0] -> OnlineReplica, [Topic=__consumer_offsets,Partition=21,Replica=0] -> OnlineReplica, [Topic=__consumer_offsets,Partition=13,Replica=0] -> OnlineReplica, [Topic=__consumer_offsets,Partition=35,Replica=0] -> OnlineReplica) (kafka.controller.ZkReplicaStateMachine)
[2025-03-30 02:10:24,656] INFO [PartitionStateMachine controllerId=0] Initializing partition state (kafka.controller.ZkPartitionStateMachine)
[2025-03-30 02:10:24,656] INFO [PartitionStateMachine controllerId=0] Triggering online partition state changes (kafka.controller.ZkPartitionStateMachine)
[2025-03-30 02:10:24,656] DEBUG [PartitionStateMachine controllerId=0] Started partition state machine with initial state -> HashMap(__consumer_offsets-13 -> OnlinePartition, __consumer_offsets-46 -> OnlinePartition, __consumer_offsets-9 -> OnlinePartition, __consumer_offsets-42 -> OnlinePartition, __consumer_offsets-21 -> OnlinePartition, user-service-project-created-0 -> OnlinePartition, __consumer_offsets-17 -> OnlinePartition, __consumer_offsets-30 -> OnlinePartition, __consumer_offsets-26 -> OnlinePartition, __consumer_offsets-5 -> OnlinePartition, __consumer_offsets-38 -> OnlinePartition, __consumer_offsets-1 -> OnlinePartition, __consumer_offsets-34 -> OnlinePartition, __consumer_offsets-16 -> OnlinePartition, __consumer_offsets-45 -> OnlinePartition, team-service-topic-0 -> OnlinePartition, __consumer_offsets-12 -> OnlinePartition, __consumer_offsets-41 -> OnlinePartition, __consumer_offsets-24 -> OnlinePartition, team-service-invite-members-0 -> OnlinePartition, __consumer_offsets-20 -> OnlinePartition, __consumer_offsets-49 -> OnlinePartition, __consumer_offsets-0 -> OnlinePartition, __consumer_offsets-29 -> OnlinePartition, __consumer_offsets-25 -> OnlinePartition, __consumer_offsets-8 -> OnlinePartition, __consumer_offsets-37 -> OnlinePartition, __consumer_offsets-4 -> OnlinePartition, __consumer_offsets-33 -> OnlinePartition, __consumer_offsets-15 -> OnlinePartition, __consumer_offsets-48 -> OnlinePartition, file-upload-0 -> OnlinePartition, __consumer_offsets-11 -> OnlinePartition, __consumer_offsets-44 -> OnlinePartition, __consumer_offsets-23 -> OnlinePartition, __consumer_offsets-19 -> OnlinePartition, __consumer_offsets-32 -> OnlinePartition, __consumer_offsets-28 -> OnlinePartition, __consumer_offsets-7 -> OnlinePartition, __consumer_offsets-40 -> OnlinePartition, __consumer_offsets-3 -> OnlinePartition, __consumer_offsets-36 -> OnlinePartition, user-service-invite-members-0 -> OnlinePartition, __consumer_offsets-47 -> OnlinePartition, __consumer_offsets-14 -> OnlinePartition, __consumer_offsets-43 -> OnlinePartition, __consumer_offsets-10 -> OnlinePartition, __consumer_offsets-22 -> OnlinePartition, __consumer_offsets-18 -> OnlinePartition, __consumer_offsets-31 -> OnlinePartition, user-avatar-updated-0 -> OnlinePartition, __consumer_offsets-27 -> OnlinePartition, __consumer_offsets-39 -> OnlinePartition, __consumer_offsets-6 -> OnlinePartition, __consumer_offsets-35 -> OnlinePartition, __consumer_offsets-2 -> OnlinePartition) (kafka.controller.ZkPartitionStateMachine)
[2025-03-30 02:10:24,656] INFO [Controller id=0] Ready to serve as the new controller with epoch 23 (kafka.controller.KafkaController)
[2025-03-30 02:10:24,659] INFO [Controller id=0] Partitions undergoing preferred replica election:  (kafka.controller.KafkaController)
[2025-03-30 02:10:24,659] INFO [Controller id=0] Partitions that completed preferred replica election:  (kafka.controller.KafkaController)
[2025-03-30 02:10:24,659] INFO [Controller id=0] Skipping preferred replica election for partitions due to topic deletion:  (kafka.controller.KafkaController)
[2025-03-30 02:10:24,659] INFO [Controller id=0] Resuming preferred replica election for partitions:  (kafka.controller.KafkaController)
[2025-03-30 02:10:24,659] INFO [Controller id=0] Starting replica leader election (PREFERRED) for partitions  triggered by ZkTriggered (kafka.controller.KafkaController)
[2025-03-30 02:10:24,662] INFO [Controller id=0] Starting the controller scheduler (kafka.controller.KafkaController)
[2025-03-30 02:10:29,677] INFO [Controller id=0] Processing automatic preferred replica leader election (kafka.controller.KafkaController)
[2025-03-30 02:10:29,677] TRACE [Controller id=0] Checking need to trigger auto leader balancing (kafka.controller.KafkaController)
[2025-03-30 02:10:29,680] DEBUG [Controller id=0] Topics not in preferred replica for broker 0 HashMap() (kafka.controller.KafkaController)
[2025-03-30 02:10:29,680] TRACE [Controller id=0] Leader imbalance ratio for broker 0 is 0.0 (kafka.controller.KafkaController)
[2025-03-30 02:15:29,684] INFO [Controller id=0] Processing automatic preferred replica leader election (kafka.controller.KafkaController)
[2025-03-30 02:15:29,684] TRACE [Controller id=0] Checking need to trigger auto leader balancing (kafka.controller.KafkaController)
[2025-03-30 02:15:29,686] DEBUG [Controller id=0] Topics not in preferred replica for broker 0 HashMap() (kafka.controller.KafkaController)
[2025-03-30 02:15:29,687] TRACE [Controller id=0] Leader imbalance ratio for broker 0 is 0.0 (kafka.controller.KafkaController)
[2025-03-30 02:20:29,694] INFO [Controller id=0] Processing automatic preferred replica leader election (kafka.controller.KafkaController)
[2025-03-30 02:20:29,694] TRACE [Controller id=0] Checking need to trigger auto leader balancing (kafka.controller.KafkaController)
[2025-03-30 02:20:29,694] DEBUG [Controller id=0] Topics not in preferred replica for broker 0 HashMap() (kafka.controller.KafkaController)
[2025-03-30 02:20:29,695] TRACE [Controller id=0] Leader imbalance ratio for broker 0 is 0.0 (kafka.controller.KafkaController)
[2025-03-30 02:25:29,705] INFO [Controller id=0] Processing automatic preferred replica leader election (kafka.controller.KafkaController)
[2025-03-30 02:25:29,705] TRACE [Controller id=0] Checking need to trigger auto leader balancing (kafka.controller.KafkaController)
[2025-03-30 02:25:29,706] DEBUG [Controller id=0] Topics not in preferred replica for broker 0 HashMap() (kafka.controller.KafkaController)
[2025-03-30 02:25:29,706] TRACE [Controller id=0] Leader imbalance ratio for broker 0 is 0.0 (kafka.controller.KafkaController)
[2025-03-30 02:30:29,720] INFO [Controller id=0] Processing automatic preferred replica leader election (kafka.controller.KafkaController)
[2025-03-30 02:30:29,720] TRACE [Controller id=0] Checking need to trigger auto leader balancing (kafka.controller.KafkaController)
[2025-03-30 02:30:29,720] DEBUG [Controller id=0] Topics not in preferred replica for broker 0 HashMap() (kafka.controller.KafkaController)
[2025-03-30 02:30:29,721] TRACE [Controller id=0] Leader imbalance ratio for broker 0 is 0.0 (kafka.controller.KafkaController)
[2025-03-30 02:35:29,734] INFO [Controller id=0] Processing automatic preferred replica leader election (kafka.controller.KafkaController)
[2025-03-30 02:35:29,734] TRACE [Controller id=0] Checking need to trigger auto leader balancing (kafka.controller.KafkaController)
[2025-03-30 02:35:29,734] DEBUG [Controller id=0] Topics not in preferred replica for broker 0 HashMap() (kafka.controller.KafkaController)
[2025-03-30 02:35:29,734] TRACE [Controller id=0] Leader imbalance ratio for broker 0 is 0.0 (kafka.controller.KafkaController)
[2025-03-30 02:58:36,724] INFO [Controller id=0] Processing automatic preferred replica leader election (kafka.controller.KafkaController)
[2025-03-30 02:58:36,725] TRACE [Controller id=0] Checking need to trigger auto leader balancing (kafka.controller.KafkaController)
[2025-03-30 02:58:36,726] DEBUG [Controller id=0] Topics not in preferred replica for broker 0 HashMap() (kafka.controller.KafkaController)
[2025-03-30 02:58:36,726] TRACE [Controller id=0] Leader imbalance ratio for broker 0 is 0.0 (kafka.controller.KafkaController)
[2025-03-30 03:03:36,736] INFO [Controller id=0] Processing automatic preferred replica leader election (kafka.controller.KafkaController)
[2025-03-30 03:03:36,743] TRACE [Controller id=0] Checking need to trigger auto leader balancing (kafka.controller.KafkaController)
[2025-03-30 03:03:36,744] DEBUG [Controller id=0] Topics not in preferred replica for broker 0 HashMap() (kafka.controller.KafkaController)
[2025-03-30 03:03:36,744] TRACE [Controller id=0] Leader imbalance ratio for broker 0 is 0.0 (kafka.controller.KafkaController)
[2025-03-30 03:08:36,756] INFO [Controller id=0] Processing automatic preferred replica leader election (kafka.controller.KafkaController)
[2025-03-30 03:08:36,756] TRACE [Controller id=0] Checking need to trigger auto leader balancing (kafka.controller.KafkaController)
[2025-03-30 03:08:36,757] DEBUG [Controller id=0] Topics not in preferred replica for broker 0 HashMap() (kafka.controller.KafkaController)
[2025-03-30 03:08:36,757] TRACE [Controller id=0] Leader imbalance ratio for broker 0 is 0.0 (kafka.controller.KafkaController)
[2025-04-04 18:56:04,764] INFO [ControllerEventThread controllerId=0] Starting (kafka.controller.ControllerEventManager$ControllerEventThread)
[2025-04-04 18:56:04,811] INFO [Controller id=0] 0 successfully elected as the controller. Epoch incremented to 24 and epoch zk version is now 24 (kafka.controller.KafkaController)
[2025-04-04 18:56:04,816] INFO [Controller id=0] Registering handlers (kafka.controller.KafkaController)
[2025-04-04 18:56:04,823] INFO [Controller id=0] Deleting log dir event notifications (kafka.controller.KafkaController)
[2025-04-04 18:56:04,829] INFO [Controller id=0] Deleting isr change notifications (kafka.controller.KafkaController)
[2025-04-04 18:56:04,835] INFO [Controller id=0] Initializing controller context (kafka.controller.KafkaController)
[2025-04-04 18:56:04,869] INFO [Controller id=0] Initialized broker epochs cache: HashMap(0 -> 425) (kafka.controller.KafkaController)
[2025-04-04 18:56:04,913] DEBUG [Controller id=0] Register BrokerModifications handler for Set(0) (kafka.controller.KafkaController)
[2025-04-04 18:56:05,020] DEBUG [Channel manager on controller 0]: Controller 0 trying to connect to broker 0 (kafka.controller.ControllerChannelManager)
[2025-04-04 18:56:05,035] INFO [Controller id=0] Currently active brokers in the cluster: Set(0) (kafka.controller.KafkaController)
[2025-04-04 18:56:05,036] INFO [Controller id=0] Currently shutting brokers in the cluster: HashSet() (kafka.controller.KafkaController)
[2025-04-04 18:56:05,035] INFO [RequestSendThread controllerId=0] Starting (kafka.controller.RequestSendThread)
[2025-04-04 18:56:05,036] INFO [Controller id=0] Current list of topics in the cluster: HashSet(user-service-invite-members, file-upload, user-avatar-updated, team-service-topic, user-service-project-created, __consumer_offsets, team-service-invite-members) (kafka.controller.KafkaController)
[2025-04-04 18:56:05,037] INFO [Controller id=0] Fetching topic deletions in progress (kafka.controller.KafkaController)
[2025-04-04 18:56:05,045] INFO [Controller id=0] List of topics to be deleted:  (kafka.controller.KafkaController)
[2025-04-04 18:56:05,045] INFO [Controller id=0] List of topics ineligible for deletion:  (kafka.controller.KafkaController)
[2025-04-04 18:56:05,046] INFO [Controller id=0] Initializing topic deletion manager (kafka.controller.KafkaController)
[2025-04-04 18:56:05,046] INFO [Topic Deletion Manager 0] Initializing manager with initial deletions: Set(), initial ineligible deletions: HashSet() (kafka.controller.TopicDeletionManager)
[2025-04-04 18:56:05,049] INFO [Controller id=0] Sending update metadata request (kafka.controller.KafkaController)
[2025-04-04 18:56:05,068] INFO [ReplicaStateMachine controllerId=0] Initializing replica state (kafka.controller.ZkReplicaStateMachine)
[2025-04-04 18:56:05,138] INFO [ReplicaStateMachine controllerId=0] Triggering online replica state changes (kafka.controller.ZkReplicaStateMachine)
[2025-04-04 18:56:05,227] INFO [ReplicaStateMachine controllerId=0] Triggering offline replica state changes (kafka.controller.ZkReplicaStateMachine)
[2025-04-04 18:56:05,228] DEBUG [ReplicaStateMachine controllerId=0] Started replica state machine with initial state -> HashMap([Topic=__consumer_offsets,Partition=40,Replica=0] -> OnlineReplica, [Topic=__consumer_offsets,Partition=27,Replica=0] -> OnlineReplica, [Topic=__consumer_offsets,Partition=49,Replica=0] -> OnlineReplica, [Topic=user-avatar-updated,Partition=0,Replica=0] -> OnlineReplica, [Topic=__consumer_offsets,Partition=47,Replica=0] -> OnlineReplica, [Topic=__consumer_offsets,Partition=3,Replica=0] -> OnlineReplica, [Topic=__consumer_offsets,Partition=18,Replica=0] -> OnlineReplica, [Topic=__consumer_offsets,Partition=44,Replica=0] -> OnlineReplica, [Topic=__consumer_offsets,Partition=8,Replica=0] -> OnlineReplica, [Topic=user-service-project-created,Partition=0,Replica=0] -> OnlineReplica, [Topic=__consumer_offsets,Partition=34,Replica=0] -> OnlineReplica, [Topic=__consumer_offsets,Partition=25,Replica=0] -> OnlineReplica, [Topic=user-service-invite-members,Partition=0,Replica=0] -> OnlineReplica, [Topic=__consumer_offsets,Partition=14,Replica=0] -> OnlineReplica, [Topic=__consumer_offsets,Partition=24,Replica=0] -> OnlineReplica, [Topic=__consumer_offsets,Partition=36,Replica=0] -> OnlineReplica, [Topic=__consumer_offsets,Partition=42,Replica=0] -> OnlineReplica, [Topic=__consumer_offsets,Partition=45,Replica=0] -> OnlineReplica, [Topic=__consumer_offsets,Partition=11,Replica=0] -> OnlineReplica, [Topic=__consumer_offsets,Partition=32,Replica=0] -> OnlineReplica, [Topic=__consumer_offsets,Partition=12,Replica=0] -> OnlineReplica, [Topic=__consumer_offsets,Partition=30,Replica=0] -> OnlineReplica, [Topic=__consumer_offsets,Partition=9,Replica=0] -> OnlineReplica, [Topic=__consumer_offsets,Partition=39,Replica=0] -> OnlineReplica, [Topic=__consumer_offsets,Partition=38,Replica=0] -> OnlineReplica, [Topic=__consumer_offsets,Partition=23,Replica=0] -> OnlineReplica, [Topic=__consumer_offsets,Partition=19,Replica=0] -> OnlineReplica, [Topic=__consumer_offsets,Partition=17,Replica=0] -> OnlineReplica, [Topic=__consumer_offsets,Partition=41,Replica=0] -> OnlineReplica, [Topic=__consumer_offsets,Partition=37,Replica=0] -> OnlineReplica, [Topic=__consumer_offsets,Partition=48,Replica=0] -> OnlineReplica, [Topic=__consumer_offsets,Partition=29,Replica=0] -> OnlineReplica, [Topic=team-service-invite-members,Partition=0,Replica=0] -> OnlineReplica, [Topic=__consumer_offsets,Partition=10,Replica=0] -> OnlineReplica, [Topic=__consumer_offsets,Partition=46,Replica=0] -> OnlineReplica, [Topic=__consumer_offsets,Partition=1,Replica=0] -> OnlineReplica, [Topic=team-service-topic,Partition=0,Replica=0] -> OnlineReplica, [Topic=__consumer_offsets,Partition=16,Replica=0] -> OnlineReplica, [Topic=__consumer_offsets,Partition=5,Replica=0] -> OnlineReplica, [Topic=file-upload,Partition=0,Replica=0] -> OnlineReplica, [Topic=__consumer_offsets,Partition=15,Replica=0] -> OnlineReplica, [Topic=__consumer_offsets,Partition=4,Replica=0] -> OnlineReplica, [Topic=__consumer_offsets,Partition=6,Replica=0] -> OnlineReplica, [Topic=__consumer_offsets,Partition=7,Replica=0] -> OnlineReplica, [Topic=__consumer_offsets,Partition=43,Replica=0] -> OnlineReplica, [Topic=__consumer_offsets,Partition=0,Replica=0] -> OnlineReplica, [Topic=__consumer_offsets,Partition=20,Replica=0] -> OnlineReplica, [Topic=__consumer_offsets,Partition=31,Replica=0] -> OnlineReplica, [Topic=__consumer_offsets,Partition=28,Replica=0] -> OnlineReplica, [Topic=__consumer_offsets,Partition=26,Replica=0] -> OnlineReplica, [Topic=__consumer_offsets,Partition=2,Replica=0] -> OnlineReplica, [Topic=__consumer_offsets,Partition=33,Replica=0] -> OnlineReplica, [Topic=__consumer_offsets,Partition=22,Replica=0] -> OnlineReplica, [Topic=__consumer_offsets,Partition=21,Replica=0] -> OnlineReplica, [Topic=__consumer_offsets,Partition=13,Replica=0] -> OnlineReplica, [Topic=__consumer_offsets,Partition=35,Replica=0] -> OnlineReplica) (kafka.controller.ZkReplicaStateMachine)
[2025-04-04 18:56:05,228] INFO [PartitionStateMachine controllerId=0] Initializing partition state (kafka.controller.ZkPartitionStateMachine)
[2025-04-04 18:56:05,232] INFO [PartitionStateMachine controllerId=0] Triggering online partition state changes (kafka.controller.ZkPartitionStateMachine)
[2025-04-04 18:56:05,236] DEBUG [PartitionStateMachine controllerId=0] Started partition state machine with initial state -> HashMap(__consumer_offsets-13 -> OnlinePartition, __consumer_offsets-46 -> OnlinePartition, __consumer_offsets-9 -> OnlinePartition, __consumer_offsets-42 -> OnlinePartition, __consumer_offsets-21 -> OnlinePartition, user-service-project-created-0 -> OnlinePartition, __consumer_offsets-17 -> OnlinePartition, __consumer_offsets-30 -> OnlinePartition, __consumer_offsets-26 -> OnlinePartition, __consumer_offsets-5 -> OnlinePartition, __consumer_offsets-38 -> OnlinePartition, __consumer_offsets-1 -> OnlinePartition, __consumer_offsets-34 -> OnlinePartition, __consumer_offsets-16 -> OnlinePartition, __consumer_offsets-45 -> OnlinePartition, team-service-topic-0 -> OnlinePartition, __consumer_offsets-12 -> OnlinePartition, __consumer_offsets-41 -> OnlinePartition, __consumer_offsets-24 -> OnlinePartition, team-service-invite-members-0 -> OnlinePartition, __consumer_offsets-20 -> OnlinePartition, __consumer_offsets-49 -> OnlinePartition, __consumer_offsets-0 -> OnlinePartition, __consumer_offsets-29 -> OnlinePartition, __consumer_offsets-25 -> OnlinePartition, __consumer_offsets-8 -> OnlinePartition, __consumer_offsets-37 -> OnlinePartition, __consumer_offsets-4 -> OnlinePartition, __consumer_offsets-33 -> OnlinePartition, __consumer_offsets-15 -> OnlinePartition, __consumer_offsets-48 -> OnlinePartition, file-upload-0 -> OnlinePartition, __consumer_offsets-11 -> OnlinePartition, __consumer_offsets-44 -> OnlinePartition, __consumer_offsets-23 -> OnlinePartition, __consumer_offsets-19 -> OnlinePartition, __consumer_offsets-32 -> OnlinePartition, __consumer_offsets-28 -> OnlinePartition, __consumer_offsets-7 -> OnlinePartition, __consumer_offsets-40 -> OnlinePartition, __consumer_offsets-3 -> OnlinePartition, __consumer_offsets-36 -> OnlinePartition, user-service-invite-members-0 -> OnlinePartition, __consumer_offsets-47 -> OnlinePartition, __consumer_offsets-14 -> OnlinePartition, __consumer_offsets-43 -> OnlinePartition, __consumer_offsets-10 -> OnlinePartition, __consumer_offsets-22 -> OnlinePartition, __consumer_offsets-18 -> OnlinePartition, __consumer_offsets-31 -> OnlinePartition, user-avatar-updated-0 -> OnlinePartition, __consumer_offsets-27 -> OnlinePartition, __consumer_offsets-39 -> OnlinePartition, __consumer_offsets-6 -> OnlinePartition, __consumer_offsets-35 -> OnlinePartition, __consumer_offsets-2 -> OnlinePartition) (kafka.controller.ZkPartitionStateMachine)
[2025-04-04 18:56:05,237] INFO [Controller id=0] Ready to serve as the new controller with epoch 24 (kafka.controller.KafkaController)
[2025-04-04 18:56:05,243] INFO [Controller id=0] Partitions undergoing preferred replica election:  (kafka.controller.KafkaController)
[2025-04-04 18:56:05,244] INFO [Controller id=0] Partitions that completed preferred replica election:  (kafka.controller.KafkaController)
[2025-04-04 18:56:05,244] INFO [Controller id=0] Skipping preferred replica election for partitions due to topic deletion:  (kafka.controller.KafkaController)
[2025-04-04 18:56:05,244] INFO [Controller id=0] Resuming preferred replica election for partitions:  (kafka.controller.KafkaController)
[2025-04-04 18:56:05,247] INFO [Controller id=0] Starting replica leader election (PREFERRED) for partitions  triggered by ZkTriggered (kafka.controller.KafkaController)
[2025-04-04 18:56:05,264] INFO [Controller id=0] Starting the controller scheduler (kafka.controller.KafkaController)
[2025-04-04 18:56:05,581] INFO [RequestSendThread controllerId=0] Controller 0 connected to DESKTOP-8GKE7FT:9092 (id: 0 rack: null) for sending state change requests (kafka.controller.RequestSendThread)
[2025-04-04 18:56:10,266] INFO [Controller id=0] Processing automatic preferred replica leader election (kafka.controller.KafkaController)
[2025-04-04 18:56:10,267] TRACE [Controller id=0] Checking need to trigger auto leader balancing (kafka.controller.KafkaController)
[2025-04-04 18:56:10,272] DEBUG [Controller id=0] Topics not in preferred replica for broker 0 HashMap() (kafka.controller.KafkaController)
[2025-04-04 18:56:10,273] TRACE [Controller id=0] Leader imbalance ratio for broker 0 is 0.0 (kafka.controller.KafkaController)
[2025-04-04 19:28:27,142] INFO [ControllerEventThread controllerId=0] Starting (kafka.controller.ControllerEventManager$ControllerEventThread)
[2025-04-04 19:28:27,202] INFO [Controller id=0] 0 successfully elected as the controller. Epoch incremented to 1 and epoch zk version is now 1 (kafka.controller.KafkaController)
[2025-04-04 19:28:27,209] INFO [Controller id=0] Creating FeatureZNode at path: /feature with contents: FeatureZNode(2,Enabled,Map()) (kafka.controller.KafkaController)
[2025-04-04 19:28:27,269] INFO [Controller id=0] Registering handlers (kafka.controller.KafkaController)
[2025-04-04 19:28:27,276] INFO [Controller id=0] Deleting log dir event notifications (kafka.controller.KafkaController)
[2025-04-04 19:28:27,281] INFO [Controller id=0] Deleting isr change notifications (kafka.controller.KafkaController)
[2025-04-04 19:28:27,285] INFO [Controller id=0] Initializing controller context (kafka.controller.KafkaController)
[2025-04-04 19:28:27,315] INFO [Controller id=0] Initialized broker epochs cache: HashMap(0 -> 25) (kafka.controller.KafkaController)
[2025-04-04 19:28:27,326] DEBUG [Controller id=0] Register BrokerModifications handler for Set(0) (kafka.controller.KafkaController)
[2025-04-04 19:28:27,335] DEBUG [Channel manager on controller 0]: Controller 0 trying to connect to broker 0 (kafka.controller.ControllerChannelManager)
[2025-04-04 19:28:27,344] INFO [RequestSendThread controllerId=0] Starting (kafka.controller.RequestSendThread)
[2025-04-04 19:28:27,346] INFO [Controller id=0] Currently active brokers in the cluster: Set(0) (kafka.controller.KafkaController)
[2025-04-04 19:28:27,346] INFO [Controller id=0] Currently shutting brokers in the cluster: HashSet() (kafka.controller.KafkaController)
[2025-04-04 19:28:27,347] INFO [Controller id=0] Current list of topics in the cluster: HashSet() (kafka.controller.KafkaController)
[2025-04-04 19:28:27,347] INFO [Controller id=0] Fetching topic deletions in progress (kafka.controller.KafkaController)
[2025-04-04 19:28:27,350] INFO [Controller id=0] List of topics to be deleted:  (kafka.controller.KafkaController)
[2025-04-04 19:28:27,350] INFO [Controller id=0] List of topics ineligible for deletion:  (kafka.controller.KafkaController)
[2025-04-04 19:28:27,350] INFO [Controller id=0] Initializing topic deletion manager (kafka.controller.KafkaController)
[2025-04-04 19:28:27,351] INFO [Topic Deletion Manager 0] Initializing manager with initial deletions: Set(), initial ineligible deletions: HashSet() (kafka.controller.TopicDeletionManager)
[2025-04-04 19:28:27,353] INFO [Controller id=0] Sending update metadata request (kafka.controller.KafkaController)
[2025-04-04 19:28:27,369] INFO [ReplicaStateMachine controllerId=0] Initializing replica state (kafka.controller.ZkReplicaStateMachine)
[2025-04-04 19:28:27,370] INFO [ReplicaStateMachine controllerId=0] Triggering online replica state changes (kafka.controller.ZkReplicaStateMachine)
[2025-04-04 19:28:27,380] INFO [ReplicaStateMachine controllerId=0] Triggering offline replica state changes (kafka.controller.ZkReplicaStateMachine)
[2025-04-04 19:28:27,381] DEBUG [ReplicaStateMachine controllerId=0] Started replica state machine with initial state -> HashMap() (kafka.controller.ZkReplicaStateMachine)
[2025-04-04 19:28:27,382] INFO [PartitionStateMachine controllerId=0] Initializing partition state (kafka.controller.ZkPartitionStateMachine)
[2025-04-04 19:28:27,383] INFO [PartitionStateMachine controllerId=0] Triggering online partition state changes (kafka.controller.ZkPartitionStateMachine)
[2025-04-04 19:28:27,390] DEBUG [PartitionStateMachine controllerId=0] Started partition state machine with initial state -> HashMap() (kafka.controller.ZkPartitionStateMachine)
[2025-04-04 19:28:27,391] INFO [Controller id=0] Ready to serve as the new controller with epoch 1 (kafka.controller.KafkaController)
[2025-04-04 19:28:27,401] INFO [Controller id=0] Partitions undergoing preferred replica election:  (kafka.controller.KafkaController)
[2025-04-04 19:28:27,402] INFO [Controller id=0] Partitions that completed preferred replica election:  (kafka.controller.KafkaController)
[2025-04-04 19:28:27,402] INFO [Controller id=0] Skipping preferred replica election for partitions due to topic deletion:  (kafka.controller.KafkaController)
[2025-04-04 19:28:27,403] INFO [Controller id=0] Resuming preferred replica election for partitions:  (kafka.controller.KafkaController)
[2025-04-04 19:28:27,404] INFO [Controller id=0] Starting replica leader election (PREFERRED) for partitions  triggered by ZkTriggered (kafka.controller.KafkaController)
[2025-04-04 19:28:27,428] INFO [Controller id=0] Starting the controller scheduler (kafka.controller.KafkaController)
[2025-04-04 19:28:27,875] INFO [RequestSendThread controllerId=0] Controller 0 connected to DESKTOP-8GKE7FT:9092 (id: 0 rack: null) for sending state change requests (kafka.controller.RequestSendThread)
[2025-04-04 19:28:32,437] INFO [Controller id=0] Processing automatic preferred replica leader election (kafka.controller.KafkaController)
[2025-04-04 19:28:32,438] TRACE [Controller id=0] Checking need to trigger auto leader balancing (kafka.controller.KafkaController)
[2025-04-04 19:29:03,342] INFO [Controller id=0] New topics: [Set(user-avatar-updated)], deleted topics: [HashSet()], new partition replica assignment [Set(TopicIdReplicaAssignment(user-avatar-updated,Some(nL49aiLAS2mlwC2xue3hiQ),Map(user-avatar-updated-0 -> ReplicaAssignment(replicas=0, addingReplicas=, removingReplicas=))))] (kafka.controller.KafkaController)
[2025-04-04 19:29:03,343] INFO [Controller id=0] New partition creation callback for user-avatar-updated-0 (kafka.controller.KafkaController)
[2025-04-04 19:29:03,710] INFO [Controller id=0] New topics: [Set(user-service-project-created)], deleted topics: [HashSet()], new partition replica assignment [Set(TopicIdReplicaAssignment(user-service-project-created,Some(VWDf4mSIQj2VggFUUBHpZA),Map(user-service-project-created-0 -> ReplicaAssignment(replicas=0, addingReplicas=, removingReplicas=))))] (kafka.controller.KafkaController)
[2025-04-04 19:29:03,710] INFO [Controller id=0] New partition creation callback for user-service-project-created-0 (kafka.controller.KafkaController)
[2025-04-04 19:29:04,081] INFO [Controller id=0] New topics: [Set(user-service-invite-members)], deleted topics: [HashSet()], new partition replica assignment [Set(TopicIdReplicaAssignment(user-service-invite-members,Some(chhVIgf5QVq2azesut7eUw),Map(user-service-invite-members-0 -> ReplicaAssignment(replicas=0, addingReplicas=, removingReplicas=))))] (kafka.controller.KafkaController)
[2025-04-04 19:29:04,081] INFO [Controller id=0] New partition creation callback for user-service-invite-members-0 (kafka.controller.KafkaController)
[2025-04-04 19:29:04,518] INFO [Controller id=0] New topics: [Set(__consumer_offsets)], deleted topics: [HashSet()], new partition replica assignment [Set(TopicIdReplicaAssignment(__consumer_offsets,Some(6r0GY-dKR8S-XoXkS4nAJw),HashMap(__consumer_offsets-22 -> ReplicaAssignment(replicas=0, addingReplicas=, removingReplicas=), __consumer_offsets-30 -> ReplicaAssignment(replicas=0, addingReplicas=, removingReplicas=), __consumer_offsets-25 -> ReplicaAssignment(replicas=0, addingReplicas=, removingReplicas=), __consumer_offsets-35 -> ReplicaAssignment(replicas=0, addingReplicas=, removingReplicas=), __consumer_offsets-37 -> ReplicaAssignment(replicas=0, addingReplicas=, removingReplicas=), __consumer_offsets-38 -> ReplicaAssignment(replicas=0, addingReplicas=, removingReplicas=), __consumer_offsets-13 -> ReplicaAssignment(replicas=0, addingReplicas=, removingReplicas=), __consumer_offsets-8 -> ReplicaAssignment(replicas=0, addingReplicas=, removingReplicas=), __consumer_offsets-21 -> ReplicaAssignment(replicas=0, addingReplicas=, removingReplicas=), __consumer_offsets-4 -> ReplicaAssignment(replicas=0, addingReplicas=, removingReplicas=), __consumer_offsets-27 -> ReplicaAssignment(replicas=0, addingReplicas=, removingReplicas=), __consumer_offsets-7 -> ReplicaAssignment(replicas=0, addingReplicas=, removingReplicas=), __consumer_offsets-9 -> ReplicaAssignment(replicas=0, addingReplicas=, removingReplicas=), __consumer_offsets-46 -> ReplicaAssignment(replicas=0, addingReplicas=, removingReplicas=), __consumer_offsets-41 -> ReplicaAssignment(replicas=0, addingReplicas=, removingReplicas=), __consumer_offsets-33 -> ReplicaAssignment(replicas=0, addingReplicas=, removingReplicas=), __consumer_offsets-23 -> ReplicaAssignment(replicas=0, addingReplicas=, removingReplicas=), __consumer_offsets-49 -> ReplicaAssignment(replicas=0, addingReplicas=, removingReplicas=), __consumer_offsets-47 -> ReplicaAssignment(replicas=0, addingReplicas=, removingReplicas=), __consumer_offsets-16 -> ReplicaAssignment(replicas=0, addingReplicas=, removingReplicas=), __consumer_offsets-28 -> ReplicaAssignment(replicas=0, addingReplicas=, removingReplicas=), __consumer_offsets-31 -> ReplicaAssignment(replicas=0, addingReplicas=, removingReplicas=), __consumer_offsets-36 -> ReplicaAssignment(replicas=0, addingReplicas=, removingReplicas=), __consumer_offsets-42 -> ReplicaAssignment(replicas=0, addingReplicas=, removingReplicas=), __consumer_offsets-3 -> ReplicaAssignment(replicas=0, addingReplicas=, removingReplicas=), __consumer_offsets-18 -> ReplicaAssignment(replicas=0, addingReplicas=, removingReplicas=), __consumer_offsets-15 -> ReplicaAssignment(replicas=0, addingReplicas=, removingReplicas=), __consumer_offsets-24 -> ReplicaAssignment(replicas=0, addingReplicas=, removingReplicas=), __consumer_offsets-17 -> ReplicaAssignment(replicas=0, addingReplicas=, removingReplicas=), __consumer_offsets-48 -> ReplicaAssignment(replicas=0, addingReplicas=, removingReplicas=), __consumer_offsets-19 -> ReplicaAssignment(replicas=0, addingReplicas=, removingReplicas=), __consumer_offsets-11 -> ReplicaAssignment(replicas=0, addingReplicas=, removingReplicas=), __consumer_offsets-2 -> ReplicaAssignment(replicas=0, addingReplicas=, removingReplicas=), __consumer_offsets-43 -> ReplicaAssignment(replicas=0, addingReplicas=, removingReplicas=), __consumer_offsets-6 -> ReplicaAssignment(replicas=0, addingReplicas=, removingReplicas=), __consumer_offsets-14 -> ReplicaAssignment(replicas=0, addingReplicas=, removingReplicas=), __consumer_offsets-20 -> ReplicaAssignment(replicas=0, addingReplicas=, removingReplicas=), __consumer_offsets-0 -> ReplicaAssignment(replicas=0, addingReplicas=, removingReplicas=), __consumer_offsets-44 -> ReplicaAssignment(replicas=0, addingReplicas=, removingReplicas=), __consumer_offsets-39 -> ReplicaAssignment(replicas=0, addingReplicas=, removingReplicas=), __consumer_offsets-12 -> ReplicaAssignment(replicas=0, addingReplicas=, removingReplicas=), __consumer_offsets-45 -> ReplicaAssignment(replicas=0, addingReplicas=, removingReplicas=), __consumer_offsets-1 -> ReplicaAssignment(replicas=0, addingReplicas=, removingReplicas=), __consumer_offsets-5 -> ReplicaAssignment(replicas=0, addingReplicas=, removingReplicas=), __consumer_offsets-26 -> ReplicaAssignment(replicas=0, addingReplicas=, removingReplicas=), __consumer_offsets-29 -> ReplicaAssignment(replicas=0, addingReplicas=, removingReplicas=), __consumer_offsets-34 -> ReplicaAssignment(replicas=0, addingReplicas=, removingReplicas=), __consumer_offsets-10 -> ReplicaAssignment(replicas=0, addingReplicas=, removingReplicas=), __consumer_offsets-32 -> ReplicaAssignment(replicas=0, addingReplicas=, removingReplicas=), __consumer_offsets-40 -> ReplicaAssignment(replicas=0, addingReplicas=, removingReplicas=))))] (kafka.controller.KafkaController)
[2025-04-04 19:29:04,522] INFO [Controller id=0] New partition creation callback for __consumer_offsets-22,__consumer_offsets-30,__consumer_offsets-25,__consumer_offsets-35,__consumer_offsets-37,__consumer_offsets-38,__consumer_offsets-13,__consumer_offsets-8,__consumer_offsets-21,__consumer_offsets-4,__consumer_offsets-27,__consumer_offsets-7,__consumer_offsets-9,__consumer_offsets-46,__consumer_offsets-41,__consumer_offsets-33,__consumer_offsets-23,__consumer_offsets-49,__consumer_offsets-47,__consumer_offsets-16,__consumer_offsets-28,__consumer_offsets-31,__consumer_offsets-36,__consumer_offsets-42,__consumer_offsets-3,__consumer_offsets-18,__consumer_offsets-15,__consumer_offsets-24,__consumer_offsets-17,__consumer_offsets-48,__consumer_offsets-19,__consumer_offsets-11,__consumer_offsets-2,__consumer_offsets-43,__consumer_offsets-6,__consumer_offsets-14,__consumer_offsets-20,__consumer_offsets-0,__consumer_offsets-44,__consumer_offsets-39,__consumer_offsets-12,__consumer_offsets-45,__consumer_offsets-1,__consumer_offsets-5,__consumer_offsets-26,__consumer_offsets-29,__consumer_offsets-34,__consumer_offsets-10,__consumer_offsets-32,__consumer_offsets-40 (kafka.controller.KafkaController)
[2025-04-04 19:29:11,190] INFO [Controller id=0] New topics: [HashSet(team-service-topic)], deleted topics: [HashSet()], new partition replica assignment [Set(TopicIdReplicaAssignment(team-service-topic,Some(SUw8PVexRzKffJVslMXcZw),Map(team-service-topic-0 -> ReplicaAssignment(replicas=0, addingReplicas=, removingReplicas=))))] (kafka.controller.KafkaController)
[2025-04-04 19:29:11,190] INFO [Controller id=0] New partition creation callback for team-service-topic-0 (kafka.controller.KafkaController)
[2025-04-04 19:29:11,496] INFO [Controller id=0] New topics: [HashSet(team-service-invite-members)], deleted topics: [HashSet()], new partition replica assignment [Set(TopicIdReplicaAssignment(team-service-invite-members,Some(B08hy102Tb-CvvuMrMDwGg),Map(team-service-invite-members-0 -> ReplicaAssignment(replicas=0, addingReplicas=, removingReplicas=))))] (kafka.controller.KafkaController)
[2025-04-04 19:29:11,496] INFO [Controller id=0] New partition creation callback for team-service-invite-members-0 (kafka.controller.KafkaController)
[2025-04-04 19:33:32,455] INFO [Controller id=0] Processing automatic preferred replica leader election (kafka.controller.KafkaController)
[2025-04-04 19:33:32,455] TRACE [Controller id=0] Checking need to trigger auto leader balancing (kafka.controller.KafkaController)
[2025-04-04 19:33:32,461] DEBUG [Controller id=0] Topics not in preferred replica for broker 0 HashMap() (kafka.controller.KafkaController)
[2025-04-04 19:33:32,464] TRACE [Controller id=0] Leader imbalance ratio for broker 0 is 0.0 (kafka.controller.KafkaController)
[2025-04-04 19:38:32,480] INFO [Controller id=0] Processing automatic preferred replica leader election (kafka.controller.KafkaController)
[2025-04-04 19:38:32,480] TRACE [Controller id=0] Checking need to trigger auto leader balancing (kafka.controller.KafkaController)
[2025-04-04 19:38:32,484] DEBUG [Controller id=0] Topics not in preferred replica for broker 0 HashMap() (kafka.controller.KafkaController)
[2025-04-04 19:38:32,484] TRACE [Controller id=0] Leader imbalance ratio for broker 0 is 0.0 (kafka.controller.KafkaController)
[2025-04-04 19:43:32,496] INFO [Controller id=0] Processing automatic preferred replica leader election (kafka.controller.KafkaController)
[2025-04-04 19:43:32,496] TRACE [Controller id=0] Checking need to trigger auto leader balancing (kafka.controller.KafkaController)
[2025-04-04 19:43:32,516] DEBUG [Controller id=0] Topics not in preferred replica for broker 0 HashMap() (kafka.controller.KafkaController)
[2025-04-04 19:43:32,516] TRACE [Controller id=0] Leader imbalance ratio for broker 0 is 0.0 (kafka.controller.KafkaController)
[2025-04-04 19:48:32,520] INFO [Controller id=0] Processing automatic preferred replica leader election (kafka.controller.KafkaController)
[2025-04-04 19:48:32,520] TRACE [Controller id=0] Checking need to trigger auto leader balancing (kafka.controller.KafkaController)
[2025-04-04 19:48:32,521] DEBUG [Controller id=0] Topics not in preferred replica for broker 0 HashMap() (kafka.controller.KafkaController)
[2025-04-04 19:48:32,521] TRACE [Controller id=0] Leader imbalance ratio for broker 0 is 0.0 (kafka.controller.KafkaController)
[2025-04-04 19:53:32,532] INFO [Controller id=0] Processing automatic preferred replica leader election (kafka.controller.KafkaController)
[2025-04-04 19:53:32,533] TRACE [Controller id=0] Checking need to trigger auto leader balancing (kafka.controller.KafkaController)
[2025-04-04 19:53:32,536] DEBUG [Controller id=0] Topics not in preferred replica for broker 0 HashMap() (kafka.controller.KafkaController)
[2025-04-04 19:53:32,536] TRACE [Controller id=0] Leader imbalance ratio for broker 0 is 0.0 (kafka.controller.KafkaController)
[2025-04-04 19:58:32,565] INFO [Controller id=0] Processing automatic preferred replica leader election (kafka.controller.KafkaController)
[2025-04-04 19:58:32,572] TRACE [Controller id=0] Checking need to trigger auto leader balancing (kafka.controller.KafkaController)
[2025-04-04 19:58:32,582] DEBUG [Controller id=0] Topics not in preferred replica for broker 0 HashMap() (kafka.controller.KafkaController)
[2025-04-04 19:58:32,585] TRACE [Controller id=0] Leader imbalance ratio for broker 0 is 0.0 (kafka.controller.KafkaController)
[2025-04-04 20:03:32,594] INFO [Controller id=0] Processing automatic preferred replica leader election (kafka.controller.KafkaController)
[2025-04-04 20:03:32,597] TRACE [Controller id=0] Checking need to trigger auto leader balancing (kafka.controller.KafkaController)
[2025-04-04 20:03:32,600] DEBUG [Controller id=0] Topics not in preferred replica for broker 0 HashMap() (kafka.controller.KafkaController)
[2025-04-04 20:03:32,600] TRACE [Controller id=0] Leader imbalance ratio for broker 0 is 0.0 (kafka.controller.KafkaController)
[2025-04-04 20:08:32,604] INFO [Controller id=0] Processing automatic preferred replica leader election (kafka.controller.KafkaController)
[2025-04-04 20:08:32,604] TRACE [Controller id=0] Checking need to trigger auto leader balancing (kafka.controller.KafkaController)
[2025-04-04 20:08:32,607] DEBUG [Controller id=0] Topics not in preferred replica for broker 0 HashMap() (kafka.controller.KafkaController)
[2025-04-04 20:08:32,607] TRACE [Controller id=0] Leader imbalance ratio for broker 0 is 0.0 (kafka.controller.KafkaController)
[2025-04-04 20:13:32,619] INFO [Controller id=0] Processing automatic preferred replica leader election (kafka.controller.KafkaController)
[2025-04-04 20:13:32,619] TRACE [Controller id=0] Checking need to trigger auto leader balancing (kafka.controller.KafkaController)
[2025-04-04 20:13:32,621] DEBUG [Controller id=0] Topics not in preferred replica for broker 0 HashMap() (kafka.controller.KafkaController)
[2025-04-04 20:13:32,621] TRACE [Controller id=0] Leader imbalance ratio for broker 0 is 0.0 (kafka.controller.KafkaController)
[2025-04-04 20:18:32,625] INFO [Controller id=0] Processing automatic preferred replica leader election (kafka.controller.KafkaController)
[2025-04-04 20:18:32,625] TRACE [Controller id=0] Checking need to trigger auto leader balancing (kafka.controller.KafkaController)
[2025-04-04 20:18:32,626] DEBUG [Controller id=0] Topics not in preferred replica for broker 0 HashMap() (kafka.controller.KafkaController)
[2025-04-04 20:18:32,626] TRACE [Controller id=0] Leader imbalance ratio for broker 0 is 0.0 (kafka.controller.KafkaController)
[2025-04-04 20:23:32,635] INFO [Controller id=0] Processing automatic preferred replica leader election (kafka.controller.KafkaController)
[2025-04-04 20:23:32,635] TRACE [Controller id=0] Checking need to trigger auto leader balancing (kafka.controller.KafkaController)
[2025-04-04 20:23:32,636] DEBUG [Controller id=0] Topics not in preferred replica for broker 0 HashMap() (kafka.controller.KafkaController)
[2025-04-04 20:23:32,636] TRACE [Controller id=0] Leader imbalance ratio for broker 0 is 0.0 (kafka.controller.KafkaController)
[2025-04-04 20:28:32,649] INFO [Controller id=0] Processing automatic preferred replica leader election (kafka.controller.KafkaController)
[2025-04-04 20:28:32,649] TRACE [Controller id=0] Checking need to trigger auto leader balancing (kafka.controller.KafkaController)
[2025-04-04 20:28:32,649] DEBUG [Controller id=0] Topics not in preferred replica for broker 0 HashMap() (kafka.controller.KafkaController)
[2025-04-04 20:28:32,649] TRACE [Controller id=0] Leader imbalance ratio for broker 0 is 0.0 (kafka.controller.KafkaController)
[2025-04-04 20:33:32,664] INFO [Controller id=0] Processing automatic preferred replica leader election (kafka.controller.KafkaController)
[2025-04-04 20:33:32,666] TRACE [Controller id=0] Checking need to trigger auto leader balancing (kafka.controller.KafkaController)
[2025-04-04 20:33:32,666] DEBUG [Controller id=0] Topics not in preferred replica for broker 0 HashMap() (kafka.controller.KafkaController)
[2025-04-04 20:33:32,666] TRACE [Controller id=0] Leader imbalance ratio for broker 0 is 0.0 (kafka.controller.KafkaController)
[2025-04-04 20:38:32,674] INFO [Controller id=0] Processing automatic preferred replica leader election (kafka.controller.KafkaController)
[2025-04-04 20:38:32,674] TRACE [Controller id=0] Checking need to trigger auto leader balancing (kafka.controller.KafkaController)
[2025-04-04 20:38:32,675] DEBUG [Controller id=0] Topics not in preferred replica for broker 0 HashMap() (kafka.controller.KafkaController)
[2025-04-04 20:38:32,675] TRACE [Controller id=0] Leader imbalance ratio for broker 0 is 0.0 (kafka.controller.KafkaController)
[2025-04-04 20:43:32,681] INFO [Controller id=0] Processing automatic preferred replica leader election (kafka.controller.KafkaController)
[2025-04-04 20:43:32,681] TRACE [Controller id=0] Checking need to trigger auto leader balancing (kafka.controller.KafkaController)
[2025-04-04 20:43:32,683] DEBUG [Controller id=0] Topics not in preferred replica for broker 0 HashMap() (kafka.controller.KafkaController)
[2025-04-04 20:43:32,683] TRACE [Controller id=0] Leader imbalance ratio for broker 0 is 0.0 (kafka.controller.KafkaController)
[2025-04-04 20:48:32,691] INFO [Controller id=0] Processing automatic preferred replica leader election (kafka.controller.KafkaController)
[2025-04-04 20:48:32,691] TRACE [Controller id=0] Checking need to trigger auto leader balancing (kafka.controller.KafkaController)
[2025-04-04 20:48:32,692] DEBUG [Controller id=0] Topics not in preferred replica for broker 0 HashMap() (kafka.controller.KafkaController)
[2025-04-04 20:48:32,692] TRACE [Controller id=0] Leader imbalance ratio for broker 0 is 0.0 (kafka.controller.KafkaController)
[2025-04-04 20:53:32,699] INFO [Controller id=0] Processing automatic preferred replica leader election (kafka.controller.KafkaController)
[2025-04-04 20:53:32,700] TRACE [Controller id=0] Checking need to trigger auto leader balancing (kafka.controller.KafkaController)
[2025-04-04 20:53:32,703] DEBUG [Controller id=0] Topics not in preferred replica for broker 0 HashMap() (kafka.controller.KafkaController)
[2025-04-04 20:53:32,703] TRACE [Controller id=0] Leader imbalance ratio for broker 0 is 0.0 (kafka.controller.KafkaController)
[2025-04-04 20:58:32,718] INFO [Controller id=0] Processing automatic preferred replica leader election (kafka.controller.KafkaController)
[2025-04-04 20:58:32,718] TRACE [Controller id=0] Checking need to trigger auto leader balancing (kafka.controller.KafkaController)
[2025-04-04 20:58:32,721] DEBUG [Controller id=0] Topics not in preferred replica for broker 0 HashMap() (kafka.controller.KafkaController)
[2025-04-04 20:58:32,721] TRACE [Controller id=0] Leader imbalance ratio for broker 0 is 0.0 (kafka.controller.KafkaController)
[2025-04-04 21:03:32,724] INFO [Controller id=0] Processing automatic preferred replica leader election (kafka.controller.KafkaController)
[2025-04-04 21:03:32,730] TRACE [Controller id=0] Checking need to trigger auto leader balancing (kafka.controller.KafkaController)
[2025-04-04 21:03:32,731] DEBUG [Controller id=0] Topics not in preferred replica for broker 0 HashMap() (kafka.controller.KafkaController)
[2025-04-04 21:03:32,731] TRACE [Controller id=0] Leader imbalance ratio for broker 0 is 0.0 (kafka.controller.KafkaController)
[2025-04-04 21:08:32,741] INFO [Controller id=0] Processing automatic preferred replica leader election (kafka.controller.KafkaController)
[2025-04-04 21:08:32,741] TRACE [Controller id=0] Checking need to trigger auto leader balancing (kafka.controller.KafkaController)
[2025-04-04 21:08:32,744] DEBUG [Controller id=0] Topics not in preferred replica for broker 0 HashMap() (kafka.controller.KafkaController)
[2025-04-04 21:08:32,744] TRACE [Controller id=0] Leader imbalance ratio for broker 0 is 0.0 (kafka.controller.KafkaController)
[2025-04-04 21:13:32,745] INFO [Controller id=0] Processing automatic preferred replica leader election (kafka.controller.KafkaController)
[2025-04-04 21:13:32,745] TRACE [Controller id=0] Checking need to trigger auto leader balancing (kafka.controller.KafkaController)
[2025-04-04 21:13:32,746] DEBUG [Controller id=0] Topics not in preferred replica for broker 0 HashMap() (kafka.controller.KafkaController)
[2025-04-04 21:13:32,746] TRACE [Controller id=0] Leader imbalance ratio for broker 0 is 0.0 (kafka.controller.KafkaController)
[2025-04-04 21:18:32,751] INFO [Controller id=0] Processing automatic preferred replica leader election (kafka.controller.KafkaController)
[2025-04-04 21:18:32,751] TRACE [Controller id=0] Checking need to trigger auto leader balancing (kafka.controller.KafkaController)
[2025-04-04 21:18:32,752] DEBUG [Controller id=0] Topics not in preferred replica for broker 0 HashMap() (kafka.controller.KafkaController)
[2025-04-04 21:18:32,752] TRACE [Controller id=0] Leader imbalance ratio for broker 0 is 0.0 (kafka.controller.KafkaController)
[2025-04-04 21:23:32,752] INFO [Controller id=0] Processing automatic preferred replica leader election (kafka.controller.KafkaController)
[2025-04-04 21:23:32,752] TRACE [Controller id=0] Checking need to trigger auto leader balancing (kafka.controller.KafkaController)
[2025-04-04 21:23:32,755] DEBUG [Controller id=0] Topics not in preferred replica for broker 0 HashMap() (kafka.controller.KafkaController)
[2025-04-04 21:23:32,755] TRACE [Controller id=0] Leader imbalance ratio for broker 0 is 0.0 (kafka.controller.KafkaController)
[2025-04-04 21:28:32,770] INFO [Controller id=0] Processing automatic preferred replica leader election (kafka.controller.KafkaController)
[2025-04-04 21:28:32,770] TRACE [Controller id=0] Checking need to trigger auto leader balancing (kafka.controller.KafkaController)
[2025-04-04 21:28:32,771] DEBUG [Controller id=0] Topics not in preferred replica for broker 0 HashMap() (kafka.controller.KafkaController)
[2025-04-04 21:28:32,771] TRACE [Controller id=0] Leader imbalance ratio for broker 0 is 0.0 (kafka.controller.KafkaController)
[2025-04-04 21:33:32,776] INFO [Controller id=0] Processing automatic preferred replica leader election (kafka.controller.KafkaController)
[2025-04-04 21:33:32,776] TRACE [Controller id=0] Checking need to trigger auto leader balancing (kafka.controller.KafkaController)
[2025-04-04 21:33:32,779] DEBUG [Controller id=0] Topics not in preferred replica for broker 0 HashMap() (kafka.controller.KafkaController)
[2025-04-04 21:33:32,779] TRACE [Controller id=0] Leader imbalance ratio for broker 0 is 0.0 (kafka.controller.KafkaController)
[2025-04-04 21:38:32,791] INFO [Controller id=0] Processing automatic preferred replica leader election (kafka.controller.KafkaController)
[2025-04-04 21:38:32,791] TRACE [Controller id=0] Checking need to trigger auto leader balancing (kafka.controller.KafkaController)
[2025-04-04 21:38:32,793] DEBUG [Controller id=0] Topics not in preferred replica for broker 0 HashMap() (kafka.controller.KafkaController)
[2025-04-04 21:38:32,795] TRACE [Controller id=0] Leader imbalance ratio for broker 0 is 0.0 (kafka.controller.KafkaController)
[2025-04-04 21:43:32,801] INFO [Controller id=0] Processing automatic preferred replica leader election (kafka.controller.KafkaController)
[2025-04-04 21:43:32,801] TRACE [Controller id=0] Checking need to trigger auto leader balancing (kafka.controller.KafkaController)
[2025-04-04 21:43:32,806] DEBUG [Controller id=0] Topics not in preferred replica for broker 0 HashMap() (kafka.controller.KafkaController)
[2025-04-04 21:43:32,806] TRACE [Controller id=0] Leader imbalance ratio for broker 0 is 0.0 (kafka.controller.KafkaController)
[2025-04-04 21:48:32,808] INFO [Controller id=0] Processing automatic preferred replica leader election (kafka.controller.KafkaController)
[2025-04-04 21:48:32,810] TRACE [Controller id=0] Checking need to trigger auto leader balancing (kafka.controller.KafkaController)
[2025-04-04 21:48:32,810] DEBUG [Controller id=0] Topics not in preferred replica for broker 0 HashMap() (kafka.controller.KafkaController)
[2025-04-04 21:48:32,810] TRACE [Controller id=0] Leader imbalance ratio for broker 0 is 0.0 (kafka.controller.KafkaController)
[2025-04-04 21:53:32,822] INFO [Controller id=0] Processing automatic preferred replica leader election (kafka.controller.KafkaController)
[2025-04-04 21:53:32,822] TRACE [Controller id=0] Checking need to trigger auto leader balancing (kafka.controller.KafkaController)
[2025-04-04 21:53:32,825] DEBUG [Controller id=0] Topics not in preferred replica for broker 0 HashMap() (kafka.controller.KafkaController)
[2025-04-04 21:53:32,825] TRACE [Controller id=0] Leader imbalance ratio for broker 0 is 0.0 (kafka.controller.KafkaController)
[2025-04-04 21:58:32,838] INFO [Controller id=0] Processing automatic preferred replica leader election (kafka.controller.KafkaController)
[2025-04-04 21:58:32,838] TRACE [Controller id=0] Checking need to trigger auto leader balancing (kafka.controller.KafkaController)
[2025-04-04 21:58:32,839] DEBUG [Controller id=0] Topics not in preferred replica for broker 0 HashMap() (kafka.controller.KafkaController)
[2025-04-04 21:58:32,839] TRACE [Controller id=0] Leader imbalance ratio for broker 0 is 0.0 (kafka.controller.KafkaController)
[2025-04-04 22:03:32,848] INFO [Controller id=0] Processing automatic preferred replica leader election (kafka.controller.KafkaController)
[2025-04-04 22:03:32,901] TRACE [Controller id=0] Checking need to trigger auto leader balancing (kafka.controller.KafkaController)
[2025-04-04 22:03:32,904] DEBUG [Controller id=0] Topics not in preferred replica for broker 0 HashMap() (kafka.controller.KafkaController)
[2025-04-04 22:03:32,904] TRACE [Controller id=0] Leader imbalance ratio for broker 0 is 0.0 (kafka.controller.KafkaController)
[2025-04-04 22:08:32,929] INFO [Controller id=0] Processing automatic preferred replica leader election (kafka.controller.KafkaController)
[2025-04-04 22:08:32,939] TRACE [Controller id=0] Checking need to trigger auto leader balancing (kafka.controller.KafkaController)
[2025-04-04 22:08:32,949] DEBUG [Controller id=0] Topics not in preferred replica for broker 0 HashMap() (kafka.controller.KafkaController)
[2025-04-04 22:08:32,949] TRACE [Controller id=0] Leader imbalance ratio for broker 0 is 0.0 (kafka.controller.KafkaController)
[2025-04-05 02:03:28,975] INFO [ControllerEventThread controllerId=0] Starting (kafka.controller.ControllerEventManager$ControllerEventThread)
[2025-04-05 02:03:29,191] INFO [Controller id=0] 0 successfully elected as the controller. Epoch incremented to 2 and epoch zk version is now 2 (kafka.controller.KafkaController)
[2025-04-05 02:03:29,194] INFO [Controller id=0] Registering handlers (kafka.controller.KafkaController)
[2025-04-05 02:03:29,221] INFO [Controller id=0] Deleting log dir event notifications (kafka.controller.KafkaController)
[2025-04-05 02:03:29,232] INFO [Controller id=0] Deleting isr change notifications (kafka.controller.KafkaController)
[2025-04-05 02:03:29,237] INFO [Controller id=0] Initializing controller context (kafka.controller.KafkaController)
[2025-04-05 02:03:29,292] INFO [Controller id=0] Initialized broker epochs cache: HashMap(0 -> 180) (kafka.controller.KafkaController)
[2025-04-05 02:03:29,429] DEBUG [Controller id=0] Register BrokerModifications handler for Set(0) (kafka.controller.KafkaController)
[2025-04-05 02:03:29,569] DEBUG [Channel manager on controller 0]: Controller 0 trying to connect to broker 0 (kafka.controller.ControllerChannelManager)
[2025-04-05 02:03:29,611] INFO [RequestSendThread controllerId=0] Starting (kafka.controller.RequestSendThread)
[2025-04-05 02:03:29,611] INFO [Controller id=0] Currently active brokers in the cluster: Set(0) (kafka.controller.KafkaController)
[2025-04-05 02:03:29,612] INFO [Controller id=0] Currently shutting brokers in the cluster: HashSet() (kafka.controller.KafkaController)
[2025-04-05 02:03:29,612] INFO [Controller id=0] Current list of topics in the cluster: HashSet(user-service-invite-members, user-avatar-updated, team-service-topic, user-service-project-created, __consumer_offsets, team-service-invite-members) (kafka.controller.KafkaController)
[2025-04-05 02:03:29,621] INFO [Controller id=0] Fetching topic deletions in progress (kafka.controller.KafkaController)
[2025-04-05 02:03:29,680] INFO [Controller id=0] List of topics to be deleted:  (kafka.controller.KafkaController)
[2025-04-05 02:03:29,681] INFO [Controller id=0] List of topics ineligible for deletion:  (kafka.controller.KafkaController)
[2025-04-05 02:03:29,682] INFO [Controller id=0] Initializing topic deletion manager (kafka.controller.KafkaController)
[2025-04-05 02:03:29,683] INFO [Topic Deletion Manager 0] Initializing manager with initial deletions: Set(), initial ineligible deletions: HashSet() (kafka.controller.TopicDeletionManager)
[2025-04-05 02:03:29,686] INFO [Controller id=0] Sending update metadata request (kafka.controller.KafkaController)
[2025-04-05 02:03:29,726] INFO [ReplicaStateMachine controllerId=0] Initializing replica state (kafka.controller.ZkReplicaStateMachine)
[2025-04-05 02:03:29,739] INFO [ReplicaStateMachine controllerId=0] Triggering online replica state changes (kafka.controller.ZkReplicaStateMachine)
[2025-04-05 02:03:29,818] INFO [ReplicaStateMachine controllerId=0] Triggering offline replica state changes (kafka.controller.ZkReplicaStateMachine)
[2025-04-05 02:03:29,818] DEBUG [ReplicaStateMachine controllerId=0] Started replica state machine with initial state -> HashMap([Topic=__consumer_offsets,Partition=40,Replica=0] -> OnlineReplica, [Topic=__consumer_offsets,Partition=27,Replica=0] -> OnlineReplica, [Topic=__consumer_offsets,Partition=49,Replica=0] -> OnlineReplica, [Topic=user-avatar-updated,Partition=0,Replica=0] -> OnlineReplica, [Topic=__consumer_offsets,Partition=47,Replica=0] -> OnlineReplica, [Topic=__consumer_offsets,Partition=3,Replica=0] -> OnlineReplica, [Topic=__consumer_offsets,Partition=18,Replica=0] -> OnlineReplica, [Topic=__consumer_offsets,Partition=44,Replica=0] -> OnlineReplica, [Topic=__consumer_offsets,Partition=8,Replica=0] -> OnlineReplica, [Topic=user-service-project-created,Partition=0,Replica=0] -> OnlineReplica, [Topic=__consumer_offsets,Partition=34,Replica=0] -> OnlineReplica, [Topic=__consumer_offsets,Partition=25,Replica=0] -> OnlineReplica, [Topic=user-service-invite-members,Partition=0,Replica=0] -> OnlineReplica, [Topic=__consumer_offsets,Partition=14,Replica=0] -> OnlineReplica, [Topic=__consumer_offsets,Partition=24,Replica=0] -> OnlineReplica, [Topic=__consumer_offsets,Partition=36,Replica=0] -> OnlineReplica, [Topic=__consumer_offsets,Partition=42,Replica=0] -> OnlineReplica, [Topic=__consumer_offsets,Partition=45,Replica=0] -> OnlineReplica, [Topic=__consumer_offsets,Partition=11,Replica=0] -> OnlineReplica, [Topic=__consumer_offsets,Partition=32,Replica=0] -> OnlineReplica, [Topic=__consumer_offsets,Partition=12,Replica=0] -> OnlineReplica, [Topic=__consumer_offsets,Partition=30,Replica=0] -> OnlineReplica, [Topic=__consumer_offsets,Partition=9,Replica=0] -> OnlineReplica, [Topic=__consumer_offsets,Partition=39,Replica=0] -> OnlineReplica, [Topic=__consumer_offsets,Partition=38,Replica=0] -> OnlineReplica, [Topic=__consumer_offsets,Partition=23,Replica=0] -> OnlineReplica, [Topic=__consumer_offsets,Partition=19,Replica=0] -> OnlineReplica, [Topic=__consumer_offsets,Partition=17,Replica=0] -> OnlineReplica, [Topic=__consumer_offsets,Partition=41,Replica=0] -> OnlineReplica, [Topic=__consumer_offsets,Partition=37,Replica=0] -> OnlineReplica, [Topic=__consumer_offsets,Partition=48,Replica=0] -> OnlineReplica, [Topic=__consumer_offsets,Partition=29,Replica=0] -> OnlineReplica, [Topic=team-service-invite-members,Partition=0,Replica=0] -> OnlineReplica, [Topic=__consumer_offsets,Partition=10,Replica=0] -> OnlineReplica, [Topic=__consumer_offsets,Partition=46,Replica=0] -> OnlineReplica, [Topic=__consumer_offsets,Partition=1,Replica=0] -> OnlineReplica, [Topic=team-service-topic,Partition=0,Replica=0] -> OnlineReplica, [Topic=__consumer_offsets,Partition=16,Replica=0] -> OnlineReplica, [Topic=__consumer_offsets,Partition=5,Replica=0] -> OnlineReplica, [Topic=__consumer_offsets,Partition=15,Replica=0] -> OnlineReplica, [Topic=__consumer_offsets,Partition=4,Replica=0] -> OnlineReplica, [Topic=__consumer_offsets,Partition=6,Replica=0] -> OnlineReplica, [Topic=__consumer_offsets,Partition=7,Replica=0] -> OnlineReplica, [Topic=__consumer_offsets,Partition=43,Replica=0] -> OnlineReplica, [Topic=__consumer_offsets,Partition=0,Replica=0] -> OnlineReplica, [Topic=__consumer_offsets,Partition=20,Replica=0] -> OnlineReplica, [Topic=__consumer_offsets,Partition=31,Replica=0] -> OnlineReplica, [Topic=__consumer_offsets,Partition=28,Replica=0] -> OnlineReplica, [Topic=__consumer_offsets,Partition=26,Replica=0] -> OnlineReplica, [Topic=__consumer_offsets,Partition=2,Replica=0] -> OnlineReplica, [Topic=__consumer_offsets,Partition=33,Replica=0] -> OnlineReplica, [Topic=__consumer_offsets,Partition=22,Replica=0] -> OnlineReplica, [Topic=__consumer_offsets,Partition=21,Replica=0] -> OnlineReplica, [Topic=__consumer_offsets,Partition=13,Replica=0] -> OnlineReplica, [Topic=__consumer_offsets,Partition=35,Replica=0] -> OnlineReplica) (kafka.controller.ZkReplicaStateMachine)
[2025-04-05 02:03:29,819] INFO [PartitionStateMachine controllerId=0] Initializing partition state (kafka.controller.ZkPartitionStateMachine)
[2025-04-05 02:03:29,825] INFO [PartitionStateMachine controllerId=0] Triggering online partition state changes (kafka.controller.ZkPartitionStateMachine)
[2025-04-05 02:03:29,830] DEBUG [PartitionStateMachine controllerId=0] Started partition state machine with initial state -> HashMap(__consumer_offsets-13 -> OnlinePartition, __consumer_offsets-46 -> OnlinePartition, __consumer_offsets-9 -> OnlinePartition, __consumer_offsets-42 -> OnlinePartition, __consumer_offsets-21 -> OnlinePartition, user-service-project-created-0 -> OnlinePartition, __consumer_offsets-17 -> OnlinePartition, __consumer_offsets-30 -> OnlinePartition, __consumer_offsets-26 -> OnlinePartition, __consumer_offsets-5 -> OnlinePartition, __consumer_offsets-38 -> OnlinePartition, __consumer_offsets-1 -> OnlinePartition, __consumer_offsets-34 -> OnlinePartition, __consumer_offsets-16 -> OnlinePartition, __consumer_offsets-45 -> OnlinePartition, team-service-topic-0 -> OnlinePartition, __consumer_offsets-12 -> OnlinePartition, __consumer_offsets-41 -> OnlinePartition, __consumer_offsets-24 -> OnlinePartition, team-service-invite-members-0 -> OnlinePartition, __consumer_offsets-20 -> OnlinePartition, __consumer_offsets-49 -> OnlinePartition, __consumer_offsets-0 -> OnlinePartition, __consumer_offsets-29 -> OnlinePartition, __consumer_offsets-25 -> OnlinePartition, __consumer_offsets-8 -> OnlinePartition, __consumer_offsets-37 -> OnlinePartition, __consumer_offsets-4 -> OnlinePartition, __consumer_offsets-33 -> OnlinePartition, __consumer_offsets-15 -> OnlinePartition, __consumer_offsets-48 -> OnlinePartition, __consumer_offsets-11 -> OnlinePartition, __consumer_offsets-44 -> OnlinePartition, __consumer_offsets-23 -> OnlinePartition, __consumer_offsets-19 -> OnlinePartition, __consumer_offsets-32 -> OnlinePartition, __consumer_offsets-28 -> OnlinePartition, __consumer_offsets-7 -> OnlinePartition, __consumer_offsets-40 -> OnlinePartition, __consumer_offsets-3 -> OnlinePartition, __consumer_offsets-36 -> OnlinePartition, user-service-invite-members-0 -> OnlinePartition, __consumer_offsets-47 -> OnlinePartition, __consumer_offsets-14 -> OnlinePartition, __consumer_offsets-43 -> OnlinePartition, __consumer_offsets-10 -> OnlinePartition, __consumer_offsets-22 -> OnlinePartition, __consumer_offsets-18 -> OnlinePartition, __consumer_offsets-31 -> OnlinePartition, user-avatar-updated-0 -> OnlinePartition, __consumer_offsets-27 -> OnlinePartition, __consumer_offsets-39 -> OnlinePartition, __consumer_offsets-6 -> OnlinePartition, __consumer_offsets-35 -> OnlinePartition, __consumer_offsets-2 -> OnlinePartition) (kafka.controller.ZkPartitionStateMachine)
[2025-04-05 02:03:29,831] INFO [Controller id=0] Ready to serve as the new controller with epoch 2 (kafka.controller.KafkaController)
[2025-04-05 02:03:29,847] INFO [Controller id=0] Partitions undergoing preferred replica election:  (kafka.controller.KafkaController)
[2025-04-05 02:03:29,848] INFO [Controller id=0] Partitions that completed preferred replica election:  (kafka.controller.KafkaController)
[2025-04-05 02:03:29,848] INFO [Controller id=0] Skipping preferred replica election for partitions due to topic deletion:  (kafka.controller.KafkaController)
[2025-04-05 02:03:29,848] INFO [Controller id=0] Resuming preferred replica election for partitions:  (kafka.controller.KafkaController)
[2025-04-05 02:03:29,851] INFO [Controller id=0] Starting replica leader election (PREFERRED) for partitions  triggered by ZkTriggered (kafka.controller.KafkaController)
[2025-04-05 02:03:29,886] INFO [Controller id=0] Starting the controller scheduler (kafka.controller.KafkaController)
[2025-04-05 02:03:30,307] INFO [RequestSendThread controllerId=0] Controller 0 connected to DESKTOP-8GKE7FT:9092 (id: 0 rack: null) for sending state change requests (kafka.controller.RequestSendThread)
[2025-04-05 02:03:34,891] INFO [Controller id=0] Processing automatic preferred replica leader election (kafka.controller.KafkaController)
[2025-04-05 02:03:34,891] TRACE [Controller id=0] Checking need to trigger auto leader balancing (kafka.controller.KafkaController)
[2025-04-05 02:03:34,900] DEBUG [Controller id=0] Topics not in preferred replica for broker 0 HashMap() (kafka.controller.KafkaController)
[2025-04-05 02:03:34,903] TRACE [Controller id=0] Leader imbalance ratio for broker 0 is 0.0 (kafka.controller.KafkaController)
[2025-04-05 02:04:21,185] INFO [Controller id=0] New topics: [HashSet(file-upload)], deleted topics: [HashSet()], new partition replica assignment [Set(TopicIdReplicaAssignment(file-upload,Some(GybWlvruR8SjD2i9TaxCmQ),Map(file-upload-0 -> ReplicaAssignment(replicas=0, addingReplicas=, removingReplicas=))))] (kafka.controller.KafkaController)
[2025-04-05 02:04:21,186] INFO [Controller id=0] New partition creation callback for file-upload-0 (kafka.controller.KafkaController)
[2025-04-05 02:08:34,912] INFO [Controller id=0] Processing automatic preferred replica leader election (kafka.controller.KafkaController)
[2025-04-05 02:08:34,913] TRACE [Controller id=0] Checking need to trigger auto leader balancing (kafka.controller.KafkaController)
[2025-04-05 02:08:34,941] DEBUG [Controller id=0] Topics not in preferred replica for broker 0 HashMap() (kafka.controller.KafkaController)
[2025-04-05 02:08:34,942] TRACE [Controller id=0] Leader imbalance ratio for broker 0 is 0.0 (kafka.controller.KafkaController)
[2025-04-05 02:13:34,954] INFO [Controller id=0] Processing automatic preferred replica leader election (kafka.controller.KafkaController)
[2025-04-05 02:13:34,955] TRACE [Controller id=0] Checking need to trigger auto leader balancing (kafka.controller.KafkaController)
[2025-04-05 02:13:34,958] DEBUG [Controller id=0] Topics not in preferred replica for broker 0 HashMap() (kafka.controller.KafkaController)
[2025-04-05 02:13:34,958] TRACE [Controller id=0] Leader imbalance ratio for broker 0 is 0.0 (kafka.controller.KafkaController)
[2025-04-05 02:18:35,048] INFO [Controller id=0] Processing automatic preferred replica leader election (kafka.controller.KafkaController)
[2025-04-05 02:18:35,049] TRACE [Controller id=0] Checking need to trigger auto leader balancing (kafka.controller.KafkaController)
[2025-04-05 02:18:35,060] DEBUG [Controller id=0] Topics not in preferred replica for broker 0 HashMap() (kafka.controller.KafkaController)
[2025-04-05 02:18:35,060] TRACE [Controller id=0] Leader imbalance ratio for broker 0 is 0.0 (kafka.controller.KafkaController)
[2025-04-05 02:23:35,085] INFO [Controller id=0] Processing automatic preferred replica leader election (kafka.controller.KafkaController)
[2025-04-05 02:23:35,092] TRACE [Controller id=0] Checking need to trigger auto leader balancing (kafka.controller.KafkaController)
[2025-04-05 02:23:35,105] DEBUG [Controller id=0] Topics not in preferred replica for broker 0 HashMap() (kafka.controller.KafkaController)
[2025-04-05 02:23:35,106] TRACE [Controller id=0] Leader imbalance ratio for broker 0 is 0.0 (kafka.controller.KafkaController)
[2025-04-05 02:28:35,118] INFO [Controller id=0] Processing automatic preferred replica leader election (kafka.controller.KafkaController)
[2025-04-05 02:28:35,119] TRACE [Controller id=0] Checking need to trigger auto leader balancing (kafka.controller.KafkaController)
[2025-04-05 02:28:35,122] DEBUG [Controller id=0] Topics not in preferred replica for broker 0 HashMap() (kafka.controller.KafkaController)
[2025-04-05 02:28:35,122] TRACE [Controller id=0] Leader imbalance ratio for broker 0 is 0.0 (kafka.controller.KafkaController)
[2025-04-05 02:33:35,136] INFO [Controller id=0] Processing automatic preferred replica leader election (kafka.controller.KafkaController)
[2025-04-05 02:33:35,137] TRACE [Controller id=0] Checking need to trigger auto leader balancing (kafka.controller.KafkaController)
[2025-04-05 02:33:35,138] DEBUG [Controller id=0] Topics not in preferred replica for broker 0 HashMap() (kafka.controller.KafkaController)
[2025-04-05 02:33:35,138] TRACE [Controller id=0] Leader imbalance ratio for broker 0 is 0.0 (kafka.controller.KafkaController)
[2025-04-05 02:38:35,143] INFO [Controller id=0] Processing automatic preferred replica leader election (kafka.controller.KafkaController)
[2025-04-05 02:38:35,145] TRACE [Controller id=0] Checking need to trigger auto leader balancing (kafka.controller.KafkaController)
[2025-04-05 02:38:35,146] DEBUG [Controller id=0] Topics not in preferred replica for broker 0 HashMap() (kafka.controller.KafkaController)
[2025-04-05 02:38:35,146] TRACE [Controller id=0] Leader imbalance ratio for broker 0 is 0.0 (kafka.controller.KafkaController)
[2025-04-05 02:43:35,147] INFO [Controller id=0] Processing automatic preferred replica leader election (kafka.controller.KafkaController)
[2025-04-05 02:43:35,148] TRACE [Controller id=0] Checking need to trigger auto leader balancing (kafka.controller.KafkaController)
[2025-04-05 02:43:35,150] DEBUG [Controller id=0] Topics not in preferred replica for broker 0 HashMap() (kafka.controller.KafkaController)
[2025-04-05 02:43:35,150] TRACE [Controller id=0] Leader imbalance ratio for broker 0 is 0.0 (kafka.controller.KafkaController)
[2025-04-05 02:48:35,159] INFO [Controller id=0] Processing automatic preferred replica leader election (kafka.controller.KafkaController)
[2025-04-05 02:48:35,159] TRACE [Controller id=0] Checking need to trigger auto leader balancing (kafka.controller.KafkaController)
[2025-04-05 02:48:35,162] DEBUG [Controller id=0] Topics not in preferred replica for broker 0 HashMap() (kafka.controller.KafkaController)
[2025-04-05 02:48:35,162] TRACE [Controller id=0] Leader imbalance ratio for broker 0 is 0.0 (kafka.controller.KafkaController)
[2025-04-05 02:53:35,174] INFO [Controller id=0] Processing automatic preferred replica leader election (kafka.controller.KafkaController)
[2025-04-05 02:53:35,174] TRACE [Controller id=0] Checking need to trigger auto leader balancing (kafka.controller.KafkaController)
[2025-04-05 02:53:35,176] DEBUG [Controller id=0] Topics not in preferred replica for broker 0 HashMap() (kafka.controller.KafkaController)
[2025-04-05 02:53:35,176] TRACE [Controller id=0] Leader imbalance ratio for broker 0 is 0.0 (kafka.controller.KafkaController)
[2025-04-05 02:58:35,182] INFO [Controller id=0] Processing automatic preferred replica leader election (kafka.controller.KafkaController)
[2025-04-05 02:58:35,182] TRACE [Controller id=0] Checking need to trigger auto leader balancing (kafka.controller.KafkaController)
[2025-04-05 02:58:35,183] DEBUG [Controller id=0] Topics not in preferred replica for broker 0 HashMap() (kafka.controller.KafkaController)
[2025-04-05 02:58:35,183] TRACE [Controller id=0] Leader imbalance ratio for broker 0 is 0.0 (kafka.controller.KafkaController)
[2025-04-05 03:03:35,187] INFO [Controller id=0] Processing automatic preferred replica leader election (kafka.controller.KafkaController)
[2025-04-05 03:03:35,208] TRACE [Controller id=0] Checking need to trigger auto leader balancing (kafka.controller.KafkaController)
[2025-04-05 03:03:35,209] DEBUG [Controller id=0] Topics not in preferred replica for broker 0 HashMap() (kafka.controller.KafkaController)
[2025-04-05 03:03:35,209] TRACE [Controller id=0] Leader imbalance ratio for broker 0 is 0.0 (kafka.controller.KafkaController)
[2025-04-05 03:08:35,214] INFO [Controller id=0] Processing automatic preferred replica leader election (kafka.controller.KafkaController)
[2025-04-05 03:08:35,216] TRACE [Controller id=0] Checking need to trigger auto leader balancing (kafka.controller.KafkaController)
[2025-04-05 03:08:35,219] DEBUG [Controller id=0] Topics not in preferred replica for broker 0 HashMap() (kafka.controller.KafkaController)
[2025-04-05 03:08:35,219] TRACE [Controller id=0] Leader imbalance ratio for broker 0 is 0.0 (kafka.controller.KafkaController)
[2025-04-05 03:13:35,225] INFO [Controller id=0] Processing automatic preferred replica leader election (kafka.controller.KafkaController)
[2025-04-05 03:13:35,225] TRACE [Controller id=0] Checking need to trigger auto leader balancing (kafka.controller.KafkaController)
[2025-04-05 03:13:35,228] DEBUG [Controller id=0] Topics not in preferred replica for broker 0 HashMap() (kafka.controller.KafkaController)
[2025-04-05 03:13:35,228] TRACE [Controller id=0] Leader imbalance ratio for broker 0 is 0.0 (kafka.controller.KafkaController)
[2025-04-05 03:18:35,232] INFO [Controller id=0] Processing automatic preferred replica leader election (kafka.controller.KafkaController)
[2025-04-05 03:18:35,232] TRACE [Controller id=0] Checking need to trigger auto leader balancing (kafka.controller.KafkaController)
[2025-04-05 03:18:35,233] DEBUG [Controller id=0] Topics not in preferred replica for broker 0 HashMap() (kafka.controller.KafkaController)
[2025-04-05 03:18:35,233] TRACE [Controller id=0] Leader imbalance ratio for broker 0 is 0.0 (kafka.controller.KafkaController)
[2025-04-05 03:23:35,252] INFO [Controller id=0] Processing automatic preferred replica leader election (kafka.controller.KafkaController)
[2025-04-05 03:23:35,268] TRACE [Controller id=0] Checking need to trigger auto leader balancing (kafka.controller.KafkaController)
[2025-04-05 03:23:35,280] DEBUG [Controller id=0] Topics not in preferred replica for broker 0 HashMap() (kafka.controller.KafkaController)
[2025-04-05 03:23:35,282] TRACE [Controller id=0] Leader imbalance ratio for broker 0 is 0.0 (kafka.controller.KafkaController)
[2025-04-05 03:28:35,304] INFO [Controller id=0] Processing automatic preferred replica leader election (kafka.controller.KafkaController)
[2025-04-05 03:28:35,304] TRACE [Controller id=0] Checking need to trigger auto leader balancing (kafka.controller.KafkaController)
[2025-04-05 03:28:35,305] DEBUG [Controller id=0] Topics not in preferred replica for broker 0 HashMap() (kafka.controller.KafkaController)
[2025-04-05 03:28:35,305] TRACE [Controller id=0] Leader imbalance ratio for broker 0 is 0.0 (kafka.controller.KafkaController)
[2025-04-05 03:33:35,315] INFO [Controller id=0] Processing automatic preferred replica leader election (kafka.controller.KafkaController)
[2025-04-05 03:33:35,315] TRACE [Controller id=0] Checking need to trigger auto leader balancing (kafka.controller.KafkaController)
[2025-04-05 03:33:35,316] DEBUG [Controller id=0] Topics not in preferred replica for broker 0 HashMap() (kafka.controller.KafkaController)
[2025-04-05 03:33:35,317] TRACE [Controller id=0] Leader imbalance ratio for broker 0 is 0.0 (kafka.controller.KafkaController)
[2025-04-05 03:38:35,324] INFO [Controller id=0] Processing automatic preferred replica leader election (kafka.controller.KafkaController)
[2025-04-05 03:38:35,326] TRACE [Controller id=0] Checking need to trigger auto leader balancing (kafka.controller.KafkaController)
[2025-04-05 03:38:35,327] DEBUG [Controller id=0] Topics not in preferred replica for broker 0 HashMap() (kafka.controller.KafkaController)
[2025-04-05 03:38:35,327] TRACE [Controller id=0] Leader imbalance ratio for broker 0 is 0.0 (kafka.controller.KafkaController)
[2025-04-05 03:43:35,339] INFO [Controller id=0] Processing automatic preferred replica leader election (kafka.controller.KafkaController)
[2025-04-05 03:43:35,339] TRACE [Controller id=0] Checking need to trigger auto leader balancing (kafka.controller.KafkaController)
[2025-04-05 03:43:35,340] DEBUG [Controller id=0] Topics not in preferred replica for broker 0 HashMap() (kafka.controller.KafkaController)
[2025-04-05 03:43:35,340] TRACE [Controller id=0] Leader imbalance ratio for broker 0 is 0.0 (kafka.controller.KafkaController)
[2025-04-05 03:48:35,348] INFO [Controller id=0] Processing automatic preferred replica leader election (kafka.controller.KafkaController)
[2025-04-05 03:48:35,348] TRACE [Controller id=0] Checking need to trigger auto leader balancing (kafka.controller.KafkaController)
[2025-04-05 03:48:35,352] DEBUG [Controller id=0] Topics not in preferred replica for broker 0 HashMap() (kafka.controller.KafkaController)
[2025-04-05 03:48:35,353] TRACE [Controller id=0] Leader imbalance ratio for broker 0 is 0.0 (kafka.controller.KafkaController)
[2025-04-05 03:53:35,366] INFO [Controller id=0] Processing automatic preferred replica leader election (kafka.controller.KafkaController)
[2025-04-05 03:53:35,367] TRACE [Controller id=0] Checking need to trigger auto leader balancing (kafka.controller.KafkaController)
[2025-04-05 03:53:35,368] DEBUG [Controller id=0] Topics not in preferred replica for broker 0 HashMap() (kafka.controller.KafkaController)
[2025-04-05 03:53:35,368] TRACE [Controller id=0] Leader imbalance ratio for broker 0 is 0.0 (kafka.controller.KafkaController)
[2025-04-05 03:58:35,373] INFO [Controller id=0] Processing automatic preferred replica leader election (kafka.controller.KafkaController)
[2025-04-05 03:58:35,374] TRACE [Controller id=0] Checking need to trigger auto leader balancing (kafka.controller.KafkaController)
[2025-04-05 03:58:35,374] DEBUG [Controller id=0] Topics not in preferred replica for broker 0 HashMap() (kafka.controller.KafkaController)
[2025-04-05 03:58:35,374] TRACE [Controller id=0] Leader imbalance ratio for broker 0 is 0.0 (kafka.controller.KafkaController)
[2025-04-05 15:17:54,390] INFO [ControllerEventThread controllerId=0] Starting (kafka.controller.ControllerEventManager$ControllerEventThread)
[2025-04-05 15:17:54,441] INFO [Controller id=0] 0 successfully elected as the controller. Epoch incremented to 3 and epoch zk version is now 3 (kafka.controller.KafkaController)
[2025-04-05 15:17:54,445] INFO [Controller id=0] Registering handlers (kafka.controller.KafkaController)
[2025-04-05 15:17:54,451] INFO [Controller id=0] Deleting log dir event notifications (kafka.controller.KafkaController)
[2025-04-05 15:17:54,456] INFO [Controller id=0] Deleting isr change notifications (kafka.controller.KafkaController)
[2025-04-05 15:17:54,459] INFO [Controller id=0] Initializing controller context (kafka.controller.KafkaController)
[2025-04-05 15:17:54,484] INFO [Controller id=0] Initialized broker epochs cache: HashMap(0 -> 205) (kafka.controller.KafkaController)
[2025-04-05 15:17:54,522] DEBUG [Controller id=0] Register BrokerModifications handler for Set(0) (kafka.controller.KafkaController)
[2025-04-05 15:17:54,619] DEBUG [Channel manager on controller 0]: Controller 0 trying to connect to broker 0 (kafka.controller.ControllerChannelManager)
[2025-04-05 15:17:54,640] INFO [RequestSendThread controllerId=0] Starting (kafka.controller.RequestSendThread)
[2025-04-05 15:17:54,641] INFO [Controller id=0] Currently active brokers in the cluster: Set(0) (kafka.controller.KafkaController)
[2025-04-05 15:17:54,642] INFO [Controller id=0] Currently shutting brokers in the cluster: HashSet() (kafka.controller.KafkaController)
[2025-04-05 15:17:54,642] INFO [Controller id=0] Current list of topics in the cluster: HashSet(user-service-invite-members, file-upload, user-avatar-updated, team-service-topic, user-service-project-created, __consumer_offsets, team-service-invite-members) (kafka.controller.KafkaController)
[2025-04-05 15:17:54,643] INFO [Controller id=0] Fetching topic deletions in progress (kafka.controller.KafkaController)
[2025-04-05 15:17:54,650] INFO [Controller id=0] List of topics to be deleted:  (kafka.controller.KafkaController)
[2025-04-05 15:17:54,651] INFO [Controller id=0] List of topics ineligible for deletion:  (kafka.controller.KafkaController)
[2025-04-05 15:17:54,651] INFO [Controller id=0] Initializing topic deletion manager (kafka.controller.KafkaController)
[2025-04-05 15:17:54,652] INFO [Topic Deletion Manager 0] Initializing manager with initial deletions: Set(), initial ineligible deletions: HashSet() (kafka.controller.TopicDeletionManager)
[2025-04-05 15:17:54,654] INFO [Controller id=0] Sending update metadata request (kafka.controller.KafkaController)
[2025-04-05 15:17:54,673] INFO [ReplicaStateMachine controllerId=0] Initializing replica state (kafka.controller.ZkReplicaStateMachine)
[2025-04-05 15:17:54,695] INFO [ReplicaStateMachine controllerId=0] Triggering online replica state changes (kafka.controller.ZkReplicaStateMachine)
[2025-04-05 15:17:54,749] INFO [ReplicaStateMachine controllerId=0] Triggering offline replica state changes (kafka.controller.ZkReplicaStateMachine)
[2025-04-05 15:17:54,750] DEBUG [ReplicaStateMachine controllerId=0] Started replica state machine with initial state -> HashMap([Topic=__consumer_offsets,Partition=40,Replica=0] -> OnlineReplica, [Topic=__consumer_offsets,Partition=27,Replica=0] -> OnlineReplica, [Topic=__consumer_offsets,Partition=49,Replica=0] -> OnlineReplica, [Topic=user-avatar-updated,Partition=0,Replica=0] -> OnlineReplica, [Topic=__consumer_offsets,Partition=47,Replica=0] -> OnlineReplica, [Topic=__consumer_offsets,Partition=3,Replica=0] -> OnlineReplica, [Topic=__consumer_offsets,Partition=18,Replica=0] -> OnlineReplica, [Topic=__consumer_offsets,Partition=44,Replica=0] -> OnlineReplica, [Topic=__consumer_offsets,Partition=8,Replica=0] -> OnlineReplica, [Topic=user-service-project-created,Partition=0,Replica=0] -> OnlineReplica, [Topic=__consumer_offsets,Partition=34,Replica=0] -> OnlineReplica, [Topic=__consumer_offsets,Partition=25,Replica=0] -> OnlineReplica, [Topic=user-service-invite-members,Partition=0,Replica=0] -> OnlineReplica, [Topic=__consumer_offsets,Partition=14,Replica=0] -> OnlineReplica, [Topic=__consumer_offsets,Partition=24,Replica=0] -> OnlineReplica, [Topic=__consumer_offsets,Partition=36,Replica=0] -> OnlineReplica, [Topic=__consumer_offsets,Partition=42,Replica=0] -> OnlineReplica, [Topic=__consumer_offsets,Partition=45,Replica=0] -> OnlineReplica, [Topic=__consumer_offsets,Partition=11,Replica=0] -> OnlineReplica, [Topic=__consumer_offsets,Partition=32,Replica=0] -> OnlineReplica, [Topic=__consumer_offsets,Partition=12,Replica=0] -> OnlineReplica, [Topic=__consumer_offsets,Partition=30,Replica=0] -> OnlineReplica, [Topic=__consumer_offsets,Partition=9,Replica=0] -> OnlineReplica, [Topic=__consumer_offsets,Partition=39,Replica=0] -> OnlineReplica, [Topic=__consumer_offsets,Partition=38,Replica=0] -> OnlineReplica, [Topic=__consumer_offsets,Partition=23,Replica=0] -> OnlineReplica, [Topic=__consumer_offsets,Partition=19,Replica=0] -> OnlineReplica, [Topic=__consumer_offsets,Partition=17,Replica=0] -> OnlineReplica, [Topic=__consumer_offsets,Partition=41,Replica=0] -> OnlineReplica, [Topic=__consumer_offsets,Partition=37,Replica=0] -> OnlineReplica, [Topic=__consumer_offsets,Partition=48,Replica=0] -> OnlineReplica, [Topic=__consumer_offsets,Partition=29,Replica=0] -> OnlineReplica, [Topic=team-service-invite-members,Partition=0,Replica=0] -> OnlineReplica, [Topic=__consumer_offsets,Partition=10,Replica=0] -> OnlineReplica, [Topic=__consumer_offsets,Partition=46,Replica=0] -> OnlineReplica, [Topic=__consumer_offsets,Partition=1,Replica=0] -> OnlineReplica, [Topic=team-service-topic,Partition=0,Replica=0] -> OnlineReplica, [Topic=__consumer_offsets,Partition=16,Replica=0] -> OnlineReplica, [Topic=__consumer_offsets,Partition=5,Replica=0] -> OnlineReplica, [Topic=file-upload,Partition=0,Replica=0] -> OnlineReplica, [Topic=__consumer_offsets,Partition=15,Replica=0] -> OnlineReplica, [Topic=__consumer_offsets,Partition=4,Replica=0] -> OnlineReplica, [Topic=__consumer_offsets,Partition=6,Replica=0] -> OnlineReplica, [Topic=__consumer_offsets,Partition=7,Replica=0] -> OnlineReplica, [Topic=__consumer_offsets,Partition=43,Replica=0] -> OnlineReplica, [Topic=__consumer_offsets,Partition=0,Replica=0] -> OnlineReplica, [Topic=__consumer_offsets,Partition=20,Replica=0] -> OnlineReplica, [Topic=__consumer_offsets,Partition=31,Replica=0] -> OnlineReplica, [Topic=__consumer_offsets,Partition=28,Replica=0] -> OnlineReplica, [Topic=__consumer_offsets,Partition=26,Replica=0] -> OnlineReplica, [Topic=__consumer_offsets,Partition=2,Replica=0] -> OnlineReplica, [Topic=__consumer_offsets,Partition=33,Replica=0] -> OnlineReplica, [Topic=__consumer_offsets,Partition=22,Replica=0] -> OnlineReplica, [Topic=__consumer_offsets,Partition=21,Replica=0] -> OnlineReplica, [Topic=__consumer_offsets,Partition=13,Replica=0] -> OnlineReplica, [Topic=__consumer_offsets,Partition=35,Replica=0] -> OnlineReplica) (kafka.controller.ZkReplicaStateMachine)
[2025-04-05 15:17:54,752] INFO [PartitionStateMachine controllerId=0] Initializing partition state (kafka.controller.ZkPartitionStateMachine)
[2025-04-05 15:17:54,758] INFO [PartitionStateMachine controllerId=0] Triggering online partition state changes (kafka.controller.ZkPartitionStateMachine)
[2025-04-05 15:17:54,761] DEBUG [PartitionStateMachine controllerId=0] Started partition state machine with initial state -> HashMap(__consumer_offsets-13 -> OnlinePartition, __consumer_offsets-46 -> OnlinePartition, __consumer_offsets-9 -> OnlinePartition, __consumer_offsets-42 -> OnlinePartition, __consumer_offsets-21 -> OnlinePartition, user-service-project-created-0 -> OnlinePartition, __consumer_offsets-17 -> OnlinePartition, __consumer_offsets-30 -> OnlinePartition, __consumer_offsets-26 -> OnlinePartition, __consumer_offsets-5 -> OnlinePartition, __consumer_offsets-38 -> OnlinePartition, __consumer_offsets-1 -> OnlinePartition, __consumer_offsets-34 -> OnlinePartition, __consumer_offsets-16 -> OnlinePartition, __consumer_offsets-45 -> OnlinePartition, team-service-topic-0 -> OnlinePartition, __consumer_offsets-12 -> OnlinePartition, __consumer_offsets-41 -> OnlinePartition, __consumer_offsets-24 -> OnlinePartition, team-service-invite-members-0 -> OnlinePartition, __consumer_offsets-20 -> OnlinePartition, __consumer_offsets-49 -> OnlinePartition, __consumer_offsets-0 -> OnlinePartition, __consumer_offsets-29 -> OnlinePartition, __consumer_offsets-25 -> OnlinePartition, __consumer_offsets-8 -> OnlinePartition, __consumer_offsets-37 -> OnlinePartition, __consumer_offsets-4 -> OnlinePartition, __consumer_offsets-33 -> OnlinePartition, __consumer_offsets-15 -> OnlinePartition, __consumer_offsets-48 -> OnlinePartition, file-upload-0 -> OnlinePartition, __consumer_offsets-11 -> OnlinePartition, __consumer_offsets-44 -> OnlinePartition, __consumer_offsets-23 -> OnlinePartition, __consumer_offsets-19 -> OnlinePartition, __consumer_offsets-32 -> OnlinePartition, __consumer_offsets-28 -> OnlinePartition, __consumer_offsets-7 -> OnlinePartition, __consumer_offsets-40 -> OnlinePartition, __consumer_offsets-3 -> OnlinePartition, __consumer_offsets-36 -> OnlinePartition, user-service-invite-members-0 -> OnlinePartition, __consumer_offsets-47 -> OnlinePartition, __consumer_offsets-14 -> OnlinePartition, __consumer_offsets-43 -> OnlinePartition, __consumer_offsets-10 -> OnlinePartition, __consumer_offsets-22 -> OnlinePartition, __consumer_offsets-18 -> OnlinePartition, __consumer_offsets-31 -> OnlinePartition, user-avatar-updated-0 -> OnlinePartition, __consumer_offsets-27 -> OnlinePartition, __consumer_offsets-39 -> OnlinePartition, __consumer_offsets-6 -> OnlinePartition, __consumer_offsets-35 -> OnlinePartition, __consumer_offsets-2 -> OnlinePartition) (kafka.controller.ZkPartitionStateMachine)
[2025-04-05 15:17:54,761] INFO [Controller id=0] Ready to serve as the new controller with epoch 3 (kafka.controller.KafkaController)
[2025-04-05 15:17:54,768] INFO [Controller id=0] Partitions undergoing preferred replica election:  (kafka.controller.KafkaController)
[2025-04-05 15:17:54,768] INFO [Controller id=0] Partitions that completed preferred replica election:  (kafka.controller.KafkaController)
[2025-04-05 15:17:54,769] INFO [Controller id=0] Skipping preferred replica election for partitions due to topic deletion:  (kafka.controller.KafkaController)
[2025-04-05 15:17:54,769] INFO [Controller id=0] Resuming preferred replica election for partitions:  (kafka.controller.KafkaController)
[2025-04-05 15:17:54,771] INFO [Controller id=0] Starting replica leader election (PREFERRED) for partitions  triggered by ZkTriggered (kafka.controller.KafkaController)
[2025-04-05 15:17:54,791] INFO [Controller id=0] Starting the controller scheduler (kafka.controller.KafkaController)
[2025-04-05 15:17:55,186] INFO [RequestSendThread controllerId=0] Controller 0 connected to DESKTOP-8GKE7FT:9092 (id: 0 rack: null) for sending state change requests (kafka.controller.RequestSendThread)
[2025-04-05 15:17:59,802] INFO [Controller id=0] Processing automatic preferred replica leader election (kafka.controller.KafkaController)
[2025-04-05 15:17:59,803] TRACE [Controller id=0] Checking need to trigger auto leader balancing (kafka.controller.KafkaController)
[2025-04-05 15:17:59,807] DEBUG [Controller id=0] Topics not in preferred replica for broker 0 HashMap() (kafka.controller.KafkaController)
[2025-04-05 15:17:59,809] TRACE [Controller id=0] Leader imbalance ratio for broker 0 is 0.0 (kafka.controller.KafkaController)
[2025-04-05 15:22:59,839] INFO [Controller id=0] Processing automatic preferred replica leader election (kafka.controller.KafkaController)
[2025-04-05 15:22:59,852] TRACE [Controller id=0] Checking need to trigger auto leader balancing (kafka.controller.KafkaController)
[2025-04-05 15:22:59,870] DEBUG [Controller id=0] Topics not in preferred replica for broker 0 HashMap() (kafka.controller.KafkaController)
[2025-04-05 15:22:59,872] TRACE [Controller id=0] Leader imbalance ratio for broker 0 is 0.0 (kafka.controller.KafkaController)
[2025-04-05 15:27:59,889] INFO [Controller id=0] Processing automatic preferred replica leader election (kafka.controller.KafkaController)
[2025-04-05 15:27:59,890] TRACE [Controller id=0] Checking need to trigger auto leader balancing (kafka.controller.KafkaController)
[2025-04-05 15:27:59,893] DEBUG [Controller id=0] Topics not in preferred replica for broker 0 HashMap() (kafka.controller.KafkaController)
[2025-04-05 15:27:59,893] TRACE [Controller id=0] Leader imbalance ratio for broker 0 is 0.0 (kafka.controller.KafkaController)
[2025-04-05 15:32:59,905] INFO [Controller id=0] Processing automatic preferred replica leader election (kafka.controller.KafkaController)
[2025-04-05 15:32:59,905] TRACE [Controller id=0] Checking need to trigger auto leader balancing (kafka.controller.KafkaController)
[2025-04-05 15:32:59,928] DEBUG [Controller id=0] Topics not in preferred replica for broker 0 HashMap() (kafka.controller.KafkaController)
[2025-04-05 15:32:59,928] TRACE [Controller id=0] Leader imbalance ratio for broker 0 is 0.0 (kafka.controller.KafkaController)
[2025-04-05 15:37:06,446] DEBUG [Controller id=0] Resigning (kafka.controller.KafkaController)
[2025-04-05 15:37:06,450] DEBUG [Controller id=0] Unregister BrokerModifications handler for Set(0) (kafka.controller.KafkaController)
[2025-04-05 15:37:06,459] INFO [PartitionStateMachine controllerId=0] Stopped partition state machine (kafka.controller.ZkPartitionStateMachine)
[2025-04-05 15:37:06,464] INFO [ReplicaStateMachine controllerId=0] Stopped replica state machine (kafka.controller.ZkReplicaStateMachine)
[2025-04-05 15:37:06,467] INFO [RequestSendThread controllerId=0] Shutting down (kafka.controller.RequestSendThread)
[2025-04-05 15:37:06,469] INFO [RequestSendThread controllerId=0] Stopped (kafka.controller.RequestSendThread)
[2025-04-05 15:37:06,469] INFO [RequestSendThread controllerId=0] Shutdown completed (kafka.controller.RequestSendThread)
[2025-04-05 15:37:06,502] INFO [Controller id=0] Resigned (kafka.controller.KafkaController)
[2025-04-05 15:37:06,663] INFO [Controller id=0] 0 successfully elected as the controller. Epoch incremented to 4 and epoch zk version is now 4 (kafka.controller.KafkaController)
[2025-04-05 15:37:06,667] INFO [Controller id=0] Registering handlers (kafka.controller.KafkaController)
[2025-04-05 15:37:06,672] INFO [Controller id=0] Deleting log dir event notifications (kafka.controller.KafkaController)
[2025-04-05 15:37:06,675] INFO [Controller id=0] Deleting isr change notifications (kafka.controller.KafkaController)
[2025-04-05 15:37:06,677] INFO [Controller id=0] Initializing controller context (kafka.controller.KafkaController)
[2025-04-05 15:37:06,690] INFO [Controller id=0] Initialized broker epochs cache: HashMap(0 -> 210) (kafka.controller.KafkaController)
[2025-04-05 15:37:06,708] DEBUG [Controller id=0] Register BrokerModifications handler for Set(0) (kafka.controller.KafkaController)
[2025-04-05 15:37:06,776] DEBUG [Channel manager on controller 0]: Controller 0 trying to connect to broker 0 (kafka.controller.ControllerChannelManager)
[2025-04-05 15:37:06,791] INFO [Controller id=0] Currently active brokers in the cluster: Set(0) (kafka.controller.KafkaController)
[2025-04-05 15:37:06,791] INFO [Controller id=0] Currently shutting brokers in the cluster: HashSet() (kafka.controller.KafkaController)
[2025-04-05 15:37:06,791] INFO [Controller id=0] Current list of topics in the cluster: HashSet(user-service-invite-members, file-upload, user-avatar-updated, team-service-topic, user-service-project-created, __consumer_offsets, team-service-invite-members) (kafka.controller.KafkaController)
[2025-04-05 15:37:06,791] INFO [Controller id=0] Fetching topic deletions in progress (kafka.controller.KafkaController)
[2025-04-05 15:37:06,795] INFO [Controller id=0] List of topics to be deleted:  (kafka.controller.KafkaController)
[2025-04-05 15:37:06,795] INFO [Controller id=0] List of topics ineligible for deletion:  (kafka.controller.KafkaController)
[2025-04-05 15:37:06,795] INFO [Controller id=0] Initializing topic deletion manager (kafka.controller.KafkaController)
[2025-04-05 15:37:06,796] INFO [Topic Deletion Manager 0] Initializing manager with initial deletions: Set(), initial ineligible deletions: HashSet() (kafka.controller.TopicDeletionManager)
[2025-04-05 15:37:06,796] INFO [Controller id=0] Sending update metadata request (kafka.controller.KafkaController)
[2025-04-05 15:37:06,799] INFO [ReplicaStateMachine controllerId=0] Initializing replica state (kafka.controller.ZkReplicaStateMachine)
[2025-04-05 15:37:06,800] INFO [ReplicaStateMachine controllerId=0] Triggering online replica state changes (kafka.controller.ZkReplicaStateMachine)
[2025-04-05 15:37:06,818] INFO [RequestSendThread controllerId=0] Starting (kafka.controller.RequestSendThread)
[2025-04-05 15:37:06,823] INFO [RequestSendThread controllerId=0] Controller 0 connected to DESKTOP-8GKE7FT:9092 (id: 0 rack: null) for sending state change requests (kafka.controller.RequestSendThread)
[2025-04-05 15:37:06,829] INFO [ReplicaStateMachine controllerId=0] Triggering offline replica state changes (kafka.controller.ZkReplicaStateMachine)
[2025-04-05 15:37:06,830] DEBUG [ReplicaStateMachine controllerId=0] Started replica state machine with initial state -> HashMap([Topic=__consumer_offsets,Partition=40,Replica=0] -> OnlineReplica, [Topic=__consumer_offsets,Partition=27,Replica=0] -> OnlineReplica, [Topic=__consumer_offsets,Partition=49,Replica=0] -> OnlineReplica, [Topic=user-avatar-updated,Partition=0,Replica=0] -> OnlineReplica, [Topic=__consumer_offsets,Partition=47,Replica=0] -> OnlineReplica, [Topic=__consumer_offsets,Partition=3,Replica=0] -> OnlineReplica, [Topic=__consumer_offsets,Partition=18,Replica=0] -> OnlineReplica, [Topic=__consumer_offsets,Partition=44,Replica=0] -> OnlineReplica, [Topic=__consumer_offsets,Partition=8,Replica=0] -> OnlineReplica, [Topic=user-service-project-created,Partition=0,Replica=0] -> OnlineReplica, [Topic=__consumer_offsets,Partition=34,Replica=0] -> OnlineReplica, [Topic=__consumer_offsets,Partition=25,Replica=0] -> OnlineReplica, [Topic=user-service-invite-members,Partition=0,Replica=0] -> OnlineReplica, [Topic=__consumer_offsets,Partition=14,Replica=0] -> OnlineReplica, [Topic=__consumer_offsets,Partition=24,Replica=0] -> OnlineReplica, [Topic=__consumer_offsets,Partition=36,Replica=0] -> OnlineReplica, [Topic=__consumer_offsets,Partition=42,Replica=0] -> OnlineReplica, [Topic=__consumer_offsets,Partition=45,Replica=0] -> OnlineReplica, [Topic=__consumer_offsets,Partition=11,Replica=0] -> OnlineReplica, [Topic=__consumer_offsets,Partition=32,Replica=0] -> OnlineReplica, [Topic=__consumer_offsets,Partition=12,Replica=0] -> OnlineReplica, [Topic=__consumer_offsets,Partition=30,Replica=0] -> OnlineReplica, [Topic=__consumer_offsets,Partition=9,Replica=0] -> OnlineReplica, [Topic=__consumer_offsets,Partition=39,Replica=0] -> OnlineReplica, [Topic=__consumer_offsets,Partition=38,Replica=0] -> OnlineReplica, [Topic=__consumer_offsets,Partition=23,Replica=0] -> OnlineReplica, [Topic=__consumer_offsets,Partition=19,Replica=0] -> OnlineReplica, [Topic=__consumer_offsets,Partition=17,Replica=0] -> OnlineReplica, [Topic=__consumer_offsets,Partition=41,Replica=0] -> OnlineReplica, [Topic=__consumer_offsets,Partition=37,Replica=0] -> OnlineReplica, [Topic=__consumer_offsets,Partition=48,Replica=0] -> OnlineReplica, [Topic=__consumer_offsets,Partition=29,Replica=0] -> OnlineReplica, [Topic=team-service-invite-members,Partition=0,Replica=0] -> OnlineReplica, [Topic=__consumer_offsets,Partition=10,Replica=0] -> OnlineReplica, [Topic=__consumer_offsets,Partition=46,Replica=0] -> OnlineReplica, [Topic=__consumer_offsets,Partition=1,Replica=0] -> OnlineReplica, [Topic=team-service-topic,Partition=0,Replica=0] -> OnlineReplica, [Topic=__consumer_offsets,Partition=16,Replica=0] -> OnlineReplica, [Topic=__consumer_offsets,Partition=5,Replica=0] -> OnlineReplica, [Topic=file-upload,Partition=0,Replica=0] -> OnlineReplica, [Topic=__consumer_offsets,Partition=15,Replica=0] -> OnlineReplica, [Topic=__consumer_offsets,Partition=4,Replica=0] -> OnlineReplica, [Topic=__consumer_offsets,Partition=6,Replica=0] -> OnlineReplica, [Topic=__consumer_offsets,Partition=7,Replica=0] -> OnlineReplica, [Topic=__consumer_offsets,Partition=43,Replica=0] -> OnlineReplica, [Topic=__consumer_offsets,Partition=0,Replica=0] -> OnlineReplica, [Topic=__consumer_offsets,Partition=20,Replica=0] -> OnlineReplica, [Topic=__consumer_offsets,Partition=31,Replica=0] -> OnlineReplica, [Topic=__consumer_offsets,Partition=28,Replica=0] -> OnlineReplica, [Topic=__consumer_offsets,Partition=26,Replica=0] -> OnlineReplica, [Topic=__consumer_offsets,Partition=2,Replica=0] -> OnlineReplica, [Topic=__consumer_offsets,Partition=33,Replica=0] -> OnlineReplica, [Topic=__consumer_offsets,Partition=22,Replica=0] -> OnlineReplica, [Topic=__consumer_offsets,Partition=21,Replica=0] -> OnlineReplica, [Topic=__consumer_offsets,Partition=13,Replica=0] -> OnlineReplica, [Topic=__consumer_offsets,Partition=35,Replica=0] -> OnlineReplica) (kafka.controller.ZkReplicaStateMachine)
[2025-04-05 15:37:06,830] INFO [PartitionStateMachine controllerId=0] Initializing partition state (kafka.controller.ZkPartitionStateMachine)
[2025-04-05 15:37:06,830] INFO [PartitionStateMachine controllerId=0] Triggering online partition state changes (kafka.controller.ZkPartitionStateMachine)
[2025-04-05 15:37:06,831] DEBUG [PartitionStateMachine controllerId=0] Started partition state machine with initial state -> HashMap(__consumer_offsets-13 -> OnlinePartition, __consumer_offsets-46 -> OnlinePartition, __consumer_offsets-9 -> OnlinePartition, __consumer_offsets-42 -> OnlinePartition, __consumer_offsets-21 -> OnlinePartition, user-service-project-created-0 -> OnlinePartition, __consumer_offsets-17 -> OnlinePartition, __consumer_offsets-30 -> OnlinePartition, __consumer_offsets-26 -> OnlinePartition, __consumer_offsets-5 -> OnlinePartition, __consumer_offsets-38 -> OnlinePartition, __consumer_offsets-1 -> OnlinePartition, __consumer_offsets-34 -> OnlinePartition, __consumer_offsets-16 -> OnlinePartition, __consumer_offsets-45 -> OnlinePartition, team-service-topic-0 -> OnlinePartition, __consumer_offsets-12 -> OnlinePartition, __consumer_offsets-41 -> OnlinePartition, __consumer_offsets-24 -> OnlinePartition, team-service-invite-members-0 -> OnlinePartition, __consumer_offsets-20 -> OnlinePartition, __consumer_offsets-49 -> OnlinePartition, __consumer_offsets-0 -> OnlinePartition, __consumer_offsets-29 -> OnlinePartition, __consumer_offsets-25 -> OnlinePartition, __consumer_offsets-8 -> OnlinePartition, __consumer_offsets-37 -> OnlinePartition, __consumer_offsets-4 -> OnlinePartition, __consumer_offsets-33 -> OnlinePartition, __consumer_offsets-15 -> OnlinePartition, __consumer_offsets-48 -> OnlinePartition, file-upload-0 -> OnlinePartition, __consumer_offsets-11 -> OnlinePartition, __consumer_offsets-44 -> OnlinePartition, __consumer_offsets-23 -> OnlinePartition, __consumer_offsets-19 -> OnlinePartition, __consumer_offsets-32 -> OnlinePartition, __consumer_offsets-28 -> OnlinePartition, __consumer_offsets-7 -> OnlinePartition, __consumer_offsets-40 -> OnlinePartition, __consumer_offsets-3 -> OnlinePartition, __consumer_offsets-36 -> OnlinePartition, user-service-invite-members-0 -> OnlinePartition, __consumer_offsets-47 -> OnlinePartition, __consumer_offsets-14 -> OnlinePartition, __consumer_offsets-43 -> OnlinePartition, __consumer_offsets-10 -> OnlinePartition, __consumer_offsets-22 -> OnlinePartition, __consumer_offsets-18 -> OnlinePartition, __consumer_offsets-31 -> OnlinePartition, user-avatar-updated-0 -> OnlinePartition, __consumer_offsets-27 -> OnlinePartition, __consumer_offsets-39 -> OnlinePartition, __consumer_offsets-6 -> OnlinePartition, __consumer_offsets-35 -> OnlinePartition, __consumer_offsets-2 -> OnlinePartition) (kafka.controller.ZkPartitionStateMachine)
[2025-04-05 15:37:06,832] INFO [Controller id=0] Ready to serve as the new controller with epoch 4 (kafka.controller.KafkaController)
[2025-04-05 15:37:06,835] INFO [Controller id=0] Partitions undergoing preferred replica election:  (kafka.controller.KafkaController)
[2025-04-05 15:37:06,835] INFO [Controller id=0] Partitions that completed preferred replica election:  (kafka.controller.KafkaController)
[2025-04-05 15:37:06,835] INFO [Controller id=0] Skipping preferred replica election for partitions due to topic deletion:  (kafka.controller.KafkaController)
[2025-04-05 15:37:06,835] INFO [Controller id=0] Resuming preferred replica election for partitions:  (kafka.controller.KafkaController)
[2025-04-05 15:37:06,835] INFO [Controller id=0] Starting replica leader election (PREFERRED) for partitions  triggered by ZkTriggered (kafka.controller.KafkaController)
[2025-04-05 15:37:06,841] INFO [Controller id=0] Starting the controller scheduler (kafka.controller.KafkaController)
[2025-04-05 15:37:11,852] INFO [Controller id=0] Processing automatic preferred replica leader election (kafka.controller.KafkaController)
[2025-04-05 15:37:11,852] TRACE [Controller id=0] Checking need to trigger auto leader balancing (kafka.controller.KafkaController)
[2025-04-05 15:37:11,855] DEBUG [Controller id=0] Topics not in preferred replica for broker 0 HashMap() (kafka.controller.KafkaController)
[2025-04-05 15:37:11,855] TRACE [Controller id=0] Leader imbalance ratio for broker 0 is 0.0 (kafka.controller.KafkaController)
[2025-04-05 15:42:11,864] INFO [Controller id=0] Processing automatic preferred replica leader election (kafka.controller.KafkaController)
[2025-04-05 15:42:11,864] TRACE [Controller id=0] Checking need to trigger auto leader balancing (kafka.controller.KafkaController)
[2025-04-05 15:42:11,867] DEBUG [Controller id=0] Topics not in preferred replica for broker 0 HashMap() (kafka.controller.KafkaController)
[2025-04-05 15:42:11,867] TRACE [Controller id=0] Leader imbalance ratio for broker 0 is 0.0 (kafka.controller.KafkaController)
[2025-04-05 15:47:11,877] INFO [Controller id=0] Processing automatic preferred replica leader election (kafka.controller.KafkaController)
[2025-04-05 15:47:11,877] TRACE [Controller id=0] Checking need to trigger auto leader balancing (kafka.controller.KafkaController)
[2025-04-05 15:47:11,880] DEBUG [Controller id=0] Topics not in preferred replica for broker 0 HashMap() (kafka.controller.KafkaController)
[2025-04-05 15:47:11,880] TRACE [Controller id=0] Leader imbalance ratio for broker 0 is 0.0 (kafka.controller.KafkaController)
[2025-04-05 15:52:11,887] INFO [Controller id=0] Processing automatic preferred replica leader election (kafka.controller.KafkaController)
[2025-04-05 15:52:11,890] TRACE [Controller id=0] Checking need to trigger auto leader balancing (kafka.controller.KafkaController)
[2025-04-05 15:52:11,896] DEBUG [Controller id=0] Topics not in preferred replica for broker 0 HashMap() (kafka.controller.KafkaController)
[2025-04-05 15:52:11,896] TRACE [Controller id=0] Leader imbalance ratio for broker 0 is 0.0 (kafka.controller.KafkaController)
[2025-04-05 15:57:11,910] INFO [Controller id=0] Processing automatic preferred replica leader election (kafka.controller.KafkaController)
[2025-04-05 15:57:11,910] TRACE [Controller id=0] Checking need to trigger auto leader balancing (kafka.controller.KafkaController)
[2025-04-05 15:57:11,912] DEBUG [Controller id=0] Topics not in preferred replica for broker 0 HashMap() (kafka.controller.KafkaController)
[2025-04-05 15:57:11,912] TRACE [Controller id=0] Leader imbalance ratio for broker 0 is 0.0 (kafka.controller.KafkaController)
[2025-04-05 16:29:05,853] DEBUG [Controller id=0] Resigning (kafka.controller.KafkaController)
[2025-04-05 16:29:05,880] DEBUG [Controller id=0] Unregister BrokerModifications handler for Set(0) (kafka.controller.KafkaController)
[2025-04-05 16:29:05,885] INFO [PartitionStateMachine controllerId=0] Stopped partition state machine (kafka.controller.ZkPartitionStateMachine)
[2025-04-05 16:29:05,886] INFO [ReplicaStateMachine controllerId=0] Stopped replica state machine (kafka.controller.ZkReplicaStateMachine)
[2025-04-05 16:29:05,887] INFO [RequestSendThread controllerId=0] Shutting down (kafka.controller.RequestSendThread)
[2025-04-05 16:29:05,888] INFO [RequestSendThread controllerId=0] Shutdown completed (kafka.controller.RequestSendThread)
[2025-04-05 16:29:05,888] INFO [RequestSendThread controllerId=0] Stopped (kafka.controller.RequestSendThread)
[2025-04-05 16:29:05,921] INFO [Controller id=0] Resigned (kafka.controller.KafkaController)
[2025-04-05 16:29:06,337] INFO [Controller id=0] 0 successfully elected as the controller. Epoch incremented to 5 and epoch zk version is now 5 (kafka.controller.KafkaController)
[2025-04-05 16:29:06,339] INFO [Controller id=0] Registering handlers (kafka.controller.KafkaController)
[2025-04-05 16:29:06,348] INFO [Controller id=0] Deleting log dir event notifications (kafka.controller.KafkaController)
[2025-04-05 16:29:06,356] INFO [Controller id=0] Deleting isr change notifications (kafka.controller.KafkaController)
[2025-04-05 16:29:06,362] INFO [Controller id=0] Initializing controller context (kafka.controller.KafkaController)
[2025-04-05 16:29:06,388] INFO [Controller id=0] Initialized broker epochs cache: HashMap(0 -> 215) (kafka.controller.KafkaController)
[2025-04-05 16:29:06,411] DEBUG [Controller id=0] Register BrokerModifications handler for Set(0) (kafka.controller.KafkaController)
[2025-04-05 16:29:06,504] DEBUG [Channel manager on controller 0]: Controller 0 trying to connect to broker 0 (kafka.controller.ControllerChannelManager)
[2025-04-05 16:29:06,521] INFO [Controller id=0] Currently active brokers in the cluster: Set(0) (kafka.controller.KafkaController)
[2025-04-05 16:29:06,521] INFO [Controller id=0] Currently shutting brokers in the cluster: HashSet() (kafka.controller.KafkaController)
[2025-04-05 16:29:06,521] INFO [Controller id=0] Current list of topics in the cluster: HashSet(user-service-invite-members, file-upload, user-avatar-updated, team-service-topic, user-service-project-created, __consumer_offsets, team-service-invite-members) (kafka.controller.KafkaController)
[2025-04-05 16:29:06,521] INFO [Controller id=0] Fetching topic deletions in progress (kafka.controller.KafkaController)
[2025-04-05 16:29:06,525] INFO [Controller id=0] List of topics to be deleted:  (kafka.controller.KafkaController)
[2025-04-05 16:29:06,525] INFO [Controller id=0] List of topics ineligible for deletion:  (kafka.controller.KafkaController)
[2025-04-05 16:29:06,525] INFO [Controller id=0] Initializing topic deletion manager (kafka.controller.KafkaController)
[2025-04-05 16:29:06,525] INFO [Topic Deletion Manager 0] Initializing manager with initial deletions: Set(), initial ineligible deletions: HashSet() (kafka.controller.TopicDeletionManager)
[2025-04-05 16:29:06,525] INFO [Controller id=0] Sending update metadata request (kafka.controller.KafkaController)
[2025-04-05 16:29:06,537] INFO [ReplicaStateMachine controllerId=0] Initializing replica state (kafka.controller.ZkReplicaStateMachine)
[2025-04-05 16:29:06,538] INFO [ReplicaStateMachine controllerId=0] Triggering online replica state changes (kafka.controller.ZkReplicaStateMachine)
[2025-04-05 16:29:06,545] INFO [ReplicaStateMachine controllerId=0] Triggering offline replica state changes (kafka.controller.ZkReplicaStateMachine)
[2025-04-05 16:29:06,546] DEBUG [ReplicaStateMachine controllerId=0] Started replica state machine with initial state -> HashMap([Topic=__consumer_offsets,Partition=40,Replica=0] -> OnlineReplica, [Topic=__consumer_offsets,Partition=27,Replica=0] -> OnlineReplica, [Topic=__consumer_offsets,Partition=49,Replica=0] -> OnlineReplica, [Topic=user-avatar-updated,Partition=0,Replica=0] -> OnlineReplica, [Topic=__consumer_offsets,Partition=47,Replica=0] -> OnlineReplica, [Topic=__consumer_offsets,Partition=3,Replica=0] -> OnlineReplica, [Topic=__consumer_offsets,Partition=18,Replica=0] -> OnlineReplica, [Topic=__consumer_offsets,Partition=44,Replica=0] -> OnlineReplica, [Topic=__consumer_offsets,Partition=8,Replica=0] -> OnlineReplica, [Topic=user-service-project-created,Partition=0,Replica=0] -> OnlineReplica, [Topic=__consumer_offsets,Partition=34,Replica=0] -> OnlineReplica, [Topic=__consumer_offsets,Partition=25,Replica=0] -> OnlineReplica, [Topic=user-service-invite-members,Partition=0,Replica=0] -> OnlineReplica, [Topic=__consumer_offsets,Partition=14,Replica=0] -> OnlineReplica, [Topic=__consumer_offsets,Partition=24,Replica=0] -> OnlineReplica, [Topic=__consumer_offsets,Partition=36,Replica=0] -> OnlineReplica, [Topic=__consumer_offsets,Partition=42,Replica=0] -> OnlineReplica, [Topic=__consumer_offsets,Partition=45,Replica=0] -> OnlineReplica, [Topic=__consumer_offsets,Partition=11,Replica=0] -> OnlineReplica, [Topic=__consumer_offsets,Partition=32,Replica=0] -> OnlineReplica, [Topic=__consumer_offsets,Partition=12,Replica=0] -> OnlineReplica, [Topic=__consumer_offsets,Partition=30,Replica=0] -> OnlineReplica, [Topic=__consumer_offsets,Partition=9,Replica=0] -> OnlineReplica, [Topic=__consumer_offsets,Partition=39,Replica=0] -> OnlineReplica, [Topic=__consumer_offsets,Partition=38,Replica=0] -> OnlineReplica, [Topic=__consumer_offsets,Partition=23,Replica=0] -> OnlineReplica, [Topic=__consumer_offsets,Partition=19,Replica=0] -> OnlineReplica, [Topic=__consumer_offsets,Partition=17,Replica=0] -> OnlineReplica, [Topic=__consumer_offsets,Partition=41,Replica=0] -> OnlineReplica, [Topic=__consumer_offsets,Partition=37,Replica=0] -> OnlineReplica, [Topic=__consumer_offsets,Partition=48,Replica=0] -> OnlineReplica, [Topic=__consumer_offsets,Partition=29,Replica=0] -> OnlineReplica, [Topic=team-service-invite-members,Partition=0,Replica=0] -> OnlineReplica, [Topic=__consumer_offsets,Partition=10,Replica=0] -> OnlineReplica, [Topic=__consumer_offsets,Partition=46,Replica=0] -> OnlineReplica, [Topic=__consumer_offsets,Partition=1,Replica=0] -> OnlineReplica, [Topic=team-service-topic,Partition=0,Replica=0] -> OnlineReplica, [Topic=__consumer_offsets,Partition=16,Replica=0] -> OnlineReplica, [Topic=__consumer_offsets,Partition=5,Replica=0] -> OnlineReplica, [Topic=file-upload,Partition=0,Replica=0] -> OnlineReplica, [Topic=__consumer_offsets,Partition=15,Replica=0] -> OnlineReplica, [Topic=__consumer_offsets,Partition=4,Replica=0] -> OnlineReplica, [Topic=__consumer_offsets,Partition=6,Replica=0] -> OnlineReplica, [Topic=__consumer_offsets,Partition=7,Replica=0] -> OnlineReplica, [Topic=__consumer_offsets,Partition=43,Replica=0] -> OnlineReplica, [Topic=__consumer_offsets,Partition=0,Replica=0] -> OnlineReplica, [Topic=__consumer_offsets,Partition=20,Replica=0] -> OnlineReplica, [Topic=__consumer_offsets,Partition=31,Replica=0] -> OnlineReplica, [Topic=__consumer_offsets,Partition=28,Replica=0] -> OnlineReplica, [Topic=__consumer_offsets,Partition=26,Replica=0] -> OnlineReplica, [Topic=__consumer_offsets,Partition=2,Replica=0] -> OnlineReplica, [Topic=__consumer_offsets,Partition=33,Replica=0] -> OnlineReplica, [Topic=__consumer_offsets,Partition=22,Replica=0] -> OnlineReplica, [Topic=__consumer_offsets,Partition=21,Replica=0] -> OnlineReplica, [Topic=__consumer_offsets,Partition=13,Replica=0] -> OnlineReplica, [Topic=__consumer_offsets,Partition=35,Replica=0] -> OnlineReplica) (kafka.controller.ZkReplicaStateMachine)
[2025-04-05 16:29:06,546] INFO [PartitionStateMachine controllerId=0] Initializing partition state (kafka.controller.ZkPartitionStateMachine)
[2025-04-05 16:29:06,546] INFO [PartitionStateMachine controllerId=0] Triggering online partition state changes (kafka.controller.ZkPartitionStateMachine)
[2025-04-05 16:29:06,547] DEBUG [PartitionStateMachine controllerId=0] Started partition state machine with initial state -> HashMap(__consumer_offsets-13 -> OnlinePartition, __consumer_offsets-46 -> OnlinePartition, __consumer_offsets-9 -> OnlinePartition, __consumer_offsets-42 -> OnlinePartition, __consumer_offsets-21 -> OnlinePartition, user-service-project-created-0 -> OnlinePartition, __consumer_offsets-17 -> OnlinePartition, __consumer_offsets-30 -> OnlinePartition, __consumer_offsets-26 -> OnlinePartition, __consumer_offsets-5 -> OnlinePartition, __consumer_offsets-38 -> OnlinePartition, __consumer_offsets-1 -> OnlinePartition, __consumer_offsets-34 -> OnlinePartition, __consumer_offsets-16 -> OnlinePartition, __consumer_offsets-45 -> OnlinePartition, team-service-topic-0 -> OnlinePartition, __consumer_offsets-12 -> OnlinePartition, __consumer_offsets-41 -> OnlinePartition, __consumer_offsets-24 -> OnlinePartition, team-service-invite-members-0 -> OnlinePartition, __consumer_offsets-20 -> OnlinePartition, __consumer_offsets-49 -> OnlinePartition, __consumer_offsets-0 -> OnlinePartition, __consumer_offsets-29 -> OnlinePartition, __consumer_offsets-25 -> OnlinePartition, __consumer_offsets-8 -> OnlinePartition, __consumer_offsets-37 -> OnlinePartition, __consumer_offsets-4 -> OnlinePartition, __consumer_offsets-33 -> OnlinePartition, __consumer_offsets-15 -> OnlinePartition, __consumer_offsets-48 -> OnlinePartition, file-upload-0 -> OnlinePartition, __consumer_offsets-11 -> OnlinePartition, __consumer_offsets-44 -> OnlinePartition, __consumer_offsets-23 -> OnlinePartition, __consumer_offsets-19 -> OnlinePartition, __consumer_offsets-32 -> OnlinePartition, __consumer_offsets-28 -> OnlinePartition, __consumer_offsets-7 -> OnlinePartition, __consumer_offsets-40 -> OnlinePartition, __consumer_offsets-3 -> OnlinePartition, __consumer_offsets-36 -> OnlinePartition, user-service-invite-members-0 -> OnlinePartition, __consumer_offsets-47 -> OnlinePartition, __consumer_offsets-14 -> OnlinePartition, __consumer_offsets-43 -> OnlinePartition, __consumer_offsets-10 -> OnlinePartition, __consumer_offsets-22 -> OnlinePartition, __consumer_offsets-18 -> OnlinePartition, __consumer_offsets-31 -> OnlinePartition, user-avatar-updated-0 -> OnlinePartition, __consumer_offsets-27 -> OnlinePartition, __consumer_offsets-39 -> OnlinePartition, __consumer_offsets-6 -> OnlinePartition, __consumer_offsets-35 -> OnlinePartition, __consumer_offsets-2 -> OnlinePartition) (kafka.controller.ZkPartitionStateMachine)
[2025-04-05 16:29:06,547] INFO [Controller id=0] Ready to serve as the new controller with epoch 5 (kafka.controller.KafkaController)
[2025-04-05 16:29:06,551] INFO [Controller id=0] Partitions undergoing preferred replica election:  (kafka.controller.KafkaController)
[2025-04-05 16:29:06,551] INFO [Controller id=0] Partitions that completed preferred replica election:  (kafka.controller.KafkaController)
[2025-04-05 16:29:06,551] INFO [Controller id=0] Skipping preferred replica election for partitions due to topic deletion:  (kafka.controller.KafkaController)
[2025-04-05 16:29:06,551] INFO [Controller id=0] Resuming preferred replica election for partitions:  (kafka.controller.KafkaController)
[2025-04-05 16:29:06,551] INFO [Controller id=0] Starting replica leader election (PREFERRED) for partitions  triggered by ZkTriggered (kafka.controller.KafkaController)
[2025-04-05 16:29:06,555] INFO [Controller id=0] Starting the controller scheduler (kafka.controller.KafkaController)
[2025-04-05 16:29:06,559] INFO [RequestSendThread controllerId=0] Starting (kafka.controller.RequestSendThread)
[2025-04-05 16:29:06,563] INFO [RequestSendThread controllerId=0] Controller 0 connected to DESKTOP-8GKE7FT:9092 (id: 0 rack: null) for sending state change requests (kafka.controller.RequestSendThread)
[2025-04-05 16:29:11,560] INFO [Controller id=0] Processing automatic preferred replica leader election (kafka.controller.KafkaController)
[2025-04-05 16:29:11,560] TRACE [Controller id=0] Checking need to trigger auto leader balancing (kafka.controller.KafkaController)
[2025-04-05 16:29:11,561] DEBUG [Controller id=0] Topics not in preferred replica for broker 0 HashMap() (kafka.controller.KafkaController)
[2025-04-05 16:29:11,561] TRACE [Controller id=0] Leader imbalance ratio for broker 0 is 0.0 (kafka.controller.KafkaController)
[2025-04-05 16:34:11,579] INFO [Controller id=0] Processing automatic preferred replica leader election (kafka.controller.KafkaController)
[2025-04-05 16:34:11,580] TRACE [Controller id=0] Checking need to trigger auto leader balancing (kafka.controller.KafkaController)
[2025-04-05 16:34:11,588] DEBUG [Controller id=0] Topics not in preferred replica for broker 0 HashMap() (kafka.controller.KafkaController)
[2025-04-05 16:34:11,588] TRACE [Controller id=0] Leader imbalance ratio for broker 0 is 0.0 (kafka.controller.KafkaController)
[2025-04-05 16:39:11,595] INFO [Controller id=0] Processing automatic preferred replica leader election (kafka.controller.KafkaController)
[2025-04-05 16:39:11,595] TRACE [Controller id=0] Checking need to trigger auto leader balancing (kafka.controller.KafkaController)
[2025-04-05 16:39:11,596] DEBUG [Controller id=0] Topics not in preferred replica for broker 0 HashMap() (kafka.controller.KafkaController)
[2025-04-05 16:39:11,596] TRACE [Controller id=0] Leader imbalance ratio for broker 0 is 0.0 (kafka.controller.KafkaController)
[2025-04-05 18:45:52,664] INFO [ControllerEventThread controllerId=0] Starting (kafka.controller.ControllerEventManager$ControllerEventThread)
[2025-04-05 18:45:52,724] INFO [Controller id=0] 0 successfully elected as the controller. Epoch incremented to 6 and epoch zk version is now 6 (kafka.controller.KafkaController)
[2025-04-05 18:45:52,726] INFO [Controller id=0] Registering handlers (kafka.controller.KafkaController)
[2025-04-05 18:45:52,733] INFO [Controller id=0] Deleting log dir event notifications (kafka.controller.KafkaController)
[2025-04-05 18:45:52,737] INFO [Controller id=0] Deleting isr change notifications (kafka.controller.KafkaController)
[2025-04-05 18:45:52,740] INFO [Controller id=0] Initializing controller context (kafka.controller.KafkaController)
[2025-04-05 18:45:52,756] INFO [Controller id=0] Initialized broker epochs cache: HashMap(0 -> 234) (kafka.controller.KafkaController)
[2025-04-05 18:45:52,793] DEBUG [Controller id=0] Register BrokerModifications handler for Set(0) (kafka.controller.KafkaController)
[2025-04-05 18:45:52,880] DEBUG [Channel manager on controller 0]: Controller 0 trying to connect to broker 0 (kafka.controller.ControllerChannelManager)
[2025-04-05 18:45:52,927] INFO [RequestSendThread controllerId=0] Starting (kafka.controller.RequestSendThread)
[2025-04-05 18:45:52,930] INFO [Controller id=0] Currently active brokers in the cluster: Set(0) (kafka.controller.KafkaController)
[2025-04-05 18:45:52,930] INFO [Controller id=0] Currently shutting brokers in the cluster: HashSet() (kafka.controller.KafkaController)
[2025-04-05 18:45:52,931] INFO [Controller id=0] Current list of topics in the cluster: HashSet(user-service-invite-members, file-upload, user-avatar-updated, team-service-topic, user-service-project-created, __consumer_offsets, team-service-invite-members) (kafka.controller.KafkaController)
[2025-04-05 18:45:52,931] INFO [Controller id=0] Fetching topic deletions in progress (kafka.controller.KafkaController)
[2025-04-05 18:45:52,941] INFO [Controller id=0] List of topics to be deleted:  (kafka.controller.KafkaController)
[2025-04-05 18:45:52,941] INFO [Controller id=0] List of topics ineligible for deletion:  (kafka.controller.KafkaController)
[2025-04-05 18:45:52,941] INFO [Controller id=0] Initializing topic deletion manager (kafka.controller.KafkaController)
[2025-04-05 18:45:52,942] INFO [Topic Deletion Manager 0] Initializing manager with initial deletions: Set(), initial ineligible deletions: HashSet() (kafka.controller.TopicDeletionManager)
[2025-04-05 18:45:52,944] INFO [Controller id=0] Sending update metadata request (kafka.controller.KafkaController)
[2025-04-05 18:45:52,964] INFO [ReplicaStateMachine controllerId=0] Initializing replica state (kafka.controller.ZkReplicaStateMachine)
[2025-04-05 18:45:52,980] INFO [ReplicaStateMachine controllerId=0] Triggering online replica state changes (kafka.controller.ZkReplicaStateMachine)
[2025-04-05 18:45:53,029] INFO [ReplicaStateMachine controllerId=0] Triggering offline replica state changes (kafka.controller.ZkReplicaStateMachine)
[2025-04-05 18:45:53,030] DEBUG [ReplicaStateMachine controllerId=0] Started replica state machine with initial state -> HashMap([Topic=__consumer_offsets,Partition=40,Replica=0] -> OnlineReplica, [Topic=__consumer_offsets,Partition=27,Replica=0] -> OnlineReplica, [Topic=__consumer_offsets,Partition=49,Replica=0] -> OnlineReplica, [Topic=user-avatar-updated,Partition=0,Replica=0] -> OnlineReplica, [Topic=__consumer_offsets,Partition=47,Replica=0] -> OnlineReplica, [Topic=__consumer_offsets,Partition=3,Replica=0] -> OnlineReplica, [Topic=__consumer_offsets,Partition=18,Replica=0] -> OnlineReplica, [Topic=__consumer_offsets,Partition=44,Replica=0] -> OnlineReplica, [Topic=__consumer_offsets,Partition=8,Replica=0] -> OnlineReplica, [Topic=user-service-project-created,Partition=0,Replica=0] -> OnlineReplica, [Topic=__consumer_offsets,Partition=34,Replica=0] -> OnlineReplica, [Topic=__consumer_offsets,Partition=25,Replica=0] -> OnlineReplica, [Topic=user-service-invite-members,Partition=0,Replica=0] -> OnlineReplica, [Topic=__consumer_offsets,Partition=14,Replica=0] -> OnlineReplica, [Topic=__consumer_offsets,Partition=24,Replica=0] -> OnlineReplica, [Topic=__consumer_offsets,Partition=36,Replica=0] -> OnlineReplica, [Topic=__consumer_offsets,Partition=42,Replica=0] -> OnlineReplica, [Topic=__consumer_offsets,Partition=45,Replica=0] -> OnlineReplica, [Topic=__consumer_offsets,Partition=11,Replica=0] -> OnlineReplica, [Topic=__consumer_offsets,Partition=32,Replica=0] -> OnlineReplica, [Topic=__consumer_offsets,Partition=12,Replica=0] -> OnlineReplica, [Topic=__consumer_offsets,Partition=30,Replica=0] -> OnlineReplica, [Topic=__consumer_offsets,Partition=9,Replica=0] -> OnlineReplica, [Topic=__consumer_offsets,Partition=39,Replica=0] -> OnlineReplica, [Topic=__consumer_offsets,Partition=38,Replica=0] -> OnlineReplica, [Topic=__consumer_offsets,Partition=23,Replica=0] -> OnlineReplica, [Topic=__consumer_offsets,Partition=19,Replica=0] -> OnlineReplica, [Topic=__consumer_offsets,Partition=17,Replica=0] -> OnlineReplica, [Topic=__consumer_offsets,Partition=41,Replica=0] -> OnlineReplica, [Topic=__consumer_offsets,Partition=37,Replica=0] -> OnlineReplica, [Topic=__consumer_offsets,Partition=48,Replica=0] -> OnlineReplica, [Topic=__consumer_offsets,Partition=29,Replica=0] -> OnlineReplica, [Topic=team-service-invite-members,Partition=0,Replica=0] -> OnlineReplica, [Topic=__consumer_offsets,Partition=10,Replica=0] -> OnlineReplica, [Topic=__consumer_offsets,Partition=46,Replica=0] -> OnlineReplica, [Topic=__consumer_offsets,Partition=1,Replica=0] -> OnlineReplica, [Topic=team-service-topic,Partition=0,Replica=0] -> OnlineReplica, [Topic=__consumer_offsets,Partition=16,Replica=0] -> OnlineReplica, [Topic=__consumer_offsets,Partition=5,Replica=0] -> OnlineReplica, [Topic=file-upload,Partition=0,Replica=0] -> OnlineReplica, [Topic=__consumer_offsets,Partition=15,Replica=0] -> OnlineReplica, [Topic=__consumer_offsets,Partition=4,Replica=0] -> OnlineReplica, [Topic=__consumer_offsets,Partition=6,Replica=0] -> OnlineReplica, [Topic=__consumer_offsets,Partition=7,Replica=0] -> OnlineReplica, [Topic=__consumer_offsets,Partition=43,Replica=0] -> OnlineReplica, [Topic=__consumer_offsets,Partition=0,Replica=0] -> OnlineReplica, [Topic=__consumer_offsets,Partition=20,Replica=0] -> OnlineReplica, [Topic=__consumer_offsets,Partition=31,Replica=0] -> OnlineReplica, [Topic=__consumer_offsets,Partition=28,Replica=0] -> OnlineReplica, [Topic=__consumer_offsets,Partition=26,Replica=0] -> OnlineReplica, [Topic=__consumer_offsets,Partition=2,Replica=0] -> OnlineReplica, [Topic=__consumer_offsets,Partition=33,Replica=0] -> OnlineReplica, [Topic=__consumer_offsets,Partition=22,Replica=0] -> OnlineReplica, [Topic=__consumer_offsets,Partition=21,Replica=0] -> OnlineReplica, [Topic=__consumer_offsets,Partition=13,Replica=0] -> OnlineReplica, [Topic=__consumer_offsets,Partition=35,Replica=0] -> OnlineReplica) (kafka.controller.ZkReplicaStateMachine)
[2025-04-05 18:45:53,030] INFO [PartitionStateMachine controllerId=0] Initializing partition state (kafka.controller.ZkPartitionStateMachine)
[2025-04-05 18:45:53,039] INFO [PartitionStateMachine controllerId=0] Triggering online partition state changes (kafka.controller.ZkPartitionStateMachine)
[2025-04-05 18:45:53,045] DEBUG [PartitionStateMachine controllerId=0] Started partition state machine with initial state -> HashMap(__consumer_offsets-13 -> OnlinePartition, __consumer_offsets-46 -> OnlinePartition, __consumer_offsets-9 -> OnlinePartition, __consumer_offsets-42 -> OnlinePartition, __consumer_offsets-21 -> OnlinePartition, user-service-project-created-0 -> OnlinePartition, __consumer_offsets-17 -> OnlinePartition, __consumer_offsets-30 -> OnlinePartition, __consumer_offsets-26 -> OnlinePartition, __consumer_offsets-5 -> OnlinePartition, __consumer_offsets-38 -> OnlinePartition, __consumer_offsets-1 -> OnlinePartition, __consumer_offsets-34 -> OnlinePartition, __consumer_offsets-16 -> OnlinePartition, __consumer_offsets-45 -> OnlinePartition, team-service-topic-0 -> OnlinePartition, __consumer_offsets-12 -> OnlinePartition, __consumer_offsets-41 -> OnlinePartition, __consumer_offsets-24 -> OnlinePartition, team-service-invite-members-0 -> OnlinePartition, __consumer_offsets-20 -> OnlinePartition, __consumer_offsets-49 -> OnlinePartition, __consumer_offsets-0 -> OnlinePartition, __consumer_offsets-29 -> OnlinePartition, __consumer_offsets-25 -> OnlinePartition, __consumer_offsets-8 -> OnlinePartition, __consumer_offsets-37 -> OnlinePartition, __consumer_offsets-4 -> OnlinePartition, __consumer_offsets-33 -> OnlinePartition, __consumer_offsets-15 -> OnlinePartition, __consumer_offsets-48 -> OnlinePartition, file-upload-0 -> OnlinePartition, __consumer_offsets-11 -> OnlinePartition, __consumer_offsets-44 -> OnlinePartition, __consumer_offsets-23 -> OnlinePartition, __consumer_offsets-19 -> OnlinePartition, __consumer_offsets-32 -> OnlinePartition, __consumer_offsets-28 -> OnlinePartition, __consumer_offsets-7 -> OnlinePartition, __consumer_offsets-40 -> OnlinePartition, __consumer_offsets-3 -> OnlinePartition, __consumer_offsets-36 -> OnlinePartition, user-service-invite-members-0 -> OnlinePartition, __consumer_offsets-47 -> OnlinePartition, __consumer_offsets-14 -> OnlinePartition, __consumer_offsets-43 -> OnlinePartition, __consumer_offsets-10 -> OnlinePartition, __consumer_offsets-22 -> OnlinePartition, __consumer_offsets-18 -> OnlinePartition, __consumer_offsets-31 -> OnlinePartition, user-avatar-updated-0 -> OnlinePartition, __consumer_offsets-27 -> OnlinePartition, __consumer_offsets-39 -> OnlinePartition, __consumer_offsets-6 -> OnlinePartition, __consumer_offsets-35 -> OnlinePartition, __consumer_offsets-2 -> OnlinePartition) (kafka.controller.ZkPartitionStateMachine)
[2025-04-05 18:45:53,046] INFO [Controller id=0] Ready to serve as the new controller with epoch 6 (kafka.controller.KafkaController)
[2025-04-05 18:45:53,055] INFO [Controller id=0] Partitions undergoing preferred replica election:  (kafka.controller.KafkaController)
[2025-04-05 18:45:53,055] INFO [Controller id=0] Partitions that completed preferred replica election:  (kafka.controller.KafkaController)
[2025-04-05 18:45:53,056] INFO [Controller id=0] Skipping preferred replica election for partitions due to topic deletion:  (kafka.controller.KafkaController)
[2025-04-05 18:45:53,056] INFO [Controller id=0] Resuming preferred replica election for partitions:  (kafka.controller.KafkaController)
[2025-04-05 18:45:53,057] INFO [Controller id=0] Starting replica leader election (PREFERRED) for partitions  triggered by ZkTriggered (kafka.controller.KafkaController)
[2025-04-05 18:45:53,075] INFO [Controller id=0] Starting the controller scheduler (kafka.controller.KafkaController)
[2025-04-05 18:45:53,477] INFO [RequestSendThread controllerId=0] Controller 0 connected to DESKTOP-8GKE7FT:9092 (id: 0 rack: null) for sending state change requests (kafka.controller.RequestSendThread)
[2025-04-05 18:45:58,084] INFO [Controller id=0] Processing automatic preferred replica leader election (kafka.controller.KafkaController)
[2025-04-05 18:45:58,084] TRACE [Controller id=0] Checking need to trigger auto leader balancing (kafka.controller.KafkaController)
[2025-04-05 18:45:58,097] DEBUG [Controller id=0] Topics not in preferred replica for broker 0 HashMap() (kafka.controller.KafkaController)
[2025-04-05 18:45:58,101] TRACE [Controller id=0] Leader imbalance ratio for broker 0 is 0.0 (kafka.controller.KafkaController)
[2025-04-05 18:50:58,157] INFO [Controller id=0] Processing automatic preferred replica leader election (kafka.controller.KafkaController)
[2025-04-05 18:50:58,167] TRACE [Controller id=0] Checking need to trigger auto leader balancing (kafka.controller.KafkaController)
[2025-04-05 18:50:58,194] DEBUG [Controller id=0] Topics not in preferred replica for broker 0 HashMap() (kafka.controller.KafkaController)
[2025-04-05 18:50:58,195] TRACE [Controller id=0] Leader imbalance ratio for broker 0 is 0.0 (kafka.controller.KafkaController)
[2025-04-05 18:55:58,203] INFO [Controller id=0] Processing automatic preferred replica leader election (kafka.controller.KafkaController)
[2025-04-05 18:55:58,203] TRACE [Controller id=0] Checking need to trigger auto leader balancing (kafka.controller.KafkaController)
[2025-04-05 18:55:58,207] DEBUG [Controller id=0] Topics not in preferred replica for broker 0 HashMap() (kafka.controller.KafkaController)
[2025-04-05 18:55:58,207] TRACE [Controller id=0] Leader imbalance ratio for broker 0 is 0.0 (kafka.controller.KafkaController)
[2025-04-05 18:57:00,839] INFO [Controller id=0] New topics: [HashSet(google-data-topic)], deleted topics: [HashSet()], new partition replica assignment [Set(TopicIdReplicaAssignment(google-data-topic,Some(kz-lH-tyTYiz1Zwn5-0Ksw),Map(google-data-topic-0 -> ReplicaAssignment(replicas=0, addingReplicas=, removingReplicas=))))] (kafka.controller.KafkaController)
[2025-04-05 18:57:00,841] INFO [Controller id=0] New partition creation callback for google-data-topic-0 (kafka.controller.KafkaController)
[2025-04-05 18:57:00,897] INFO [RequestSendThread controllerId=0] Controller 0 connected to DESKTOP-8GKE7FT:9092 (id: 0 rack: null) for sending state change requests (kafka.controller.RequestSendThread)
[2025-04-05 19:00:58,214] INFO [Controller id=0] Processing automatic preferred replica leader election (kafka.controller.KafkaController)
[2025-04-05 19:00:58,237] TRACE [Controller id=0] Checking need to trigger auto leader balancing (kafka.controller.KafkaController)
[2025-04-05 19:00:58,241] DEBUG [Controller id=0] Topics not in preferred replica for broker 0 HashMap() (kafka.controller.KafkaController)
[2025-04-05 19:00:58,241] TRACE [Controller id=0] Leader imbalance ratio for broker 0 is 0.0 (kafka.controller.KafkaController)
[2025-04-05 19:05:58,243] INFO [Controller id=0] Processing automatic preferred replica leader election (kafka.controller.KafkaController)
[2025-04-05 19:05:58,243] TRACE [Controller id=0] Checking need to trigger auto leader balancing (kafka.controller.KafkaController)
[2025-04-05 19:05:58,248] DEBUG [Controller id=0] Topics not in preferred replica for broker 0 HashMap() (kafka.controller.KafkaController)
[2025-04-05 19:05:58,248] TRACE [Controller id=0] Leader imbalance ratio for broker 0 is 0.0 (kafka.controller.KafkaController)
[2025-04-05 19:10:58,261] INFO [Controller id=0] Processing automatic preferred replica leader election (kafka.controller.KafkaController)
[2025-04-05 19:10:58,261] TRACE [Controller id=0] Checking need to trigger auto leader balancing (kafka.controller.KafkaController)
[2025-04-05 19:10:58,265] DEBUG [Controller id=0] Topics not in preferred replica for broker 0 HashMap() (kafka.controller.KafkaController)
[2025-04-05 19:10:58,265] TRACE [Controller id=0] Leader imbalance ratio for broker 0 is 0.0 (kafka.controller.KafkaController)
[2025-04-05 19:15:58,277] INFO [Controller id=0] Processing automatic preferred replica leader election (kafka.controller.KafkaController)
[2025-04-05 19:15:58,278] TRACE [Controller id=0] Checking need to trigger auto leader balancing (kafka.controller.KafkaController)
[2025-04-05 19:15:58,293] DEBUG [Controller id=0] Topics not in preferred replica for broker 0 HashMap() (kafka.controller.KafkaController)
[2025-04-05 19:15:58,294] TRACE [Controller id=0] Leader imbalance ratio for broker 0 is 0.0 (kafka.controller.KafkaController)
[2025-04-05 19:20:58,301] INFO [Controller id=0] Processing automatic preferred replica leader election (kafka.controller.KafkaController)
[2025-04-05 19:20:58,301] TRACE [Controller id=0] Checking need to trigger auto leader balancing (kafka.controller.KafkaController)
[2025-04-05 19:20:58,308] DEBUG [Controller id=0] Topics not in preferred replica for broker 0 HashMap() (kafka.controller.KafkaController)
[2025-04-05 19:20:58,308] TRACE [Controller id=0] Leader imbalance ratio for broker 0 is 0.0 (kafka.controller.KafkaController)
[2025-04-05 20:12:54,677] INFO [Controller id=0] Processing automatic preferred replica leader election (kafka.controller.KafkaController)
[2025-04-05 20:12:54,679] TRACE [Controller id=0] Checking need to trigger auto leader balancing (kafka.controller.KafkaController)
[2025-04-05 20:12:54,682] DEBUG [Controller id=0] Topics not in preferred replica for broker 0 HashMap() (kafka.controller.KafkaController)
[2025-04-05 20:12:54,682] TRACE [Controller id=0] Leader imbalance ratio for broker 0 is 0.0 (kafka.controller.KafkaController)
[2025-04-05 20:17:54,708] INFO [Controller id=0] Processing automatic preferred replica leader election (kafka.controller.KafkaController)
[2025-04-05 20:17:54,709] TRACE [Controller id=0] Checking need to trigger auto leader balancing (kafka.controller.KafkaController)
[2025-04-05 20:17:54,711] DEBUG [Controller id=0] Topics not in preferred replica for broker 0 HashMap() (kafka.controller.KafkaController)
[2025-04-05 20:17:54,712] TRACE [Controller id=0] Leader imbalance ratio for broker 0 is 0.0 (kafka.controller.KafkaController)
[2025-04-05 20:22:54,743] INFO [Controller id=0] Processing automatic preferred replica leader election (kafka.controller.KafkaController)
[2025-04-05 20:22:54,743] TRACE [Controller id=0] Checking need to trigger auto leader balancing (kafka.controller.KafkaController)
[2025-04-05 20:22:54,745] DEBUG [Controller id=0] Topics not in preferred replica for broker 0 HashMap() (kafka.controller.KafkaController)
[2025-04-05 20:22:54,745] TRACE [Controller id=0] Leader imbalance ratio for broker 0 is 0.0 (kafka.controller.KafkaController)
[2025-04-05 20:27:54,755] INFO [Controller id=0] Processing automatic preferred replica leader election (kafka.controller.KafkaController)
[2025-04-05 20:27:54,755] TRACE [Controller id=0] Checking need to trigger auto leader balancing (kafka.controller.KafkaController)
[2025-04-05 20:27:54,758] DEBUG [Controller id=0] Topics not in preferred replica for broker 0 HashMap() (kafka.controller.KafkaController)
[2025-04-05 20:27:54,758] TRACE [Controller id=0] Leader imbalance ratio for broker 0 is 0.0 (kafka.controller.KafkaController)
[2025-04-05 20:32:54,767] INFO [Controller id=0] Processing automatic preferred replica leader election (kafka.controller.KafkaController)
[2025-04-05 20:32:54,767] TRACE [Controller id=0] Checking need to trigger auto leader balancing (kafka.controller.KafkaController)
[2025-04-05 20:32:54,788] DEBUG [Controller id=0] Topics not in preferred replica for broker 0 HashMap() (kafka.controller.KafkaController)
[2025-04-05 20:32:54,789] TRACE [Controller id=0] Leader imbalance ratio for broker 0 is 0.0 (kafka.controller.KafkaController)
[2025-04-05 20:37:54,790] INFO [Controller id=0] Processing automatic preferred replica leader election (kafka.controller.KafkaController)
[2025-04-05 20:37:54,810] TRACE [Controller id=0] Checking need to trigger auto leader balancing (kafka.controller.KafkaController)
[2025-04-05 20:37:54,812] DEBUG [Controller id=0] Topics not in preferred replica for broker 0 HashMap() (kafka.controller.KafkaController)
[2025-04-05 20:37:54,812] TRACE [Controller id=0] Leader imbalance ratio for broker 0 is 0.0 (kafka.controller.KafkaController)
[2025-04-05 20:42:54,822] INFO [Controller id=0] Processing automatic preferred replica leader election (kafka.controller.KafkaController)
[2025-04-05 20:42:54,822] TRACE [Controller id=0] Checking need to trigger auto leader balancing (kafka.controller.KafkaController)
[2025-04-05 20:42:54,842] DEBUG [Controller id=0] Topics not in preferred replica for broker 0 HashMap() (kafka.controller.KafkaController)
[2025-04-05 20:42:54,842] TRACE [Controller id=0] Leader imbalance ratio for broker 0 is 0.0 (kafka.controller.KafkaController)
[2025-04-05 20:47:54,849] INFO [Controller id=0] Processing automatic preferred replica leader election (kafka.controller.KafkaController)
[2025-04-05 20:47:54,850] TRACE [Controller id=0] Checking need to trigger auto leader balancing (kafka.controller.KafkaController)
[2025-04-05 20:47:54,853] DEBUG [Controller id=0] Topics not in preferred replica for broker 0 HashMap() (kafka.controller.KafkaController)
[2025-04-05 20:47:54,853] TRACE [Controller id=0] Leader imbalance ratio for broker 0 is 0.0 (kafka.controller.KafkaController)
[2025-04-06 02:27:30,145] INFO [ControllerEventThread controllerId=0] Starting (kafka.controller.ControllerEventManager$ControllerEventThread)
[2025-04-06 02:27:30,177] INFO [Controller id=0] 0 successfully elected as the controller. Epoch incremented to 7 and epoch zk version is now 7 (kafka.controller.KafkaController)
[2025-04-06 02:27:30,180] INFO [Controller id=0] Registering handlers (kafka.controller.KafkaController)
[2025-04-06 02:27:30,183] INFO [Controller id=0] Deleting log dir event notifications (kafka.controller.KafkaController)
[2025-04-06 02:27:30,187] INFO [Controller id=0] Deleting isr change notifications (kafka.controller.KafkaController)
[2025-04-06 02:27:30,189] INFO [Controller id=0] Initializing controller context (kafka.controller.KafkaController)
[2025-04-06 02:27:30,207] INFO [Controller id=0] Initialized broker epochs cache: HashMap(0 -> 275) (kafka.controller.KafkaController)
[2025-04-06 02:27:30,229] DEBUG [Controller id=0] Register BrokerModifications handler for Set(0) (kafka.controller.KafkaController)
[2025-04-06 02:27:30,289] DEBUG [Channel manager on controller 0]: Controller 0 trying to connect to broker 0 (kafka.controller.ControllerChannelManager)
[2025-04-06 02:27:30,297] INFO [RequestSendThread controllerId=0] Starting (kafka.controller.RequestSendThread)
[2025-04-06 02:27:30,298] INFO [Controller id=0] Currently active brokers in the cluster: Set(0) (kafka.controller.KafkaController)
[2025-04-06 02:27:30,298] INFO [Controller id=0] Currently shutting brokers in the cluster: HashSet() (kafka.controller.KafkaController)
[2025-04-06 02:27:30,299] INFO [Controller id=0] Current list of topics in the cluster: HashSet(user-service-invite-members, file-upload, user-avatar-updated, team-service-topic, google-data-topic, user-service-project-created, __consumer_offsets, team-service-invite-members) (kafka.controller.KafkaController)
[2025-04-06 02:27:30,299] INFO [Controller id=0] Fetching topic deletions in progress (kafka.controller.KafkaController)
[2025-04-06 02:27:30,302] INFO [Controller id=0] List of topics to be deleted:  (kafka.controller.KafkaController)
[2025-04-06 02:27:30,302] INFO [Controller id=0] List of topics ineligible for deletion:  (kafka.controller.KafkaController)
[2025-04-06 02:27:30,303] INFO [Controller id=0] Initializing topic deletion manager (kafka.controller.KafkaController)
[2025-04-06 02:27:30,303] INFO [Topic Deletion Manager 0] Initializing manager with initial deletions: Set(), initial ineligible deletions: HashSet() (kafka.controller.TopicDeletionManager)
[2025-04-06 02:27:30,304] INFO [Controller id=0] Sending update metadata request (kafka.controller.KafkaController)
[2025-04-06 02:27:30,314] INFO [ReplicaStateMachine controllerId=0] Initializing replica state (kafka.controller.ZkReplicaStateMachine)
[2025-04-06 02:27:30,324] INFO [ReplicaStateMachine controllerId=0] Triggering online replica state changes (kafka.controller.ZkReplicaStateMachine)
[2025-04-06 02:27:30,350] INFO [ReplicaStateMachine controllerId=0] Triggering offline replica state changes (kafka.controller.ZkReplicaStateMachine)
[2025-04-06 02:27:30,350] DEBUG [ReplicaStateMachine controllerId=0] Started replica state machine with initial state -> HashMap([Topic=__consumer_offsets,Partition=40,Replica=0] -> OnlineReplica, [Topic=__consumer_offsets,Partition=27,Replica=0] -> OnlineReplica, [Topic=__consumer_offsets,Partition=49,Replica=0] -> OnlineReplica, [Topic=user-avatar-updated,Partition=0,Replica=0] -> OnlineReplica, [Topic=__consumer_offsets,Partition=47,Replica=0] -> OnlineReplica, [Topic=__consumer_offsets,Partition=3,Replica=0] -> OnlineReplica, [Topic=__consumer_offsets,Partition=18,Replica=0] -> OnlineReplica, [Topic=__consumer_offsets,Partition=44,Replica=0] -> OnlineReplica, [Topic=__consumer_offsets,Partition=8,Replica=0] -> OnlineReplica, [Topic=user-service-project-created,Partition=0,Replica=0] -> OnlineReplica, [Topic=__consumer_offsets,Partition=34,Replica=0] -> OnlineReplica, [Topic=__consumer_offsets,Partition=25,Replica=0] -> OnlineReplica, [Topic=user-service-invite-members,Partition=0,Replica=0] -> OnlineReplica, [Topic=__consumer_offsets,Partition=14,Replica=0] -> OnlineReplica, [Topic=__consumer_offsets,Partition=24,Replica=0] -> OnlineReplica, [Topic=__consumer_offsets,Partition=36,Replica=0] -> OnlineReplica, [Topic=__consumer_offsets,Partition=42,Replica=0] -> OnlineReplica, [Topic=__consumer_offsets,Partition=45,Replica=0] -> OnlineReplica, [Topic=__consumer_offsets,Partition=11,Replica=0] -> OnlineReplica, [Topic=__consumer_offsets,Partition=32,Replica=0] -> OnlineReplica, [Topic=__consumer_offsets,Partition=12,Replica=0] -> OnlineReplica, [Topic=__consumer_offsets,Partition=30,Replica=0] -> OnlineReplica, [Topic=__consumer_offsets,Partition=9,Replica=0] -> OnlineReplica, [Topic=google-data-topic,Partition=0,Replica=0] -> OnlineReplica, [Topic=__consumer_offsets,Partition=39,Replica=0] -> OnlineReplica, [Topic=__consumer_offsets,Partition=38,Replica=0] -> OnlineReplica, [Topic=__consumer_offsets,Partition=23,Replica=0] -> OnlineReplica, [Topic=__consumer_offsets,Partition=19,Replica=0] -> OnlineReplica, [Topic=__consumer_offsets,Partition=17,Replica=0] -> OnlineReplica, [Topic=__consumer_offsets,Partition=41,Replica=0] -> OnlineReplica, [Topic=__consumer_offsets,Partition=37,Replica=0] -> OnlineReplica, [Topic=__consumer_offsets,Partition=48,Replica=0] -> OnlineReplica, [Topic=__consumer_offsets,Partition=29,Replica=0] -> OnlineReplica, [Topic=team-service-invite-members,Partition=0,Replica=0] -> OnlineReplica, [Topic=__consumer_offsets,Partition=10,Replica=0] -> OnlineReplica, [Topic=__consumer_offsets,Partition=46,Replica=0] -> OnlineReplica, [Topic=__consumer_offsets,Partition=1,Replica=0] -> OnlineReplica, [Topic=team-service-topic,Partition=0,Replica=0] -> OnlineReplica, [Topic=__consumer_offsets,Partition=16,Replica=0] -> OnlineReplica, [Topic=__consumer_offsets,Partition=5,Replica=0] -> OnlineReplica, [Topic=file-upload,Partition=0,Replica=0] -> OnlineReplica, [Topic=__consumer_offsets,Partition=15,Replica=0] -> OnlineReplica, [Topic=__consumer_offsets,Partition=4,Replica=0] -> OnlineReplica, [Topic=__consumer_offsets,Partition=6,Replica=0] -> OnlineReplica, [Topic=__consumer_offsets,Partition=7,Replica=0] -> OnlineReplica, [Topic=__consumer_offsets,Partition=43,Replica=0] -> OnlineReplica, [Topic=__consumer_offsets,Partition=0,Replica=0] -> OnlineReplica, [Topic=__consumer_offsets,Partition=20,Replica=0] -> OnlineReplica, [Topic=__consumer_offsets,Partition=31,Replica=0] -> OnlineReplica, [Topic=__consumer_offsets,Partition=28,Replica=0] -> OnlineReplica, [Topic=__consumer_offsets,Partition=26,Replica=0] -> OnlineReplica, [Topic=__consumer_offsets,Partition=2,Replica=0] -> OnlineReplica, [Topic=__consumer_offsets,Partition=33,Replica=0] -> OnlineReplica, [Topic=__consumer_offsets,Partition=22,Replica=0] -> OnlineReplica, [Topic=__consumer_offsets,Partition=21,Replica=0] -> OnlineReplica, [Topic=__consumer_offsets,Partition=13,Replica=0] -> OnlineReplica, [Topic=__consumer_offsets,Partition=35,Replica=0] -> OnlineReplica) (kafka.controller.ZkReplicaStateMachine)
[2025-04-06 02:27:30,351] INFO [PartitionStateMachine controllerId=0] Initializing partition state (kafka.controller.ZkPartitionStateMachine)
[2025-04-06 02:27:30,356] INFO [PartitionStateMachine controllerId=0] Triggering online partition state changes (kafka.controller.ZkPartitionStateMachine)
[2025-04-06 02:27:30,358] DEBUG [PartitionStateMachine controllerId=0] Started partition state machine with initial state -> HashMap(__consumer_offsets-13 -> OnlinePartition, __consumer_offsets-46 -> OnlinePartition, __consumer_offsets-9 -> OnlinePartition, __consumer_offsets-42 -> OnlinePartition, __consumer_offsets-21 -> OnlinePartition, user-service-project-created-0 -> OnlinePartition, __consumer_offsets-17 -> OnlinePartition, __consumer_offsets-30 -> OnlinePartition, __consumer_offsets-26 -> OnlinePartition, __consumer_offsets-5 -> OnlinePartition, __consumer_offsets-38 -> OnlinePartition, __consumer_offsets-1 -> OnlinePartition, __consumer_offsets-34 -> OnlinePartition, __consumer_offsets-16 -> OnlinePartition, __consumer_offsets-45 -> OnlinePartition, team-service-topic-0 -> OnlinePartition, __consumer_offsets-12 -> OnlinePartition, __consumer_offsets-41 -> OnlinePartition, __consumer_offsets-24 -> OnlinePartition, team-service-invite-members-0 -> OnlinePartition, __consumer_offsets-20 -> OnlinePartition, __consumer_offsets-49 -> OnlinePartition, __consumer_offsets-0 -> OnlinePartition, __consumer_offsets-29 -> OnlinePartition, __consumer_offsets-25 -> OnlinePartition, __consumer_offsets-8 -> OnlinePartition, __consumer_offsets-37 -> OnlinePartition, __consumer_offsets-4 -> OnlinePartition, __consumer_offsets-33 -> OnlinePartition, __consumer_offsets-15 -> OnlinePartition, __consumer_offsets-48 -> OnlinePartition, file-upload-0 -> OnlinePartition, __consumer_offsets-11 -> OnlinePartition, __consumer_offsets-44 -> OnlinePartition, __consumer_offsets-23 -> OnlinePartition, __consumer_offsets-19 -> OnlinePartition, __consumer_offsets-32 -> OnlinePartition, __consumer_offsets-28 -> OnlinePartition, __consumer_offsets-7 -> OnlinePartition, __consumer_offsets-40 -> OnlinePartition, __consumer_offsets-3 -> OnlinePartition, __consumer_offsets-36 -> OnlinePartition, user-service-invite-members-0 -> OnlinePartition, __consumer_offsets-47 -> OnlinePartition, __consumer_offsets-14 -> OnlinePartition, __consumer_offsets-43 -> OnlinePartition, __consumer_offsets-10 -> OnlinePartition, google-data-topic-0 -> OnlinePartition, __consumer_offsets-22 -> OnlinePartition, __consumer_offsets-18 -> OnlinePartition, __consumer_offsets-31 -> OnlinePartition, user-avatar-updated-0 -> OnlinePartition, __consumer_offsets-27 -> OnlinePartition, __consumer_offsets-39 -> OnlinePartition, __consumer_offsets-6 -> OnlinePartition, __consumer_offsets-35 -> OnlinePartition, __consumer_offsets-2 -> OnlinePartition) (kafka.controller.ZkPartitionStateMachine)
[2025-04-06 02:27:30,358] INFO [Controller id=0] Ready to serve as the new controller with epoch 7 (kafka.controller.KafkaController)
[2025-04-06 02:27:30,361] INFO [Controller id=0] Partitions undergoing preferred replica election:  (kafka.controller.KafkaController)
[2025-04-06 02:27:30,361] INFO [Controller id=0] Partitions that completed preferred replica election:  (kafka.controller.KafkaController)
[2025-04-06 02:27:30,361] INFO [Controller id=0] Skipping preferred replica election for partitions due to topic deletion:  (kafka.controller.KafkaController)
[2025-04-06 02:27:30,362] INFO [Controller id=0] Resuming preferred replica election for partitions:  (kafka.controller.KafkaController)
[2025-04-06 02:27:30,363] INFO [Controller id=0] Starting replica leader election (PREFERRED) for partitions  triggered by ZkTriggered (kafka.controller.KafkaController)
[2025-04-06 02:27:30,371] INFO [Controller id=0] Starting the controller scheduler (kafka.controller.KafkaController)
[2025-04-06 02:27:30,826] INFO [RequestSendThread controllerId=0] Controller 0 connected to DESKTOP-8GKE7FT:9092 (id: 0 rack: null) for sending state change requests (kafka.controller.RequestSendThread)
[2025-04-06 02:27:35,386] INFO [Controller id=0] Processing automatic preferred replica leader election (kafka.controller.KafkaController)
[2025-04-06 02:27:35,386] TRACE [Controller id=0] Checking need to trigger auto leader balancing (kafka.controller.KafkaController)
[2025-04-06 02:27:35,389] DEBUG [Controller id=0] Topics not in preferred replica for broker 0 HashMap() (kafka.controller.KafkaController)
[2025-04-06 02:27:35,390] TRACE [Controller id=0] Leader imbalance ratio for broker 0 is 0.0 (kafka.controller.KafkaController)
[2025-04-06 02:32:35,420] INFO [Controller id=0] Processing automatic preferred replica leader election (kafka.controller.KafkaController)
[2025-04-06 02:32:35,423] TRACE [Controller id=0] Checking need to trigger auto leader balancing (kafka.controller.KafkaController)
[2025-04-06 02:32:35,436] DEBUG [Controller id=0] Topics not in preferred replica for broker 0 HashMap() (kafka.controller.KafkaController)
[2025-04-06 02:32:35,436] TRACE [Controller id=0] Leader imbalance ratio for broker 0 is 0.0 (kafka.controller.KafkaController)
[2025-04-06 02:37:35,448] INFO [Controller id=0] Processing automatic preferred replica leader election (kafka.controller.KafkaController)
[2025-04-06 02:37:35,448] TRACE [Controller id=0] Checking need to trigger auto leader balancing (kafka.controller.KafkaController)
[2025-04-06 02:37:35,453] DEBUG [Controller id=0] Topics not in preferred replica for broker 0 HashMap() (kafka.controller.KafkaController)
[2025-04-06 02:37:35,453] TRACE [Controller id=0] Leader imbalance ratio for broker 0 is 0.0 (kafka.controller.KafkaController)
[2025-04-06 02:42:35,464] INFO [Controller id=0] Processing automatic preferred replica leader election (kafka.controller.KafkaController)
[2025-04-06 02:42:35,465] TRACE [Controller id=0] Checking need to trigger auto leader balancing (kafka.controller.KafkaController)
[2025-04-06 02:42:35,470] DEBUG [Controller id=0] Topics not in preferred replica for broker 0 HashMap() (kafka.controller.KafkaController)
[2025-04-06 02:42:35,471] TRACE [Controller id=0] Leader imbalance ratio for broker 0 is 0.0 (kafka.controller.KafkaController)
[2025-04-06 02:47:35,483] INFO [Controller id=0] Processing automatic preferred replica leader election (kafka.controller.KafkaController)
[2025-04-06 02:47:35,483] TRACE [Controller id=0] Checking need to trigger auto leader balancing (kafka.controller.KafkaController)
[2025-04-06 02:47:35,484] DEBUG [Controller id=0] Topics not in preferred replica for broker 0 HashMap() (kafka.controller.KafkaController)
[2025-04-06 02:47:35,485] TRACE [Controller id=0] Leader imbalance ratio for broker 0 is 0.0 (kafka.controller.KafkaController)
[2025-04-06 02:52:35,492] INFO [Controller id=0] Processing automatic preferred replica leader election (kafka.controller.KafkaController)
[2025-04-06 02:52:35,492] TRACE [Controller id=0] Checking need to trigger auto leader balancing (kafka.controller.KafkaController)
[2025-04-06 02:52:35,493] DEBUG [Controller id=0] Topics not in preferred replica for broker 0 HashMap() (kafka.controller.KafkaController)
[2025-04-06 02:52:35,493] TRACE [Controller id=0] Leader imbalance ratio for broker 0 is 0.0 (kafka.controller.KafkaController)
[2025-04-06 02:57:35,499] INFO [Controller id=0] Processing automatic preferred replica leader election (kafka.controller.KafkaController)
[2025-04-06 02:57:35,500] TRACE [Controller id=0] Checking need to trigger auto leader balancing (kafka.controller.KafkaController)
[2025-04-06 02:57:35,504] DEBUG [Controller id=0] Topics not in preferred replica for broker 0 HashMap() (kafka.controller.KafkaController)
[2025-04-06 02:57:35,504] TRACE [Controller id=0] Leader imbalance ratio for broker 0 is 0.0 (kafka.controller.KafkaController)
[2025-04-06 03:02:35,510] INFO [Controller id=0] Processing automatic preferred replica leader election (kafka.controller.KafkaController)
[2025-04-06 03:02:35,512] TRACE [Controller id=0] Checking need to trigger auto leader balancing (kafka.controller.KafkaController)
[2025-04-06 03:02:35,513] DEBUG [Controller id=0] Topics not in preferred replica for broker 0 HashMap() (kafka.controller.KafkaController)
[2025-04-06 03:02:35,513] TRACE [Controller id=0] Leader imbalance ratio for broker 0 is 0.0 (kafka.controller.KafkaController)
[2025-04-06 03:07:35,525] INFO [Controller id=0] Processing automatic preferred replica leader election (kafka.controller.KafkaController)
[2025-04-06 03:07:35,525] TRACE [Controller id=0] Checking need to trigger auto leader balancing (kafka.controller.KafkaController)
[2025-04-06 03:07:35,526] DEBUG [Controller id=0] Topics not in preferred replica for broker 0 HashMap() (kafka.controller.KafkaController)
[2025-04-06 03:07:35,526] TRACE [Controller id=0] Leader imbalance ratio for broker 0 is 0.0 (kafka.controller.KafkaController)
[2025-04-06 03:12:35,548] INFO [Controller id=0] Processing automatic preferred replica leader election (kafka.controller.KafkaController)
[2025-04-06 03:12:35,553] TRACE [Controller id=0] Checking need to trigger auto leader balancing (kafka.controller.KafkaController)
[2025-04-06 03:12:35,568] DEBUG [Controller id=0] Topics not in preferred replica for broker 0 HashMap() (kafka.controller.KafkaController)
[2025-04-06 03:12:35,569] TRACE [Controller id=0] Leader imbalance ratio for broker 0 is 0.0 (kafka.controller.KafkaController)
[2025-04-06 03:17:35,619] INFO [Controller id=0] Processing automatic preferred replica leader election (kafka.controller.KafkaController)
[2025-04-06 03:17:35,621] TRACE [Controller id=0] Checking need to trigger auto leader balancing (kafka.controller.KafkaController)
[2025-04-06 03:17:35,624] DEBUG [Controller id=0] Topics not in preferred replica for broker 0 HashMap() (kafka.controller.KafkaController)
[2025-04-06 03:17:35,624] TRACE [Controller id=0] Leader imbalance ratio for broker 0 is 0.0 (kafka.controller.KafkaController)
[2025-04-06 03:22:35,638] INFO [Controller id=0] Processing automatic preferred replica leader election (kafka.controller.KafkaController)
[2025-04-06 03:22:35,639] TRACE [Controller id=0] Checking need to trigger auto leader balancing (kafka.controller.KafkaController)
[2025-04-06 03:22:35,641] DEBUG [Controller id=0] Topics not in preferred replica for broker 0 HashMap() (kafka.controller.KafkaController)
[2025-04-06 03:22:35,641] TRACE [Controller id=0] Leader imbalance ratio for broker 0 is 0.0 (kafka.controller.KafkaController)
[2025-04-06 03:27:35,653] INFO [Controller id=0] Processing automatic preferred replica leader election (kafka.controller.KafkaController)
[2025-04-06 03:27:35,653] TRACE [Controller id=0] Checking need to trigger auto leader balancing (kafka.controller.KafkaController)
[2025-04-06 03:27:35,654] DEBUG [Controller id=0] Topics not in preferred replica for broker 0 HashMap() (kafka.controller.KafkaController)
[2025-04-06 03:27:35,654] TRACE [Controller id=0] Leader imbalance ratio for broker 0 is 0.0 (kafka.controller.KafkaController)
[2025-04-06 03:32:35,668] INFO [Controller id=0] Processing automatic preferred replica leader election (kafka.controller.KafkaController)
[2025-04-06 03:32:35,669] TRACE [Controller id=0] Checking need to trigger auto leader balancing (kafka.controller.KafkaController)
[2025-04-06 03:32:35,671] DEBUG [Controller id=0] Topics not in preferred replica for broker 0 HashMap() (kafka.controller.KafkaController)
[2025-04-06 03:32:35,672] TRACE [Controller id=0] Leader imbalance ratio for broker 0 is 0.0 (kafka.controller.KafkaController)
[2025-04-06 03:37:35,683] INFO [Controller id=0] Processing automatic preferred replica leader election (kafka.controller.KafkaController)
[2025-04-06 03:37:35,683] TRACE [Controller id=0] Checking need to trigger auto leader balancing (kafka.controller.KafkaController)
[2025-04-06 03:37:35,688] DEBUG [Controller id=0] Topics not in preferred replica for broker 0 HashMap() (kafka.controller.KafkaController)
[2025-04-06 03:37:35,688] TRACE [Controller id=0] Leader imbalance ratio for broker 0 is 0.0 (kafka.controller.KafkaController)
[2025-04-06 03:42:35,698] INFO [Controller id=0] Processing automatic preferred replica leader election (kafka.controller.KafkaController)
[2025-04-06 03:42:35,699] TRACE [Controller id=0] Checking need to trigger auto leader balancing (kafka.controller.KafkaController)
[2025-04-06 03:42:35,699] DEBUG [Controller id=0] Topics not in preferred replica for broker 0 HashMap() (kafka.controller.KafkaController)
[2025-04-06 03:42:35,699] TRACE [Controller id=0] Leader imbalance ratio for broker 0 is 0.0 (kafka.controller.KafkaController)
[2025-04-06 03:47:35,702] INFO [Controller id=0] Processing automatic preferred replica leader election (kafka.controller.KafkaController)
[2025-04-06 03:47:35,702] TRACE [Controller id=0] Checking need to trigger auto leader balancing (kafka.controller.KafkaController)
[2025-04-06 03:47:35,704] DEBUG [Controller id=0] Topics not in preferred replica for broker 0 HashMap() (kafka.controller.KafkaController)
[2025-04-06 03:47:35,705] TRACE [Controller id=0] Leader imbalance ratio for broker 0 is 0.0 (kafka.controller.KafkaController)
[2025-04-06 03:52:35,714] INFO [Controller id=0] Processing automatic preferred replica leader election (kafka.controller.KafkaController)
[2025-04-06 03:52:35,714] TRACE [Controller id=0] Checking need to trigger auto leader balancing (kafka.controller.KafkaController)
[2025-04-06 03:52:35,715] DEBUG [Controller id=0] Topics not in preferred replica for broker 0 HashMap() (kafka.controller.KafkaController)
[2025-04-06 03:52:35,715] TRACE [Controller id=0] Leader imbalance ratio for broker 0 is 0.0 (kafka.controller.KafkaController)
[2025-04-06 03:57:35,725] INFO [Controller id=0] Processing automatic preferred replica leader election (kafka.controller.KafkaController)
[2025-04-06 03:57:35,725] TRACE [Controller id=0] Checking need to trigger auto leader balancing (kafka.controller.KafkaController)
[2025-04-06 03:57:35,728] DEBUG [Controller id=0] Topics not in preferred replica for broker 0 HashMap() (kafka.controller.KafkaController)
[2025-04-06 03:57:35,728] TRACE [Controller id=0] Leader imbalance ratio for broker 0 is 0.0 (kafka.controller.KafkaController)
[2025-04-06 04:02:35,741] INFO [Controller id=0] Processing automatic preferred replica leader election (kafka.controller.KafkaController)
[2025-04-06 04:02:35,746] TRACE [Controller id=0] Checking need to trigger auto leader balancing (kafka.controller.KafkaController)
[2025-04-06 04:02:35,749] DEBUG [Controller id=0] Topics not in preferred replica for broker 0 HashMap() (kafka.controller.KafkaController)
[2025-04-06 04:02:35,750] TRACE [Controller id=0] Leader imbalance ratio for broker 0 is 0.0 (kafka.controller.KafkaController)
[2025-04-06 04:07:35,760] INFO [Controller id=0] Processing automatic preferred replica leader election (kafka.controller.KafkaController)
[2025-04-06 04:07:35,760] TRACE [Controller id=0] Checking need to trigger auto leader balancing (kafka.controller.KafkaController)
[2025-04-06 04:07:35,763] DEBUG [Controller id=0] Topics not in preferred replica for broker 0 HashMap() (kafka.controller.KafkaController)
[2025-04-06 04:07:35,763] TRACE [Controller id=0] Leader imbalance ratio for broker 0 is 0.0 (kafka.controller.KafkaController)
[2025-04-06 04:12:35,772] INFO [Controller id=0] Processing automatic preferred replica leader election (kafka.controller.KafkaController)
[2025-04-06 04:12:35,772] TRACE [Controller id=0] Checking need to trigger auto leader balancing (kafka.controller.KafkaController)
[2025-04-06 04:12:35,773] DEBUG [Controller id=0] Topics not in preferred replica for broker 0 HashMap() (kafka.controller.KafkaController)
[2025-04-06 04:12:35,773] TRACE [Controller id=0] Leader imbalance ratio for broker 0 is 0.0 (kafka.controller.KafkaController)
[2025-04-06 04:17:35,782] INFO [Controller id=0] Processing automatic preferred replica leader election (kafka.controller.KafkaController)
[2025-04-06 04:17:35,782] TRACE [Controller id=0] Checking need to trigger auto leader balancing (kafka.controller.KafkaController)
[2025-04-06 04:17:35,785] DEBUG [Controller id=0] Topics not in preferred replica for broker 0 HashMap() (kafka.controller.KafkaController)
[2025-04-06 04:17:35,785] TRACE [Controller id=0] Leader imbalance ratio for broker 0 is 0.0 (kafka.controller.KafkaController)
[2025-04-06 04:22:35,796] INFO [Controller id=0] Processing automatic preferred replica leader election (kafka.controller.KafkaController)
[2025-04-06 04:22:35,796] TRACE [Controller id=0] Checking need to trigger auto leader balancing (kafka.controller.KafkaController)
[2025-04-06 04:22:35,800] DEBUG [Controller id=0] Topics not in preferred replica for broker 0 HashMap() (kafka.controller.KafkaController)
[2025-04-06 04:22:35,800] TRACE [Controller id=0] Leader imbalance ratio for broker 0 is 0.0 (kafka.controller.KafkaController)
[2025-04-06 04:27:35,807] INFO [Controller id=0] Processing automatic preferred replica leader election (kafka.controller.KafkaController)
[2025-04-06 04:27:35,808] TRACE [Controller id=0] Checking need to trigger auto leader balancing (kafka.controller.KafkaController)
[2025-04-06 04:27:35,809] DEBUG [Controller id=0] Topics not in preferred replica for broker 0 HashMap() (kafka.controller.KafkaController)
[2025-04-06 04:27:35,809] TRACE [Controller id=0] Leader imbalance ratio for broker 0 is 0.0 (kafka.controller.KafkaController)
[2025-04-06 04:32:35,819] INFO [Controller id=0] Processing automatic preferred replica leader election (kafka.controller.KafkaController)
[2025-04-06 04:32:35,820] TRACE [Controller id=0] Checking need to trigger auto leader balancing (kafka.controller.KafkaController)
[2025-04-06 04:32:35,820] DEBUG [Controller id=0] Topics not in preferred replica for broker 0 HashMap() (kafka.controller.KafkaController)
[2025-04-06 04:32:35,820] TRACE [Controller id=0] Leader imbalance ratio for broker 0 is 0.0 (kafka.controller.KafkaController)
[2025-04-06 04:37:35,834] INFO [Controller id=0] Processing automatic preferred replica leader election (kafka.controller.KafkaController)
[2025-04-06 04:37:35,835] TRACE [Controller id=0] Checking need to trigger auto leader balancing (kafka.controller.KafkaController)
[2025-04-06 04:37:35,837] DEBUG [Controller id=0] Topics not in preferred replica for broker 0 HashMap() (kafka.controller.KafkaController)
[2025-04-06 04:37:35,837] TRACE [Controller id=0] Leader imbalance ratio for broker 0 is 0.0 (kafka.controller.KafkaController)
[2025-04-06 04:42:35,857] INFO [Controller id=0] Processing automatic preferred replica leader election (kafka.controller.KafkaController)
[2025-04-06 04:42:35,857] TRACE [Controller id=0] Checking need to trigger auto leader balancing (kafka.controller.KafkaController)
[2025-04-06 04:42:35,858] DEBUG [Controller id=0] Topics not in preferred replica for broker 0 HashMap() (kafka.controller.KafkaController)
[2025-04-06 04:42:35,859] TRACE [Controller id=0] Leader imbalance ratio for broker 0 is 0.0 (kafka.controller.KafkaController)
[2025-04-06 04:47:35,863] INFO [Controller id=0] Processing automatic preferred replica leader election (kafka.controller.KafkaController)
[2025-04-06 04:47:35,864] TRACE [Controller id=0] Checking need to trigger auto leader balancing (kafka.controller.KafkaController)
[2025-04-06 04:47:35,866] DEBUG [Controller id=0] Topics not in preferred replica for broker 0 HashMap() (kafka.controller.KafkaController)
[2025-04-06 04:47:35,866] TRACE [Controller id=0] Leader imbalance ratio for broker 0 is 0.0 (kafka.controller.KafkaController)
[2025-04-06 04:52:35,883] INFO [Controller id=0] Processing automatic preferred replica leader election (kafka.controller.KafkaController)
[2025-04-06 04:52:35,884] TRACE [Controller id=0] Checking need to trigger auto leader balancing (kafka.controller.KafkaController)
[2025-04-06 04:52:35,888] DEBUG [Controller id=0] Topics not in preferred replica for broker 0 HashMap() (kafka.controller.KafkaController)
[2025-04-06 04:52:35,889] TRACE [Controller id=0] Leader imbalance ratio for broker 0 is 0.0 (kafka.controller.KafkaController)
[2025-04-06 04:57:35,896] INFO [Controller id=0] Processing automatic preferred replica leader election (kafka.controller.KafkaController)
[2025-04-06 04:57:35,896] TRACE [Controller id=0] Checking need to trigger auto leader balancing (kafka.controller.KafkaController)
[2025-04-06 04:57:35,897] DEBUG [Controller id=0] Topics not in preferred replica for broker 0 HashMap() (kafka.controller.KafkaController)
[2025-04-06 04:57:35,898] TRACE [Controller id=0] Leader imbalance ratio for broker 0 is 0.0 (kafka.controller.KafkaController)
[2025-04-06 05:02:35,908] INFO [Controller id=0] Processing automatic preferred replica leader election (kafka.controller.KafkaController)
[2025-04-06 05:02:35,911] TRACE [Controller id=0] Checking need to trigger auto leader balancing (kafka.controller.KafkaController)
[2025-04-06 05:02:35,913] DEBUG [Controller id=0] Topics not in preferred replica for broker 0 HashMap() (kafka.controller.KafkaController)
[2025-04-06 05:02:35,913] TRACE [Controller id=0] Leader imbalance ratio for broker 0 is 0.0 (kafka.controller.KafkaController)
[2025-04-06 05:07:35,927] INFO [Controller id=0] Processing automatic preferred replica leader election (kafka.controller.KafkaController)
[2025-04-06 05:07:35,927] TRACE [Controller id=0] Checking need to trigger auto leader balancing (kafka.controller.KafkaController)
[2025-04-06 05:07:35,930] DEBUG [Controller id=0] Topics not in preferred replica for broker 0 HashMap() (kafka.controller.KafkaController)
[2025-04-06 05:07:35,931] TRACE [Controller id=0] Leader imbalance ratio for broker 0 is 0.0 (kafka.controller.KafkaController)
[2025-04-06 05:12:35,940] INFO [Controller id=0] Processing automatic preferred replica leader election (kafka.controller.KafkaController)
[2025-04-06 05:12:35,940] TRACE [Controller id=0] Checking need to trigger auto leader balancing (kafka.controller.KafkaController)
[2025-04-06 05:12:35,942] DEBUG [Controller id=0] Topics not in preferred replica for broker 0 HashMap() (kafka.controller.KafkaController)
[2025-04-06 05:12:35,942] TRACE [Controller id=0] Leader imbalance ratio for broker 0 is 0.0 (kafka.controller.KafkaController)
[2025-04-06 05:17:35,959] INFO [Controller id=0] Processing automatic preferred replica leader election (kafka.controller.KafkaController)
[2025-04-06 05:17:35,960] TRACE [Controller id=0] Checking need to trigger auto leader balancing (kafka.controller.KafkaController)
[2025-04-06 05:17:35,966] DEBUG [Controller id=0] Topics not in preferred replica for broker 0 HashMap() (kafka.controller.KafkaController)
[2025-04-06 05:17:35,966] TRACE [Controller id=0] Leader imbalance ratio for broker 0 is 0.0 (kafka.controller.KafkaController)
[2025-04-06 05:22:35,977] INFO [Controller id=0] Processing automatic preferred replica leader election (kafka.controller.KafkaController)
[2025-04-06 05:22:35,977] TRACE [Controller id=0] Checking need to trigger auto leader balancing (kafka.controller.KafkaController)
[2025-04-06 05:22:35,979] DEBUG [Controller id=0] Topics not in preferred replica for broker 0 HashMap() (kafka.controller.KafkaController)
[2025-04-06 05:22:35,979] TRACE [Controller id=0] Leader imbalance ratio for broker 0 is 0.0 (kafka.controller.KafkaController)
[2025-04-06 05:27:35,987] INFO [Controller id=0] Processing automatic preferred replica leader election (kafka.controller.KafkaController)
[2025-04-06 05:27:35,987] TRACE [Controller id=0] Checking need to trigger auto leader balancing (kafka.controller.KafkaController)
[2025-04-06 05:27:35,994] DEBUG [Controller id=0] Topics not in preferred replica for broker 0 HashMap() (kafka.controller.KafkaController)
[2025-04-06 05:27:35,994] TRACE [Controller id=0] Leader imbalance ratio for broker 0 is 0.0 (kafka.controller.KafkaController)
[2025-04-06 05:32:36,012] INFO [Controller id=0] Processing automatic preferred replica leader election (kafka.controller.KafkaController)
[2025-04-06 05:32:36,013] TRACE [Controller id=0] Checking need to trigger auto leader balancing (kafka.controller.KafkaController)
[2025-04-06 05:32:36,020] DEBUG [Controller id=0] Topics not in preferred replica for broker 0 HashMap() (kafka.controller.KafkaController)
[2025-04-06 05:32:36,020] TRACE [Controller id=0] Leader imbalance ratio for broker 0 is 0.0 (kafka.controller.KafkaController)
[2025-04-06 05:37:36,051] INFO [Controller id=0] Processing automatic preferred replica leader election (kafka.controller.KafkaController)
[2025-04-06 05:37:36,059] TRACE [Controller id=0] Checking need to trigger auto leader balancing (kafka.controller.KafkaController)
[2025-04-06 05:37:36,070] DEBUG [Controller id=0] Topics not in preferred replica for broker 0 HashMap() (kafka.controller.KafkaController)
[2025-04-06 05:37:36,070] TRACE [Controller id=0] Leader imbalance ratio for broker 0 is 0.0 (kafka.controller.KafkaController)
[2025-04-06 05:42:36,080] INFO [Controller id=0] Processing automatic preferred replica leader election (kafka.controller.KafkaController)
[2025-04-06 05:42:36,081] TRACE [Controller id=0] Checking need to trigger auto leader balancing (kafka.controller.KafkaController)
[2025-04-06 05:42:36,085] DEBUG [Controller id=0] Topics not in preferred replica for broker 0 HashMap() (kafka.controller.KafkaController)
[2025-04-06 05:42:36,085] TRACE [Controller id=0] Leader imbalance ratio for broker 0 is 0.0 (kafka.controller.KafkaController)
[2025-04-07 21:17:36,641] INFO [ControllerEventThread controllerId=0] Starting (kafka.controller.ControllerEventManager$ControllerEventThread)
[2025-04-07 21:17:36,736] INFO [Controller id=0] 0 successfully elected as the controller. Epoch incremented to 1 and epoch zk version is now 1 (kafka.controller.KafkaController)
[2025-04-07 21:17:36,743] INFO [Controller id=0] Creating FeatureZNode at path: /feature with contents: FeatureZNode(2,Enabled,Map()) (kafka.controller.KafkaController)
[2025-04-07 21:17:36,803] INFO [Controller id=0] Registering handlers (kafka.controller.KafkaController)
[2025-04-07 21:17:36,810] INFO [Controller id=0] Deleting log dir event notifications (kafka.controller.KafkaController)
[2025-04-07 21:17:36,813] INFO [Controller id=0] Deleting isr change notifications (kafka.controller.KafkaController)
[2025-04-07 21:17:36,816] INFO [Controller id=0] Initializing controller context (kafka.controller.KafkaController)
[2025-04-07 21:17:36,836] INFO [Controller id=0] Initialized broker epochs cache: HashMap(0 -> 25) (kafka.controller.KafkaController)
[2025-04-07 21:17:36,849] DEBUG [Controller id=0] Register BrokerModifications handler for Set(0) (kafka.controller.KafkaController)
[2025-04-07 21:17:36,858] DEBUG [Channel manager on controller 0]: Controller 0 trying to connect to broker 0 (kafka.controller.ControllerChannelManager)
[2025-04-07 21:17:36,867] INFO [RequestSendThread controllerId=0] Starting (kafka.controller.RequestSendThread)
[2025-04-07 21:17:36,870] INFO [Controller id=0] Currently active brokers in the cluster: Set(0) (kafka.controller.KafkaController)
[2025-04-07 21:17:36,870] INFO [Controller id=0] Currently shutting brokers in the cluster: HashSet() (kafka.controller.KafkaController)
[2025-04-07 21:17:36,870] INFO [Controller id=0] Current list of topics in the cluster: HashSet() (kafka.controller.KafkaController)
[2025-04-07 21:17:36,871] INFO [Controller id=0] Fetching topic deletions in progress (kafka.controller.KafkaController)
[2025-04-07 21:17:36,874] INFO [Controller id=0] List of topics to be deleted:  (kafka.controller.KafkaController)
[2025-04-07 21:17:36,875] INFO [Controller id=0] List of topics ineligible for deletion:  (kafka.controller.KafkaController)
[2025-04-07 21:17:36,875] INFO [Controller id=0] Initializing topic deletion manager (kafka.controller.KafkaController)
[2025-04-07 21:17:36,876] INFO [Topic Deletion Manager 0] Initializing manager with initial deletions: Set(), initial ineligible deletions: HashSet() (kafka.controller.TopicDeletionManager)
[2025-04-07 21:17:36,877] INFO [Controller id=0] Sending update metadata request (kafka.controller.KafkaController)
[2025-04-07 21:17:36,903] INFO [ReplicaStateMachine controllerId=0] Initializing replica state (kafka.controller.ZkReplicaStateMachine)
[2025-04-07 21:17:36,904] INFO [ReplicaStateMachine controllerId=0] Triggering online replica state changes (kafka.controller.ZkReplicaStateMachine)
[2025-04-07 21:17:36,914] INFO [ReplicaStateMachine controllerId=0] Triggering offline replica state changes (kafka.controller.ZkReplicaStateMachine)
[2025-04-07 21:17:36,915] DEBUG [ReplicaStateMachine controllerId=0] Started replica state machine with initial state -> HashMap() (kafka.controller.ZkReplicaStateMachine)
[2025-04-07 21:17:36,916] INFO [PartitionStateMachine controllerId=0] Initializing partition state (kafka.controller.ZkPartitionStateMachine)
[2025-04-07 21:17:36,917] INFO [PartitionStateMachine controllerId=0] Triggering online partition state changes (kafka.controller.ZkPartitionStateMachine)
[2025-04-07 21:17:36,929] DEBUG [PartitionStateMachine controllerId=0] Started partition state machine with initial state -> HashMap() (kafka.controller.ZkPartitionStateMachine)
[2025-04-07 21:17:36,930] INFO [Controller id=0] Ready to serve as the new controller with epoch 1 (kafka.controller.KafkaController)
[2025-04-07 21:17:36,942] INFO [Controller id=0] Partitions undergoing preferred replica election:  (kafka.controller.KafkaController)
[2025-04-07 21:17:36,943] INFO [Controller id=0] Partitions that completed preferred replica election:  (kafka.controller.KafkaController)
[2025-04-07 21:17:36,943] INFO [Controller id=0] Skipping preferred replica election for partitions due to topic deletion:  (kafka.controller.KafkaController)
[2025-04-07 21:17:36,944] INFO [Controller id=0] Resuming preferred replica election for partitions:  (kafka.controller.KafkaController)
[2025-04-07 21:17:36,947] INFO [Controller id=0] Starting replica leader election (PREFERRED) for partitions  triggered by ZkTriggered (kafka.controller.KafkaController)
[2025-04-07 21:17:36,985] INFO [Controller id=0] Starting the controller scheduler (kafka.controller.KafkaController)
[2025-04-07 21:17:37,423] INFO [RequestSendThread controllerId=0] Controller 0 connected to DESKTOP-8GKE7FT:9092 (id: 0 rack: null) for sending state change requests (kafka.controller.RequestSendThread)
[2025-04-07 21:17:41,991] INFO [Controller id=0] Processing automatic preferred replica leader election (kafka.controller.KafkaController)
[2025-04-07 21:17:41,992] TRACE [Controller id=0] Checking need to trigger auto leader balancing (kafka.controller.KafkaController)
[2025-04-07 21:17:42,603] INFO [Controller id=0] New topics: [Set(user-avatar-updated)], deleted topics: [HashSet()], new partition replica assignment [Set(TopicIdReplicaAssignment(user-avatar-updated,Some(0vKRheOySse43004_MvWdA),Map(user-avatar-updated-0 -> ReplicaAssignment(replicas=0, addingReplicas=, removingReplicas=))))] (kafka.controller.KafkaController)
[2025-04-07 21:17:42,604] INFO [Controller id=0] New partition creation callback for user-avatar-updated-0 (kafka.controller.KafkaController)
[2025-04-07 21:17:42,958] INFO [Controller id=0] New topics: [Set(user-service-project-created)], deleted topics: [HashSet()], new partition replica assignment [Set(TopicIdReplicaAssignment(user-service-project-created,Some(JdGl5xyvSqSVvotUlERJSQ),Map(user-service-project-created-0 -> ReplicaAssignment(replicas=0, addingReplicas=, removingReplicas=))))] (kafka.controller.KafkaController)
[2025-04-07 21:17:42,958] INFO [Controller id=0] New partition creation callback for user-service-project-created-0 (kafka.controller.KafkaController)
[2025-04-07 21:17:43,344] INFO [Controller id=0] New topics: [Set(user-service-invite-members)], deleted topics: [HashSet()], new partition replica assignment [Set(TopicIdReplicaAssignment(user-service-invite-members,Some(HhNzG-1SQF2uTywHixsUeA),Map(user-service-invite-members-0 -> ReplicaAssignment(replicas=0, addingReplicas=, removingReplicas=))))] (kafka.controller.KafkaController)
[2025-04-07 21:17:43,344] INFO [Controller id=0] New partition creation callback for user-service-invite-members-0 (kafka.controller.KafkaController)
[2025-04-07 21:17:43,692] INFO [Controller id=0] New topics: [Set(__consumer_offsets)], deleted topics: [HashSet()], new partition replica assignment [Set(TopicIdReplicaAssignment(__consumer_offsets,Some(Ykk_fGhaSeSlWEcuxl7yng),HashMap(__consumer_offsets-22 -> ReplicaAssignment(replicas=0, addingReplicas=, removingReplicas=), __consumer_offsets-30 -> ReplicaAssignment(replicas=0, addingReplicas=, removingReplicas=), __consumer_offsets-25 -> ReplicaAssignment(replicas=0, addingReplicas=, removingReplicas=), __consumer_offsets-35 -> ReplicaAssignment(replicas=0, addingReplicas=, removingReplicas=), __consumer_offsets-37 -> ReplicaAssignment(replicas=0, addingReplicas=, removingReplicas=), __consumer_offsets-38 -> ReplicaAssignment(replicas=0, addingReplicas=, removingReplicas=), __consumer_offsets-13 -> ReplicaAssignment(replicas=0, addingReplicas=, removingReplicas=), __consumer_offsets-8 -> ReplicaAssignment(replicas=0, addingReplicas=, removingReplicas=), __consumer_offsets-21 -> ReplicaAssignment(replicas=0, addingReplicas=, removingReplicas=), __consumer_offsets-4 -> ReplicaAssignment(replicas=0, addingReplicas=, removingReplicas=), __consumer_offsets-27 -> ReplicaAssignment(replicas=0, addingReplicas=, removingReplicas=), __consumer_offsets-7 -> ReplicaAssignment(replicas=0, addingReplicas=, removingReplicas=), __consumer_offsets-9 -> ReplicaAssignment(replicas=0, addingReplicas=, removingReplicas=), __consumer_offsets-46 -> ReplicaAssignment(replicas=0, addingReplicas=, removingReplicas=), __consumer_offsets-41 -> ReplicaAssignment(replicas=0, addingReplicas=, removingReplicas=), __consumer_offsets-33 -> ReplicaAssignment(replicas=0, addingReplicas=, removingReplicas=), __consumer_offsets-23 -> ReplicaAssignment(replicas=0, addingReplicas=, removingReplicas=), __consumer_offsets-49 -> ReplicaAssignment(replicas=0, addingReplicas=, removingReplicas=), __consumer_offsets-47 -> ReplicaAssignment(replicas=0, addingReplicas=, removingReplicas=), __consumer_offsets-16 -> ReplicaAssignment(replicas=0, addingReplicas=, removingReplicas=), __consumer_offsets-28 -> ReplicaAssignment(replicas=0, addingReplicas=, removingReplicas=), __consumer_offsets-31 -> ReplicaAssignment(replicas=0, addingReplicas=, removingReplicas=), __consumer_offsets-36 -> ReplicaAssignment(replicas=0, addingReplicas=, removingReplicas=), __consumer_offsets-42 -> ReplicaAssignment(replicas=0, addingReplicas=, removingReplicas=), __consumer_offsets-3 -> ReplicaAssignment(replicas=0, addingReplicas=, removingReplicas=), __consumer_offsets-18 -> ReplicaAssignment(replicas=0, addingReplicas=, removingReplicas=), __consumer_offsets-15 -> ReplicaAssignment(replicas=0, addingReplicas=, removingReplicas=), __consumer_offsets-24 -> ReplicaAssignment(replicas=0, addingReplicas=, removingReplicas=), __consumer_offsets-17 -> ReplicaAssignment(replicas=0, addingReplicas=, removingReplicas=), __consumer_offsets-48 -> ReplicaAssignment(replicas=0, addingReplicas=, removingReplicas=), __consumer_offsets-19 -> ReplicaAssignment(replicas=0, addingReplicas=, removingReplicas=), __consumer_offsets-11 -> ReplicaAssignment(replicas=0, addingReplicas=, removingReplicas=), __consumer_offsets-2 -> ReplicaAssignment(replicas=0, addingReplicas=, removingReplicas=), __consumer_offsets-43 -> ReplicaAssignment(replicas=0, addingReplicas=, removingReplicas=), __consumer_offsets-6 -> ReplicaAssignment(replicas=0, addingReplicas=, removingReplicas=), __consumer_offsets-14 -> ReplicaAssignment(replicas=0, addingReplicas=, removingReplicas=), __consumer_offsets-20 -> ReplicaAssignment(replicas=0, addingReplicas=, removingReplicas=), __consumer_offsets-0 -> ReplicaAssignment(replicas=0, addingReplicas=, removingReplicas=), __consumer_offsets-44 -> ReplicaAssignment(replicas=0, addingReplicas=, removingReplicas=), __consumer_offsets-39 -> ReplicaAssignment(replicas=0, addingReplicas=, removingReplicas=), __consumer_offsets-12 -> ReplicaAssignment(replicas=0, addingReplicas=, removingReplicas=), __consumer_offsets-45 -> ReplicaAssignment(replicas=0, addingReplicas=, removingReplicas=), __consumer_offsets-1 -> ReplicaAssignment(replicas=0, addingReplicas=, removingReplicas=), __consumer_offsets-5 -> ReplicaAssignment(replicas=0, addingReplicas=, removingReplicas=), __consumer_offsets-26 -> ReplicaAssignment(replicas=0, addingReplicas=, removingReplicas=), __consumer_offsets-29 -> ReplicaAssignment(replicas=0, addingReplicas=, removingReplicas=), __consumer_offsets-34 -> ReplicaAssignment(replicas=0, addingReplicas=, removingReplicas=), __consumer_offsets-10 -> ReplicaAssignment(replicas=0, addingReplicas=, removingReplicas=), __consumer_offsets-32 -> ReplicaAssignment(replicas=0, addingReplicas=, removingReplicas=), __consumer_offsets-40 -> ReplicaAssignment(replicas=0, addingReplicas=, removingReplicas=))))] (kafka.controller.KafkaController)
[2025-04-07 21:17:43,694] INFO [Controller id=0] New partition creation callback for __consumer_offsets-22,__consumer_offsets-30,__consumer_offsets-25,__consumer_offsets-35,__consumer_offsets-37,__consumer_offsets-38,__consumer_offsets-13,__consumer_offsets-8,__consumer_offsets-21,__consumer_offsets-4,__consumer_offsets-27,__consumer_offsets-7,__consumer_offsets-9,__consumer_offsets-46,__consumer_offsets-41,__consumer_offsets-33,__consumer_offsets-23,__consumer_offsets-49,__consumer_offsets-47,__consumer_offsets-16,__consumer_offsets-28,__consumer_offsets-31,__consumer_offsets-36,__consumer_offsets-42,__consumer_offsets-3,__consumer_offsets-18,__consumer_offsets-15,__consumer_offsets-24,__consumer_offsets-17,__consumer_offsets-48,__consumer_offsets-19,__consumer_offsets-11,__consumer_offsets-2,__consumer_offsets-43,__consumer_offsets-6,__consumer_offsets-14,__consumer_offsets-20,__consumer_offsets-0,__consumer_offsets-44,__consumer_offsets-39,__consumer_offsets-12,__consumer_offsets-45,__consumer_offsets-1,__consumer_offsets-5,__consumer_offsets-26,__consumer_offsets-29,__consumer_offsets-34,__consumer_offsets-10,__consumer_offsets-32,__consumer_offsets-40 (kafka.controller.KafkaController)
[2025-04-07 21:18:13,874] INFO [Controller id=0] New topics: [HashSet(file-upload)], deleted topics: [HashSet()], new partition replica assignment [Set(TopicIdReplicaAssignment(file-upload,Some(twSJx7UsQgO849N_FIUrrw),Map(file-upload-0 -> ReplicaAssignment(replicas=0, addingReplicas=, removingReplicas=))))] (kafka.controller.KafkaController)
[2025-04-07 21:18:13,874] INFO [Controller id=0] New partition creation callback for file-upload-0 (kafka.controller.KafkaController)
[2025-04-07 21:18:28,791] INFO [Controller id=0] New topics: [HashSet(team-service-topic)], deleted topics: [HashSet()], new partition replica assignment [Set(TopicIdReplicaAssignment(team-service-topic,Some(yWRaxNk4SkG-uIi4V1BPAw),Map(team-service-topic-0 -> ReplicaAssignment(replicas=0, addingReplicas=, removingReplicas=))))] (kafka.controller.KafkaController)
[2025-04-07 21:18:28,792] INFO [Controller id=0] New partition creation callback for team-service-topic-0 (kafka.controller.KafkaController)
[2025-04-07 21:18:29,198] INFO [Controller id=0] New topics: [HashSet(team-service-invite-members)], deleted topics: [HashSet()], new partition replica assignment [Set(TopicIdReplicaAssignment(team-service-invite-members,Some(m6_MQnOqTH2YOIZsBDmOhw),Map(team-service-invite-members-0 -> ReplicaAssignment(replicas=0, addingReplicas=, removingReplicas=))))] (kafka.controller.KafkaController)
[2025-04-07 21:18:29,198] INFO [Controller id=0] New partition creation callback for team-service-invite-members-0 (kafka.controller.KafkaController)
[2025-04-07 21:18:29,573] INFO [Controller id=0] New topics: [HashSet(google-data-topic)], deleted topics: [HashSet()], new partition replica assignment [Set(TopicIdReplicaAssignment(google-data-topic,Some(zaPtvdSLQ5akPkSpHWPDjw),Map(google-data-topic-0 -> ReplicaAssignment(replicas=0, addingReplicas=, removingReplicas=))))] (kafka.controller.KafkaController)
[2025-04-07 21:18:29,573] INFO [Controller id=0] New partition creation callback for google-data-topic-0 (kafka.controller.KafkaController)
[2025-04-07 21:22:42,011] INFO [Controller id=0] Processing automatic preferred replica leader election (kafka.controller.KafkaController)
[2025-04-07 21:22:42,019] TRACE [Controller id=0] Checking need to trigger auto leader balancing (kafka.controller.KafkaController)
[2025-04-07 21:22:42,071] DEBUG [Controller id=0] Topics not in preferred replica for broker 0 HashMap() (kafka.controller.KafkaController)
[2025-04-07 21:22:42,109] TRACE [Controller id=0] Leader imbalance ratio for broker 0 is 0.0 (kafka.controller.KafkaController)
[2025-04-07 21:27:42,115] INFO [Controller id=0] Processing automatic preferred replica leader election (kafka.controller.KafkaController)
[2025-04-07 21:27:42,116] TRACE [Controller id=0] Checking need to trigger auto leader balancing (kafka.controller.KafkaController)
[2025-04-07 21:27:42,122] DEBUG [Controller id=0] Topics not in preferred replica for broker 0 HashMap() (kafka.controller.KafkaController)
[2025-04-07 21:27:42,122] TRACE [Controller id=0] Leader imbalance ratio for broker 0 is 0.0 (kafka.controller.KafkaController)
[2025-04-07 21:32:42,135] INFO [Controller id=0] Processing automatic preferred replica leader election (kafka.controller.KafkaController)
[2025-04-07 21:32:42,135] TRACE [Controller id=0] Checking need to trigger auto leader balancing (kafka.controller.KafkaController)
[2025-04-07 21:32:42,137] DEBUG [Controller id=0] Topics not in preferred replica for broker 0 HashMap() (kafka.controller.KafkaController)
[2025-04-07 21:32:42,137] TRACE [Controller id=0] Leader imbalance ratio for broker 0 is 0.0 (kafka.controller.KafkaController)
[2025-04-07 21:37:42,148] INFO [Controller id=0] Processing automatic preferred replica leader election (kafka.controller.KafkaController)
[2025-04-07 21:37:42,148] TRACE [Controller id=0] Checking need to trigger auto leader balancing (kafka.controller.KafkaController)
[2025-04-07 21:37:42,169] DEBUG [Controller id=0] Topics not in preferred replica for broker 0 HashMap() (kafka.controller.KafkaController)
[2025-04-07 21:37:42,169] TRACE [Controller id=0] Leader imbalance ratio for broker 0 is 0.0 (kafka.controller.KafkaController)
[2025-04-07 21:42:42,186] INFO [Controller id=0] Processing automatic preferred replica leader election (kafka.controller.KafkaController)
[2025-04-07 21:42:42,186] TRACE [Controller id=0] Checking need to trigger auto leader balancing (kafka.controller.KafkaController)
[2025-04-07 21:42:42,190] DEBUG [Controller id=0] Topics not in preferred replica for broker 0 HashMap() (kafka.controller.KafkaController)
[2025-04-07 21:42:42,190] TRACE [Controller id=0] Leader imbalance ratio for broker 0 is 0.0 (kafka.controller.KafkaController)
[2025-04-07 21:47:42,193] INFO [Controller id=0] Processing automatic preferred replica leader election (kafka.controller.KafkaController)
[2025-04-07 21:47:42,193] TRACE [Controller id=0] Checking need to trigger auto leader balancing (kafka.controller.KafkaController)
[2025-04-07 21:47:42,197] DEBUG [Controller id=0] Topics not in preferred replica for broker 0 HashMap() (kafka.controller.KafkaController)
[2025-04-07 21:47:42,197] TRACE [Controller id=0] Leader imbalance ratio for broker 0 is 0.0 (kafka.controller.KafkaController)
[2025-04-07 21:52:42,205] INFO [Controller id=0] Processing automatic preferred replica leader election (kafka.controller.KafkaController)
[2025-04-07 21:52:42,205] TRACE [Controller id=0] Checking need to trigger auto leader balancing (kafka.controller.KafkaController)
[2025-04-07 21:52:42,208] DEBUG [Controller id=0] Topics not in preferred replica for broker 0 HashMap() (kafka.controller.KafkaController)
[2025-04-07 21:52:42,208] TRACE [Controller id=0] Leader imbalance ratio for broker 0 is 0.0 (kafka.controller.KafkaController)
[2025-04-07 21:57:42,217] INFO [Controller id=0] Processing automatic preferred replica leader election (kafka.controller.KafkaController)
[2025-04-07 21:57:42,217] TRACE [Controller id=0] Checking need to trigger auto leader balancing (kafka.controller.KafkaController)
[2025-04-07 21:57:42,228] DEBUG [Controller id=0] Topics not in preferred replica for broker 0 HashMap() (kafka.controller.KafkaController)
[2025-04-07 21:57:42,229] TRACE [Controller id=0] Leader imbalance ratio for broker 0 is 0.0 (kafka.controller.KafkaController)
[2025-04-07 22:02:42,236] INFO [Controller id=0] Processing automatic preferred replica leader election (kafka.controller.KafkaController)
[2025-04-07 22:02:42,271] TRACE [Controller id=0] Checking need to trigger auto leader balancing (kafka.controller.KafkaController)
[2025-04-07 22:02:42,276] DEBUG [Controller id=0] Topics not in preferred replica for broker 0 HashMap() (kafka.controller.KafkaController)
[2025-04-07 22:02:42,277] TRACE [Controller id=0] Leader imbalance ratio for broker 0 is 0.0 (kafka.controller.KafkaController)
[2025-04-07 22:07:42,286] INFO [Controller id=0] Processing automatic preferred replica leader election (kafka.controller.KafkaController)
[2025-04-07 22:07:42,286] TRACE [Controller id=0] Checking need to trigger auto leader balancing (kafka.controller.KafkaController)
[2025-04-07 22:07:42,289] DEBUG [Controller id=0] Topics not in preferred replica for broker 0 HashMap() (kafka.controller.KafkaController)
[2025-04-07 22:07:42,290] TRACE [Controller id=0] Leader imbalance ratio for broker 0 is 0.0 (kafka.controller.KafkaController)
[2025-04-07 22:12:42,310] INFO [Controller id=0] Processing automatic preferred replica leader election (kafka.controller.KafkaController)
[2025-04-07 22:12:42,316] TRACE [Controller id=0] Checking need to trigger auto leader balancing (kafka.controller.KafkaController)
[2025-04-07 22:12:42,336] DEBUG [Controller id=0] Topics not in preferred replica for broker 0 HashMap() (kafka.controller.KafkaController)
[2025-04-07 22:12:42,340] TRACE [Controller id=0] Leader imbalance ratio for broker 0 is 0.0 (kafka.controller.KafkaController)
[2025-04-07 22:17:42,373] INFO [Controller id=0] Processing automatic preferred replica leader election (kafka.controller.KafkaController)
[2025-04-07 22:17:42,374] TRACE [Controller id=0] Checking need to trigger auto leader balancing (kafka.controller.KafkaController)
[2025-04-07 22:17:42,378] DEBUG [Controller id=0] Topics not in preferred replica for broker 0 HashMap() (kafka.controller.KafkaController)
[2025-04-07 22:17:42,379] TRACE [Controller id=0] Leader imbalance ratio for broker 0 is 0.0 (kafka.controller.KafkaController)
[2025-04-07 22:22:42,384] INFO [Controller id=0] Processing automatic preferred replica leader election (kafka.controller.KafkaController)
[2025-04-07 22:22:42,384] TRACE [Controller id=0] Checking need to trigger auto leader balancing (kafka.controller.KafkaController)
[2025-04-07 22:22:42,386] DEBUG [Controller id=0] Topics not in preferred replica for broker 0 HashMap() (kafka.controller.KafkaController)
[2025-04-07 22:22:42,386] TRACE [Controller id=0] Leader imbalance ratio for broker 0 is 0.0 (kafka.controller.KafkaController)
[2025-04-07 22:31:17,396] DEBUG [Controller id=0] Resigning (kafka.controller.KafkaController)
[2025-04-07 22:31:17,405] DEBUG [Controller id=0] Unregister BrokerModifications handler for Set(0) (kafka.controller.KafkaController)
[2025-04-07 22:31:17,425] INFO [PartitionStateMachine controllerId=0] Stopped partition state machine (kafka.controller.ZkPartitionStateMachine)
[2025-04-07 22:31:17,441] INFO [ReplicaStateMachine controllerId=0] Stopped replica state machine (kafka.controller.ZkReplicaStateMachine)
[2025-04-07 22:31:17,466] INFO [RequestSendThread controllerId=0] Shutting down (kafka.controller.RequestSendThread)
[2025-04-07 22:31:17,468] INFO [RequestSendThread controllerId=0] Stopped (kafka.controller.RequestSendThread)
[2025-04-07 22:31:17,468] INFO [RequestSendThread controllerId=0] Shutdown completed (kafka.controller.RequestSendThread)
[2025-04-07 22:31:17,534] INFO [Controller id=0] Resigned (kafka.controller.KafkaController)
[2025-04-07 22:31:17,582] INFO [Controller id=0] 0 successfully elected as the controller. Epoch incremented to 2 and epoch zk version is now 2 (kafka.controller.KafkaController)
[2025-04-07 22:31:17,584] INFO [Controller id=0] Registering handlers (kafka.controller.KafkaController)
[2025-04-07 22:31:17,592] INFO [Controller id=0] Deleting log dir event notifications (kafka.controller.KafkaController)
[2025-04-07 22:31:17,596] INFO [Controller id=0] Deleting isr change notifications (kafka.controller.KafkaController)
[2025-04-07 22:31:17,598] INFO [Controller id=0] Initializing controller context (kafka.controller.KafkaController)
[2025-04-07 22:31:17,613] INFO [Controller id=0] Initialized broker epochs cache: HashMap(0 -> 178) (kafka.controller.KafkaController)
[2025-04-07 22:31:17,646] DEBUG [Controller id=0] Register BrokerModifications handler for Set(0) (kafka.controller.KafkaController)
[2025-04-07 22:31:17,691] DEBUG [Channel manager on controller 0]: Controller 0 trying to connect to broker 0 (kafka.controller.ControllerChannelManager)
[2025-04-07 22:31:17,707] INFO [Controller id=0] Currently active brokers in the cluster: Set(0) (kafka.controller.KafkaController)
[2025-04-07 22:31:17,707] INFO [Controller id=0] Currently shutting brokers in the cluster: HashSet() (kafka.controller.KafkaController)
[2025-04-07 22:31:17,708] INFO [Controller id=0] Current list of topics in the cluster: HashSet(user-service-invite-members, file-upload, user-avatar-updated, team-service-topic, google-data-topic, user-service-project-created, __consumer_offsets, team-service-invite-members) (kafka.controller.KafkaController)
[2025-04-07 22:31:17,708] INFO [Controller id=0] Fetching topic deletions in progress (kafka.controller.KafkaController)
[2025-04-07 22:31:17,716] INFO [Controller id=0] List of topics to be deleted:  (kafka.controller.KafkaController)
[2025-04-07 22:31:17,717] INFO [Controller id=0] List of topics ineligible for deletion:  (kafka.controller.KafkaController)
[2025-04-07 22:31:17,717] INFO [Controller id=0] Initializing topic deletion manager (kafka.controller.KafkaController)
[2025-04-07 22:31:17,717] INFO [Topic Deletion Manager 0] Initializing manager with initial deletions: Set(), initial ineligible deletions: HashSet() (kafka.controller.TopicDeletionManager)
[2025-04-07 22:31:17,718] INFO [Controller id=0] Sending update metadata request (kafka.controller.KafkaController)
[2025-04-07 22:31:17,721] INFO [RequestSendThread controllerId=0] Starting (kafka.controller.RequestSendThread)
[2025-04-07 22:31:17,729] INFO [ReplicaStateMachine controllerId=0] Initializing replica state (kafka.controller.ZkReplicaStateMachine)
[2025-04-07 22:31:17,731] INFO [ReplicaStateMachine controllerId=0] Triggering online replica state changes (kafka.controller.ZkReplicaStateMachine)
[2025-04-07 22:31:17,733] INFO [RequestSendThread controllerId=0] Controller 0 connected to DESKTOP-8GKE7FT:9092 (id: 0 rack: null) for sending state change requests (kafka.controller.RequestSendThread)
[2025-04-07 22:31:17,759] INFO [ReplicaStateMachine controllerId=0] Triggering offline replica state changes (kafka.controller.ZkReplicaStateMachine)
[2025-04-07 22:31:17,760] DEBUG [ReplicaStateMachine controllerId=0] Started replica state machine with initial state -> HashMap([Topic=__consumer_offsets,Partition=40,Replica=0] -> OnlineReplica, [Topic=__consumer_offsets,Partition=27,Replica=0] -> OnlineReplica, [Topic=__consumer_offsets,Partition=49,Replica=0] -> OnlineReplica, [Topic=user-avatar-updated,Partition=0,Replica=0] -> OnlineReplica, [Topic=__consumer_offsets,Partition=47,Replica=0] -> OnlineReplica, [Topic=__consumer_offsets,Partition=3,Replica=0] -> OnlineReplica, [Topic=__consumer_offsets,Partition=18,Replica=0] -> OnlineReplica, [Topic=__consumer_offsets,Partition=44,Replica=0] -> OnlineReplica, [Topic=__consumer_offsets,Partition=8,Replica=0] -> OnlineReplica, [Topic=user-service-project-created,Partition=0,Replica=0] -> OnlineReplica, [Topic=__consumer_offsets,Partition=34,Replica=0] -> OnlineReplica, [Topic=__consumer_offsets,Partition=25,Replica=0] -> OnlineReplica, [Topic=user-service-invite-members,Partition=0,Replica=0] -> OnlineReplica, [Topic=__consumer_offsets,Partition=14,Replica=0] -> OnlineReplica, [Topic=__consumer_offsets,Partition=24,Replica=0] -> OnlineReplica, [Topic=__consumer_offsets,Partition=36,Replica=0] -> OnlineReplica, [Topic=__consumer_offsets,Partition=42,Replica=0] -> OnlineReplica, [Topic=__consumer_offsets,Partition=45,Replica=0] -> OnlineReplica, [Topic=__consumer_offsets,Partition=11,Replica=0] -> OnlineReplica, [Topic=__consumer_offsets,Partition=32,Replica=0] -> OnlineReplica, [Topic=__consumer_offsets,Partition=12,Replica=0] -> OnlineReplica, [Topic=__consumer_offsets,Partition=30,Replica=0] -> OnlineReplica, [Topic=__consumer_offsets,Partition=9,Replica=0] -> OnlineReplica, [Topic=google-data-topic,Partition=0,Replica=0] -> OnlineReplica, [Topic=__consumer_offsets,Partition=39,Replica=0] -> OnlineReplica, [Topic=__consumer_offsets,Partition=38,Replica=0] -> OnlineReplica, [Topic=__consumer_offsets,Partition=23,Replica=0] -> OnlineReplica, [Topic=__consumer_offsets,Partition=19,Replica=0] -> OnlineReplica, [Topic=__consumer_offsets,Partition=17,Replica=0] -> OnlineReplica, [Topic=__consumer_offsets,Partition=41,Replica=0] -> OnlineReplica, [Topic=__consumer_offsets,Partition=37,Replica=0] -> OnlineReplica, [Topic=__consumer_offsets,Partition=48,Replica=0] -> OnlineReplica, [Topic=__consumer_offsets,Partition=29,Replica=0] -> OnlineReplica, [Topic=team-service-invite-members,Partition=0,Replica=0] -> OnlineReplica, [Topic=__consumer_offsets,Partition=10,Replica=0] -> OnlineReplica, [Topic=__consumer_offsets,Partition=46,Replica=0] -> OnlineReplica, [Topic=__consumer_offsets,Partition=1,Replica=0] -> OnlineReplica, [Topic=team-service-topic,Partition=0,Replica=0] -> OnlineReplica, [Topic=__consumer_offsets,Partition=16,Replica=0] -> OnlineReplica, [Topic=__consumer_offsets,Partition=5,Replica=0] -> OnlineReplica, [Topic=file-upload,Partition=0,Replica=0] -> OnlineReplica, [Topic=__consumer_offsets,Partition=15,Replica=0] -> OnlineReplica, [Topic=__consumer_offsets,Partition=4,Replica=0] -> OnlineReplica, [Topic=__consumer_offsets,Partition=6,Replica=0] -> OnlineReplica, [Topic=__consumer_offsets,Partition=7,Replica=0] -> OnlineReplica, [Topic=__consumer_offsets,Partition=43,Replica=0] -> OnlineReplica, [Topic=__consumer_offsets,Partition=0,Replica=0] -> OnlineReplica, [Topic=__consumer_offsets,Partition=20,Replica=0] -> OnlineReplica, [Topic=__consumer_offsets,Partition=31,Replica=0] -> OnlineReplica, [Topic=__consumer_offsets,Partition=28,Replica=0] -> OnlineReplica, [Topic=__consumer_offsets,Partition=26,Replica=0] -> OnlineReplica, [Topic=__consumer_offsets,Partition=2,Replica=0] -> OnlineReplica, [Topic=__consumer_offsets,Partition=33,Replica=0] -> OnlineReplica, [Topic=__consumer_offsets,Partition=22,Replica=0] -> OnlineReplica, [Topic=__consumer_offsets,Partition=21,Replica=0] -> OnlineReplica, [Topic=__consumer_offsets,Partition=13,Replica=0] -> OnlineReplica, [Topic=__consumer_offsets,Partition=35,Replica=0] -> OnlineReplica) (kafka.controller.ZkReplicaStateMachine)
[2025-04-07 22:31:17,761] INFO [PartitionStateMachine controllerId=0] Initializing partition state (kafka.controller.ZkPartitionStateMachine)
[2025-04-07 22:31:17,762] INFO [PartitionStateMachine controllerId=0] Triggering online partition state changes (kafka.controller.ZkPartitionStateMachine)
[2025-04-07 22:31:17,763] DEBUG [PartitionStateMachine controllerId=0] Started partition state machine with initial state -> HashMap(__consumer_offsets-13 -> OnlinePartition, __consumer_offsets-46 -> OnlinePartition, __consumer_offsets-9 -> OnlinePartition, __consumer_offsets-42 -> OnlinePartition, __consumer_offsets-21 -> OnlinePartition, user-service-project-created-0 -> OnlinePartition, __consumer_offsets-17 -> OnlinePartition, __consumer_offsets-30 -> OnlinePartition, __consumer_offsets-26 -> OnlinePartition, __consumer_offsets-5 -> OnlinePartition, __consumer_offsets-38 -> OnlinePartition, __consumer_offsets-1 -> OnlinePartition, __consumer_offsets-34 -> OnlinePartition, __consumer_offsets-16 -> OnlinePartition, __consumer_offsets-45 -> OnlinePartition, team-service-topic-0 -> OnlinePartition, __consumer_offsets-12 -> OnlinePartition, __consumer_offsets-41 -> OnlinePartition, __consumer_offsets-24 -> OnlinePartition, team-service-invite-members-0 -> OnlinePartition, __consumer_offsets-20 -> OnlinePartition, __consumer_offsets-49 -> OnlinePartition, __consumer_offsets-0 -> OnlinePartition, __consumer_offsets-29 -> OnlinePartition, __consumer_offsets-25 -> OnlinePartition, __consumer_offsets-8 -> OnlinePartition, __consumer_offsets-37 -> OnlinePartition, __consumer_offsets-4 -> OnlinePartition, __consumer_offsets-33 -> OnlinePartition, __consumer_offsets-15 -> OnlinePartition, __consumer_offsets-48 -> OnlinePartition, file-upload-0 -> OnlinePartition, __consumer_offsets-11 -> OnlinePartition, __consumer_offsets-44 -> OnlinePartition, __consumer_offsets-23 -> OnlinePartition, __consumer_offsets-19 -> OnlinePartition, __consumer_offsets-32 -> OnlinePartition, __consumer_offsets-28 -> OnlinePartition, __consumer_offsets-7 -> OnlinePartition, __consumer_offsets-40 -> OnlinePartition, __consumer_offsets-3 -> OnlinePartition, __consumer_offsets-36 -> OnlinePartition, user-service-invite-members-0 -> OnlinePartition, __consumer_offsets-47 -> OnlinePartition, __consumer_offsets-14 -> OnlinePartition, __consumer_offsets-43 -> OnlinePartition, __consumer_offsets-10 -> OnlinePartition, google-data-topic-0 -> OnlinePartition, __consumer_offsets-22 -> OnlinePartition, __consumer_offsets-18 -> OnlinePartition, __consumer_offsets-31 -> OnlinePartition, user-avatar-updated-0 -> OnlinePartition, __consumer_offsets-27 -> OnlinePartition, __consumer_offsets-39 -> OnlinePartition, __consumer_offsets-6 -> OnlinePartition, __consumer_offsets-35 -> OnlinePartition, __consumer_offsets-2 -> OnlinePartition) (kafka.controller.ZkPartitionStateMachine)
[2025-04-07 22:31:17,763] INFO [Controller id=0] Ready to serve as the new controller with epoch 2 (kafka.controller.KafkaController)
[2025-04-07 22:31:17,767] INFO [Controller id=0] Partitions undergoing preferred replica election:  (kafka.controller.KafkaController)
[2025-04-07 22:31:17,767] INFO [Controller id=0] Partitions that completed preferred replica election:  (kafka.controller.KafkaController)
[2025-04-07 22:31:17,767] INFO [Controller id=0] Skipping preferred replica election for partitions due to topic deletion:  (kafka.controller.KafkaController)
[2025-04-07 22:31:17,767] INFO [Controller id=0] Resuming preferred replica election for partitions:  (kafka.controller.KafkaController)
[2025-04-07 22:31:17,768] INFO [Controller id=0] Starting replica leader election (PREFERRED) for partitions  triggered by ZkTriggered (kafka.controller.KafkaController)
[2025-04-07 22:31:17,773] INFO [Controller id=0] Starting the controller scheduler (kafka.controller.KafkaController)
[2025-04-07 22:31:22,781] INFO [Controller id=0] Processing automatic preferred replica leader election (kafka.controller.KafkaController)
[2025-04-07 22:31:22,781] TRACE [Controller id=0] Checking need to trigger auto leader balancing (kafka.controller.KafkaController)
[2025-04-07 22:31:22,782] DEBUG [Controller id=0] Topics not in preferred replica for broker 0 HashMap() (kafka.controller.KafkaController)
[2025-04-07 22:31:22,783] TRACE [Controller id=0] Leader imbalance ratio for broker 0 is 0.0 (kafka.controller.KafkaController)
[2025-04-07 22:36:22,792] INFO [Controller id=0] Processing automatic preferred replica leader election (kafka.controller.KafkaController)
[2025-04-07 22:36:22,793] TRACE [Controller id=0] Checking need to trigger auto leader balancing (kafka.controller.KafkaController)
[2025-04-07 22:36:22,797] DEBUG [Controller id=0] Topics not in preferred replica for broker 0 HashMap() (kafka.controller.KafkaController)
[2025-04-07 22:36:22,798] TRACE [Controller id=0] Leader imbalance ratio for broker 0 is 0.0 (kafka.controller.KafkaController)
[2025-04-07 22:41:22,807] INFO [Controller id=0] Processing automatic preferred replica leader election (kafka.controller.KafkaController)
[2025-04-07 22:41:22,807] TRACE [Controller id=0] Checking need to trigger auto leader balancing (kafka.controller.KafkaController)
[2025-04-07 22:41:22,807] DEBUG [Controller id=0] Topics not in preferred replica for broker 0 HashMap() (kafka.controller.KafkaController)
[2025-04-07 22:41:22,807] TRACE [Controller id=0] Leader imbalance ratio for broker 0 is 0.0 (kafka.controller.KafkaController)
[2025-04-07 22:46:22,815] INFO [Controller id=0] Processing automatic preferred replica leader election (kafka.controller.KafkaController)
[2025-04-07 22:46:22,815] TRACE [Controller id=0] Checking need to trigger auto leader balancing (kafka.controller.KafkaController)
[2025-04-07 22:46:22,815] DEBUG [Controller id=0] Topics not in preferred replica for broker 0 HashMap() (kafka.controller.KafkaController)
[2025-04-07 22:46:22,815] TRACE [Controller id=0] Leader imbalance ratio for broker 0 is 0.0 (kafka.controller.KafkaController)
[2025-04-07 22:51:22,817] INFO [Controller id=0] Processing automatic preferred replica leader election (kafka.controller.KafkaController)
[2025-04-07 22:51:22,817] TRACE [Controller id=0] Checking need to trigger auto leader balancing (kafka.controller.KafkaController)
[2025-04-07 22:51:22,819] DEBUG [Controller id=0] Topics not in preferred replica for broker 0 HashMap() (kafka.controller.KafkaController)
[2025-04-07 22:51:22,819] TRACE [Controller id=0] Leader imbalance ratio for broker 0 is 0.0 (kafka.controller.KafkaController)
[2025-04-07 22:56:22,820] INFO [Controller id=0] Processing automatic preferred replica leader election (kafka.controller.KafkaController)
[2025-04-07 22:56:22,820] TRACE [Controller id=0] Checking need to trigger auto leader balancing (kafka.controller.KafkaController)
[2025-04-07 22:56:22,821] DEBUG [Controller id=0] Topics not in preferred replica for broker 0 HashMap() (kafka.controller.KafkaController)
[2025-04-07 22:56:22,821] TRACE [Controller id=0] Leader imbalance ratio for broker 0 is 0.0 (kafka.controller.KafkaController)
[2025-04-07 23:01:22,822] INFO [Controller id=0] Processing automatic preferred replica leader election (kafka.controller.KafkaController)
[2025-04-07 23:01:22,847] TRACE [Controller id=0] Checking need to trigger auto leader balancing (kafka.controller.KafkaController)
[2025-04-07 23:01:22,848] DEBUG [Controller id=0] Topics not in preferred replica for broker 0 HashMap() (kafka.controller.KafkaController)
[2025-04-07 23:01:22,848] TRACE [Controller id=0] Leader imbalance ratio for broker 0 is 0.0 (kafka.controller.KafkaController)
[2025-04-07 23:06:22,848] INFO [Controller id=0] Processing automatic preferred replica leader election (kafka.controller.KafkaController)
[2025-04-07 23:06:22,848] TRACE [Controller id=0] Checking need to trigger auto leader balancing (kafka.controller.KafkaController)
[2025-04-07 23:06:22,850] DEBUG [Controller id=0] Topics not in preferred replica for broker 0 HashMap() (kafka.controller.KafkaController)
[2025-04-07 23:06:22,850] TRACE [Controller id=0] Leader imbalance ratio for broker 0 is 0.0 (kafka.controller.KafkaController)
[2025-04-07 23:11:22,862] INFO [Controller id=0] Processing automatic preferred replica leader election (kafka.controller.KafkaController)
[2025-04-07 23:11:22,862] TRACE [Controller id=0] Checking need to trigger auto leader balancing (kafka.controller.KafkaController)
[2025-04-07 23:11:22,863] DEBUG [Controller id=0] Topics not in preferred replica for broker 0 HashMap() (kafka.controller.KafkaController)
[2025-04-07 23:11:22,863] TRACE [Controller id=0] Leader imbalance ratio for broker 0 is 0.0 (kafka.controller.KafkaController)
[2025-04-07 23:16:22,872] INFO [Controller id=0] Processing automatic preferred replica leader election (kafka.controller.KafkaController)
[2025-04-07 23:16:22,875] TRACE [Controller id=0] Checking need to trigger auto leader balancing (kafka.controller.KafkaController)
[2025-04-07 23:16:22,880] DEBUG [Controller id=0] Topics not in preferred replica for broker 0 HashMap() (kafka.controller.KafkaController)
[2025-04-07 23:16:22,881] TRACE [Controller id=0] Leader imbalance ratio for broker 0 is 0.0 (kafka.controller.KafkaController)
[2025-04-07 23:21:22,893] INFO [Controller id=0] Processing automatic preferred replica leader election (kafka.controller.KafkaController)
[2025-04-07 23:21:22,893] TRACE [Controller id=0] Checking need to trigger auto leader balancing (kafka.controller.KafkaController)
[2025-04-07 23:21:22,894] DEBUG [Controller id=0] Topics not in preferred replica for broker 0 HashMap() (kafka.controller.KafkaController)
[2025-04-07 23:21:22,894] TRACE [Controller id=0] Leader imbalance ratio for broker 0 is 0.0 (kafka.controller.KafkaController)
[2025-04-07 23:26:22,902] INFO [Controller id=0] Processing automatic preferred replica leader election (kafka.controller.KafkaController)
[2025-04-07 23:26:22,902] TRACE [Controller id=0] Checking need to trigger auto leader balancing (kafka.controller.KafkaController)
[2025-04-07 23:26:22,904] DEBUG [Controller id=0] Topics not in preferred replica for broker 0 HashMap() (kafka.controller.KafkaController)
[2025-04-07 23:26:22,904] TRACE [Controller id=0] Leader imbalance ratio for broker 0 is 0.0 (kafka.controller.KafkaController)
[2025-04-07 23:31:22,919] INFO [Controller id=0] Processing automatic preferred replica leader election (kafka.controller.KafkaController)
[2025-04-07 23:31:22,919] TRACE [Controller id=0] Checking need to trigger auto leader balancing (kafka.controller.KafkaController)
[2025-04-07 23:31:22,921] DEBUG [Controller id=0] Topics not in preferred replica for broker 0 HashMap() (kafka.controller.KafkaController)
[2025-04-07 23:31:22,921] TRACE [Controller id=0] Leader imbalance ratio for broker 0 is 0.0 (kafka.controller.KafkaController)
[2025-04-07 23:36:22,924] INFO [Controller id=0] Processing automatic preferred replica leader election (kafka.controller.KafkaController)
[2025-04-07 23:36:22,925] TRACE [Controller id=0] Checking need to trigger auto leader balancing (kafka.controller.KafkaController)
[2025-04-07 23:36:22,926] DEBUG [Controller id=0] Topics not in preferred replica for broker 0 HashMap() (kafka.controller.KafkaController)
[2025-04-07 23:36:22,926] TRACE [Controller id=0] Leader imbalance ratio for broker 0 is 0.0 (kafka.controller.KafkaController)
[2025-04-07 23:41:22,931] INFO [Controller id=0] Processing automatic preferred replica leader election (kafka.controller.KafkaController)
[2025-04-07 23:41:22,931] TRACE [Controller id=0] Checking need to trigger auto leader balancing (kafka.controller.KafkaController)
[2025-04-07 23:41:22,933] DEBUG [Controller id=0] Topics not in preferred replica for broker 0 HashMap() (kafka.controller.KafkaController)
[2025-04-07 23:41:22,933] TRACE [Controller id=0] Leader imbalance ratio for broker 0 is 0.0 (kafka.controller.KafkaController)
[2025-04-07 23:46:22,946] INFO [Controller id=0] Processing automatic preferred replica leader election (kafka.controller.KafkaController)
[2025-04-07 23:46:22,946] TRACE [Controller id=0] Checking need to trigger auto leader balancing (kafka.controller.KafkaController)
[2025-04-07 23:46:22,949] DEBUG [Controller id=0] Topics not in preferred replica for broker 0 HashMap() (kafka.controller.KafkaController)
[2025-04-07 23:46:22,949] TRACE [Controller id=0] Leader imbalance ratio for broker 0 is 0.0 (kafka.controller.KafkaController)
[2025-04-07 23:51:22,962] INFO [Controller id=0] Processing automatic preferred replica leader election (kafka.controller.KafkaController)
[2025-04-07 23:51:22,962] TRACE [Controller id=0] Checking need to trigger auto leader balancing (kafka.controller.KafkaController)
[2025-04-07 23:51:22,965] DEBUG [Controller id=0] Topics not in preferred replica for broker 0 HashMap() (kafka.controller.KafkaController)
[2025-04-07 23:51:22,966] TRACE [Controller id=0] Leader imbalance ratio for broker 0 is 0.0 (kafka.controller.KafkaController)
[2025-04-07 23:56:22,972] INFO [Controller id=0] Processing automatic preferred replica leader election (kafka.controller.KafkaController)
[2025-04-07 23:56:22,972] TRACE [Controller id=0] Checking need to trigger auto leader balancing (kafka.controller.KafkaController)
[2025-04-07 23:56:22,972] DEBUG [Controller id=0] Topics not in preferred replica for broker 0 HashMap() (kafka.controller.KafkaController)
[2025-04-07 23:56:22,973] TRACE [Controller id=0] Leader imbalance ratio for broker 0 is 0.0 (kafka.controller.KafkaController)
[2025-04-08 00:01:22,975] INFO [Controller id=0] Processing automatic preferred replica leader election (kafka.controller.KafkaController)
[2025-04-08 00:01:22,991] TRACE [Controller id=0] Checking need to trigger auto leader balancing (kafka.controller.KafkaController)
[2025-04-08 00:01:22,991] DEBUG [Controller id=0] Topics not in preferred replica for broker 0 HashMap() (kafka.controller.KafkaController)
[2025-04-08 00:01:22,991] TRACE [Controller id=0] Leader imbalance ratio for broker 0 is 0.0 (kafka.controller.KafkaController)
[2025-04-08 00:06:22,996] INFO [Controller id=0] Processing automatic preferred replica leader election (kafka.controller.KafkaController)
[2025-04-08 00:06:22,996] TRACE [Controller id=0] Checking need to trigger auto leader balancing (kafka.controller.KafkaController)
[2025-04-08 00:06:22,997] DEBUG [Controller id=0] Topics not in preferred replica for broker 0 HashMap() (kafka.controller.KafkaController)
[2025-04-08 00:06:22,997] TRACE [Controller id=0] Leader imbalance ratio for broker 0 is 0.0 (kafka.controller.KafkaController)
[2025-04-08 00:11:23,005] INFO [Controller id=0] Processing automatic preferred replica leader election (kafka.controller.KafkaController)
[2025-04-08 00:11:23,005] TRACE [Controller id=0] Checking need to trigger auto leader balancing (kafka.controller.KafkaController)
[2025-04-08 00:11:23,007] DEBUG [Controller id=0] Topics not in preferred replica for broker 0 HashMap() (kafka.controller.KafkaController)
[2025-04-08 00:11:23,008] TRACE [Controller id=0] Leader imbalance ratio for broker 0 is 0.0 (kafka.controller.KafkaController)
[2025-04-08 00:16:23,021] INFO [Controller id=0] Processing automatic preferred replica leader election (kafka.controller.KafkaController)
[2025-04-08 00:16:23,021] TRACE [Controller id=0] Checking need to trigger auto leader balancing (kafka.controller.KafkaController)
[2025-04-08 00:16:23,022] DEBUG [Controller id=0] Topics not in preferred replica for broker 0 HashMap() (kafka.controller.KafkaController)
[2025-04-08 00:16:23,022] TRACE [Controller id=0] Leader imbalance ratio for broker 0 is 0.0 (kafka.controller.KafkaController)
[2025-04-08 00:21:23,022] INFO [Controller id=0] Processing automatic preferred replica leader election (kafka.controller.KafkaController)
[2025-04-08 00:21:23,022] TRACE [Controller id=0] Checking need to trigger auto leader balancing (kafka.controller.KafkaController)
[2025-04-08 00:21:23,023] DEBUG [Controller id=0] Topics not in preferred replica for broker 0 HashMap() (kafka.controller.KafkaController)
[2025-04-08 00:21:23,023] TRACE [Controller id=0] Leader imbalance ratio for broker 0 is 0.0 (kafka.controller.KafkaController)
[2025-04-08 00:26:23,039] INFO [Controller id=0] Processing automatic preferred replica leader election (kafka.controller.KafkaController)
[2025-04-08 00:26:23,039] TRACE [Controller id=0] Checking need to trigger auto leader balancing (kafka.controller.KafkaController)
[2025-04-08 00:26:23,041] DEBUG [Controller id=0] Topics not in preferred replica for broker 0 HashMap() (kafka.controller.KafkaController)
[2025-04-08 00:26:23,041] TRACE [Controller id=0] Leader imbalance ratio for broker 0 is 0.0 (kafka.controller.KafkaController)
[2025-04-08 00:31:23,054] INFO [Controller id=0] Processing automatic preferred replica leader election (kafka.controller.KafkaController)
[2025-04-08 00:31:23,054] TRACE [Controller id=0] Checking need to trigger auto leader balancing (kafka.controller.KafkaController)
[2025-04-08 00:31:23,056] DEBUG [Controller id=0] Topics not in preferred replica for broker 0 HashMap() (kafka.controller.KafkaController)
[2025-04-08 00:31:23,056] TRACE [Controller id=0] Leader imbalance ratio for broker 0 is 0.0 (kafka.controller.KafkaController)
[2025-04-08 00:36:23,056] INFO [Controller id=0] Processing automatic preferred replica leader election (kafka.controller.KafkaController)
[2025-04-08 00:36:23,056] TRACE [Controller id=0] Checking need to trigger auto leader balancing (kafka.controller.KafkaController)
[2025-04-08 00:36:23,058] DEBUG [Controller id=0] Topics not in preferred replica for broker 0 HashMap() (kafka.controller.KafkaController)
[2025-04-08 00:36:23,058] TRACE [Controller id=0] Leader imbalance ratio for broker 0 is 0.0 (kafka.controller.KafkaController)
[2025-04-09 23:33:02,307] INFO [ControllerEventThread controllerId=0] Starting (kafka.controller.ControllerEventManager$ControllerEventThread)
[2025-04-09 23:33:02,422] INFO [Controller id=0] 0 successfully elected as the controller. Epoch incremented to 1 and epoch zk version is now 1 (kafka.controller.KafkaController)
[2025-04-09 23:33:02,441] INFO [Controller id=0] Creating FeatureZNode at path: /feature with contents: FeatureZNode(2,Enabled,Map()) (kafka.controller.KafkaController)
[2025-04-09 23:33:02,589] INFO [Controller id=0] Registering handlers (kafka.controller.KafkaController)
[2025-04-09 23:33:02,595] INFO [Controller id=0] Deleting log dir event notifications (kafka.controller.KafkaController)
[2025-04-09 23:33:02,599] INFO [Controller id=0] Deleting isr change notifications (kafka.controller.KafkaController)
[2025-04-09 23:33:02,602] INFO [Controller id=0] Initializing controller context (kafka.controller.KafkaController)
[2025-04-09 23:33:02,625] INFO [Controller id=0] Initialized broker epochs cache: HashMap(0 -> 25) (kafka.controller.KafkaController)
[2025-04-09 23:33:02,634] DEBUG [Controller id=0] Register BrokerModifications handler for Set(0) (kafka.controller.KafkaController)
[2025-04-09 23:33:02,646] DEBUG [Channel manager on controller 0]: Controller 0 trying to connect to broker 0 (kafka.controller.ControllerChannelManager)
[2025-04-09 23:33:02,656] INFO [RequestSendThread controllerId=0] Starting (kafka.controller.RequestSendThread)
[2025-04-09 23:33:02,658] INFO [Controller id=0] Currently active brokers in the cluster: Set(0) (kafka.controller.KafkaController)
[2025-04-09 23:33:02,658] INFO [Controller id=0] Currently shutting brokers in the cluster: HashSet() (kafka.controller.KafkaController)
[2025-04-09 23:33:02,658] INFO [Controller id=0] Current list of topics in the cluster: HashSet() (kafka.controller.KafkaController)
[2025-04-09 23:33:02,659] INFO [Controller id=0] Fetching topic deletions in progress (kafka.controller.KafkaController)
[2025-04-09 23:33:02,662] INFO [Controller id=0] List of topics to be deleted:  (kafka.controller.KafkaController)
[2025-04-09 23:33:02,662] INFO [Controller id=0] List of topics ineligible for deletion:  (kafka.controller.KafkaController)
[2025-04-09 23:33:02,663] INFO [Controller id=0] Initializing topic deletion manager (kafka.controller.KafkaController)
[2025-04-09 23:33:02,663] INFO [Topic Deletion Manager 0] Initializing manager with initial deletions: Set(), initial ineligible deletions: HashSet() (kafka.controller.TopicDeletionManager)
[2025-04-09 23:33:02,665] INFO [Controller id=0] Sending update metadata request (kafka.controller.KafkaController)
[2025-04-09 23:33:02,689] INFO [ReplicaStateMachine controllerId=0] Initializing replica state (kafka.controller.ZkReplicaStateMachine)
[2025-04-09 23:33:02,690] INFO [ReplicaStateMachine controllerId=0] Triggering online replica state changes (kafka.controller.ZkReplicaStateMachine)
[2025-04-09 23:33:02,706] INFO [ReplicaStateMachine controllerId=0] Triggering offline replica state changes (kafka.controller.ZkReplicaStateMachine)
[2025-04-09 23:33:02,707] DEBUG [ReplicaStateMachine controllerId=0] Started replica state machine with initial state -> HashMap() (kafka.controller.ZkReplicaStateMachine)
[2025-04-09 23:33:02,707] INFO [PartitionStateMachine controllerId=0] Initializing partition state (kafka.controller.ZkPartitionStateMachine)
[2025-04-09 23:33:02,709] INFO [PartitionStateMachine controllerId=0] Triggering online partition state changes (kafka.controller.ZkPartitionStateMachine)
[2025-04-09 23:33:02,715] DEBUG [PartitionStateMachine controllerId=0] Started partition state machine with initial state -> HashMap() (kafka.controller.ZkPartitionStateMachine)
[2025-04-09 23:33:02,716] INFO [Controller id=0] Ready to serve as the new controller with epoch 1 (kafka.controller.KafkaController)
[2025-04-09 23:33:02,730] INFO [Controller id=0] Partitions undergoing preferred replica election:  (kafka.controller.KafkaController)
[2025-04-09 23:33:02,730] INFO [Controller id=0] Partitions that completed preferred replica election:  (kafka.controller.KafkaController)
[2025-04-09 23:33:02,731] INFO [Controller id=0] Skipping preferred replica election for partitions due to topic deletion:  (kafka.controller.KafkaController)
[2025-04-09 23:33:02,732] INFO [Controller id=0] Resuming preferred replica election for partitions:  (kafka.controller.KafkaController)
[2025-04-09 23:33:02,733] INFO [Controller id=0] Starting replica leader election (PREFERRED) for partitions  triggered by ZkTriggered (kafka.controller.KafkaController)
[2025-04-09 23:33:02,760] INFO [Controller id=0] Starting the controller scheduler (kafka.controller.KafkaController)
[2025-04-09 23:33:03,197] INFO [RequestSendThread controllerId=0] Controller 0 connected to DESKTOP-8GKE7FT:9092 (id: 0 rack: null) for sending state change requests (kafka.controller.RequestSendThread)
[2025-04-09 23:33:07,776] INFO [Controller id=0] Processing automatic preferred replica leader election (kafka.controller.KafkaController)
[2025-04-09 23:33:07,778] TRACE [Controller id=0] Checking need to trigger auto leader balancing (kafka.controller.KafkaController)
[2025-04-09 23:33:39,932] INFO [Controller id=0] New topics: [Set(user-avatar-updated)], deleted topics: [HashSet()], new partition replica assignment [Set(TopicIdReplicaAssignment(user-avatar-updated,Some(QdLlb4SORRKDi8uTYXiB5Q),Map(user-avatar-updated-0 -> ReplicaAssignment(replicas=0, addingReplicas=, removingReplicas=))))] (kafka.controller.KafkaController)
[2025-04-09 23:33:39,936] INFO [Controller id=0] New partition creation callback for user-avatar-updated-0 (kafka.controller.KafkaController)
[2025-04-09 23:33:40,265] INFO [Controller id=0] New topics: [Set(user-service-project-created)], deleted topics: [HashSet()], new partition replica assignment [Set(TopicIdReplicaAssignment(user-service-project-created,Some(DxKwpoObQUWsJ_HjIKrVCQ),Map(user-service-project-created-0 -> ReplicaAssignment(replicas=0, addingReplicas=, removingReplicas=))))] (kafka.controller.KafkaController)
[2025-04-09 23:33:40,265] INFO [Controller id=0] New partition creation callback for user-service-project-created-0 (kafka.controller.KafkaController)
[2025-04-09 23:33:40,667] INFO [Controller id=0] New topics: [Set(user-service-invite-members)], deleted topics: [HashSet()], new partition replica assignment [Set(TopicIdReplicaAssignment(user-service-invite-members,Some(8pFGY9MNS-WvKgJqEIzSNQ),Map(user-service-invite-members-0 -> ReplicaAssignment(replicas=0, addingReplicas=, removingReplicas=))))] (kafka.controller.KafkaController)
[2025-04-09 23:33:40,667] INFO [Controller id=0] New partition creation callback for user-service-invite-members-0 (kafka.controller.KafkaController)
[2025-04-09 23:33:41,079] INFO [Controller id=0] New topics: [Set(__consumer_offsets)], deleted topics: [HashSet()], new partition replica assignment [Set(TopicIdReplicaAssignment(__consumer_offsets,Some(8N4vQi83Qmy70rQzflD8aw),HashMap(__consumer_offsets-22 -> ReplicaAssignment(replicas=0, addingReplicas=, removingReplicas=), __consumer_offsets-30 -> ReplicaAssignment(replicas=0, addingReplicas=, removingReplicas=), __consumer_offsets-25 -> ReplicaAssignment(replicas=0, addingReplicas=, removingReplicas=), __consumer_offsets-35 -> ReplicaAssignment(replicas=0, addingReplicas=, removingReplicas=), __consumer_offsets-37 -> ReplicaAssignment(replicas=0, addingReplicas=, removingReplicas=), __consumer_offsets-38 -> ReplicaAssignment(replicas=0, addingReplicas=, removingReplicas=), __consumer_offsets-13 -> ReplicaAssignment(replicas=0, addingReplicas=, removingReplicas=), __consumer_offsets-8 -> ReplicaAssignment(replicas=0, addingReplicas=, removingReplicas=), __consumer_offsets-21 -> ReplicaAssignment(replicas=0, addingReplicas=, removingReplicas=), __consumer_offsets-4 -> ReplicaAssignment(replicas=0, addingReplicas=, removingReplicas=), __consumer_offsets-27 -> ReplicaAssignment(replicas=0, addingReplicas=, removingReplicas=), __consumer_offsets-7 -> ReplicaAssignment(replicas=0, addingReplicas=, removingReplicas=), __consumer_offsets-9 -> ReplicaAssignment(replicas=0, addingReplicas=, removingReplicas=), __consumer_offsets-46 -> ReplicaAssignment(replicas=0, addingReplicas=, removingReplicas=), __consumer_offsets-41 -> ReplicaAssignment(replicas=0, addingReplicas=, removingReplicas=), __consumer_offsets-33 -> ReplicaAssignment(replicas=0, addingReplicas=, removingReplicas=), __consumer_offsets-23 -> ReplicaAssignment(replicas=0, addingReplicas=, removingReplicas=), __consumer_offsets-49 -> ReplicaAssignment(replicas=0, addingReplicas=, removingReplicas=), __consumer_offsets-47 -> ReplicaAssignment(replicas=0, addingReplicas=, removingReplicas=), __consumer_offsets-16 -> ReplicaAssignment(replicas=0, addingReplicas=, removingReplicas=), __consumer_offsets-28 -> ReplicaAssignment(replicas=0, addingReplicas=, removingReplicas=), __consumer_offsets-31 -> ReplicaAssignment(replicas=0, addingReplicas=, removingReplicas=), __consumer_offsets-36 -> ReplicaAssignment(replicas=0, addingReplicas=, removingReplicas=), __consumer_offsets-42 -> ReplicaAssignment(replicas=0, addingReplicas=, removingReplicas=), __consumer_offsets-3 -> ReplicaAssignment(replicas=0, addingReplicas=, removingReplicas=), __consumer_offsets-18 -> ReplicaAssignment(replicas=0, addingReplicas=, removingReplicas=), __consumer_offsets-15 -> ReplicaAssignment(replicas=0, addingReplicas=, removingReplicas=), __consumer_offsets-24 -> ReplicaAssignment(replicas=0, addingReplicas=, removingReplicas=), __consumer_offsets-17 -> ReplicaAssignment(replicas=0, addingReplicas=, removingReplicas=), __consumer_offsets-48 -> ReplicaAssignment(replicas=0, addingReplicas=, removingReplicas=), __consumer_offsets-19 -> ReplicaAssignment(replicas=0, addingReplicas=, removingReplicas=), __consumer_offsets-11 -> ReplicaAssignment(replicas=0, addingReplicas=, removingReplicas=), __consumer_offsets-2 -> ReplicaAssignment(replicas=0, addingReplicas=, removingReplicas=), __consumer_offsets-43 -> ReplicaAssignment(replicas=0, addingReplicas=, removingReplicas=), __consumer_offsets-6 -> ReplicaAssignment(replicas=0, addingReplicas=, removingReplicas=), __consumer_offsets-14 -> ReplicaAssignment(replicas=0, addingReplicas=, removingReplicas=), __consumer_offsets-20 -> ReplicaAssignment(replicas=0, addingReplicas=, removingReplicas=), __consumer_offsets-0 -> ReplicaAssignment(replicas=0, addingReplicas=, removingReplicas=), __consumer_offsets-44 -> ReplicaAssignment(replicas=0, addingReplicas=, removingReplicas=), __consumer_offsets-39 -> ReplicaAssignment(replicas=0, addingReplicas=, removingReplicas=), __consumer_offsets-12 -> ReplicaAssignment(replicas=0, addingReplicas=, removingReplicas=), __consumer_offsets-45 -> ReplicaAssignment(replicas=0, addingReplicas=, removingReplicas=), __consumer_offsets-1 -> ReplicaAssignment(replicas=0, addingReplicas=, removingReplicas=), __consumer_offsets-5 -> ReplicaAssignment(replicas=0, addingReplicas=, removingReplicas=), __consumer_offsets-26 -> ReplicaAssignment(replicas=0, addingReplicas=, removingReplicas=), __consumer_offsets-29 -> ReplicaAssignment(replicas=0, addingReplicas=, removingReplicas=), __consumer_offsets-34 -> ReplicaAssignment(replicas=0, addingReplicas=, removingReplicas=), __consumer_offsets-10 -> ReplicaAssignment(replicas=0, addingReplicas=, removingReplicas=), __consumer_offsets-32 -> ReplicaAssignment(replicas=0, addingReplicas=, removingReplicas=), __consumer_offsets-40 -> ReplicaAssignment(replicas=0, addingReplicas=, removingReplicas=))))] (kafka.controller.KafkaController)
[2025-04-09 23:33:41,081] INFO [Controller id=0] New partition creation callback for __consumer_offsets-22,__consumer_offsets-30,__consumer_offsets-25,__consumer_offsets-35,__consumer_offsets-37,__consumer_offsets-38,__consumer_offsets-13,__consumer_offsets-8,__consumer_offsets-21,__consumer_offsets-4,__consumer_offsets-27,__consumer_offsets-7,__consumer_offsets-9,__consumer_offsets-46,__consumer_offsets-41,__consumer_offsets-33,__consumer_offsets-23,__consumer_offsets-49,__consumer_offsets-47,__consumer_offsets-16,__consumer_offsets-28,__consumer_offsets-31,__consumer_offsets-36,__consumer_offsets-42,__consumer_offsets-3,__consumer_offsets-18,__consumer_offsets-15,__consumer_offsets-24,__consumer_offsets-17,__consumer_offsets-48,__consumer_offsets-19,__consumer_offsets-11,__consumer_offsets-2,__consumer_offsets-43,__consumer_offsets-6,__consumer_offsets-14,__consumer_offsets-20,__consumer_offsets-0,__consumer_offsets-44,__consumer_offsets-39,__consumer_offsets-12,__consumer_offsets-45,__consumer_offsets-1,__consumer_offsets-5,__consumer_offsets-26,__consumer_offsets-29,__consumer_offsets-34,__consumer_offsets-10,__consumer_offsets-32,__consumer_offsets-40 (kafka.controller.KafkaController)
[2025-04-09 23:34:40,490] INFO [Controller id=0] New topics: [HashSet(team-service-topic)], deleted topics: [HashSet()], new partition replica assignment [Set(TopicIdReplicaAssignment(team-service-topic,Some(MrWMV7tzSFO7nv_2spbTjQ),Map(team-service-topic-0 -> ReplicaAssignment(replicas=0, addingReplicas=, removingReplicas=))))] (kafka.controller.KafkaController)
[2025-04-09 23:34:40,490] INFO [Controller id=0] New partition creation callback for team-service-topic-0 (kafka.controller.KafkaController)
[2025-04-09 23:34:40,847] INFO [Controller id=0] New topics: [HashSet(team-service-invite-members)], deleted topics: [HashSet()], new partition replica assignment [Set(TopicIdReplicaAssignment(team-service-invite-members,Some(ahiZ1TKLTrmmpnbL63H8zQ),Map(team-service-invite-members-0 -> ReplicaAssignment(replicas=0, addingReplicas=, removingReplicas=))))] (kafka.controller.KafkaController)
[2025-04-09 23:34:40,847] INFO [Controller id=0] New partition creation callback for team-service-invite-members-0 (kafka.controller.KafkaController)
[2025-04-09 23:34:41,169] INFO [Controller id=0] New topics: [HashSet(google-data-topic)], deleted topics: [HashSet()], new partition replica assignment [Set(TopicIdReplicaAssignment(google-data-topic,Some(gEsq3R_KS2qjQJLKmhHeIg),Map(google-data-topic-0 -> ReplicaAssignment(replicas=0, addingReplicas=, removingReplicas=))))] (kafka.controller.KafkaController)
[2025-04-09 23:34:41,169] INFO [Controller id=0] New partition creation callback for google-data-topic-0 (kafka.controller.KafkaController)
[2025-04-09 23:38:07,796] INFO [Controller id=0] Processing automatic preferred replica leader election (kafka.controller.KafkaController)
[2025-04-09 23:38:07,797] TRACE [Controller id=0] Checking need to trigger auto leader balancing (kafka.controller.KafkaController)
[2025-04-09 23:38:07,811] DEBUG [Controller id=0] Topics not in preferred replica for broker 0 HashMap() (kafka.controller.KafkaController)
[2025-04-09 23:38:07,815] TRACE [Controller id=0] Leader imbalance ratio for broker 0 is 0.0 (kafka.controller.KafkaController)
[2025-04-09 23:43:07,818] INFO [Controller id=0] Processing automatic preferred replica leader election (kafka.controller.KafkaController)
[2025-04-09 23:43:07,820] TRACE [Controller id=0] Checking need to trigger auto leader balancing (kafka.controller.KafkaController)
[2025-04-09 23:43:07,831] DEBUG [Controller id=0] Topics not in preferred replica for broker 0 HashMap() (kafka.controller.KafkaController)
[2025-04-09 23:43:07,831] TRACE [Controller id=0] Leader imbalance ratio for broker 0 is 0.0 (kafka.controller.KafkaController)
[2025-04-09 23:48:07,845] INFO [Controller id=0] Processing automatic preferred replica leader election (kafka.controller.KafkaController)
[2025-04-09 23:48:07,845] TRACE [Controller id=0] Checking need to trigger auto leader balancing (kafka.controller.KafkaController)
[2025-04-09 23:48:07,847] DEBUG [Controller id=0] Topics not in preferred replica for broker 0 HashMap() (kafka.controller.KafkaController)
[2025-04-09 23:48:07,847] TRACE [Controller id=0] Leader imbalance ratio for broker 0 is 0.0 (kafka.controller.KafkaController)
[2025-04-09 23:53:07,861] INFO [Controller id=0] Processing automatic preferred replica leader election (kafka.controller.KafkaController)
[2025-04-09 23:53:07,862] TRACE [Controller id=0] Checking need to trigger auto leader balancing (kafka.controller.KafkaController)
[2025-04-09 23:53:07,884] DEBUG [Controller id=0] Topics not in preferred replica for broker 0 HashMap() (kafka.controller.KafkaController)
[2025-04-09 23:53:07,885] TRACE [Controller id=0] Leader imbalance ratio for broker 0 is 0.0 (kafka.controller.KafkaController)
[2025-04-09 23:58:07,903] INFO [Controller id=0] Processing automatic preferred replica leader election (kafka.controller.KafkaController)
[2025-04-09 23:58:07,903] TRACE [Controller id=0] Checking need to trigger auto leader balancing (kafka.controller.KafkaController)
[2025-04-09 23:58:07,905] DEBUG [Controller id=0] Topics not in preferred replica for broker 0 HashMap() (kafka.controller.KafkaController)
[2025-04-09 23:58:07,905] TRACE [Controller id=0] Leader imbalance ratio for broker 0 is 0.0 (kafka.controller.KafkaController)
[2025-04-10 00:03:07,918] INFO [Controller id=0] Processing automatic preferred replica leader election (kafka.controller.KafkaController)
[2025-04-10 00:03:07,966] TRACE [Controller id=0] Checking need to trigger auto leader balancing (kafka.controller.KafkaController)
[2025-04-10 00:03:07,969] DEBUG [Controller id=0] Topics not in preferred replica for broker 0 HashMap() (kafka.controller.KafkaController)
[2025-04-10 00:03:07,969] TRACE [Controller id=0] Leader imbalance ratio for broker 0 is 0.0 (kafka.controller.KafkaController)
[2025-04-10 00:08:07,984] INFO [Controller id=0] Processing automatic preferred replica leader election (kafka.controller.KafkaController)
[2025-04-10 00:08:07,986] TRACE [Controller id=0] Checking need to trigger auto leader balancing (kafka.controller.KafkaController)
[2025-04-10 00:08:07,988] DEBUG [Controller id=0] Topics not in preferred replica for broker 0 HashMap() (kafka.controller.KafkaController)
[2025-04-10 00:08:07,988] TRACE [Controller id=0] Leader imbalance ratio for broker 0 is 0.0 (kafka.controller.KafkaController)
[2025-04-10 00:13:08,015] INFO [Controller id=0] Processing automatic preferred replica leader election (kafka.controller.KafkaController)
[2025-04-10 00:13:08,016] TRACE [Controller id=0] Checking need to trigger auto leader balancing (kafka.controller.KafkaController)
[2025-04-10 00:13:08,019] DEBUG [Controller id=0] Topics not in preferred replica for broker 0 HashMap() (kafka.controller.KafkaController)
[2025-04-10 00:13:08,019] TRACE [Controller id=0] Leader imbalance ratio for broker 0 is 0.0 (kafka.controller.KafkaController)
[2025-04-10 00:17:28,547] DEBUG [Controller id=0] Resigning (kafka.controller.KafkaController)
[2025-04-10 00:17:28,552] DEBUG [Controller id=0] Unregister BrokerModifications handler for Set(0) (kafka.controller.KafkaController)
[2025-04-10 00:17:28,565] INFO [PartitionStateMachine controllerId=0] Stopped partition state machine (kafka.controller.ZkPartitionStateMachine)
[2025-04-10 00:17:28,580] INFO [ReplicaStateMachine controllerId=0] Stopped replica state machine (kafka.controller.ZkReplicaStateMachine)
[2025-04-10 00:17:28,588] INFO [RequestSendThread controllerId=0] Shutting down (kafka.controller.RequestSendThread)
[2025-04-10 00:17:28,592] INFO [RequestSendThread controllerId=0] Shutdown completed (kafka.controller.RequestSendThread)
[2025-04-10 00:17:28,593] INFO [RequestSendThread controllerId=0] Stopped (kafka.controller.RequestSendThread)
[2025-04-10 00:17:28,616] INFO [Controller id=0] Resigned (kafka.controller.KafkaController)
[2025-04-10 00:17:28,995] INFO [Controller id=0] 0 successfully elected as the controller. Epoch incremented to 2 and epoch zk version is now 2 (kafka.controller.KafkaController)
[2025-04-10 00:17:29,000] INFO [Controller id=0] Registering handlers (kafka.controller.KafkaController)
[2025-04-10 00:17:29,007] INFO [Controller id=0] Deleting log dir event notifications (kafka.controller.KafkaController)
[2025-04-10 00:17:29,011] INFO [Controller id=0] Deleting isr change notifications (kafka.controller.KafkaController)
[2025-04-10 00:17:29,018] INFO [Controller id=0] Initializing controller context (kafka.controller.KafkaController)
[2025-04-10 00:17:29,044] INFO [Controller id=0] Initialized broker epochs cache: HashMap(0 -> 172) (kafka.controller.KafkaController)
[2025-04-10 00:17:29,100] DEBUG [Controller id=0] Register BrokerModifications handler for Set(0) (kafka.controller.KafkaController)
[2025-04-10 00:17:29,208] DEBUG [Channel manager on controller 0]: Controller 0 trying to connect to broker 0 (kafka.controller.ControllerChannelManager)
[2025-04-10 00:17:29,242] INFO [Controller id=0] Currently active brokers in the cluster: Set(0) (kafka.controller.KafkaController)
[2025-04-10 00:17:29,243] INFO [Controller id=0] Currently shutting brokers in the cluster: HashSet() (kafka.controller.KafkaController)
[2025-04-10 00:17:29,243] INFO [Controller id=0] Current list of topics in the cluster: HashSet(user-service-invite-members, user-avatar-updated, team-service-topic, google-data-topic, user-service-project-created, __consumer_offsets, team-service-invite-members) (kafka.controller.KafkaController)
[2025-04-10 00:17:29,243] INFO [Controller id=0] Fetching topic deletions in progress (kafka.controller.KafkaController)
[2025-04-10 00:17:29,264] INFO [Controller id=0] List of topics to be deleted:  (kafka.controller.KafkaController)
[2025-04-10 00:17:29,265] INFO [Controller id=0] List of topics ineligible for deletion:  (kafka.controller.KafkaController)
[2025-04-10 00:17:29,266] INFO [Controller id=0] Initializing topic deletion manager (kafka.controller.KafkaController)
[2025-04-10 00:17:29,266] INFO [Topic Deletion Manager 0] Initializing manager with initial deletions: Set(), initial ineligible deletions: HashSet() (kafka.controller.TopicDeletionManager)
[2025-04-10 00:17:29,268] INFO [Controller id=0] Sending update metadata request (kafka.controller.KafkaController)
[2025-04-10 00:17:29,279] INFO [RequestSendThread controllerId=0] Starting (kafka.controller.RequestSendThread)
[2025-04-10 00:17:29,296] INFO [ReplicaStateMachine controllerId=0] Initializing replica state (kafka.controller.ZkReplicaStateMachine)
[2025-04-10 00:17:29,301] INFO [ReplicaStateMachine controllerId=0] Triggering online replica state changes (kafka.controller.ZkReplicaStateMachine)
[2025-04-10 00:17:29,302] INFO [RequestSendThread controllerId=0] Controller 0 connected to DESKTOP-8GKE7FT:9092 (id: 0 rack: null) for sending state change requests (kafka.controller.RequestSendThread)
[2025-04-10 00:17:29,335] INFO [ReplicaStateMachine controllerId=0] Triggering offline replica state changes (kafka.controller.ZkReplicaStateMachine)
[2025-04-10 00:17:29,336] DEBUG [ReplicaStateMachine controllerId=0] Started replica state machine with initial state -> HashMap([Topic=__consumer_offsets,Partition=40,Replica=0] -> OnlineReplica, [Topic=__consumer_offsets,Partition=27,Replica=0] -> OnlineReplica, [Topic=__consumer_offsets,Partition=49,Replica=0] -> OnlineReplica, [Topic=user-avatar-updated,Partition=0,Replica=0] -> OnlineReplica, [Topic=__consumer_offsets,Partition=47,Replica=0] -> OnlineReplica, [Topic=__consumer_offsets,Partition=3,Replica=0] -> OnlineReplica, [Topic=__consumer_offsets,Partition=18,Replica=0] -> OnlineReplica, [Topic=__consumer_offsets,Partition=44,Replica=0] -> OnlineReplica, [Topic=__consumer_offsets,Partition=8,Replica=0] -> OnlineReplica, [Topic=user-service-project-created,Partition=0,Replica=0] -> OnlineReplica, [Topic=__consumer_offsets,Partition=34,Replica=0] -> OnlineReplica, [Topic=__consumer_offsets,Partition=25,Replica=0] -> OnlineReplica, [Topic=user-service-invite-members,Partition=0,Replica=0] -> OnlineReplica, [Topic=__consumer_offsets,Partition=14,Replica=0] -> OnlineReplica, [Topic=__consumer_offsets,Partition=24,Replica=0] -> OnlineReplica, [Topic=__consumer_offsets,Partition=36,Replica=0] -> OnlineReplica, [Topic=__consumer_offsets,Partition=42,Replica=0] -> OnlineReplica, [Topic=__consumer_offsets,Partition=45,Replica=0] -> OnlineReplica, [Topic=__consumer_offsets,Partition=11,Replica=0] -> OnlineReplica, [Topic=__consumer_offsets,Partition=32,Replica=0] -> OnlineReplica, [Topic=__consumer_offsets,Partition=12,Replica=0] -> OnlineReplica, [Topic=__consumer_offsets,Partition=30,Replica=0] -> OnlineReplica, [Topic=__consumer_offsets,Partition=9,Replica=0] -> OnlineReplica, [Topic=google-data-topic,Partition=0,Replica=0] -> OnlineReplica, [Topic=__consumer_offsets,Partition=39,Replica=0] -> OnlineReplica, [Topic=__consumer_offsets,Partition=38,Replica=0] -> OnlineReplica, [Topic=__consumer_offsets,Partition=23,Replica=0] -> OnlineReplica, [Topic=__consumer_offsets,Partition=19,Replica=0] -> OnlineReplica, [Topic=__consumer_offsets,Partition=17,Replica=0] -> OnlineReplica, [Topic=__consumer_offsets,Partition=41,Replica=0] -> OnlineReplica, [Topic=__consumer_offsets,Partition=37,Replica=0] -> OnlineReplica, [Topic=__consumer_offsets,Partition=48,Replica=0] -> OnlineReplica, [Topic=__consumer_offsets,Partition=29,Replica=0] -> OnlineReplica, [Topic=team-service-invite-members,Partition=0,Replica=0] -> OnlineReplica, [Topic=__consumer_offsets,Partition=10,Replica=0] -> OnlineReplica, [Topic=__consumer_offsets,Partition=46,Replica=0] -> OnlineReplica, [Topic=__consumer_offsets,Partition=1,Replica=0] -> OnlineReplica, [Topic=team-service-topic,Partition=0,Replica=0] -> OnlineReplica, [Topic=__consumer_offsets,Partition=16,Replica=0] -> OnlineReplica, [Topic=__consumer_offsets,Partition=5,Replica=0] -> OnlineReplica, [Topic=__consumer_offsets,Partition=15,Replica=0] -> OnlineReplica, [Topic=__consumer_offsets,Partition=4,Replica=0] -> OnlineReplica, [Topic=__consumer_offsets,Partition=6,Replica=0] -> OnlineReplica, [Topic=__consumer_offsets,Partition=7,Replica=0] -> OnlineReplica, [Topic=__consumer_offsets,Partition=43,Replica=0] -> OnlineReplica, [Topic=__consumer_offsets,Partition=0,Replica=0] -> OnlineReplica, [Topic=__consumer_offsets,Partition=20,Replica=0] -> OnlineReplica, [Topic=__consumer_offsets,Partition=31,Replica=0] -> OnlineReplica, [Topic=__consumer_offsets,Partition=28,Replica=0] -> OnlineReplica, [Topic=__consumer_offsets,Partition=26,Replica=0] -> OnlineReplica, [Topic=__consumer_offsets,Partition=2,Replica=0] -> OnlineReplica, [Topic=__consumer_offsets,Partition=33,Replica=0] -> OnlineReplica, [Topic=__consumer_offsets,Partition=22,Replica=0] -> OnlineReplica, [Topic=__consumer_offsets,Partition=21,Replica=0] -> OnlineReplica, [Topic=__consumer_offsets,Partition=13,Replica=0] -> OnlineReplica, [Topic=__consumer_offsets,Partition=35,Replica=0] -> OnlineReplica) (kafka.controller.ZkReplicaStateMachine)
[2025-04-10 00:17:29,337] INFO [PartitionStateMachine controllerId=0] Initializing partition state (kafka.controller.ZkPartitionStateMachine)
[2025-04-10 00:17:29,338] INFO [PartitionStateMachine controllerId=0] Triggering online partition state changes (kafka.controller.ZkPartitionStateMachine)
[2025-04-10 00:17:29,339] DEBUG [PartitionStateMachine controllerId=0] Started partition state machine with initial state -> HashMap(__consumer_offsets-13 -> OnlinePartition, __consumer_offsets-46 -> OnlinePartition, __consumer_offsets-9 -> OnlinePartition, __consumer_offsets-42 -> OnlinePartition, __consumer_offsets-21 -> OnlinePartition, user-service-project-created-0 -> OnlinePartition, __consumer_offsets-17 -> OnlinePartition, __consumer_offsets-30 -> OnlinePartition, __consumer_offsets-26 -> OnlinePartition, __consumer_offsets-5 -> OnlinePartition, __consumer_offsets-38 -> OnlinePartition, __consumer_offsets-1 -> OnlinePartition, __consumer_offsets-34 -> OnlinePartition, __consumer_offsets-16 -> OnlinePartition, __consumer_offsets-45 -> OnlinePartition, team-service-topic-0 -> OnlinePartition, __consumer_offsets-12 -> OnlinePartition, __consumer_offsets-41 -> OnlinePartition, __consumer_offsets-24 -> OnlinePartition, team-service-invite-members-0 -> OnlinePartition, __consumer_offsets-20 -> OnlinePartition, __consumer_offsets-49 -> OnlinePartition, __consumer_offsets-0 -> OnlinePartition, __consumer_offsets-29 -> OnlinePartition, __consumer_offsets-25 -> OnlinePartition, __consumer_offsets-8 -> OnlinePartition, __consumer_offsets-37 -> OnlinePartition, __consumer_offsets-4 -> OnlinePartition, __consumer_offsets-33 -> OnlinePartition, __consumer_offsets-15 -> OnlinePartition, __consumer_offsets-48 -> OnlinePartition, __consumer_offsets-11 -> OnlinePartition, __consumer_offsets-44 -> OnlinePartition, __consumer_offsets-23 -> OnlinePartition, __consumer_offsets-19 -> OnlinePartition, __consumer_offsets-32 -> OnlinePartition, __consumer_offsets-28 -> OnlinePartition, __consumer_offsets-7 -> OnlinePartition, __consumer_offsets-40 -> OnlinePartition, __consumer_offsets-3 -> OnlinePartition, __consumer_offsets-36 -> OnlinePartition, user-service-invite-members-0 -> OnlinePartition, __consumer_offsets-47 -> OnlinePartition, __consumer_offsets-14 -> OnlinePartition, __consumer_offsets-43 -> OnlinePartition, __consumer_offsets-10 -> OnlinePartition, google-data-topic-0 -> OnlinePartition, __consumer_offsets-22 -> OnlinePartition, __consumer_offsets-18 -> OnlinePartition, __consumer_offsets-31 -> OnlinePartition, user-avatar-updated-0 -> OnlinePartition, __consumer_offsets-27 -> OnlinePartition, __consumer_offsets-39 -> OnlinePartition, __consumer_offsets-6 -> OnlinePartition, __consumer_offsets-35 -> OnlinePartition, __consumer_offsets-2 -> OnlinePartition) (kafka.controller.ZkPartitionStateMachine)
[2025-04-10 00:17:29,339] INFO [Controller id=0] Ready to serve as the new controller with epoch 2 (kafka.controller.KafkaController)
[2025-04-10 00:17:29,342] INFO [Controller id=0] Partitions undergoing preferred replica election:  (kafka.controller.KafkaController)
[2025-04-10 00:17:29,342] INFO [Controller id=0] Partitions that completed preferred replica election:  (kafka.controller.KafkaController)
[2025-04-10 00:17:29,342] INFO [Controller id=0] Skipping preferred replica election for partitions due to topic deletion:  (kafka.controller.KafkaController)
[2025-04-10 00:17:29,342] INFO [Controller id=0] Resuming preferred replica election for partitions:  (kafka.controller.KafkaController)
[2025-04-10 00:17:29,342] INFO [Controller id=0] Starting replica leader election (PREFERRED) for partitions  triggered by ZkTriggered (kafka.controller.KafkaController)
[2025-04-10 00:17:29,350] INFO [Controller id=0] Starting the controller scheduler (kafka.controller.KafkaController)
[2025-04-10 00:17:34,359] INFO [Controller id=0] Processing automatic preferred replica leader election (kafka.controller.KafkaController)
[2025-04-10 00:17:34,359] TRACE [Controller id=0] Checking need to trigger auto leader balancing (kafka.controller.KafkaController)
[2025-04-10 00:17:34,360] DEBUG [Controller id=0] Topics not in preferred replica for broker 0 HashMap() (kafka.controller.KafkaController)
[2025-04-10 00:17:34,361] TRACE [Controller id=0] Leader imbalance ratio for broker 0 is 0.0 (kafka.controller.KafkaController)
[2025-04-10 00:22:34,376] INFO [Controller id=0] Processing automatic preferred replica leader election (kafka.controller.KafkaController)
[2025-04-10 00:22:34,376] TRACE [Controller id=0] Checking need to trigger auto leader balancing (kafka.controller.KafkaController)
[2025-04-10 00:22:34,377] DEBUG [Controller id=0] Topics not in preferred replica for broker 0 HashMap() (kafka.controller.KafkaController)
[2025-04-10 00:22:34,377] TRACE [Controller id=0] Leader imbalance ratio for broker 0 is 0.0 (kafka.controller.KafkaController)
[2025-04-10 00:27:34,386] INFO [Controller id=0] Processing automatic preferred replica leader election (kafka.controller.KafkaController)
[2025-04-10 00:27:34,386] TRACE [Controller id=0] Checking need to trigger auto leader balancing (kafka.controller.KafkaController)
[2025-04-10 00:27:34,406] DEBUG [Controller id=0] Topics not in preferred replica for broker 0 HashMap() (kafka.controller.KafkaController)
[2025-04-10 00:27:34,406] TRACE [Controller id=0] Leader imbalance ratio for broker 0 is 0.0 (kafka.controller.KafkaController)
[2025-04-10 00:32:34,409] INFO [Controller id=0] Processing automatic preferred replica leader election (kafka.controller.KafkaController)
[2025-04-10 00:32:34,409] TRACE [Controller id=0] Checking need to trigger auto leader balancing (kafka.controller.KafkaController)
[2025-04-10 00:32:34,411] DEBUG [Controller id=0] Topics not in preferred replica for broker 0 HashMap() (kafka.controller.KafkaController)
[2025-04-10 00:32:34,411] TRACE [Controller id=0] Leader imbalance ratio for broker 0 is 0.0 (kafka.controller.KafkaController)
[2025-04-10 00:37:34,436] INFO [Controller id=0] Processing automatic preferred replica leader election (kafka.controller.KafkaController)
[2025-04-10 00:37:34,436] TRACE [Controller id=0] Checking need to trigger auto leader balancing (kafka.controller.KafkaController)
[2025-04-10 00:37:34,438] DEBUG [Controller id=0] Topics not in preferred replica for broker 0 HashMap() (kafka.controller.KafkaController)
[2025-04-10 00:37:34,438] TRACE [Controller id=0] Leader imbalance ratio for broker 0 is 0.0 (kafka.controller.KafkaController)
[2025-04-10 00:42:34,453] INFO [Controller id=0] Processing automatic preferred replica leader election (kafka.controller.KafkaController)
[2025-04-10 00:42:34,453] TRACE [Controller id=0] Checking need to trigger auto leader balancing (kafka.controller.KafkaController)
[2025-04-10 00:42:34,454] DEBUG [Controller id=0] Topics not in preferred replica for broker 0 HashMap() (kafka.controller.KafkaController)
[2025-04-10 00:42:34,454] TRACE [Controller id=0] Leader imbalance ratio for broker 0 is 0.0 (kafka.controller.KafkaController)
[2025-04-10 00:47:34,460] INFO [Controller id=0] Processing automatic preferred replica leader election (kafka.controller.KafkaController)
[2025-04-10 00:47:34,460] TRACE [Controller id=0] Checking need to trigger auto leader balancing (kafka.controller.KafkaController)
[2025-04-10 00:47:34,462] DEBUG [Controller id=0] Topics not in preferred replica for broker 0 HashMap() (kafka.controller.KafkaController)
[2025-04-10 00:47:34,462] TRACE [Controller id=0] Leader imbalance ratio for broker 0 is 0.0 (kafka.controller.KafkaController)
[2025-04-10 00:52:34,469] INFO [Controller id=0] Processing automatic preferred replica leader election (kafka.controller.KafkaController)
[2025-04-10 00:52:34,469] TRACE [Controller id=0] Checking need to trigger auto leader balancing (kafka.controller.KafkaController)
[2025-04-10 00:52:34,471] DEBUG [Controller id=0] Topics not in preferred replica for broker 0 HashMap() (kafka.controller.KafkaController)
[2025-04-10 00:52:34,471] TRACE [Controller id=0] Leader imbalance ratio for broker 0 is 0.0 (kafka.controller.KafkaController)
[2025-04-10 00:57:34,532] INFO [Controller id=0] Processing automatic preferred replica leader election (kafka.controller.KafkaController)
[2025-04-10 00:57:34,532] TRACE [Controller id=0] Checking need to trigger auto leader balancing (kafka.controller.KafkaController)
[2025-04-10 00:57:34,533] DEBUG [Controller id=0] Topics not in preferred replica for broker 0 HashMap() (kafka.controller.KafkaController)
[2025-04-10 00:57:34,533] TRACE [Controller id=0] Leader imbalance ratio for broker 0 is 0.0 (kafka.controller.KafkaController)
[2025-04-10 01:02:34,545] INFO [Controller id=0] Processing automatic preferred replica leader election (kafka.controller.KafkaController)
[2025-04-10 01:02:34,567] TRACE [Controller id=0] Checking need to trigger auto leader balancing (kafka.controller.KafkaController)
[2025-04-10 01:02:34,567] DEBUG [Controller id=0] Topics not in preferred replica for broker 0 HashMap() (kafka.controller.KafkaController)
[2025-04-10 01:02:34,567] TRACE [Controller id=0] Leader imbalance ratio for broker 0 is 0.0 (kafka.controller.KafkaController)
[2025-04-10 01:07:34,570] INFO [Controller id=0] Processing automatic preferred replica leader election (kafka.controller.KafkaController)
[2025-04-10 01:07:34,570] TRACE [Controller id=0] Checking need to trigger auto leader balancing (kafka.controller.KafkaController)
[2025-04-10 01:07:34,571] DEBUG [Controller id=0] Topics not in preferred replica for broker 0 HashMap() (kafka.controller.KafkaController)
[2025-04-10 01:07:34,571] TRACE [Controller id=0] Leader imbalance ratio for broker 0 is 0.0 (kafka.controller.KafkaController)
[2025-04-10 01:12:34,578] INFO [Controller id=0] Processing automatic preferred replica leader election (kafka.controller.KafkaController)
[2025-04-10 01:12:34,578] TRACE [Controller id=0] Checking need to trigger auto leader balancing (kafka.controller.KafkaController)
[2025-04-10 01:12:34,578] DEBUG [Controller id=0] Topics not in preferred replica for broker 0 HashMap() (kafka.controller.KafkaController)
[2025-04-10 01:12:34,578] TRACE [Controller id=0] Leader imbalance ratio for broker 0 is 0.0 (kafka.controller.KafkaController)
[2025-04-10 01:17:34,580] INFO [Controller id=0] Processing automatic preferred replica leader election (kafka.controller.KafkaController)
[2025-04-10 01:17:34,580] TRACE [Controller id=0] Checking need to trigger auto leader balancing (kafka.controller.KafkaController)
[2025-04-10 01:17:34,582] DEBUG [Controller id=0] Topics not in preferred replica for broker 0 HashMap() (kafka.controller.KafkaController)
[2025-04-10 01:17:34,582] TRACE [Controller id=0] Leader imbalance ratio for broker 0 is 0.0 (kafka.controller.KafkaController)
[2025-04-10 01:22:34,583] INFO [Controller id=0] Processing automatic preferred replica leader election (kafka.controller.KafkaController)
[2025-04-10 01:22:34,583] TRACE [Controller id=0] Checking need to trigger auto leader balancing (kafka.controller.KafkaController)
[2025-04-10 01:22:34,584] DEBUG [Controller id=0] Topics not in preferred replica for broker 0 HashMap() (kafka.controller.KafkaController)
[2025-04-10 01:22:34,584] TRACE [Controller id=0] Leader imbalance ratio for broker 0 is 0.0 (kafka.controller.KafkaController)
[2025-04-10 01:27:34,586] INFO [Controller id=0] Processing automatic preferred replica leader election (kafka.controller.KafkaController)
[2025-04-10 01:27:34,586] TRACE [Controller id=0] Checking need to trigger auto leader balancing (kafka.controller.KafkaController)
[2025-04-10 01:27:34,586] DEBUG [Controller id=0] Topics not in preferred replica for broker 0 HashMap() (kafka.controller.KafkaController)
[2025-04-10 01:27:34,586] TRACE [Controller id=0] Leader imbalance ratio for broker 0 is 0.0 (kafka.controller.KafkaController)
[2025-04-10 01:32:34,605] INFO [Controller id=0] Processing automatic preferred replica leader election (kafka.controller.KafkaController)
[2025-04-10 01:32:34,605] TRACE [Controller id=0] Checking need to trigger auto leader balancing (kafka.controller.KafkaController)
[2025-04-10 01:32:34,607] DEBUG [Controller id=0] Topics not in preferred replica for broker 0 HashMap() (kafka.controller.KafkaController)
[2025-04-10 01:32:34,607] TRACE [Controller id=0] Leader imbalance ratio for broker 0 is 0.0 (kafka.controller.KafkaController)
[2025-04-10 01:37:34,610] INFO [Controller id=0] Processing automatic preferred replica leader election (kafka.controller.KafkaController)
[2025-04-10 01:37:34,610] TRACE [Controller id=0] Checking need to trigger auto leader balancing (kafka.controller.KafkaController)
[2025-04-10 01:37:34,611] DEBUG [Controller id=0] Topics not in preferred replica for broker 0 HashMap() (kafka.controller.KafkaController)
[2025-04-10 01:37:34,611] TRACE [Controller id=0] Leader imbalance ratio for broker 0 is 0.0 (kafka.controller.KafkaController)
[2025-04-10 01:42:34,625] INFO [Controller id=0] Processing automatic preferred replica leader election (kafka.controller.KafkaController)
[2025-04-10 01:42:34,625] TRACE [Controller id=0] Checking need to trigger auto leader balancing (kafka.controller.KafkaController)
[2025-04-10 01:42:34,626] DEBUG [Controller id=0] Topics not in preferred replica for broker 0 HashMap() (kafka.controller.KafkaController)
[2025-04-10 01:42:34,626] TRACE [Controller id=0] Leader imbalance ratio for broker 0 is 0.0 (kafka.controller.KafkaController)
[2025-04-10 16:39:04,397] INFO [ControllerEventThread controllerId=0] Starting (kafka.controller.ControllerEventManager$ControllerEventThread)
[2025-04-10 16:39:04,423] INFO [Controller id=0] 0 successfully elected as the controller. Epoch incremented to 3 and epoch zk version is now 3 (kafka.controller.KafkaController)
[2025-04-10 16:39:04,426] INFO [Controller id=0] Registering handlers (kafka.controller.KafkaController)
[2025-04-10 16:39:04,429] INFO [Controller id=0] Deleting log dir event notifications (kafka.controller.KafkaController)
[2025-04-10 16:39:04,432] INFO [Controller id=0] Deleting isr change notifications (kafka.controller.KafkaController)
[2025-04-10 16:39:04,435] INFO [Controller id=0] Initializing controller context (kafka.controller.KafkaController)
[2025-04-10 16:39:04,444] INFO [Controller id=0] Initialized broker epochs cache: HashMap(0 -> 191) (kafka.controller.KafkaController)
[2025-04-10 16:39:04,465] DEBUG [Controller id=0] Register BrokerModifications handler for Set(0) (kafka.controller.KafkaController)
[2025-04-10 16:39:04,523] DEBUG [Channel manager on controller 0]: Controller 0 trying to connect to broker 0 (kafka.controller.ControllerChannelManager)
[2025-04-10 16:39:04,547] INFO [RequestSendThread controllerId=0] Starting (kafka.controller.RequestSendThread)
[2025-04-10 16:39:04,548] INFO [Controller id=0] Currently active brokers in the cluster: Set(0) (kafka.controller.KafkaController)
[2025-04-10 16:39:04,548] INFO [Controller id=0] Currently shutting brokers in the cluster: HashSet() (kafka.controller.KafkaController)
[2025-04-10 16:39:04,548] INFO [Controller id=0] Current list of topics in the cluster: HashSet(user-service-invite-members, user-avatar-updated, team-service-topic, google-data-topic, user-service-project-created, __consumer_offsets, team-service-invite-members) (kafka.controller.KafkaController)
[2025-04-10 16:39:04,549] INFO [Controller id=0] Fetching topic deletions in progress (kafka.controller.KafkaController)
[2025-04-10 16:39:04,553] INFO [Controller id=0] List of topics to be deleted:  (kafka.controller.KafkaController)
[2025-04-10 16:39:04,554] INFO [Controller id=0] List of topics ineligible for deletion:  (kafka.controller.KafkaController)
[2025-04-10 16:39:04,554] INFO [Controller id=0] Initializing topic deletion manager (kafka.controller.KafkaController)
[2025-04-10 16:39:04,554] INFO [Topic Deletion Manager 0] Initializing manager with initial deletions: Set(), initial ineligible deletions: HashSet() (kafka.controller.TopicDeletionManager)
[2025-04-10 16:39:04,555] INFO [Controller id=0] Sending update metadata request (kafka.controller.KafkaController)
[2025-04-10 16:39:04,566] INFO [ReplicaStateMachine controllerId=0] Initializing replica state (kafka.controller.ZkReplicaStateMachine)
[2025-04-10 16:39:04,575] INFO [ReplicaStateMachine controllerId=0] Triggering online replica state changes (kafka.controller.ZkReplicaStateMachine)
[2025-04-10 16:39:04,604] INFO [ReplicaStateMachine controllerId=0] Triggering offline replica state changes (kafka.controller.ZkReplicaStateMachine)
[2025-04-10 16:39:04,604] DEBUG [ReplicaStateMachine controllerId=0] Started replica state machine with initial state -> HashMap([Topic=__consumer_offsets,Partition=40,Replica=0] -> OnlineReplica, [Topic=__consumer_offsets,Partition=27,Replica=0] -> OnlineReplica, [Topic=__consumer_offsets,Partition=49,Replica=0] -> OnlineReplica, [Topic=user-avatar-updated,Partition=0,Replica=0] -> OnlineReplica, [Topic=__consumer_offsets,Partition=47,Replica=0] -> OnlineReplica, [Topic=__consumer_offsets,Partition=3,Replica=0] -> OnlineReplica, [Topic=__consumer_offsets,Partition=18,Replica=0] -> OnlineReplica, [Topic=__consumer_offsets,Partition=44,Replica=0] -> OnlineReplica, [Topic=__consumer_offsets,Partition=8,Replica=0] -> OnlineReplica, [Topic=user-service-project-created,Partition=0,Replica=0] -> OnlineReplica, [Topic=__consumer_offsets,Partition=34,Replica=0] -> OnlineReplica, [Topic=__consumer_offsets,Partition=25,Replica=0] -> OnlineReplica, [Topic=user-service-invite-members,Partition=0,Replica=0] -> OnlineReplica, [Topic=__consumer_offsets,Partition=14,Replica=0] -> OnlineReplica, [Topic=__consumer_offsets,Partition=24,Replica=0] -> OnlineReplica, [Topic=__consumer_offsets,Partition=36,Replica=0] -> OnlineReplica, [Topic=__consumer_offsets,Partition=42,Replica=0] -> OnlineReplica, [Topic=__consumer_offsets,Partition=45,Replica=0] -> OnlineReplica, [Topic=__consumer_offsets,Partition=11,Replica=0] -> OnlineReplica, [Topic=__consumer_offsets,Partition=32,Replica=0] -> OnlineReplica, [Topic=__consumer_offsets,Partition=12,Replica=0] -> OnlineReplica, [Topic=__consumer_offsets,Partition=30,Replica=0] -> OnlineReplica, [Topic=__consumer_offsets,Partition=9,Replica=0] -> OnlineReplica, [Topic=google-data-topic,Partition=0,Replica=0] -> OnlineReplica, [Topic=__consumer_offsets,Partition=39,Replica=0] -> OnlineReplica, [Topic=__consumer_offsets,Partition=38,Replica=0] -> OnlineReplica, [Topic=__consumer_offsets,Partition=23,Replica=0] -> OnlineReplica, [Topic=__consumer_offsets,Partition=19,Replica=0] -> OnlineReplica, [Topic=__consumer_offsets,Partition=17,Replica=0] -> OnlineReplica, [Topic=__consumer_offsets,Partition=41,Replica=0] -> OnlineReplica, [Topic=__consumer_offsets,Partition=37,Replica=0] -> OnlineReplica, [Topic=__consumer_offsets,Partition=48,Replica=0] -> OnlineReplica, [Topic=__consumer_offsets,Partition=29,Replica=0] -> OnlineReplica, [Topic=team-service-invite-members,Partition=0,Replica=0] -> OnlineReplica, [Topic=__consumer_offsets,Partition=10,Replica=0] -> OnlineReplica, [Topic=__consumer_offsets,Partition=46,Replica=0] -> OnlineReplica, [Topic=__consumer_offsets,Partition=1,Replica=0] -> OnlineReplica, [Topic=team-service-topic,Partition=0,Replica=0] -> OnlineReplica, [Topic=__consumer_offsets,Partition=16,Replica=0] -> OnlineReplica, [Topic=__consumer_offsets,Partition=5,Replica=0] -> OnlineReplica, [Topic=__consumer_offsets,Partition=15,Replica=0] -> OnlineReplica, [Topic=__consumer_offsets,Partition=4,Replica=0] -> OnlineReplica, [Topic=__consumer_offsets,Partition=6,Replica=0] -> OnlineReplica, [Topic=__consumer_offsets,Partition=7,Replica=0] -> OnlineReplica, [Topic=__consumer_offsets,Partition=43,Replica=0] -> OnlineReplica, [Topic=__consumer_offsets,Partition=0,Replica=0] -> OnlineReplica, [Topic=__consumer_offsets,Partition=20,Replica=0] -> OnlineReplica, [Topic=__consumer_offsets,Partition=31,Replica=0] -> OnlineReplica, [Topic=__consumer_offsets,Partition=28,Replica=0] -> OnlineReplica, [Topic=__consumer_offsets,Partition=26,Replica=0] -> OnlineReplica, [Topic=__consumer_offsets,Partition=2,Replica=0] -> OnlineReplica, [Topic=__consumer_offsets,Partition=33,Replica=0] -> OnlineReplica, [Topic=__consumer_offsets,Partition=22,Replica=0] -> OnlineReplica, [Topic=__consumer_offsets,Partition=21,Replica=0] -> OnlineReplica, [Topic=__consumer_offsets,Partition=13,Replica=0] -> OnlineReplica, [Topic=__consumer_offsets,Partition=35,Replica=0] -> OnlineReplica) (kafka.controller.ZkReplicaStateMachine)
[2025-04-10 16:39:04,605] INFO [PartitionStateMachine controllerId=0] Initializing partition state (kafka.controller.ZkPartitionStateMachine)
[2025-04-10 16:39:04,610] INFO [PartitionStateMachine controllerId=0] Triggering online partition state changes (kafka.controller.ZkPartitionStateMachine)
[2025-04-10 16:39:04,612] DEBUG [PartitionStateMachine controllerId=0] Started partition state machine with initial state -> HashMap(__consumer_offsets-13 -> OnlinePartition, __consumer_offsets-46 -> OnlinePartition, __consumer_offsets-9 -> OnlinePartition, __consumer_offsets-42 -> OnlinePartition, __consumer_offsets-21 -> OnlinePartition, user-service-project-created-0 -> OnlinePartition, __consumer_offsets-17 -> OnlinePartition, __consumer_offsets-30 -> OnlinePartition, __consumer_offsets-26 -> OnlinePartition, __consumer_offsets-5 -> OnlinePartition, __consumer_offsets-38 -> OnlinePartition, __consumer_offsets-1 -> OnlinePartition, __consumer_offsets-34 -> OnlinePartition, __consumer_offsets-16 -> OnlinePartition, __consumer_offsets-45 -> OnlinePartition, team-service-topic-0 -> OnlinePartition, __consumer_offsets-12 -> OnlinePartition, __consumer_offsets-41 -> OnlinePartition, __consumer_offsets-24 -> OnlinePartition, team-service-invite-members-0 -> OnlinePartition, __consumer_offsets-20 -> OnlinePartition, __consumer_offsets-49 -> OnlinePartition, __consumer_offsets-0 -> OnlinePartition, __consumer_offsets-29 -> OnlinePartition, __consumer_offsets-25 -> OnlinePartition, __consumer_offsets-8 -> OnlinePartition, __consumer_offsets-37 -> OnlinePartition, __consumer_offsets-4 -> OnlinePartition, __consumer_offsets-33 -> OnlinePartition, __consumer_offsets-15 -> OnlinePartition, __consumer_offsets-48 -> OnlinePartition, __consumer_offsets-11 -> OnlinePartition, __consumer_offsets-44 -> OnlinePartition, __consumer_offsets-23 -> OnlinePartition, __consumer_offsets-19 -> OnlinePartition, __consumer_offsets-32 -> OnlinePartition, __consumer_offsets-28 -> OnlinePartition, __consumer_offsets-7 -> OnlinePartition, __consumer_offsets-40 -> OnlinePartition, __consumer_offsets-3 -> OnlinePartition, __consumer_offsets-36 -> OnlinePartition, user-service-invite-members-0 -> OnlinePartition, __consumer_offsets-47 -> OnlinePartition, __consumer_offsets-14 -> OnlinePartition, __consumer_offsets-43 -> OnlinePartition, __consumer_offsets-10 -> OnlinePartition, google-data-topic-0 -> OnlinePartition, __consumer_offsets-22 -> OnlinePartition, __consumer_offsets-18 -> OnlinePartition, __consumer_offsets-31 -> OnlinePartition, user-avatar-updated-0 -> OnlinePartition, __consumer_offsets-27 -> OnlinePartition, __consumer_offsets-39 -> OnlinePartition, __consumer_offsets-6 -> OnlinePartition, __consumer_offsets-35 -> OnlinePartition, __consumer_offsets-2 -> OnlinePartition) (kafka.controller.ZkPartitionStateMachine)
[2025-04-10 16:39:04,612] INFO [Controller id=0] Ready to serve as the new controller with epoch 3 (kafka.controller.KafkaController)
[2025-04-10 16:39:04,617] INFO [Controller id=0] Partitions undergoing preferred replica election:  (kafka.controller.KafkaController)
[2025-04-10 16:39:04,618] INFO [Controller id=0] Partitions that completed preferred replica election:  (kafka.controller.KafkaController)
[2025-04-10 16:39:04,618] INFO [Controller id=0] Skipping preferred replica election for partitions due to topic deletion:  (kafka.controller.KafkaController)
[2025-04-10 16:39:04,618] INFO [Controller id=0] Resuming preferred replica election for partitions:  (kafka.controller.KafkaController)
[2025-04-10 16:39:04,619] INFO [Controller id=0] Starting replica leader election (PREFERRED) for partitions  triggered by ZkTriggered (kafka.controller.KafkaController)
[2025-04-10 16:39:04,631] INFO [Controller id=0] Starting the controller scheduler (kafka.controller.KafkaController)
[2025-04-10 16:39:05,078] INFO [RequestSendThread controllerId=0] Controller 0 connected to DESKTOP-8GKE7FT:9092 (id: 0 rack: null) for sending state change requests (kafka.controller.RequestSendThread)
[2025-04-10 16:39:09,638] INFO [Controller id=0] Processing automatic preferred replica leader election (kafka.controller.KafkaController)
[2025-04-10 16:39:09,639] TRACE [Controller id=0] Checking need to trigger auto leader balancing (kafka.controller.KafkaController)
[2025-04-10 16:39:09,644] DEBUG [Controller id=0] Topics not in preferred replica for broker 0 HashMap() (kafka.controller.KafkaController)
[2025-04-10 16:39:09,644] TRACE [Controller id=0] Leader imbalance ratio for broker 0 is 0.0 (kafka.controller.KafkaController)
[2025-04-10 16:44:09,658] INFO [Controller id=0] Processing automatic preferred replica leader election (kafka.controller.KafkaController)
[2025-04-10 16:44:09,660] TRACE [Controller id=0] Checking need to trigger auto leader balancing (kafka.controller.KafkaController)
[2025-04-10 16:44:09,668] DEBUG [Controller id=0] Topics not in preferred replica for broker 0 HashMap() (kafka.controller.KafkaController)
[2025-04-10 16:44:09,669] TRACE [Controller id=0] Leader imbalance ratio for broker 0 is 0.0 (kafka.controller.KafkaController)
[2025-04-10 16:49:09,680] INFO [Controller id=0] Processing automatic preferred replica leader election (kafka.controller.KafkaController)
[2025-04-10 16:49:09,680] TRACE [Controller id=0] Checking need to trigger auto leader balancing (kafka.controller.KafkaController)
[2025-04-10 16:49:09,685] DEBUG [Controller id=0] Topics not in preferred replica for broker 0 HashMap() (kafka.controller.KafkaController)
[2025-04-10 16:49:09,685] TRACE [Controller id=0] Leader imbalance ratio for broker 0 is 0.0 (kafka.controller.KafkaController)
[2025-04-10 16:54:09,693] INFO [Controller id=0] Processing automatic preferred replica leader election (kafka.controller.KafkaController)
[2025-04-10 16:54:09,693] TRACE [Controller id=0] Checking need to trigger auto leader balancing (kafka.controller.KafkaController)
[2025-04-10 16:54:09,694] DEBUG [Controller id=0] Topics not in preferred replica for broker 0 HashMap() (kafka.controller.KafkaController)
[2025-04-10 16:54:09,694] TRACE [Controller id=0] Leader imbalance ratio for broker 0 is 0.0 (kafka.controller.KafkaController)
[2025-04-10 16:57:57,171] INFO [Controller id=0] New topics: [HashSet(chatroom-creation)], deleted topics: [HashSet()], new partition replica assignment [Set(TopicIdReplicaAssignment(chatroom-creation,Some(J0lZ6i1XSWyy7NXJctDNXA),Map(chatroom-creation-0 -> ReplicaAssignment(replicas=0, addingReplicas=, removingReplicas=))))] (kafka.controller.KafkaController)
[2025-04-10 16:57:57,172] INFO [Controller id=0] New partition creation callback for chatroom-creation-0 (kafka.controller.KafkaController)
[2025-04-10 16:57:57,222] INFO [RequestSendThread controllerId=0] Controller 0 connected to DESKTOP-8GKE7FT:9092 (id: 0 rack: null) for sending state change requests (kafka.controller.RequestSendThread)
[2025-04-10 16:59:09,705] INFO [Controller id=0] Processing automatic preferred replica leader election (kafka.controller.KafkaController)
[2025-04-10 16:59:09,706] TRACE [Controller id=0] Checking need to trigger auto leader balancing (kafka.controller.KafkaController)
[2025-04-10 16:59:09,707] DEBUG [Controller id=0] Topics not in preferred replica for broker 0 HashMap() (kafka.controller.KafkaController)
[2025-04-10 16:59:09,707] TRACE [Controller id=0] Leader imbalance ratio for broker 0 is 0.0 (kafka.controller.KafkaController)
[2025-04-10 17:04:09,716] INFO [Controller id=0] Processing automatic preferred replica leader election (kafka.controller.KafkaController)
[2025-04-10 17:04:09,719] TRACE [Controller id=0] Checking need to trigger auto leader balancing (kafka.controller.KafkaController)
[2025-04-10 17:04:09,720] DEBUG [Controller id=0] Topics not in preferred replica for broker 0 HashMap() (kafka.controller.KafkaController)
[2025-04-10 17:04:09,720] TRACE [Controller id=0] Leader imbalance ratio for broker 0 is 0.0 (kafka.controller.KafkaController)
[2025-04-10 17:09:09,730] INFO [Controller id=0] Processing automatic preferred replica leader election (kafka.controller.KafkaController)
[2025-04-10 17:09:09,730] TRACE [Controller id=0] Checking need to trigger auto leader balancing (kafka.controller.KafkaController)
[2025-04-10 17:09:09,731] DEBUG [Controller id=0] Topics not in preferred replica for broker 0 HashMap() (kafka.controller.KafkaController)
[2025-04-10 17:09:09,731] TRACE [Controller id=0] Leader imbalance ratio for broker 0 is 0.0 (kafka.controller.KafkaController)
[2025-04-10 17:14:09,742] INFO [Controller id=0] Processing automatic preferred replica leader election (kafka.controller.KafkaController)
[2025-04-10 17:14:09,742] TRACE [Controller id=0] Checking need to trigger auto leader balancing (kafka.controller.KafkaController)
[2025-04-10 17:14:09,745] DEBUG [Controller id=0] Topics not in preferred replica for broker 0 HashMap() (kafka.controller.KafkaController)
[2025-04-10 17:14:09,746] TRACE [Controller id=0] Leader imbalance ratio for broker 0 is 0.0 (kafka.controller.KafkaController)
[2025-04-10 17:19:09,746] INFO [Controller id=0] Processing automatic preferred replica leader election (kafka.controller.KafkaController)
[2025-04-10 17:19:09,746] TRACE [Controller id=0] Checking need to trigger auto leader balancing (kafka.controller.KafkaController)
[2025-04-10 17:19:09,748] DEBUG [Controller id=0] Topics not in preferred replica for broker 0 HashMap() (kafka.controller.KafkaController)
[2025-04-10 17:19:09,748] TRACE [Controller id=0] Leader imbalance ratio for broker 0 is 0.0 (kafka.controller.KafkaController)
[2025-04-10 17:24:09,753] INFO [Controller id=0] Processing automatic preferred replica leader election (kafka.controller.KafkaController)
[2025-04-10 17:24:09,754] TRACE [Controller id=0] Checking need to trigger auto leader balancing (kafka.controller.KafkaController)
[2025-04-10 17:24:09,755] DEBUG [Controller id=0] Topics not in preferred replica for broker 0 HashMap() (kafka.controller.KafkaController)
[2025-04-10 17:24:09,756] TRACE [Controller id=0] Leader imbalance ratio for broker 0 is 0.0 (kafka.controller.KafkaController)
[2025-04-10 17:33:18,056] DEBUG [Controller id=0] Resigning (kafka.controller.KafkaController)
[2025-04-10 17:33:18,062] DEBUG [Controller id=0] Unregister BrokerModifications handler for Set(0) (kafka.controller.KafkaController)
[2025-04-10 17:33:18,076] INFO [PartitionStateMachine controllerId=0] Stopped partition state machine (kafka.controller.ZkPartitionStateMachine)
[2025-04-10 17:33:18,079] INFO [ReplicaStateMachine controllerId=0] Stopped replica state machine (kafka.controller.ZkReplicaStateMachine)
[2025-04-10 17:33:18,085] INFO [RequestSendThread controllerId=0] Shutting down (kafka.controller.RequestSendThread)
[2025-04-10 17:33:18,086] INFO [RequestSendThread controllerId=0] Stopped (kafka.controller.RequestSendThread)
[2025-04-10 17:33:18,086] INFO [RequestSendThread controllerId=0] Shutdown completed (kafka.controller.RequestSendThread)
[2025-04-10 17:33:18,116] INFO [Controller id=0] Resigned (kafka.controller.KafkaController)
[2025-04-10 17:33:18,177] INFO [Controller id=0] 0 successfully elected as the controller. Epoch incremented to 4 and epoch zk version is now 4 (kafka.controller.KafkaController)
[2025-04-10 17:33:18,181] INFO [Controller id=0] Registering handlers (kafka.controller.KafkaController)
[2025-04-10 17:33:18,187] INFO [Controller id=0] Deleting log dir event notifications (kafka.controller.KafkaController)
[2025-04-10 17:33:18,189] INFO [Controller id=0] Deleting isr change notifications (kafka.controller.KafkaController)
[2025-04-10 17:33:18,190] INFO [Controller id=0] Initializing controller context (kafka.controller.KafkaController)
[2025-04-10 17:33:18,200] INFO [Controller id=0] Initialized broker epochs cache: HashMap(0 -> 202) (kafka.controller.KafkaController)
[2025-04-10 17:33:18,214] DEBUG [Controller id=0] Register BrokerModifications handler for Set(0) (kafka.controller.KafkaController)
[2025-04-10 17:33:18,246] DEBUG [Channel manager on controller 0]: Controller 0 trying to connect to broker 0 (kafka.controller.ControllerChannelManager)
[2025-04-10 17:33:18,263] INFO [Controller id=0] Currently active brokers in the cluster: Set(0) (kafka.controller.KafkaController)
[2025-04-10 17:33:18,263] INFO [Controller id=0] Currently shutting brokers in the cluster: HashSet() (kafka.controller.KafkaController)
[2025-04-10 17:33:18,263] INFO [Controller id=0] Current list of topics in the cluster: HashSet(user-service-invite-members, user-avatar-updated, chatroom-creation, team-service-topic, google-data-topic, user-service-project-created, __consumer_offsets, team-service-invite-members) (kafka.controller.KafkaController)
[2025-04-10 17:33:18,264] INFO [RequestSendThread controllerId=0] Starting (kafka.controller.RequestSendThread)
[2025-04-10 17:33:18,264] INFO [Controller id=0] Fetching topic deletions in progress (kafka.controller.KafkaController)
[2025-04-10 17:33:18,267] INFO [Controller id=0] List of topics to be deleted:  (kafka.controller.KafkaController)
[2025-04-10 17:33:18,267] INFO [Controller id=0] List of topics ineligible for deletion:  (kafka.controller.KafkaController)
[2025-04-10 17:33:18,268] INFO [Controller id=0] Initializing topic deletion manager (kafka.controller.KafkaController)
[2025-04-10 17:33:18,268] INFO [Topic Deletion Manager 0] Initializing manager with initial deletions: Set(), initial ineligible deletions: HashSet() (kafka.controller.TopicDeletionManager)
[2025-04-10 17:33:18,268] INFO [Controller id=0] Sending update metadata request (kafka.controller.KafkaController)
[2025-04-10 17:33:18,280] INFO [ReplicaStateMachine controllerId=0] Initializing replica state (kafka.controller.ZkReplicaStateMachine)
[2025-04-10 17:33:18,280] INFO [ReplicaStateMachine controllerId=0] Triggering online replica state changes (kafka.controller.ZkReplicaStateMachine)
[2025-04-10 17:33:18,281] INFO [RequestSendThread controllerId=0] Controller 0 connected to DESKTOP-8GKE7FT:9092 (id: 0 rack: null) for sending state change requests (kafka.controller.RequestSendThread)
[2025-04-10 17:33:18,288] INFO [ReplicaStateMachine controllerId=0] Triggering offline replica state changes (kafka.controller.ZkReplicaStateMachine)
[2025-04-10 17:33:18,288] DEBUG [ReplicaStateMachine controllerId=0] Started replica state machine with initial state -> HashMap([Topic=__consumer_offsets,Partition=40,Replica=0] -> OnlineReplica, [Topic=__consumer_offsets,Partition=27,Replica=0] -> OnlineReplica, [Topic=__consumer_offsets,Partition=49,Replica=0] -> OnlineReplica, [Topic=user-avatar-updated,Partition=0,Replica=0] -> OnlineReplica, [Topic=__consumer_offsets,Partition=47,Replica=0] -> OnlineReplica, [Topic=__consumer_offsets,Partition=3,Replica=0] -> OnlineReplica, [Topic=__consumer_offsets,Partition=18,Replica=0] -> OnlineReplica, [Topic=__consumer_offsets,Partition=44,Replica=0] -> OnlineReplica, [Topic=__consumer_offsets,Partition=8,Replica=0] -> OnlineReplica, [Topic=user-service-project-created,Partition=0,Replica=0] -> OnlineReplica, [Topic=__consumer_offsets,Partition=34,Replica=0] -> OnlineReplica, [Topic=__consumer_offsets,Partition=25,Replica=0] -> OnlineReplica, [Topic=user-service-invite-members,Partition=0,Replica=0] -> OnlineReplica, [Topic=__consumer_offsets,Partition=14,Replica=0] -> OnlineReplica, [Topic=__consumer_offsets,Partition=24,Replica=0] -> OnlineReplica, [Topic=__consumer_offsets,Partition=36,Replica=0] -> OnlineReplica, [Topic=__consumer_offsets,Partition=42,Replica=0] -> OnlineReplica, [Topic=__consumer_offsets,Partition=45,Replica=0] -> OnlineReplica, [Topic=__consumer_offsets,Partition=11,Replica=0] -> OnlineReplica, [Topic=__consumer_offsets,Partition=32,Replica=0] -> OnlineReplica, [Topic=__consumer_offsets,Partition=12,Replica=0] -> OnlineReplica, [Topic=__consumer_offsets,Partition=30,Replica=0] -> OnlineReplica, [Topic=__consumer_offsets,Partition=9,Replica=0] -> OnlineReplica, [Topic=google-data-topic,Partition=0,Replica=0] -> OnlineReplica, [Topic=__consumer_offsets,Partition=39,Replica=0] -> OnlineReplica, [Topic=chatroom-creation,Partition=0,Replica=0] -> OnlineReplica, [Topic=__consumer_offsets,Partition=38,Replica=0] -> OnlineReplica, [Topic=__consumer_offsets,Partition=23,Replica=0] -> OnlineReplica, [Topic=__consumer_offsets,Partition=19,Replica=0] -> OnlineReplica, [Topic=__consumer_offsets,Partition=17,Replica=0] -> OnlineReplica, [Topic=__consumer_offsets,Partition=41,Replica=0] -> OnlineReplica, [Topic=__consumer_offsets,Partition=37,Replica=0] -> OnlineReplica, [Topic=__consumer_offsets,Partition=48,Replica=0] -> OnlineReplica, [Topic=__consumer_offsets,Partition=29,Replica=0] -> OnlineReplica, [Topic=team-service-invite-members,Partition=0,Replica=0] -> OnlineReplica, [Topic=__consumer_offsets,Partition=10,Replica=0] -> OnlineReplica, [Topic=__consumer_offsets,Partition=46,Replica=0] -> OnlineReplica, [Topic=__consumer_offsets,Partition=1,Replica=0] -> OnlineReplica, [Topic=team-service-topic,Partition=0,Replica=0] -> OnlineReplica, [Topic=__consumer_offsets,Partition=16,Replica=0] -> OnlineReplica, [Topic=__consumer_offsets,Partition=5,Replica=0] -> OnlineReplica, [Topic=__consumer_offsets,Partition=15,Replica=0] -> OnlineReplica, [Topic=__consumer_offsets,Partition=4,Replica=0] -> OnlineReplica, [Topic=__consumer_offsets,Partition=6,Replica=0] -> OnlineReplica, [Topic=__consumer_offsets,Partition=7,Replica=0] -> OnlineReplica, [Topic=__consumer_offsets,Partition=43,Replica=0] -> OnlineReplica, [Topic=__consumer_offsets,Partition=0,Replica=0] -> OnlineReplica, [Topic=__consumer_offsets,Partition=20,Replica=0] -> OnlineReplica, [Topic=__consumer_offsets,Partition=31,Replica=0] -> OnlineReplica, [Topic=__consumer_offsets,Partition=28,Replica=0] -> OnlineReplica, [Topic=__consumer_offsets,Partition=26,Replica=0] -> OnlineReplica, [Topic=__consumer_offsets,Partition=2,Replica=0] -> OnlineReplica, [Topic=__consumer_offsets,Partition=33,Replica=0] -> OnlineReplica, [Topic=__consumer_offsets,Partition=22,Replica=0] -> OnlineReplica, [Topic=__consumer_offsets,Partition=21,Replica=0] -> OnlineReplica, [Topic=__consumer_offsets,Partition=13,Replica=0] -> OnlineReplica, [Topic=__consumer_offsets,Partition=35,Replica=0] -> OnlineReplica) (kafka.controller.ZkReplicaStateMachine)
[2025-04-10 17:33:18,288] INFO [PartitionStateMachine controllerId=0] Initializing partition state (kafka.controller.ZkPartitionStateMachine)
[2025-04-10 17:33:18,289] INFO [PartitionStateMachine controllerId=0] Triggering online partition state changes (kafka.controller.ZkPartitionStateMachine)
[2025-04-10 17:33:18,289] DEBUG [PartitionStateMachine controllerId=0] Started partition state machine with initial state -> HashMap(__consumer_offsets-13 -> OnlinePartition, __consumer_offsets-46 -> OnlinePartition, __consumer_offsets-9 -> OnlinePartition, __consumer_offsets-42 -> OnlinePartition, __consumer_offsets-21 -> OnlinePartition, user-service-project-created-0 -> OnlinePartition, __consumer_offsets-17 -> OnlinePartition, __consumer_offsets-30 -> OnlinePartition, chatroom-creation-0 -> OnlinePartition, __consumer_offsets-26 -> OnlinePartition, __consumer_offsets-5 -> OnlinePartition, __consumer_offsets-38 -> OnlinePartition, __consumer_offsets-1 -> OnlinePartition, __consumer_offsets-34 -> OnlinePartition, __consumer_offsets-16 -> OnlinePartition, __consumer_offsets-45 -> OnlinePartition, team-service-topic-0 -> OnlinePartition, __consumer_offsets-12 -> OnlinePartition, __consumer_offsets-41 -> OnlinePartition, __consumer_offsets-24 -> OnlinePartition, team-service-invite-members-0 -> OnlinePartition, __consumer_offsets-20 -> OnlinePartition, __consumer_offsets-49 -> OnlinePartition, __consumer_offsets-0 -> OnlinePartition, __consumer_offsets-29 -> OnlinePartition, __consumer_offsets-25 -> OnlinePartition, __consumer_offsets-8 -> OnlinePartition, __consumer_offsets-37 -> OnlinePartition, __consumer_offsets-4 -> OnlinePartition, __consumer_offsets-33 -> OnlinePartition, __consumer_offsets-15 -> OnlinePartition, __consumer_offsets-48 -> OnlinePartition, __consumer_offsets-11 -> OnlinePartition, __consumer_offsets-44 -> OnlinePartition, __consumer_offsets-23 -> OnlinePartition, __consumer_offsets-19 -> OnlinePartition, __consumer_offsets-32 -> OnlinePartition, __consumer_offsets-28 -> OnlinePartition, __consumer_offsets-7 -> OnlinePartition, __consumer_offsets-40 -> OnlinePartition, __consumer_offsets-3 -> OnlinePartition, __consumer_offsets-36 -> OnlinePartition, user-service-invite-members-0 -> OnlinePartition, __consumer_offsets-47 -> OnlinePartition, __consumer_offsets-14 -> OnlinePartition, __consumer_offsets-43 -> OnlinePartition, __consumer_offsets-10 -> OnlinePartition, google-data-topic-0 -> OnlinePartition, __consumer_offsets-22 -> OnlinePartition, __consumer_offsets-18 -> OnlinePartition, __consumer_offsets-31 -> OnlinePartition, user-avatar-updated-0 -> OnlinePartition, __consumer_offsets-27 -> OnlinePartition, __consumer_offsets-39 -> OnlinePartition, __consumer_offsets-6 -> OnlinePartition, __consumer_offsets-35 -> OnlinePartition, __consumer_offsets-2 -> OnlinePartition) (kafka.controller.ZkPartitionStateMachine)
[2025-04-10 17:33:18,289] INFO [Controller id=0] Ready to serve as the new controller with epoch 4 (kafka.controller.KafkaController)
[2025-04-10 17:33:18,291] INFO [Controller id=0] Partitions undergoing preferred replica election:  (kafka.controller.KafkaController)
[2025-04-10 17:33:18,291] INFO [Controller id=0] Partitions that completed preferred replica election:  (kafka.controller.KafkaController)
[2025-04-10 17:33:18,291] INFO [Controller id=0] Skipping preferred replica election for partitions due to topic deletion:  (kafka.controller.KafkaController)
[2025-04-10 17:33:18,291] INFO [Controller id=0] Resuming preferred replica election for partitions:  (kafka.controller.KafkaController)
[2025-04-10 17:33:18,291] INFO [Controller id=0] Starting replica leader election (PREFERRED) for partitions  triggered by ZkTriggered (kafka.controller.KafkaController)
[2025-04-10 17:33:18,298] INFO [Controller id=0] Starting the controller scheduler (kafka.controller.KafkaController)
[2025-04-10 17:33:23,300] INFO [Controller id=0] Processing automatic preferred replica leader election (kafka.controller.KafkaController)
[2025-04-10 17:33:23,300] TRACE [Controller id=0] Checking need to trigger auto leader balancing (kafka.controller.KafkaController)
[2025-04-10 17:33:23,300] DEBUG [Controller id=0] Topics not in preferred replica for broker 0 HashMap() (kafka.controller.KafkaController)
[2025-04-10 17:33:23,300] TRACE [Controller id=0] Leader imbalance ratio for broker 0 is 0.0 (kafka.controller.KafkaController)
[2025-04-10 17:38:23,312] INFO [Controller id=0] Processing automatic preferred replica leader election (kafka.controller.KafkaController)
[2025-04-10 17:38:23,312] TRACE [Controller id=0] Checking need to trigger auto leader balancing (kafka.controller.KafkaController)
[2025-04-10 17:38:23,313] DEBUG [Controller id=0] Topics not in preferred replica for broker 0 HashMap() (kafka.controller.KafkaController)
[2025-04-10 17:38:23,313] TRACE [Controller id=0] Leader imbalance ratio for broker 0 is 0.0 (kafka.controller.KafkaController)
[2025-04-10 17:43:23,317] INFO [Controller id=0] Processing automatic preferred replica leader election (kafka.controller.KafkaController)
[2025-04-10 17:43:23,318] TRACE [Controller id=0] Checking need to trigger auto leader balancing (kafka.controller.KafkaController)
[2025-04-10 17:43:23,320] DEBUG [Controller id=0] Topics not in preferred replica for broker 0 HashMap() (kafka.controller.KafkaController)
[2025-04-10 17:43:23,320] TRACE [Controller id=0] Leader imbalance ratio for broker 0 is 0.0 (kafka.controller.KafkaController)
[2025-04-10 17:48:23,321] INFO [Controller id=0] Processing automatic preferred replica leader election (kafka.controller.KafkaController)
[2025-04-10 17:48:23,321] TRACE [Controller id=0] Checking need to trigger auto leader balancing (kafka.controller.KafkaController)
[2025-04-10 17:48:23,323] DEBUG [Controller id=0] Topics not in preferred replica for broker 0 HashMap() (kafka.controller.KafkaController)
[2025-04-10 17:48:23,323] TRACE [Controller id=0] Leader imbalance ratio for broker 0 is 0.0 (kafka.controller.KafkaController)
[2025-04-10 17:53:23,352] INFO [Controller id=0] Processing automatic preferred replica leader election (kafka.controller.KafkaController)
[2025-04-10 17:53:23,353] TRACE [Controller id=0] Checking need to trigger auto leader balancing (kafka.controller.KafkaController)
[2025-04-10 17:53:23,354] DEBUG [Controller id=0] Topics not in preferred replica for broker 0 HashMap() (kafka.controller.KafkaController)
[2025-04-10 17:53:23,354] TRACE [Controller id=0] Leader imbalance ratio for broker 0 is 0.0 (kafka.controller.KafkaController)
[2025-04-10 17:58:23,359] INFO [Controller id=0] Processing automatic preferred replica leader election (kafka.controller.KafkaController)
[2025-04-10 17:58:23,359] TRACE [Controller id=0] Checking need to trigger auto leader balancing (kafka.controller.KafkaController)
[2025-04-10 17:58:23,361] DEBUG [Controller id=0] Topics not in preferred replica for broker 0 HashMap() (kafka.controller.KafkaController)
[2025-04-10 17:58:23,361] TRACE [Controller id=0] Leader imbalance ratio for broker 0 is 0.0 (kafka.controller.KafkaController)
[2025-04-10 18:03:23,368] INFO [Controller id=0] Processing automatic preferred replica leader election (kafka.controller.KafkaController)
[2025-04-10 18:03:23,382] TRACE [Controller id=0] Checking need to trigger auto leader balancing (kafka.controller.KafkaController)
[2025-04-10 18:03:23,383] DEBUG [Controller id=0] Topics not in preferred replica for broker 0 HashMap() (kafka.controller.KafkaController)
[2025-04-10 18:03:23,383] TRACE [Controller id=0] Leader imbalance ratio for broker 0 is 0.0 (kafka.controller.KafkaController)
[2025-04-10 18:08:23,393] INFO [Controller id=0] Processing automatic preferred replica leader election (kafka.controller.KafkaController)
[2025-04-10 18:08:23,393] TRACE [Controller id=0] Checking need to trigger auto leader balancing (kafka.controller.KafkaController)
[2025-04-10 18:08:23,395] DEBUG [Controller id=0] Topics not in preferred replica for broker 0 HashMap() (kafka.controller.KafkaController)
[2025-04-10 18:08:23,395] TRACE [Controller id=0] Leader imbalance ratio for broker 0 is 0.0 (kafka.controller.KafkaController)
[2025-04-10 18:13:23,407] INFO [Controller id=0] Processing automatic preferred replica leader election (kafka.controller.KafkaController)
[2025-04-10 18:13:23,407] TRACE [Controller id=0] Checking need to trigger auto leader balancing (kafka.controller.KafkaController)
[2025-04-10 18:13:23,409] DEBUG [Controller id=0] Topics not in preferred replica for broker 0 HashMap() (kafka.controller.KafkaController)
[2025-04-10 18:13:23,409] TRACE [Controller id=0] Leader imbalance ratio for broker 0 is 0.0 (kafka.controller.KafkaController)
[2025-04-10 18:18:23,420] INFO [Controller id=0] Processing automatic preferred replica leader election (kafka.controller.KafkaController)
[2025-04-10 18:18:23,421] TRACE [Controller id=0] Checking need to trigger auto leader balancing (kafka.controller.KafkaController)
[2025-04-10 18:18:23,424] DEBUG [Controller id=0] Topics not in preferred replica for broker 0 HashMap() (kafka.controller.KafkaController)
[2025-04-10 18:18:23,424] TRACE [Controller id=0] Leader imbalance ratio for broker 0 is 0.0 (kafka.controller.KafkaController)
[2025-04-10 18:23:23,427] INFO [Controller id=0] Processing automatic preferred replica leader election (kafka.controller.KafkaController)
[2025-04-10 18:23:23,427] TRACE [Controller id=0] Checking need to trigger auto leader balancing (kafka.controller.KafkaController)
[2025-04-10 18:23:23,430] DEBUG [Controller id=0] Topics not in preferred replica for broker 0 HashMap() (kafka.controller.KafkaController)
[2025-04-10 18:23:23,430] TRACE [Controller id=0] Leader imbalance ratio for broker 0 is 0.0 (kafka.controller.KafkaController)
[2025-04-10 18:28:23,435] INFO [Controller id=0] Processing automatic preferred replica leader election (kafka.controller.KafkaController)
[2025-04-10 18:28:23,435] TRACE [Controller id=0] Checking need to trigger auto leader balancing (kafka.controller.KafkaController)
[2025-04-10 18:28:23,437] DEBUG [Controller id=0] Topics not in preferred replica for broker 0 HashMap() (kafka.controller.KafkaController)
[2025-04-10 18:28:23,437] TRACE [Controller id=0] Leader imbalance ratio for broker 0 is 0.0 (kafka.controller.KafkaController)
[2025-04-10 18:33:23,441] INFO [Controller id=0] Processing automatic preferred replica leader election (kafka.controller.KafkaController)
[2025-04-10 18:33:23,441] TRACE [Controller id=0] Checking need to trigger auto leader balancing (kafka.controller.KafkaController)
[2025-04-10 18:33:23,444] DEBUG [Controller id=0] Topics not in preferred replica for broker 0 HashMap() (kafka.controller.KafkaController)
[2025-04-10 18:33:23,445] TRACE [Controller id=0] Leader imbalance ratio for broker 0 is 0.0 (kafka.controller.KafkaController)
[2025-04-10 18:38:23,449] INFO [Controller id=0] Processing automatic preferred replica leader election (kafka.controller.KafkaController)
[2025-04-10 18:38:23,450] TRACE [Controller id=0] Checking need to trigger auto leader balancing (kafka.controller.KafkaController)
[2025-04-10 18:38:23,452] DEBUG [Controller id=0] Topics not in preferred replica for broker 0 HashMap() (kafka.controller.KafkaController)
[2025-04-10 18:38:23,452] TRACE [Controller id=0] Leader imbalance ratio for broker 0 is 0.0 (kafka.controller.KafkaController)
[2025-04-10 18:43:23,459] INFO [Controller id=0] Processing automatic preferred replica leader election (kafka.controller.KafkaController)
[2025-04-10 18:43:23,459] TRACE [Controller id=0] Checking need to trigger auto leader balancing (kafka.controller.KafkaController)
[2025-04-10 18:43:23,460] DEBUG [Controller id=0] Topics not in preferred replica for broker 0 HashMap() (kafka.controller.KafkaController)
[2025-04-10 18:43:23,460] TRACE [Controller id=0] Leader imbalance ratio for broker 0 is 0.0 (kafka.controller.KafkaController)
[2025-04-10 18:48:23,468] INFO [Controller id=0] Processing automatic preferred replica leader election (kafka.controller.KafkaController)
[2025-04-10 18:48:23,468] TRACE [Controller id=0] Checking need to trigger auto leader balancing (kafka.controller.KafkaController)
[2025-04-10 18:48:23,469] DEBUG [Controller id=0] Topics not in preferred replica for broker 0 HashMap() (kafka.controller.KafkaController)
[2025-04-10 18:48:23,469] TRACE [Controller id=0] Leader imbalance ratio for broker 0 is 0.0 (kafka.controller.KafkaController)
[2025-04-10 18:53:23,474] INFO [Controller id=0] Processing automatic preferred replica leader election (kafka.controller.KafkaController)
[2025-04-10 18:53:23,474] TRACE [Controller id=0] Checking need to trigger auto leader balancing (kafka.controller.KafkaController)
[2025-04-10 18:53:23,477] DEBUG [Controller id=0] Topics not in preferred replica for broker 0 HashMap() (kafka.controller.KafkaController)
[2025-04-10 18:53:23,477] TRACE [Controller id=0] Leader imbalance ratio for broker 0 is 0.0 (kafka.controller.KafkaController)
[2025-04-10 18:53:54,027] INFO [Controller id=0] New topics: [HashSet(user-data-response)], deleted topics: [HashSet()], new partition replica assignment [Set(TopicIdReplicaAssignment(user-data-response,Some(lZuDXBbKTsWd4qYdxsLbUg),Map(user-data-response-0 -> ReplicaAssignment(replicas=0, addingReplicas=, removingReplicas=))))] (kafka.controller.KafkaController)
[2025-04-10 18:53:54,027] INFO [Controller id=0] New partition creation callback for user-data-response-0 (kafka.controller.KafkaController)
[2025-04-10 18:53:54,075] INFO [RequestSendThread controllerId=0] Controller 0 connected to DESKTOP-8GKE7FT:9092 (id: 0 rack: null) for sending state change requests (kafka.controller.RequestSendThread)
[2025-04-10 18:55:26,613] INFO [Controller id=0] New topics: [HashSet(user-data-request)], deleted topics: [HashSet()], new partition replica assignment [Set(TopicIdReplicaAssignment(user-data-request,Some(pWjitg-pSCqRHzZwO3gdEg),Map(user-data-request-0 -> ReplicaAssignment(replicas=0, addingReplicas=, removingReplicas=))))] (kafka.controller.KafkaController)
[2025-04-10 18:55:26,613] INFO [Controller id=0] New partition creation callback for user-data-request-0 (kafka.controller.KafkaController)
[2025-04-10 18:58:23,490] INFO [Controller id=0] Processing automatic preferred replica leader election (kafka.controller.KafkaController)
[2025-04-10 18:58:23,490] TRACE [Controller id=0] Checking need to trigger auto leader balancing (kafka.controller.KafkaController)
[2025-04-10 18:58:23,492] DEBUG [Controller id=0] Topics not in preferred replica for broker 0 HashMap() (kafka.controller.KafkaController)
[2025-04-10 18:58:23,492] TRACE [Controller id=0] Leader imbalance ratio for broker 0 is 0.0 (kafka.controller.KafkaController)
[2025-04-10 19:03:23,496] INFO [Controller id=0] Processing automatic preferred replica leader election (kafka.controller.KafkaController)
[2025-04-10 19:03:23,498] TRACE [Controller id=0] Checking need to trigger auto leader balancing (kafka.controller.KafkaController)
[2025-04-10 19:03:23,498] DEBUG [Controller id=0] Topics not in preferred replica for broker 0 HashMap() (kafka.controller.KafkaController)
[2025-04-10 19:03:23,498] TRACE [Controller id=0] Leader imbalance ratio for broker 0 is 0.0 (kafka.controller.KafkaController)
[2025-04-10 19:08:23,509] INFO [Controller id=0] Processing automatic preferred replica leader election (kafka.controller.KafkaController)
[2025-04-10 19:08:23,509] TRACE [Controller id=0] Checking need to trigger auto leader balancing (kafka.controller.KafkaController)
[2025-04-10 19:08:23,512] DEBUG [Controller id=0] Topics not in preferred replica for broker 0 HashMap() (kafka.controller.KafkaController)
[2025-04-10 19:08:23,513] TRACE [Controller id=0] Leader imbalance ratio for broker 0 is 0.0 (kafka.controller.KafkaController)
[2025-04-10 19:13:23,517] INFO [Controller id=0] Processing automatic preferred replica leader election (kafka.controller.KafkaController)
[2025-04-10 19:13:23,517] TRACE [Controller id=0] Checking need to trigger auto leader balancing (kafka.controller.KafkaController)
[2025-04-10 19:13:23,521] DEBUG [Controller id=0] Topics not in preferred replica for broker 0 HashMap() (kafka.controller.KafkaController)
[2025-04-10 19:13:23,521] TRACE [Controller id=0] Leader imbalance ratio for broker 0 is 0.0 (kafka.controller.KafkaController)
[2025-04-10 19:18:23,531] INFO [Controller id=0] Processing automatic preferred replica leader election (kafka.controller.KafkaController)
[2025-04-10 19:18:23,532] TRACE [Controller id=0] Checking need to trigger auto leader balancing (kafka.controller.KafkaController)
[2025-04-10 19:18:23,534] DEBUG [Controller id=0] Topics not in preferred replica for broker 0 HashMap() (kafka.controller.KafkaController)
[2025-04-10 19:18:23,534] TRACE [Controller id=0] Leader imbalance ratio for broker 0 is 0.0 (kafka.controller.KafkaController)
[2025-04-10 19:23:23,548] INFO [Controller id=0] Processing automatic preferred replica leader election (kafka.controller.KafkaController)
[2025-04-10 19:23:23,548] TRACE [Controller id=0] Checking need to trigger auto leader balancing (kafka.controller.KafkaController)
[2025-04-10 19:23:23,549] DEBUG [Controller id=0] Topics not in preferred replica for broker 0 HashMap() (kafka.controller.KafkaController)
[2025-04-10 19:23:23,549] TRACE [Controller id=0] Leader imbalance ratio for broker 0 is 0.0 (kafka.controller.KafkaController)
[2025-04-10 19:23:59,807] INFO [Controller id=0] New topics: [HashSet(user-joined-project)], deleted topics: [HashSet()], new partition replica assignment [Set(TopicIdReplicaAssignment(user-joined-project,Some(921XeIfwTP6qpw9jrZ2xbg),Map(user-joined-project-0 -> ReplicaAssignment(replicas=0, addingReplicas=, removingReplicas=))))] (kafka.controller.KafkaController)
[2025-04-10 19:23:59,807] INFO [Controller id=0] New partition creation callback for user-joined-project-0 (kafka.controller.KafkaController)
[2025-04-10 19:23:59,843] INFO [RequestSendThread controllerId=0] Controller 0 connected to DESKTOP-8GKE7FT:9092 (id: 0 rack: null) for sending state change requests (kafka.controller.RequestSendThread)
[2025-04-10 19:28:23,563] INFO [Controller id=0] Processing automatic preferred replica leader election (kafka.controller.KafkaController)
[2025-04-10 19:28:23,563] TRACE [Controller id=0] Checking need to trigger auto leader balancing (kafka.controller.KafkaController)
[2025-04-10 19:28:23,567] DEBUG [Controller id=0] Topics not in preferred replica for broker 0 HashMap() (kafka.controller.KafkaController)
[2025-04-10 19:28:23,567] TRACE [Controller id=0] Leader imbalance ratio for broker 0 is 0.0 (kafka.controller.KafkaController)
[2025-04-10 19:33:23,579] INFO [Controller id=0] Processing automatic preferred replica leader election (kafka.controller.KafkaController)
[2025-04-10 19:33:23,579] TRACE [Controller id=0] Checking need to trigger auto leader balancing (kafka.controller.KafkaController)
[2025-04-10 19:33:23,580] DEBUG [Controller id=0] Topics not in preferred replica for broker 0 HashMap() (kafka.controller.KafkaController)
[2025-04-10 19:33:23,580] TRACE [Controller id=0] Leader imbalance ratio for broker 0 is 0.0 (kafka.controller.KafkaController)
[2025-04-10 19:38:23,591] INFO [Controller id=0] Processing automatic preferred replica leader election (kafka.controller.KafkaController)
[2025-04-10 19:38:23,591] TRACE [Controller id=0] Checking need to trigger auto leader balancing (kafka.controller.KafkaController)
[2025-04-10 19:38:23,592] DEBUG [Controller id=0] Topics not in preferred replica for broker 0 HashMap() (kafka.controller.KafkaController)
[2025-04-10 19:38:23,592] TRACE [Controller id=0] Leader imbalance ratio for broker 0 is 0.0 (kafka.controller.KafkaController)
[2025-04-10 19:43:23,604] INFO [Controller id=0] Processing automatic preferred replica leader election (kafka.controller.KafkaController)
[2025-04-10 19:43:23,604] TRACE [Controller id=0] Checking need to trigger auto leader balancing (kafka.controller.KafkaController)
[2025-04-10 19:43:23,605] DEBUG [Controller id=0] Topics not in preferred replica for broker 0 HashMap() (kafka.controller.KafkaController)
[2025-04-10 19:43:23,605] TRACE [Controller id=0] Leader imbalance ratio for broker 0 is 0.0 (kafka.controller.KafkaController)
[2025-04-10 19:47:48,616] INFO [Controller id=0] New topics: [HashSet(user-invited-to-project)], deleted topics: [HashSet()], new partition replica assignment [Set(TopicIdReplicaAssignment(user-invited-to-project,Some(Qs2q4jnrRqKRO_wl7lRbtw),Map(user-invited-to-project-0 -> ReplicaAssignment(replicas=0, addingReplicas=, removingReplicas=))))] (kafka.controller.KafkaController)
[2025-04-10 19:47:48,617] INFO [Controller id=0] New partition creation callback for user-invited-to-project-0 (kafka.controller.KafkaController)
[2025-04-10 19:47:48,671] INFO [RequestSendThread controllerId=0] Controller 0 connected to DESKTOP-8GKE7FT:9092 (id: 0 rack: null) for sending state change requests (kafka.controller.RequestSendThread)
[2025-04-10 19:48:23,614] INFO [Controller id=0] Processing automatic preferred replica leader election (kafka.controller.KafkaController)
[2025-04-10 19:48:23,614] TRACE [Controller id=0] Checking need to trigger auto leader balancing (kafka.controller.KafkaController)
[2025-04-10 19:48:23,615] DEBUG [Controller id=0] Topics not in preferred replica for broker 0 HashMap() (kafka.controller.KafkaController)
[2025-04-10 19:48:23,615] TRACE [Controller id=0] Leader imbalance ratio for broker 0 is 0.0 (kafka.controller.KafkaController)
[2025-04-10 19:53:23,621] INFO [Controller id=0] Processing automatic preferred replica leader election (kafka.controller.KafkaController)
[2025-04-10 19:53:23,621] TRACE [Controller id=0] Checking need to trigger auto leader balancing (kafka.controller.KafkaController)
[2025-04-10 19:53:23,627] DEBUG [Controller id=0] Topics not in preferred replica for broker 0 HashMap() (kafka.controller.KafkaController)
[2025-04-10 19:53:23,627] TRACE [Controller id=0] Leader imbalance ratio for broker 0 is 0.0 (kafka.controller.KafkaController)
[2025-04-10 19:58:23,634] INFO [Controller id=0] Processing automatic preferred replica leader election (kafka.controller.KafkaController)
[2025-04-10 19:58:23,634] TRACE [Controller id=0] Checking need to trigger auto leader balancing (kafka.controller.KafkaController)
[2025-04-10 19:58:23,640] DEBUG [Controller id=0] Topics not in preferred replica for broker 0 HashMap() (kafka.controller.KafkaController)
[2025-04-10 19:58:23,640] TRACE [Controller id=0] Leader imbalance ratio for broker 0 is 0.0 (kafka.controller.KafkaController)
[2025-04-10 20:03:23,649] INFO [Controller id=0] Processing automatic preferred replica leader election (kafka.controller.KafkaController)
[2025-04-10 20:03:23,655] TRACE [Controller id=0] Checking need to trigger auto leader balancing (kafka.controller.KafkaController)
[2025-04-10 20:03:23,657] DEBUG [Controller id=0] Topics not in preferred replica for broker 0 HashMap() (kafka.controller.KafkaController)
[2025-04-10 20:03:23,657] TRACE [Controller id=0] Leader imbalance ratio for broker 0 is 0.0 (kafka.controller.KafkaController)
[2025-04-10 20:08:23,661] INFO [Controller id=0] Processing automatic preferred replica leader election (kafka.controller.KafkaController)
[2025-04-10 20:08:23,661] TRACE [Controller id=0] Checking need to trigger auto leader balancing (kafka.controller.KafkaController)
[2025-04-10 20:08:23,661] DEBUG [Controller id=0] Topics not in preferred replica for broker 0 HashMap() (kafka.controller.KafkaController)
[2025-04-10 20:08:23,661] TRACE [Controller id=0] Leader imbalance ratio for broker 0 is 0.0 (kafka.controller.KafkaController)
[2025-04-10 20:13:23,681] INFO [Controller id=0] Processing automatic preferred replica leader election (kafka.controller.KafkaController)
[2025-04-10 20:13:23,681] TRACE [Controller id=0] Checking need to trigger auto leader balancing (kafka.controller.KafkaController)
[2025-04-10 20:13:23,685] DEBUG [Controller id=0] Topics not in preferred replica for broker 0 HashMap() (kafka.controller.KafkaController)
[2025-04-10 20:13:23,685] TRACE [Controller id=0] Leader imbalance ratio for broker 0 is 0.0 (kafka.controller.KafkaController)
[2025-04-10 20:18:23,695] INFO [Controller id=0] Processing automatic preferred replica leader election (kafka.controller.KafkaController)
[2025-04-10 20:18:23,695] TRACE [Controller id=0] Checking need to trigger auto leader balancing (kafka.controller.KafkaController)
[2025-04-10 20:18:23,699] DEBUG [Controller id=0] Topics not in preferred replica for broker 0 HashMap() (kafka.controller.KafkaController)
[2025-04-10 20:18:23,699] TRACE [Controller id=0] Leader imbalance ratio for broker 0 is 0.0 (kafka.controller.KafkaController)
[2025-04-10 20:23:23,708] INFO [Controller id=0] Processing automatic preferred replica leader election (kafka.controller.KafkaController)
[2025-04-10 20:23:23,709] TRACE [Controller id=0] Checking need to trigger auto leader balancing (kafka.controller.KafkaController)
[2025-04-10 20:23:23,711] DEBUG [Controller id=0] Topics not in preferred replica for broker 0 HashMap() (kafka.controller.KafkaController)
[2025-04-10 20:23:23,711] TRACE [Controller id=0] Leader imbalance ratio for broker 0 is 0.0 (kafka.controller.KafkaController)
[2025-04-10 20:28:23,717] INFO [Controller id=0] Processing automatic preferred replica leader election (kafka.controller.KafkaController)
[2025-04-10 20:28:23,717] TRACE [Controller id=0] Checking need to trigger auto leader balancing (kafka.controller.KafkaController)
[2025-04-10 20:28:23,738] DEBUG [Controller id=0] Topics not in preferred replica for broker 0 HashMap() (kafka.controller.KafkaController)
[2025-04-10 20:28:23,738] TRACE [Controller id=0] Leader imbalance ratio for broker 0 is 0.0 (kafka.controller.KafkaController)
[2025-04-10 20:33:23,745] INFO [Controller id=0] Processing automatic preferred replica leader election (kafka.controller.KafkaController)
[2025-04-10 20:33:23,745] TRACE [Controller id=0] Checking need to trigger auto leader balancing (kafka.controller.KafkaController)
[2025-04-10 20:33:23,747] DEBUG [Controller id=0] Topics not in preferred replica for broker 0 HashMap() (kafka.controller.KafkaController)
[2025-04-10 20:33:23,747] TRACE [Controller id=0] Leader imbalance ratio for broker 0 is 0.0 (kafka.controller.KafkaController)
[2025-04-10 20:38:23,753] INFO [Controller id=0] Processing automatic preferred replica leader election (kafka.controller.KafkaController)
[2025-04-10 20:38:23,754] TRACE [Controller id=0] Checking need to trigger auto leader balancing (kafka.controller.KafkaController)
[2025-04-10 20:38:23,758] DEBUG [Controller id=0] Topics not in preferred replica for broker 0 HashMap() (kafka.controller.KafkaController)
[2025-04-10 20:38:23,758] TRACE [Controller id=0] Leader imbalance ratio for broker 0 is 0.0 (kafka.controller.KafkaController)
[2025-04-10 20:43:23,780] INFO [Controller id=0] Processing automatic preferred replica leader election (kafka.controller.KafkaController)
[2025-04-10 20:43:23,780] TRACE [Controller id=0] Checking need to trigger auto leader balancing (kafka.controller.KafkaController)
[2025-04-10 20:43:23,781] DEBUG [Controller id=0] Topics not in preferred replica for broker 0 HashMap() (kafka.controller.KafkaController)
[2025-04-10 20:43:23,781] TRACE [Controller id=0] Leader imbalance ratio for broker 0 is 0.0 (kafka.controller.KafkaController)
[2025-04-10 20:48:23,802] INFO [Controller id=0] Processing automatic preferred replica leader election (kafka.controller.KafkaController)
[2025-04-10 20:48:23,802] TRACE [Controller id=0] Checking need to trigger auto leader balancing (kafka.controller.KafkaController)
[2025-04-10 20:48:23,805] DEBUG [Controller id=0] Topics not in preferred replica for broker 0 HashMap() (kafka.controller.KafkaController)
[2025-04-10 20:48:23,805] TRACE [Controller id=0] Leader imbalance ratio for broker 0 is 0.0 (kafka.controller.KafkaController)
[2025-04-10 20:53:23,829] INFO [Controller id=0] Processing automatic preferred replica leader election (kafka.controller.KafkaController)
[2025-04-10 20:53:23,830] TRACE [Controller id=0] Checking need to trigger auto leader balancing (kafka.controller.KafkaController)
[2025-04-10 20:53:23,831] DEBUG [Controller id=0] Topics not in preferred replica for broker 0 HashMap() (kafka.controller.KafkaController)
[2025-04-10 20:53:23,832] TRACE [Controller id=0] Leader imbalance ratio for broker 0 is 0.0 (kafka.controller.KafkaController)
[2025-04-10 20:58:23,847] INFO [Controller id=0] Processing automatic preferred replica leader election (kafka.controller.KafkaController)
[2025-04-10 20:58:23,847] TRACE [Controller id=0] Checking need to trigger auto leader balancing (kafka.controller.KafkaController)
[2025-04-10 20:58:23,851] DEBUG [Controller id=0] Topics not in preferred replica for broker 0 HashMap() (kafka.controller.KafkaController)
[2025-04-10 20:58:23,851] TRACE [Controller id=0] Leader imbalance ratio for broker 0 is 0.0 (kafka.controller.KafkaController)
[2025-04-10 21:03:23,860] INFO [Controller id=0] Processing automatic preferred replica leader election (kafka.controller.KafkaController)
[2025-04-10 21:03:23,916] TRACE [Controller id=0] Checking need to trigger auto leader balancing (kafka.controller.KafkaController)
[2025-04-10 21:03:23,918] DEBUG [Controller id=0] Topics not in preferred replica for broker 0 HashMap() (kafka.controller.KafkaController)
[2025-04-10 21:03:23,918] TRACE [Controller id=0] Leader imbalance ratio for broker 0 is 0.0 (kafka.controller.KafkaController)
[2025-04-10 21:08:23,930] INFO [Controller id=0] Processing automatic preferred replica leader election (kafka.controller.KafkaController)
[2025-04-10 21:08:23,930] TRACE [Controller id=0] Checking need to trigger auto leader balancing (kafka.controller.KafkaController)
[2025-04-10 21:08:23,949] DEBUG [Controller id=0] Topics not in preferred replica for broker 0 HashMap() (kafka.controller.KafkaController)
[2025-04-10 21:08:23,949] TRACE [Controller id=0] Leader imbalance ratio for broker 0 is 0.0 (kafka.controller.KafkaController)
[2025-04-10 21:13:23,951] INFO [Controller id=0] Processing automatic preferred replica leader election (kafka.controller.KafkaController)
[2025-04-10 21:13:23,951] TRACE [Controller id=0] Checking need to trigger auto leader balancing (kafka.controller.KafkaController)
[2025-04-10 21:13:23,958] DEBUG [Controller id=0] Topics not in preferred replica for broker 0 HashMap() (kafka.controller.KafkaController)
[2025-04-10 21:13:23,958] TRACE [Controller id=0] Leader imbalance ratio for broker 0 is 0.0 (kafka.controller.KafkaController)
[2025-04-10 21:18:23,970] INFO [Controller id=0] Processing automatic preferred replica leader election (kafka.controller.KafkaController)
[2025-04-10 21:18:23,975] TRACE [Controller id=0] Checking need to trigger auto leader balancing (kafka.controller.KafkaController)
[2025-04-10 21:18:23,999] DEBUG [Controller id=0] Topics not in preferred replica for broker 0 HashMap() (kafka.controller.KafkaController)
[2025-04-10 21:18:24,001] TRACE [Controller id=0] Leader imbalance ratio for broker 0 is 0.0 (kafka.controller.KafkaController)
[2025-04-10 21:23:24,004] INFO [Controller id=0] Processing automatic preferred replica leader election (kafka.controller.KafkaController)
[2025-04-10 21:23:24,004] TRACE [Controller id=0] Checking need to trigger auto leader balancing (kafka.controller.KafkaController)
[2025-04-10 21:23:24,007] DEBUG [Controller id=0] Topics not in preferred replica for broker 0 HashMap() (kafka.controller.KafkaController)
[2025-04-10 21:23:24,007] TRACE [Controller id=0] Leader imbalance ratio for broker 0 is 0.0 (kafka.controller.KafkaController)
[2025-04-10 21:28:24,018] INFO [Controller id=0] Processing automatic preferred replica leader election (kafka.controller.KafkaController)
[2025-04-10 21:28:24,018] TRACE [Controller id=0] Checking need to trigger auto leader balancing (kafka.controller.KafkaController)
[2025-04-10 21:28:24,020] DEBUG [Controller id=0] Topics not in preferred replica for broker 0 HashMap() (kafka.controller.KafkaController)
[2025-04-10 21:28:24,020] TRACE [Controller id=0] Leader imbalance ratio for broker 0 is 0.0 (kafka.controller.KafkaController)
[2025-04-10 21:48:40,070] DEBUG [Controller id=0] Resigning (kafka.controller.KafkaController)
[2025-04-10 21:48:40,078] DEBUG [Controller id=0] Unregister BrokerModifications handler for Set(0) (kafka.controller.KafkaController)
[2025-04-10 21:48:40,086] INFO [PartitionStateMachine controllerId=0] Stopped partition state machine (kafka.controller.ZkPartitionStateMachine)
[2025-04-10 21:48:40,086] INFO [ReplicaStateMachine controllerId=0] Stopped replica state machine (kafka.controller.ZkReplicaStateMachine)
[2025-04-10 21:48:40,089] INFO [RequestSendThread controllerId=0] Shutting down (kafka.controller.RequestSendThread)
[2025-04-10 21:48:40,092] INFO [RequestSendThread controllerId=0] Stopped (kafka.controller.RequestSendThread)
[2025-04-10 21:48:40,097] INFO [RequestSendThread controllerId=0] Shutdown completed (kafka.controller.RequestSendThread)
[2025-04-10 21:48:40,130] INFO [Controller id=0] Resigned (kafka.controller.KafkaController)
[2025-04-10 21:48:40,441] INFO [Controller id=0] 0 successfully elected as the controller. Epoch incremented to 5 and epoch zk version is now 5 (kafka.controller.KafkaController)
[2025-04-10 21:48:40,442] INFO [Controller id=0] Registering handlers (kafka.controller.KafkaController)
[2025-04-10 21:48:40,444] INFO [Controller id=0] Deleting log dir event notifications (kafka.controller.KafkaController)
[2025-04-10 21:48:40,447] INFO [Controller id=0] Deleting isr change notifications (kafka.controller.KafkaController)
[2025-04-10 21:48:40,448] INFO [Controller id=0] Initializing controller context (kafka.controller.KafkaController)
[2025-04-10 21:48:40,461] INFO [Controller id=0] Initialized broker epochs cache: HashMap(0 -> 231) (kafka.controller.KafkaController)
[2025-04-10 21:48:40,479] DEBUG [Controller id=0] Register BrokerModifications handler for Set(0) (kafka.controller.KafkaController)
[2025-04-10 21:48:40,507] DEBUG [Channel manager on controller 0]: Controller 0 trying to connect to broker 0 (kafka.controller.ControllerChannelManager)
[2025-04-10 21:48:40,528] INFO [RequestSendThread controllerId=0] Starting (kafka.controller.RequestSendThread)
[2025-04-10 21:48:40,529] INFO [Controller id=0] Currently active brokers in the cluster: Set(0) (kafka.controller.KafkaController)
[2025-04-10 21:48:40,529] INFO [Controller id=0] Currently shutting brokers in the cluster: HashSet() (kafka.controller.KafkaController)
[2025-04-10 21:48:40,529] INFO [Controller id=0] Current list of topics in the cluster: HashSet(user-service-invite-members, user-joined-project, user-data-request, user-data-response, team-service-topic, google-data-topic, user-service-project-created, team-service-invite-members, user-invited-to-project, user-avatar-updated, chatroom-creation, __consumer_offsets) (kafka.controller.KafkaController)
[2025-04-10 21:48:40,529] INFO [Controller id=0] Fetching topic deletions in progress (kafka.controller.KafkaController)
[2025-04-10 21:48:40,532] INFO [Controller id=0] List of topics to be deleted:  (kafka.controller.KafkaController)
[2025-04-10 21:48:40,533] INFO [Controller id=0] List of topics ineligible for deletion:  (kafka.controller.KafkaController)
[2025-04-10 21:48:40,533] INFO [Controller id=0] Initializing topic deletion manager (kafka.controller.KafkaController)
[2025-04-10 21:48:40,533] INFO [Topic Deletion Manager 0] Initializing manager with initial deletions: Set(), initial ineligible deletions: HashSet() (kafka.controller.TopicDeletionManager)
[2025-04-10 21:48:40,533] INFO [Controller id=0] Sending update metadata request (kafka.controller.KafkaController)
[2025-04-10 21:48:40,552] INFO [ReplicaStateMachine controllerId=0] Initializing replica state (kafka.controller.ZkReplicaStateMachine)
[2025-04-10 21:48:40,553] INFO [ReplicaStateMachine controllerId=0] Triggering online replica state changes (kafka.controller.ZkReplicaStateMachine)
[2025-04-10 21:48:40,556] INFO [RequestSendThread controllerId=0] Controller 0 connected to DESKTOP-8GKE7FT:9092 (id: 0 rack: null) for sending state change requests (kafka.controller.RequestSendThread)
[2025-04-10 21:48:40,561] INFO [ReplicaStateMachine controllerId=0] Triggering offline replica state changes (kafka.controller.ZkReplicaStateMachine)
[2025-04-10 21:48:40,561] DEBUG [ReplicaStateMachine controllerId=0] Started replica state machine with initial state -> HashMap([Topic=user-invited-to-project,Partition=0,Replica=0] -> OnlineReplica, [Topic=__consumer_offsets,Partition=40,Replica=0] -> OnlineReplica, [Topic=__consumer_offsets,Partition=27,Replica=0] -> OnlineReplica, [Topic=__consumer_offsets,Partition=49,Replica=0] -> OnlineReplica, [Topic=user-avatar-updated,Partition=0,Replica=0] -> OnlineReplica, [Topic=__consumer_offsets,Partition=47,Replica=0] -> OnlineReplica, [Topic=__consumer_offsets,Partition=3,Replica=0] -> OnlineReplica, [Topic=__consumer_offsets,Partition=18,Replica=0] -> OnlineReplica, [Topic=__consumer_offsets,Partition=44,Replica=0] -> OnlineReplica, [Topic=__consumer_offsets,Partition=8,Replica=0] -> OnlineReplica, [Topic=user-service-project-created,Partition=0,Replica=0] -> OnlineReplica, [Topic=__consumer_offsets,Partition=34,Replica=0] -> OnlineReplica, [Topic=__consumer_offsets,Partition=25,Replica=0] -> OnlineReplica, [Topic=user-service-invite-members,Partition=0,Replica=0] -> OnlineReplica, [Topic=__consumer_offsets,Partition=14,Replica=0] -> OnlineReplica, [Topic=__consumer_offsets,Partition=24,Replica=0] -> OnlineReplica, [Topic=__consumer_offsets,Partition=36,Replica=0] -> OnlineReplica, [Topic=__consumer_offsets,Partition=42,Replica=0] -> OnlineReplica, [Topic=__consumer_offsets,Partition=45,Replica=0] -> OnlineReplica, [Topic=__consumer_offsets,Partition=11,Replica=0] -> OnlineReplica, [Topic=__consumer_offsets,Partition=32,Replica=0] -> OnlineReplica, [Topic=__consumer_offsets,Partition=12,Replica=0] -> OnlineReplica, [Topic=__consumer_offsets,Partition=30,Replica=0] -> OnlineReplica, [Topic=__consumer_offsets,Partition=9,Replica=0] -> OnlineReplica, [Topic=google-data-topic,Partition=0,Replica=0] -> OnlineReplica, [Topic=__consumer_offsets,Partition=39,Replica=0] -> OnlineReplica, [Topic=chatroom-creation,Partition=0,Replica=0] -> OnlineReplica, [Topic=__consumer_offsets,Partition=38,Replica=0] -> OnlineReplica, [Topic=__consumer_offsets,Partition=23,Replica=0] -> OnlineReplica, [Topic=__consumer_offsets,Partition=19,Replica=0] -> OnlineReplica, [Topic=__consumer_offsets,Partition=17,Replica=0] -> OnlineReplica, [Topic=__consumer_offsets,Partition=41,Replica=0] -> OnlineReplica, [Topic=__consumer_offsets,Partition=37,Replica=0] -> OnlineReplica, [Topic=__consumer_offsets,Partition=48,Replica=0] -> OnlineReplica, [Topic=__consumer_offsets,Partition=29,Replica=0] -> OnlineReplica, [Topic=team-service-invite-members,Partition=0,Replica=0] -> OnlineReplica, [Topic=__consumer_offsets,Partition=10,Replica=0] -> OnlineReplica, [Topic=__consumer_offsets,Partition=46,Replica=0] -> OnlineReplica, [Topic=user-joined-project,Partition=0,Replica=0] -> OnlineReplica, [Topic=__consumer_offsets,Partition=1,Replica=0] -> OnlineReplica, [Topic=team-service-topic,Partition=0,Replica=0] -> OnlineReplica, [Topic=__consumer_offsets,Partition=16,Replica=0] -> OnlineReplica, [Topic=__consumer_offsets,Partition=5,Replica=0] -> OnlineReplica, [Topic=user-data-response,Partition=0,Replica=0] -> OnlineReplica, [Topic=__consumer_offsets,Partition=15,Replica=0] -> OnlineReplica, [Topic=__consumer_offsets,Partition=4,Replica=0] -> OnlineReplica, [Topic=__consumer_offsets,Partition=6,Replica=0] -> OnlineReplica, [Topic=__consumer_offsets,Partition=7,Replica=0] -> OnlineReplica, [Topic=__consumer_offsets,Partition=43,Replica=0] -> OnlineReplica, [Topic=__consumer_offsets,Partition=0,Replica=0] -> OnlineReplica, [Topic=user-data-request,Partition=0,Replica=0] -> OnlineReplica, [Topic=__consumer_offsets,Partition=20,Replica=0] -> OnlineReplica, [Topic=__consumer_offsets,Partition=31,Replica=0] -> OnlineReplica, [Topic=__consumer_offsets,Partition=28,Replica=0] -> OnlineReplica, [Topic=__consumer_offsets,Partition=26,Replica=0] -> OnlineReplica, [Topic=__consumer_offsets,Partition=2,Replica=0] -> OnlineReplica, [Topic=__consumer_offsets,Partition=33,Replica=0] -> OnlineReplica, [Topic=__consumer_offsets,Partition=22,Replica=0] -> OnlineReplica, [Topic=__consumer_offsets,Partition=21,Replica=0] -> OnlineReplica, [Topic=__consumer_offsets,Partition=13,Replica=0] -> OnlineReplica, [Topic=__consumer_offsets,Partition=35,Replica=0] -> OnlineReplica) (kafka.controller.ZkReplicaStateMachine)
[2025-04-10 21:48:40,562] INFO [PartitionStateMachine controllerId=0] Initializing partition state (kafka.controller.ZkPartitionStateMachine)
[2025-04-10 21:48:40,562] INFO [PartitionStateMachine controllerId=0] Triggering online partition state changes (kafka.controller.ZkPartitionStateMachine)
[2025-04-10 21:48:40,562] DEBUG [PartitionStateMachine controllerId=0] Started partition state machine with initial state -> HashMap(__consumer_offsets-13 -> OnlinePartition, __consumer_offsets-46 -> OnlinePartition, __consumer_offsets-9 -> OnlinePartition, __consumer_offsets-42 -> OnlinePartition, __consumer_offsets-21 -> OnlinePartition, user-joined-project-0 -> OnlinePartition, user-service-project-created-0 -> OnlinePartition, __consumer_offsets-17 -> OnlinePartition, __consumer_offsets-30 -> OnlinePartition, chatroom-creation-0 -> OnlinePartition, __consumer_offsets-26 -> OnlinePartition, __consumer_offsets-5 -> OnlinePartition, __consumer_offsets-38 -> OnlinePartition, __consumer_offsets-1 -> OnlinePartition, __consumer_offsets-34 -> OnlinePartition, __consumer_offsets-16 -> OnlinePartition, __consumer_offsets-45 -> OnlinePartition, team-service-topic-0 -> OnlinePartition, __consumer_offsets-12 -> OnlinePartition, __consumer_offsets-41 -> OnlinePartition, user-data-response-0 -> OnlinePartition, __consumer_offsets-24 -> OnlinePartition, team-service-invite-members-0 -> OnlinePartition, __consumer_offsets-20 -> OnlinePartition, __consumer_offsets-49 -> OnlinePartition, __consumer_offsets-0 -> OnlinePartition, __consumer_offsets-29 -> OnlinePartition, __consumer_offsets-25 -> OnlinePartition, __consumer_offsets-8 -> OnlinePartition, __consumer_offsets-37 -> OnlinePartition, __consumer_offsets-4 -> OnlinePartition, __consumer_offsets-33 -> OnlinePartition, __consumer_offsets-15 -> OnlinePartition, __consumer_offsets-48 -> OnlinePartition, __consumer_offsets-11 -> OnlinePartition, user-data-request-0 -> OnlinePartition, __consumer_offsets-44 -> OnlinePartition, __consumer_offsets-23 -> OnlinePartition, __consumer_offsets-19 -> OnlinePartition, __consumer_offsets-32 -> OnlinePartition, __consumer_offsets-28 -> OnlinePartition, user-invited-to-project-0 -> OnlinePartition, __consumer_offsets-7 -> OnlinePartition, __consumer_offsets-40 -> OnlinePartition, __consumer_offsets-3 -> OnlinePartition, __consumer_offsets-36 -> OnlinePartition, user-service-invite-members-0 -> OnlinePartition, __consumer_offsets-47 -> OnlinePartition, __consumer_offsets-14 -> OnlinePartition, __consumer_offsets-43 -> OnlinePartition, __consumer_offsets-10 -> OnlinePartition, google-data-topic-0 -> OnlinePartition, __consumer_offsets-22 -> OnlinePartition, __consumer_offsets-18 -> OnlinePartition, __consumer_offsets-31 -> OnlinePartition, user-avatar-updated-0 -> OnlinePartition, __consumer_offsets-27 -> OnlinePartition, __consumer_offsets-39 -> OnlinePartition, __consumer_offsets-6 -> OnlinePartition, __consumer_offsets-35 -> OnlinePartition, __consumer_offsets-2 -> OnlinePartition) (kafka.controller.ZkPartitionStateMachine)
[2025-04-10 21:48:40,562] INFO [Controller id=0] Ready to serve as the new controller with epoch 5 (kafka.controller.KafkaController)
[2025-04-10 21:48:40,564] INFO [Controller id=0] Partitions undergoing preferred replica election:  (kafka.controller.KafkaController)
[2025-04-10 21:48:40,564] INFO [Controller id=0] Partitions that completed preferred replica election:  (kafka.controller.KafkaController)
[2025-04-10 21:48:40,564] INFO [Controller id=0] Skipping preferred replica election for partitions due to topic deletion:  (kafka.controller.KafkaController)
[2025-04-10 21:48:40,564] INFO [Controller id=0] Resuming preferred replica election for partitions:  (kafka.controller.KafkaController)
[2025-04-10 21:48:40,564] INFO [Controller id=0] Starting replica leader election (PREFERRED) for partitions  triggered by ZkTriggered (kafka.controller.KafkaController)
[2025-04-10 21:48:40,569] INFO [Controller id=0] Starting the controller scheduler (kafka.controller.KafkaController)
[2025-04-10 21:48:45,574] INFO [Controller id=0] Processing automatic preferred replica leader election (kafka.controller.KafkaController)
[2025-04-10 21:48:45,574] TRACE [Controller id=0] Checking need to trigger auto leader balancing (kafka.controller.KafkaController)
[2025-04-10 21:48:45,574] DEBUG [Controller id=0] Topics not in preferred replica for broker 0 HashMap() (kafka.controller.KafkaController)
[2025-04-10 21:48:45,574] TRACE [Controller id=0] Leader imbalance ratio for broker 0 is 0.0 (kafka.controller.KafkaController)
[2025-04-10 21:53:45,582] INFO [Controller id=0] Processing automatic preferred replica leader election (kafka.controller.KafkaController)
[2025-04-10 21:53:45,584] TRACE [Controller id=0] Checking need to trigger auto leader balancing (kafka.controller.KafkaController)
[2025-04-10 21:53:45,587] DEBUG [Controller id=0] Topics not in preferred replica for broker 0 HashMap() (kafka.controller.KafkaController)
[2025-04-10 21:53:45,587] TRACE [Controller id=0] Leader imbalance ratio for broker 0 is 0.0 (kafka.controller.KafkaController)
[2025-04-10 21:58:45,600] INFO [Controller id=0] Processing automatic preferred replica leader election (kafka.controller.KafkaController)
[2025-04-10 21:58:45,600] TRACE [Controller id=0] Checking need to trigger auto leader balancing (kafka.controller.KafkaController)
[2025-04-10 21:58:45,601] DEBUG [Controller id=0] Topics not in preferred replica for broker 0 HashMap() (kafka.controller.KafkaController)
[2025-04-10 21:58:45,601] TRACE [Controller id=0] Leader imbalance ratio for broker 0 is 0.0 (kafka.controller.KafkaController)
[2025-04-10 22:03:45,620] INFO [Controller id=0] Processing automatic preferred replica leader election (kafka.controller.KafkaController)
[2025-04-10 22:03:45,639] TRACE [Controller id=0] Checking need to trigger auto leader balancing (kafka.controller.KafkaController)
[2025-04-10 22:03:45,647] DEBUG [Controller id=0] Topics not in preferred replica for broker 0 HashMap() (kafka.controller.KafkaController)
[2025-04-10 22:03:45,648] TRACE [Controller id=0] Leader imbalance ratio for broker 0 is 0.0 (kafka.controller.KafkaController)
[2025-04-10 22:08:45,657] INFO [Controller id=0] Processing automatic preferred replica leader election (kafka.controller.KafkaController)
[2025-04-10 22:08:45,657] TRACE [Controller id=0] Checking need to trigger auto leader balancing (kafka.controller.KafkaController)
[2025-04-10 22:08:45,659] DEBUG [Controller id=0] Topics not in preferred replica for broker 0 HashMap() (kafka.controller.KafkaController)
[2025-04-10 22:08:45,659] TRACE [Controller id=0] Leader imbalance ratio for broker 0 is 0.0 (kafka.controller.KafkaController)
[2025-04-10 22:13:45,673] INFO [Controller id=0] Processing automatic preferred replica leader election (kafka.controller.KafkaController)
[2025-04-10 22:13:45,674] TRACE [Controller id=0] Checking need to trigger auto leader balancing (kafka.controller.KafkaController)
[2025-04-10 22:13:45,677] DEBUG [Controller id=0] Topics not in preferred replica for broker 0 HashMap() (kafka.controller.KafkaController)
[2025-04-10 22:13:45,677] TRACE [Controller id=0] Leader imbalance ratio for broker 0 is 0.0 (kafka.controller.KafkaController)
[2025-04-10 22:18:45,686] INFO [Controller id=0] Processing automatic preferred replica leader election (kafka.controller.KafkaController)
[2025-04-10 22:18:45,686] TRACE [Controller id=0] Checking need to trigger auto leader balancing (kafka.controller.KafkaController)
[2025-04-10 22:18:45,689] DEBUG [Controller id=0] Topics not in preferred replica for broker 0 HashMap() (kafka.controller.KafkaController)
[2025-04-10 22:18:45,689] TRACE [Controller id=0] Leader imbalance ratio for broker 0 is 0.0 (kafka.controller.KafkaController)
[2025-04-10 22:23:45,696] INFO [Controller id=0] Processing automatic preferred replica leader election (kafka.controller.KafkaController)
[2025-04-10 22:23:45,696] TRACE [Controller id=0] Checking need to trigger auto leader balancing (kafka.controller.KafkaController)
[2025-04-10 22:23:45,697] DEBUG [Controller id=0] Topics not in preferred replica for broker 0 HashMap() (kafka.controller.KafkaController)
[2025-04-10 22:23:45,697] TRACE [Controller id=0] Leader imbalance ratio for broker 0 is 0.0 (kafka.controller.KafkaController)
[2025-04-10 22:28:45,709] INFO [Controller id=0] Processing automatic preferred replica leader election (kafka.controller.KafkaController)
[2025-04-10 22:28:45,709] TRACE [Controller id=0] Checking need to trigger auto leader balancing (kafka.controller.KafkaController)
[2025-04-10 22:28:45,712] DEBUG [Controller id=0] Topics not in preferred replica for broker 0 HashMap() (kafka.controller.KafkaController)
[2025-04-10 22:28:45,712] TRACE [Controller id=0] Leader imbalance ratio for broker 0 is 0.0 (kafka.controller.KafkaController)
[2025-04-10 22:33:45,727] INFO [Controller id=0] Processing automatic preferred replica leader election (kafka.controller.KafkaController)
[2025-04-10 22:33:45,730] TRACE [Controller id=0] Checking need to trigger auto leader balancing (kafka.controller.KafkaController)
[2025-04-10 22:33:45,744] DEBUG [Controller id=0] Topics not in preferred replica for broker 0 HashMap() (kafka.controller.KafkaController)
[2025-04-10 22:33:45,745] TRACE [Controller id=0] Leader imbalance ratio for broker 0 is 0.0 (kafka.controller.KafkaController)
[2025-04-10 22:38:45,759] INFO [Controller id=0] Processing automatic preferred replica leader election (kafka.controller.KafkaController)
[2025-04-10 22:38:45,760] TRACE [Controller id=0] Checking need to trigger auto leader balancing (kafka.controller.KafkaController)
[2025-04-10 22:38:45,766] DEBUG [Controller id=0] Topics not in preferred replica for broker 0 HashMap() (kafka.controller.KafkaController)
[2025-04-10 22:38:45,766] TRACE [Controller id=0] Leader imbalance ratio for broker 0 is 0.0 (kafka.controller.KafkaController)
[2025-04-10 22:43:45,784] INFO [Controller id=0] Processing automatic preferred replica leader election (kafka.controller.KafkaController)
[2025-04-10 22:43:45,785] TRACE [Controller id=0] Checking need to trigger auto leader balancing (kafka.controller.KafkaController)
[2025-04-10 22:43:45,800] DEBUG [Controller id=0] Topics not in preferred replica for broker 0 HashMap() (kafka.controller.KafkaController)
[2025-04-10 22:43:45,800] TRACE [Controller id=0] Leader imbalance ratio for broker 0 is 0.0 (kafka.controller.KafkaController)
[2025-04-10 22:48:45,807] INFO [Controller id=0] Processing automatic preferred replica leader election (kafka.controller.KafkaController)
[2025-04-10 22:48:45,808] TRACE [Controller id=0] Checking need to trigger auto leader balancing (kafka.controller.KafkaController)
[2025-04-10 22:48:45,811] DEBUG [Controller id=0] Topics not in preferred replica for broker 0 HashMap() (kafka.controller.KafkaController)
[2025-04-10 22:48:45,811] TRACE [Controller id=0] Leader imbalance ratio for broker 0 is 0.0 (kafka.controller.KafkaController)
[2025-04-10 22:53:45,816] INFO [Controller id=0] Processing automatic preferred replica leader election (kafka.controller.KafkaController)
[2025-04-10 22:53:45,817] TRACE [Controller id=0] Checking need to trigger auto leader balancing (kafka.controller.KafkaController)
[2025-04-10 22:53:45,822] DEBUG [Controller id=0] Topics not in preferred replica for broker 0 HashMap() (kafka.controller.KafkaController)
[2025-04-10 22:53:45,822] TRACE [Controller id=0] Leader imbalance ratio for broker 0 is 0.0 (kafka.controller.KafkaController)
[2025-04-10 22:58:45,837] INFO [Controller id=0] Processing automatic preferred replica leader election (kafka.controller.KafkaController)
[2025-04-10 22:58:45,838] TRACE [Controller id=0] Checking need to trigger auto leader balancing (kafka.controller.KafkaController)
[2025-04-10 22:58:45,842] DEBUG [Controller id=0] Topics not in preferred replica for broker 0 HashMap() (kafka.controller.KafkaController)
[2025-04-10 22:58:45,842] TRACE [Controller id=0] Leader imbalance ratio for broker 0 is 0.0 (kafka.controller.KafkaController)
[2025-04-10 23:03:45,847] INFO [Controller id=0] Processing automatic preferred replica leader election (kafka.controller.KafkaController)
[2025-04-10 23:03:45,880] TRACE [Controller id=0] Checking need to trigger auto leader balancing (kafka.controller.KafkaController)
[2025-04-10 23:03:45,881] DEBUG [Controller id=0] Topics not in preferred replica for broker 0 HashMap() (kafka.controller.KafkaController)
[2025-04-10 23:03:45,881] TRACE [Controller id=0] Leader imbalance ratio for broker 0 is 0.0 (kafka.controller.KafkaController)
[2025-04-10 23:08:45,907] INFO [Controller id=0] Processing automatic preferred replica leader election (kafka.controller.KafkaController)
[2025-04-10 23:08:45,915] TRACE [Controller id=0] Checking need to trigger auto leader balancing (kafka.controller.KafkaController)
[2025-04-10 23:08:45,928] DEBUG [Controller id=0] Topics not in preferred replica for broker 0 HashMap() (kafka.controller.KafkaController)
[2025-04-10 23:08:45,929] TRACE [Controller id=0] Leader imbalance ratio for broker 0 is 0.0 (kafka.controller.KafkaController)
[2025-04-10 23:13:45,935] INFO [Controller id=0] Processing automatic preferred replica leader election (kafka.controller.KafkaController)
[2025-04-10 23:13:45,935] TRACE [Controller id=0] Checking need to trigger auto leader balancing (kafka.controller.KafkaController)
[2025-04-10 23:13:45,942] DEBUG [Controller id=0] Topics not in preferred replica for broker 0 HashMap() (kafka.controller.KafkaController)
[2025-04-10 23:13:45,942] TRACE [Controller id=0] Leader imbalance ratio for broker 0 is 0.0 (kafka.controller.KafkaController)
[2025-04-10 23:18:45,952] INFO [Controller id=0] Processing automatic preferred replica leader election (kafka.controller.KafkaController)
[2025-04-10 23:18:45,952] TRACE [Controller id=0] Checking need to trigger auto leader balancing (kafka.controller.KafkaController)
[2025-04-10 23:18:45,955] DEBUG [Controller id=0] Topics not in preferred replica for broker 0 HashMap() (kafka.controller.KafkaController)
[2025-04-10 23:18:45,955] TRACE [Controller id=0] Leader imbalance ratio for broker 0 is 0.0 (kafka.controller.KafkaController)
[2025-04-10 23:23:45,968] INFO [Controller id=0] Processing automatic preferred replica leader election (kafka.controller.KafkaController)
[2025-04-10 23:23:45,968] TRACE [Controller id=0] Checking need to trigger auto leader balancing (kafka.controller.KafkaController)
[2025-04-10 23:23:45,969] DEBUG [Controller id=0] Topics not in preferred replica for broker 0 HashMap() (kafka.controller.KafkaController)
[2025-04-10 23:23:45,969] TRACE [Controller id=0] Leader imbalance ratio for broker 0 is 0.0 (kafka.controller.KafkaController)
[2025-04-10 23:28:45,988] INFO [Controller id=0] Processing automatic preferred replica leader election (kafka.controller.KafkaController)
[2025-04-10 23:28:45,990] TRACE [Controller id=0] Checking need to trigger auto leader balancing (kafka.controller.KafkaController)
[2025-04-10 23:28:45,992] DEBUG [Controller id=0] Topics not in preferred replica for broker 0 HashMap() (kafka.controller.KafkaController)
[2025-04-10 23:28:45,992] TRACE [Controller id=0] Leader imbalance ratio for broker 0 is 0.0 (kafka.controller.KafkaController)
[2025-04-10 23:33:45,992] INFO [Controller id=0] Processing automatic preferred replica leader election (kafka.controller.KafkaController)
[2025-04-10 23:33:45,993] TRACE [Controller id=0] Checking need to trigger auto leader balancing (kafka.controller.KafkaController)
[2025-04-10 23:33:45,994] DEBUG [Controller id=0] Topics not in preferred replica for broker 0 HashMap() (kafka.controller.KafkaController)
[2025-04-10 23:33:45,994] TRACE [Controller id=0] Leader imbalance ratio for broker 0 is 0.0 (kafka.controller.KafkaController)
[2025-04-10 23:38:45,998] INFO [Controller id=0] Processing automatic preferred replica leader election (kafka.controller.KafkaController)
[2025-04-10 23:38:46,000] TRACE [Controller id=0] Checking need to trigger auto leader balancing (kafka.controller.KafkaController)
[2025-04-10 23:38:46,002] DEBUG [Controller id=0] Topics not in preferred replica for broker 0 HashMap() (kafka.controller.KafkaController)
[2025-04-10 23:38:46,002] TRACE [Controller id=0] Leader imbalance ratio for broker 0 is 0.0 (kafka.controller.KafkaController)
[2025-04-10 23:43:46,017] INFO [Controller id=0] Processing automatic preferred replica leader election (kafka.controller.KafkaController)
[2025-04-10 23:43:46,021] TRACE [Controller id=0] Checking need to trigger auto leader balancing (kafka.controller.KafkaController)
[2025-04-10 23:43:46,033] DEBUG [Controller id=0] Topics not in preferred replica for broker 0 HashMap() (kafka.controller.KafkaController)
[2025-04-10 23:43:46,034] TRACE [Controller id=0] Leader imbalance ratio for broker 0 is 0.0 (kafka.controller.KafkaController)
[2025-04-10 23:48:46,038] INFO [Controller id=0] Processing automatic preferred replica leader election (kafka.controller.KafkaController)
[2025-04-10 23:48:46,038] TRACE [Controller id=0] Checking need to trigger auto leader balancing (kafka.controller.KafkaController)
[2025-04-10 23:48:46,045] DEBUG [Controller id=0] Topics not in preferred replica for broker 0 HashMap() (kafka.controller.KafkaController)
[2025-04-10 23:48:46,045] TRACE [Controller id=0] Leader imbalance ratio for broker 0 is 0.0 (kafka.controller.KafkaController)
[2025-04-10 23:53:46,066] INFO [Controller id=0] Processing automatic preferred replica leader election (kafka.controller.KafkaController)
[2025-04-10 23:53:46,067] TRACE [Controller id=0] Checking need to trigger auto leader balancing (kafka.controller.KafkaController)
[2025-04-10 23:53:46,074] DEBUG [Controller id=0] Topics not in preferred replica for broker 0 HashMap() (kafka.controller.KafkaController)
[2025-04-10 23:53:46,075] TRACE [Controller id=0] Leader imbalance ratio for broker 0 is 0.0 (kafka.controller.KafkaController)
[2025-04-10 23:58:46,091] INFO [Controller id=0] Processing automatic preferred replica leader election (kafka.controller.KafkaController)
[2025-04-10 23:58:46,092] TRACE [Controller id=0] Checking need to trigger auto leader balancing (kafka.controller.KafkaController)
[2025-04-10 23:58:46,106] DEBUG [Controller id=0] Topics not in preferred replica for broker 0 HashMap() (kafka.controller.KafkaController)
[2025-04-10 23:58:46,107] TRACE [Controller id=0] Leader imbalance ratio for broker 0 is 0.0 (kafka.controller.KafkaController)
[2025-04-11 00:03:46,114] INFO [Controller id=0] Processing automatic preferred replica leader election (kafka.controller.KafkaController)
[2025-04-11 00:03:46,120] TRACE [Controller id=0] Checking need to trigger auto leader balancing (kafka.controller.KafkaController)
[2025-04-11 00:03:46,122] DEBUG [Controller id=0] Topics not in preferred replica for broker 0 HashMap() (kafka.controller.KafkaController)
[2025-04-11 00:03:46,122] TRACE [Controller id=0] Leader imbalance ratio for broker 0 is 0.0 (kafka.controller.KafkaController)
[2025-04-11 00:08:46,127] INFO [Controller id=0] Processing automatic preferred replica leader election (kafka.controller.KafkaController)
[2025-04-11 00:08:46,127] TRACE [Controller id=0] Checking need to trigger auto leader balancing (kafka.controller.KafkaController)
[2025-04-11 00:08:46,128] DEBUG [Controller id=0] Topics not in preferred replica for broker 0 HashMap() (kafka.controller.KafkaController)
[2025-04-11 00:08:46,128] TRACE [Controller id=0] Leader imbalance ratio for broker 0 is 0.0 (kafka.controller.KafkaController)
[2025-04-11 00:13:46,146] INFO [Controller id=0] Processing automatic preferred replica leader election (kafka.controller.KafkaController)
[2025-04-11 00:13:46,146] TRACE [Controller id=0] Checking need to trigger auto leader balancing (kafka.controller.KafkaController)
[2025-04-11 00:13:46,148] DEBUG [Controller id=0] Topics not in preferred replica for broker 0 HashMap() (kafka.controller.KafkaController)
[2025-04-11 00:13:46,149] TRACE [Controller id=0] Leader imbalance ratio for broker 0 is 0.0 (kafka.controller.KafkaController)
[2025-04-11 00:18:46,163] INFO [Controller id=0] Processing automatic preferred replica leader election (kafka.controller.KafkaController)
[2025-04-11 00:18:46,163] TRACE [Controller id=0] Checking need to trigger auto leader balancing (kafka.controller.KafkaController)
[2025-04-11 00:18:46,164] DEBUG [Controller id=0] Topics not in preferred replica for broker 0 HashMap() (kafka.controller.KafkaController)
[2025-04-11 00:18:46,164] TRACE [Controller id=0] Leader imbalance ratio for broker 0 is 0.0 (kafka.controller.KafkaController)
[2025-04-11 00:23:46,166] INFO [Controller id=0] Processing automatic preferred replica leader election (kafka.controller.KafkaController)
[2025-04-11 00:23:46,166] TRACE [Controller id=0] Checking need to trigger auto leader balancing (kafka.controller.KafkaController)
[2025-04-11 00:23:46,175] DEBUG [Controller id=0] Topics not in preferred replica for broker 0 HashMap() (kafka.controller.KafkaController)
[2025-04-11 00:23:46,175] TRACE [Controller id=0] Leader imbalance ratio for broker 0 is 0.0 (kafka.controller.KafkaController)
[2025-04-11 00:28:46,180] INFO [Controller id=0] Processing automatic preferred replica leader election (kafka.controller.KafkaController)
[2025-04-11 00:28:46,180] TRACE [Controller id=0] Checking need to trigger auto leader balancing (kafka.controller.KafkaController)
[2025-04-11 00:28:46,181] DEBUG [Controller id=0] Topics not in preferred replica for broker 0 HashMap() (kafka.controller.KafkaController)
[2025-04-11 00:28:46,181] TRACE [Controller id=0] Leader imbalance ratio for broker 0 is 0.0 (kafka.controller.KafkaController)
[2025-04-11 00:33:46,187] INFO [Controller id=0] Processing automatic preferred replica leader election (kafka.controller.KafkaController)
[2025-04-11 00:33:46,187] TRACE [Controller id=0] Checking need to trigger auto leader balancing (kafka.controller.KafkaController)
[2025-04-11 00:33:46,188] DEBUG [Controller id=0] Topics not in preferred replica for broker 0 HashMap() (kafka.controller.KafkaController)
[2025-04-11 00:33:46,189] TRACE [Controller id=0] Leader imbalance ratio for broker 0 is 0.0 (kafka.controller.KafkaController)
[2025-04-11 00:38:46,223] INFO [Controller id=0] Processing automatic preferred replica leader election (kafka.controller.KafkaController)
[2025-04-11 00:38:46,224] TRACE [Controller id=0] Checking need to trigger auto leader balancing (kafka.controller.KafkaController)
[2025-04-11 00:38:46,245] DEBUG [Controller id=0] Topics not in preferred replica for broker 0 HashMap() (kafka.controller.KafkaController)
[2025-04-11 00:38:46,245] TRACE [Controller id=0] Leader imbalance ratio for broker 0 is 0.0 (kafka.controller.KafkaController)
[2025-04-11 00:43:46,257] INFO [Controller id=0] Processing automatic preferred replica leader election (kafka.controller.KafkaController)
[2025-04-11 00:43:46,258] TRACE [Controller id=0] Checking need to trigger auto leader balancing (kafka.controller.KafkaController)
[2025-04-11 00:43:46,262] DEBUG [Controller id=0] Topics not in preferred replica for broker 0 HashMap() (kafka.controller.KafkaController)
[2025-04-11 00:43:46,262] TRACE [Controller id=0] Leader imbalance ratio for broker 0 is 0.0 (kafka.controller.KafkaController)
[2025-04-11 00:48:46,274] INFO [Controller id=0] Processing automatic preferred replica leader election (kafka.controller.KafkaController)
[2025-04-11 00:48:46,275] TRACE [Controller id=0] Checking need to trigger auto leader balancing (kafka.controller.KafkaController)
[2025-04-11 00:48:46,276] DEBUG [Controller id=0] Topics not in preferred replica for broker 0 HashMap() (kafka.controller.KafkaController)
[2025-04-11 00:48:46,276] TRACE [Controller id=0] Leader imbalance ratio for broker 0 is 0.0 (kafka.controller.KafkaController)
[2025-04-11 00:53:46,299] INFO [Controller id=0] Processing automatic preferred replica leader election (kafka.controller.KafkaController)
[2025-04-11 00:53:46,300] TRACE [Controller id=0] Checking need to trigger auto leader balancing (kafka.controller.KafkaController)
[2025-04-11 00:53:46,311] DEBUG [Controller id=0] Topics not in preferred replica for broker 0 HashMap() (kafka.controller.KafkaController)
[2025-04-11 00:53:46,311] TRACE [Controller id=0] Leader imbalance ratio for broker 0 is 0.0 (kafka.controller.KafkaController)
[2025-04-11 00:58:46,329] INFO [Controller id=0] Processing automatic preferred replica leader election (kafka.controller.KafkaController)
[2025-04-11 00:58:46,330] TRACE [Controller id=0] Checking need to trigger auto leader balancing (kafka.controller.KafkaController)
[2025-04-11 00:58:46,337] DEBUG [Controller id=0] Topics not in preferred replica for broker 0 HashMap() (kafka.controller.KafkaController)
[2025-04-11 00:58:46,338] TRACE [Controller id=0] Leader imbalance ratio for broker 0 is 0.0 (kafka.controller.KafkaController)
[2025-04-11 01:03:46,354] INFO [Controller id=0] Processing automatic preferred replica leader election (kafka.controller.KafkaController)
[2025-04-11 01:03:46,377] TRACE [Controller id=0] Checking need to trigger auto leader balancing (kafka.controller.KafkaController)
[2025-04-11 01:03:46,377] DEBUG [Controller id=0] Topics not in preferred replica for broker 0 HashMap() (kafka.controller.KafkaController)
[2025-04-11 01:03:46,377] TRACE [Controller id=0] Leader imbalance ratio for broker 0 is 0.0 (kafka.controller.KafkaController)
[2025-04-11 01:08:46,387] INFO [Controller id=0] Processing automatic preferred replica leader election (kafka.controller.KafkaController)
[2025-04-11 01:08:46,387] TRACE [Controller id=0] Checking need to trigger auto leader balancing (kafka.controller.KafkaController)
[2025-04-11 01:08:46,387] DEBUG [Controller id=0] Topics not in preferred replica for broker 0 HashMap() (kafka.controller.KafkaController)
[2025-04-11 01:08:46,387] TRACE [Controller id=0] Leader imbalance ratio for broker 0 is 0.0 (kafka.controller.KafkaController)
[2025-04-11 01:13:46,418] INFO [Controller id=0] Processing automatic preferred replica leader election (kafka.controller.KafkaController)
[2025-04-11 01:13:46,422] TRACE [Controller id=0] Checking need to trigger auto leader balancing (kafka.controller.KafkaController)
[2025-04-11 01:13:46,432] DEBUG [Controller id=0] Topics not in preferred replica for broker 0 HashMap() (kafka.controller.KafkaController)
[2025-04-11 01:13:46,432] TRACE [Controller id=0] Leader imbalance ratio for broker 0 is 0.0 (kafka.controller.KafkaController)
[2025-04-11 01:18:46,448] INFO [Controller id=0] Processing automatic preferred replica leader election (kafka.controller.KafkaController)
[2025-04-11 01:18:46,450] TRACE [Controller id=0] Checking need to trigger auto leader balancing (kafka.controller.KafkaController)
[2025-04-11 01:18:46,457] DEBUG [Controller id=0] Topics not in preferred replica for broker 0 HashMap() (kafka.controller.KafkaController)
[2025-04-11 01:18:46,458] TRACE [Controller id=0] Leader imbalance ratio for broker 0 is 0.0 (kafka.controller.KafkaController)
[2025-04-11 01:22:24,049] INFO [Controller id=0] New topics: [HashSet(file-upload)], deleted topics: [HashSet()], new partition replica assignment [Set(TopicIdReplicaAssignment(file-upload,Some(XYajJhrYTDe2ngtO7QCbfw),Map(file-upload-0 -> ReplicaAssignment(replicas=0, addingReplicas=, removingReplicas=))))] (kafka.controller.KafkaController)
[2025-04-11 01:22:24,049] INFO [Controller id=0] New partition creation callback for file-upload-0 (kafka.controller.KafkaController)
[2025-04-11 01:22:24,154] INFO [RequestSendThread controllerId=0] Controller 0 connected to DESKTOP-8GKE7FT:9092 (id: 0 rack: null) for sending state change requests (kafka.controller.RequestSendThread)
[2025-04-11 01:23:46,472] INFO [Controller id=0] Processing automatic preferred replica leader election (kafka.controller.KafkaController)
[2025-04-11 01:23:46,472] TRACE [Controller id=0] Checking need to trigger auto leader balancing (kafka.controller.KafkaController)
[2025-04-11 01:23:46,473] DEBUG [Controller id=0] Topics not in preferred replica for broker 0 HashMap() (kafka.controller.KafkaController)
[2025-04-11 01:23:46,473] TRACE [Controller id=0] Leader imbalance ratio for broker 0 is 0.0 (kafka.controller.KafkaController)
[2025-04-11 01:28:46,485] INFO [Controller id=0] Processing automatic preferred replica leader election (kafka.controller.KafkaController)
[2025-04-11 01:28:46,486] TRACE [Controller id=0] Checking need to trigger auto leader balancing (kafka.controller.KafkaController)
[2025-04-11 01:28:46,490] DEBUG [Controller id=0] Topics not in preferred replica for broker 0 HashMap() (kafka.controller.KafkaController)
[2025-04-11 01:28:46,490] TRACE [Controller id=0] Leader imbalance ratio for broker 0 is 0.0 (kafka.controller.KafkaController)
[2025-04-11 01:33:46,498] INFO [Controller id=0] Processing automatic preferred replica leader election (kafka.controller.KafkaController)
[2025-04-11 01:33:46,498] TRACE [Controller id=0] Checking need to trigger auto leader balancing (kafka.controller.KafkaController)
[2025-04-11 01:33:46,499] DEBUG [Controller id=0] Topics not in preferred replica for broker 0 HashMap() (kafka.controller.KafkaController)
[2025-04-11 01:33:46,499] TRACE [Controller id=0] Leader imbalance ratio for broker 0 is 0.0 (kafka.controller.KafkaController)
[2025-04-11 01:38:46,521] INFO [Controller id=0] Processing automatic preferred replica leader election (kafka.controller.KafkaController)
[2025-04-11 01:38:46,524] TRACE [Controller id=0] Checking need to trigger auto leader balancing (kafka.controller.KafkaController)
[2025-04-11 01:38:46,533] DEBUG [Controller id=0] Topics not in preferred replica for broker 0 HashMap() (kafka.controller.KafkaController)
[2025-04-11 01:38:46,534] TRACE [Controller id=0] Leader imbalance ratio for broker 0 is 0.0 (kafka.controller.KafkaController)
[2025-04-11 01:43:46,548] INFO [Controller id=0] Processing automatic preferred replica leader election (kafka.controller.KafkaController)
[2025-04-11 01:43:46,548] TRACE [Controller id=0] Checking need to trigger auto leader balancing (kafka.controller.KafkaController)
[2025-04-11 01:43:46,549] DEBUG [Controller id=0] Topics not in preferred replica for broker 0 HashMap() (kafka.controller.KafkaController)
[2025-04-11 01:43:46,549] TRACE [Controller id=0] Leader imbalance ratio for broker 0 is 0.0 (kafka.controller.KafkaController)
[2025-04-11 01:48:46,557] INFO [Controller id=0] Processing automatic preferred replica leader election (kafka.controller.KafkaController)
[2025-04-11 01:48:46,559] TRACE [Controller id=0] Checking need to trigger auto leader balancing (kafka.controller.KafkaController)
[2025-04-11 01:48:46,567] DEBUG [Controller id=0] Topics not in preferred replica for broker 0 HashMap() (kafka.controller.KafkaController)
[2025-04-11 01:48:46,567] TRACE [Controller id=0] Leader imbalance ratio for broker 0 is 0.0 (kafka.controller.KafkaController)
[2025-04-11 01:53:46,581] INFO [Controller id=0] Processing automatic preferred replica leader election (kafka.controller.KafkaController)
[2025-04-11 01:53:46,582] TRACE [Controller id=0] Checking need to trigger auto leader balancing (kafka.controller.KafkaController)
[2025-04-11 01:53:46,585] DEBUG [Controller id=0] Topics not in preferred replica for broker 0 HashMap() (kafka.controller.KafkaController)
[2025-04-11 01:53:46,586] TRACE [Controller id=0] Leader imbalance ratio for broker 0 is 0.0 (kafka.controller.KafkaController)
[2025-04-11 01:58:46,605] INFO [Controller id=0] Processing automatic preferred replica leader election (kafka.controller.KafkaController)
[2025-04-11 01:58:46,608] TRACE [Controller id=0] Checking need to trigger auto leader balancing (kafka.controller.KafkaController)
[2025-04-11 01:58:46,612] DEBUG [Controller id=0] Topics not in preferred replica for broker 0 HashMap() (kafka.controller.KafkaController)
[2025-04-11 01:58:46,613] TRACE [Controller id=0] Leader imbalance ratio for broker 0 is 0.0 (kafka.controller.KafkaController)
[2025-04-11 02:00:26,659] INFO [Controller id=0] New topics: [HashSet(user-service-avatar-updated)], deleted topics: [HashSet()], new partition replica assignment [Set(TopicIdReplicaAssignment(user-service-avatar-updated,Some(S_8bkVXYQdOzqeO7XHh9Iw),Map(user-service-avatar-updated-0 -> ReplicaAssignment(replicas=0, addingReplicas=, removingReplicas=))))] (kafka.controller.KafkaController)
[2025-04-11 02:00:26,661] INFO [Controller id=0] New partition creation callback for user-service-avatar-updated-0 (kafka.controller.KafkaController)
[2025-04-11 02:00:26,712] INFO [RequestSendThread controllerId=0] Controller 0 connected to DESKTOP-8GKE7FT:9092 (id: 0 rack: null) for sending state change requests (kafka.controller.RequestSendThread)
[2025-04-11 02:03:46,621] INFO [Controller id=0] Processing automatic preferred replica leader election (kafka.controller.KafkaController)
[2025-04-11 02:03:46,621] TRACE [Controller id=0] Checking need to trigger auto leader balancing (kafka.controller.KafkaController)
[2025-04-11 02:03:46,622] DEBUG [Controller id=0] Topics not in preferred replica for broker 0 HashMap() (kafka.controller.KafkaController)
[2025-04-11 02:03:46,622] TRACE [Controller id=0] Leader imbalance ratio for broker 0 is 0.0 (kafka.controller.KafkaController)
[2025-04-11 02:08:46,628] INFO [Controller id=0] Processing automatic preferred replica leader election (kafka.controller.KafkaController)
[2025-04-11 02:08:46,628] TRACE [Controller id=0] Checking need to trigger auto leader balancing (kafka.controller.KafkaController)
[2025-04-11 02:08:46,629] DEBUG [Controller id=0] Topics not in preferred replica for broker 0 HashMap() (kafka.controller.KafkaController)
[2025-04-11 02:08:46,629] TRACE [Controller id=0] Leader imbalance ratio for broker 0 is 0.0 (kafka.controller.KafkaController)
[2025-04-11 02:13:46,650] INFO [Controller id=0] Processing automatic preferred replica leader election (kafka.controller.KafkaController)
[2025-04-11 02:13:46,652] TRACE [Controller id=0] Checking need to trigger auto leader balancing (kafka.controller.KafkaController)
[2025-04-11 02:13:46,660] DEBUG [Controller id=0] Topics not in preferred replica for broker 0 HashMap() (kafka.controller.KafkaController)
[2025-04-11 02:13:46,661] TRACE [Controller id=0] Leader imbalance ratio for broker 0 is 0.0 (kafka.controller.KafkaController)
[2025-04-11 08:24:07,231] INFO [ControllerEventThread controllerId=0] Starting (kafka.controller.ControllerEventManager$ControllerEventThread)
[2025-04-11 08:24:07,280] INFO [Controller id=0] 0 successfully elected as the controller. Epoch incremented to 6 and epoch zk version is now 6 (kafka.controller.KafkaController)
[2025-04-11 08:24:07,283] INFO [Controller id=0] Registering handlers (kafka.controller.KafkaController)
[2025-04-11 08:24:07,289] INFO [Controller id=0] Deleting log dir event notifications (kafka.controller.KafkaController)
[2025-04-11 08:24:07,293] INFO [Controller id=0] Deleting isr change notifications (kafka.controller.KafkaController)
[2025-04-11 08:24:07,297] INFO [Controller id=0] Initializing controller context (kafka.controller.KafkaController)
[2025-04-11 08:24:07,314] INFO [Controller id=0] Initialized broker epochs cache: HashMap(0 -> 262) (kafka.controller.KafkaController)
[2025-04-11 08:24:07,383] DEBUG [Controller id=0] Register BrokerModifications handler for Set(0) (kafka.controller.KafkaController)
[2025-04-11 08:24:07,464] DEBUG [Channel manager on controller 0]: Controller 0 trying to connect to broker 0 (kafka.controller.ControllerChannelManager)
[2025-04-11 08:24:07,477] INFO [RequestSendThread controllerId=0] Starting (kafka.controller.RequestSendThread)
[2025-04-11 08:24:07,481] INFO [Controller id=0] Currently active brokers in the cluster: Set(0) (kafka.controller.KafkaController)
[2025-04-11 08:24:07,482] INFO [Controller id=0] Currently shutting brokers in the cluster: HashSet() (kafka.controller.KafkaController)
[2025-04-11 08:24:07,482] INFO [Controller id=0] Current list of topics in the cluster: HashSet(user-service-invite-members, file-upload, user-joined-project, user-data-request, user-data-response, team-service-topic, google-data-topic, user-service-project-created, team-service-invite-members, user-invited-to-project, user-avatar-updated, chatroom-creation, user-service-avatar-updated, __consumer_offsets) (kafka.controller.KafkaController)
[2025-04-11 08:24:07,483] INFO [Controller id=0] Fetching topic deletions in progress (kafka.controller.KafkaController)
[2025-04-11 08:24:07,490] INFO [Controller id=0] List of topics to be deleted:  (kafka.controller.KafkaController)
[2025-04-11 08:24:07,491] INFO [Controller id=0] List of topics ineligible for deletion:  (kafka.controller.KafkaController)
[2025-04-11 08:24:07,491] INFO [Controller id=0] Initializing topic deletion manager (kafka.controller.KafkaController)
[2025-04-11 08:24:07,492] INFO [Topic Deletion Manager 0] Initializing manager with initial deletions: Set(), initial ineligible deletions: HashSet() (kafka.controller.TopicDeletionManager)
[2025-04-11 08:24:07,494] INFO [Controller id=0] Sending update metadata request (kafka.controller.KafkaController)
[2025-04-11 08:24:07,509] INFO [ReplicaStateMachine controllerId=0] Initializing replica state (kafka.controller.ZkReplicaStateMachine)
[2025-04-11 08:24:07,519] INFO [ReplicaStateMachine controllerId=0] Triggering online replica state changes (kafka.controller.ZkReplicaStateMachine)
[2025-04-11 08:24:07,560] INFO [ReplicaStateMachine controllerId=0] Triggering offline replica state changes (kafka.controller.ZkReplicaStateMachine)
[2025-04-11 08:24:07,561] DEBUG [ReplicaStateMachine controllerId=0] Started replica state machine with initial state -> HashMap([Topic=user-invited-to-project,Partition=0,Replica=0] -> OnlineReplica, [Topic=__consumer_offsets,Partition=40,Replica=0] -> OnlineReplica, [Topic=__consumer_offsets,Partition=27,Replica=0] -> OnlineReplica, [Topic=__consumer_offsets,Partition=49,Replica=0] -> OnlineReplica, [Topic=user-avatar-updated,Partition=0,Replica=0] -> OnlineReplica, [Topic=__consumer_offsets,Partition=47,Replica=0] -> OnlineReplica, [Topic=__consumer_offsets,Partition=3,Replica=0] -> OnlineReplica, [Topic=__consumer_offsets,Partition=18,Replica=0] -> OnlineReplica, [Topic=__consumer_offsets,Partition=44,Replica=0] -> OnlineReplica, [Topic=__consumer_offsets,Partition=8,Replica=0] -> OnlineReplica, [Topic=user-service-project-created,Partition=0,Replica=0] -> OnlineReplica, [Topic=__consumer_offsets,Partition=34,Replica=0] -> OnlineReplica, [Topic=__consumer_offsets,Partition=25,Replica=0] -> OnlineReplica, [Topic=user-service-invite-members,Partition=0,Replica=0] -> OnlineReplica, [Topic=__consumer_offsets,Partition=14,Replica=0] -> OnlineReplica, [Topic=__consumer_offsets,Partition=24,Replica=0] -> OnlineReplica, [Topic=__consumer_offsets,Partition=36,Replica=0] -> OnlineReplica, [Topic=__consumer_offsets,Partition=42,Replica=0] -> OnlineReplica, [Topic=__consumer_offsets,Partition=45,Replica=0] -> OnlineReplica, [Topic=__consumer_offsets,Partition=11,Replica=0] -> OnlineReplica, [Topic=__consumer_offsets,Partition=32,Replica=0] -> OnlineReplica, [Topic=__consumer_offsets,Partition=12,Replica=0] -> OnlineReplica, [Topic=__consumer_offsets,Partition=30,Replica=0] -> OnlineReplica, [Topic=__consumer_offsets,Partition=9,Replica=0] -> OnlineReplica, [Topic=google-data-topic,Partition=0,Replica=0] -> OnlineReplica, [Topic=__consumer_offsets,Partition=39,Replica=0] -> OnlineReplica, [Topic=chatroom-creation,Partition=0,Replica=0] -> OnlineReplica, [Topic=__consumer_offsets,Partition=38,Replica=0] -> OnlineReplica, [Topic=__consumer_offsets,Partition=23,Replica=0] -> OnlineReplica, [Topic=user-service-avatar-updated,Partition=0,Replica=0] -> OnlineReplica, [Topic=__consumer_offsets,Partition=19,Replica=0] -> OnlineReplica, [Topic=__consumer_offsets,Partition=17,Replica=0] -> OnlineReplica, [Topic=__consumer_offsets,Partition=41,Replica=0] -> OnlineReplica, [Topic=__consumer_offsets,Partition=37,Replica=0] -> OnlineReplica, [Topic=__consumer_offsets,Partition=48,Replica=0] -> OnlineReplica, [Topic=__consumer_offsets,Partition=29,Replica=0] -> OnlineReplica, [Topic=team-service-invite-members,Partition=0,Replica=0] -> OnlineReplica, [Topic=__consumer_offsets,Partition=10,Replica=0] -> OnlineReplica, [Topic=__consumer_offsets,Partition=46,Replica=0] -> OnlineReplica, [Topic=user-joined-project,Partition=0,Replica=0] -> OnlineReplica, [Topic=__consumer_offsets,Partition=1,Replica=0] -> OnlineReplica, [Topic=team-service-topic,Partition=0,Replica=0] -> OnlineReplica, [Topic=__consumer_offsets,Partition=16,Replica=0] -> OnlineReplica, [Topic=__consumer_offsets,Partition=5,Replica=0] -> OnlineReplica, [Topic=file-upload,Partition=0,Replica=0] -> OnlineReplica, [Topic=user-data-response,Partition=0,Replica=0] -> OnlineReplica, [Topic=__consumer_offsets,Partition=15,Replica=0] -> OnlineReplica, [Topic=__consumer_offsets,Partition=4,Replica=0] -> OnlineReplica, [Topic=__consumer_offsets,Partition=6,Replica=0] -> OnlineReplica, [Topic=__consumer_offsets,Partition=7,Replica=0] -> OnlineReplica, [Topic=__consumer_offsets,Partition=43,Replica=0] -> OnlineReplica, [Topic=__consumer_offsets,Partition=0,Replica=0] -> OnlineReplica, [Topic=user-data-request,Partition=0,Replica=0] -> OnlineReplica, [Topic=__consumer_offsets,Partition=20,Replica=0] -> OnlineReplica, [Topic=__consumer_offsets,Partition=31,Replica=0] -> OnlineReplica, [Topic=__consumer_offsets,Partition=28,Replica=0] -> OnlineReplica, [Topic=__consumer_offsets,Partition=26,Replica=0] -> OnlineReplica, [Topic=__consumer_offsets,Partition=2,Replica=0] -> OnlineReplica, [Topic=__consumer_offsets,Partition=33,Replica=0] -> OnlineReplica, [Topic=__consumer_offsets,Partition=22,Replica=0] -> OnlineReplica, [Topic=__consumer_offsets,Partition=21,Replica=0] -> OnlineReplica, [Topic=__consumer_offsets,Partition=13,Replica=0] -> OnlineReplica, [Topic=__consumer_offsets,Partition=35,Replica=0] -> OnlineReplica) (kafka.controller.ZkReplicaStateMachine)
[2025-04-11 08:24:07,562] INFO [PartitionStateMachine controllerId=0] Initializing partition state (kafka.controller.ZkPartitionStateMachine)
[2025-04-11 08:24:07,568] INFO [PartitionStateMachine controllerId=0] Triggering online partition state changes (kafka.controller.ZkPartitionStateMachine)
[2025-04-11 08:24:07,571] DEBUG [PartitionStateMachine controllerId=0] Started partition state machine with initial state -> HashMap(__consumer_offsets-13 -> OnlinePartition, __consumer_offsets-46 -> OnlinePartition, __consumer_offsets-9 -> OnlinePartition, __consumer_offsets-42 -> OnlinePartition, __consumer_offsets-21 -> OnlinePartition, user-joined-project-0 -> OnlinePartition, user-service-project-created-0 -> OnlinePartition, __consumer_offsets-17 -> OnlinePartition, __consumer_offsets-30 -> OnlinePartition, chatroom-creation-0 -> OnlinePartition, __consumer_offsets-26 -> OnlinePartition, __consumer_offsets-5 -> OnlinePartition, __consumer_offsets-38 -> OnlinePartition, __consumer_offsets-1 -> OnlinePartition, __consumer_offsets-34 -> OnlinePartition, __consumer_offsets-16 -> OnlinePartition, __consumer_offsets-45 -> OnlinePartition, team-service-topic-0 -> OnlinePartition, __consumer_offsets-12 -> OnlinePartition, __consumer_offsets-41 -> OnlinePartition, user-data-response-0 -> OnlinePartition, __consumer_offsets-24 -> OnlinePartition, team-service-invite-members-0 -> OnlinePartition, __consumer_offsets-20 -> OnlinePartition, __consumer_offsets-49 -> OnlinePartition, __consumer_offsets-0 -> OnlinePartition, __consumer_offsets-29 -> OnlinePartition, __consumer_offsets-25 -> OnlinePartition, __consumer_offsets-8 -> OnlinePartition, __consumer_offsets-37 -> OnlinePartition, __consumer_offsets-4 -> OnlinePartition, __consumer_offsets-33 -> OnlinePartition, __consumer_offsets-15 -> OnlinePartition, __consumer_offsets-48 -> OnlinePartition, file-upload-0 -> OnlinePartition, __consumer_offsets-11 -> OnlinePartition, user-data-request-0 -> OnlinePartition, __consumer_offsets-44 -> OnlinePartition, __consumer_offsets-23 -> OnlinePartition, __consumer_offsets-19 -> OnlinePartition, __consumer_offsets-32 -> OnlinePartition, __consumer_offsets-28 -> OnlinePartition, user-invited-to-project-0 -> OnlinePartition, __consumer_offsets-7 -> OnlinePartition, __consumer_offsets-40 -> OnlinePartition, __consumer_offsets-3 -> OnlinePartition, __consumer_offsets-36 -> OnlinePartition, user-service-invite-members-0 -> OnlinePartition, __consumer_offsets-47 -> OnlinePartition, __consumer_offsets-14 -> OnlinePartition, __consumer_offsets-43 -> OnlinePartition, __consumer_offsets-10 -> OnlinePartition, google-data-topic-0 -> OnlinePartition, __consumer_offsets-22 -> OnlinePartition, __consumer_offsets-18 -> OnlinePartition, __consumer_offsets-31 -> OnlinePartition, user-avatar-updated-0 -> OnlinePartition, __consumer_offsets-27 -> OnlinePartition, __consumer_offsets-39 -> OnlinePartition, user-service-avatar-updated-0 -> OnlinePartition, __consumer_offsets-6 -> OnlinePartition, __consumer_offsets-35 -> OnlinePartition, __consumer_offsets-2 -> OnlinePartition) (kafka.controller.ZkPartitionStateMachine)
[2025-04-11 08:24:07,572] INFO [Controller id=0] Ready to serve as the new controller with epoch 6 (kafka.controller.KafkaController)
[2025-04-11 08:24:07,579] INFO [Controller id=0] Partitions undergoing preferred replica election:  (kafka.controller.KafkaController)
[2025-04-11 08:24:07,579] INFO [Controller id=0] Partitions that completed preferred replica election:  (kafka.controller.KafkaController)
[2025-04-11 08:24:07,580] INFO [Controller id=0] Skipping preferred replica election for partitions due to topic deletion:  (kafka.controller.KafkaController)
[2025-04-11 08:24:07,580] INFO [Controller id=0] Resuming preferred replica election for partitions:  (kafka.controller.KafkaController)
[2025-04-11 08:24:07,581] INFO [Controller id=0] Starting replica leader election (PREFERRED) for partitions  triggered by ZkTriggered (kafka.controller.KafkaController)
[2025-04-11 08:24:07,601] INFO [Controller id=0] Starting the controller scheduler (kafka.controller.KafkaController)
[2025-04-11 08:24:08,023] INFO [RequestSendThread controllerId=0] Controller 0 connected to DESKTOP-8GKE7FT:9092 (id: 0 rack: null) for sending state change requests (kafka.controller.RequestSendThread)
[2025-04-11 08:24:12,604] INFO [Controller id=0] Processing automatic preferred replica leader election (kafka.controller.KafkaController)
[2025-04-11 08:24:12,604] TRACE [Controller id=0] Checking need to trigger auto leader balancing (kafka.controller.KafkaController)
[2025-04-11 08:24:12,610] DEBUG [Controller id=0] Topics not in preferred replica for broker 0 HashMap() (kafka.controller.KafkaController)
[2025-04-11 08:24:12,612] TRACE [Controller id=0] Leader imbalance ratio for broker 0 is 0.0 (kafka.controller.KafkaController)
[2025-04-11 08:29:12,627] INFO [Controller id=0] Processing automatic preferred replica leader election (kafka.controller.KafkaController)
[2025-04-11 08:29:12,630] TRACE [Controller id=0] Checking need to trigger auto leader balancing (kafka.controller.KafkaController)
[2025-04-11 08:29:12,639] DEBUG [Controller id=0] Topics not in preferred replica for broker 0 HashMap() (kafka.controller.KafkaController)
[2025-04-11 08:29:12,640] TRACE [Controller id=0] Leader imbalance ratio for broker 0 is 0.0 (kafka.controller.KafkaController)
[2025-04-11 08:34:12,649] INFO [Controller id=0] Processing automatic preferred replica leader election (kafka.controller.KafkaController)
[2025-04-11 08:34:12,651] TRACE [Controller id=0] Checking need to trigger auto leader balancing (kafka.controller.KafkaController)
[2025-04-11 08:34:12,656] DEBUG [Controller id=0] Topics not in preferred replica for broker 0 HashMap() (kafka.controller.KafkaController)
[2025-04-11 08:34:12,656] TRACE [Controller id=0] Leader imbalance ratio for broker 0 is 0.0 (kafka.controller.KafkaController)
[2025-04-11 08:39:12,664] INFO [Controller id=0] Processing automatic preferred replica leader election (kafka.controller.KafkaController)
[2025-04-11 08:39:12,664] TRACE [Controller id=0] Checking need to trigger auto leader balancing (kafka.controller.KafkaController)
[2025-04-11 08:39:12,673] DEBUG [Controller id=0] Topics not in preferred replica for broker 0 HashMap() (kafka.controller.KafkaController)
[2025-04-11 08:39:12,673] TRACE [Controller id=0] Leader imbalance ratio for broker 0 is 0.0 (kafka.controller.KafkaController)
[2025-04-11 08:44:12,688] INFO [Controller id=0] Processing automatic preferred replica leader election (kafka.controller.KafkaController)
[2025-04-11 08:44:12,689] TRACE [Controller id=0] Checking need to trigger auto leader balancing (kafka.controller.KafkaController)
[2025-04-11 08:44:12,711] DEBUG [Controller id=0] Topics not in preferred replica for broker 0 HashMap() (kafka.controller.KafkaController)
[2025-04-11 08:44:12,711] TRACE [Controller id=0] Leader imbalance ratio for broker 0 is 0.0 (kafka.controller.KafkaController)
[2025-04-11 08:44:53,352] INFO [Controller id=0] New topics: [HashSet(member-left-project)], deleted topics: [HashSet()], new partition replica assignment [Set(TopicIdReplicaAssignment(member-left-project,Some(NQJ0CBPHSFWMRnj4Cf-_jw),Map(member-left-project-0 -> ReplicaAssignment(replicas=0, addingReplicas=, removingReplicas=))))] (kafka.controller.KafkaController)
[2025-04-11 08:44:53,353] INFO [Controller id=0] New partition creation callback for member-left-project-0 (kafka.controller.KafkaController)
[2025-04-11 08:44:53,424] INFO [RequestSendThread controllerId=0] Controller 0 connected to DESKTOP-8GKE7FT:9092 (id: 0 rack: null) for sending state change requests (kafka.controller.RequestSendThread)
[2025-04-11 08:49:12,736] INFO [Controller id=0] Processing automatic preferred replica leader election (kafka.controller.KafkaController)
[2025-04-11 08:49:12,737] TRACE [Controller id=0] Checking need to trigger auto leader balancing (kafka.controller.KafkaController)
[2025-04-11 08:49:12,748] DEBUG [Controller id=0] Topics not in preferred replica for broker 0 HashMap() (kafka.controller.KafkaController)
[2025-04-11 08:49:12,749] TRACE [Controller id=0] Leader imbalance ratio for broker 0 is 0.0 (kafka.controller.KafkaController)
[2025-04-11 08:54:12,757] INFO [Controller id=0] Processing automatic preferred replica leader election (kafka.controller.KafkaController)
[2025-04-11 08:54:12,758] TRACE [Controller id=0] Checking need to trigger auto leader balancing (kafka.controller.KafkaController)
[2025-04-11 08:54:12,760] DEBUG [Controller id=0] Topics not in preferred replica for broker 0 HashMap() (kafka.controller.KafkaController)
[2025-04-11 08:54:12,760] TRACE [Controller id=0] Leader imbalance ratio for broker 0 is 0.0 (kafka.controller.KafkaController)
[2025-04-11 08:59:12,765] INFO [Controller id=0] Processing automatic preferred replica leader election (kafka.controller.KafkaController)
[2025-04-11 08:59:12,765] TRACE [Controller id=0] Checking need to trigger auto leader balancing (kafka.controller.KafkaController)
[2025-04-11 08:59:12,787] DEBUG [Controller id=0] Topics not in preferred replica for broker 0 HashMap() (kafka.controller.KafkaController)
[2025-04-11 08:59:12,787] TRACE [Controller id=0] Leader imbalance ratio for broker 0 is 0.0 (kafka.controller.KafkaController)
[2025-04-11 09:04:12,797] INFO [Controller id=0] Processing automatic preferred replica leader election (kafka.controller.KafkaController)
[2025-04-11 09:04:12,848] TRACE [Controller id=0] Checking need to trigger auto leader balancing (kafka.controller.KafkaController)
[2025-04-11 09:04:12,854] DEBUG [Controller id=0] Topics not in preferred replica for broker 0 HashMap() (kafka.controller.KafkaController)
[2025-04-11 09:04:12,855] TRACE [Controller id=0] Leader imbalance ratio for broker 0 is 0.0 (kafka.controller.KafkaController)
[2025-04-11 09:09:12,872] INFO [Controller id=0] Processing automatic preferred replica leader election (kafka.controller.KafkaController)
[2025-04-11 09:09:12,873] TRACE [Controller id=0] Checking need to trigger auto leader balancing (kafka.controller.KafkaController)
[2025-04-11 09:09:12,893] DEBUG [Controller id=0] Topics not in preferred replica for broker 0 HashMap() (kafka.controller.KafkaController)
[2025-04-11 09:09:12,893] TRACE [Controller id=0] Leader imbalance ratio for broker 0 is 0.0 (kafka.controller.KafkaController)
[2025-04-11 09:14:12,904] INFO [Controller id=0] Processing automatic preferred replica leader election (kafka.controller.KafkaController)
[2025-04-11 09:14:12,904] TRACE [Controller id=0] Checking need to trigger auto leader balancing (kafka.controller.KafkaController)
[2025-04-11 09:14:12,907] DEBUG [Controller id=0] Topics not in preferred replica for broker 0 HashMap() (kafka.controller.KafkaController)
[2025-04-11 09:14:12,908] TRACE [Controller id=0] Leader imbalance ratio for broker 0 is 0.0 (kafka.controller.KafkaController)
[2025-04-11 09:19:12,923] INFO [Controller id=0] Processing automatic preferred replica leader election (kafka.controller.KafkaController)
[2025-04-11 09:19:12,923] TRACE [Controller id=0] Checking need to trigger auto leader balancing (kafka.controller.KafkaController)
[2025-04-11 09:19:12,926] DEBUG [Controller id=0] Topics not in preferred replica for broker 0 HashMap() (kafka.controller.KafkaController)
[2025-04-11 09:19:12,926] TRACE [Controller id=0] Leader imbalance ratio for broker 0 is 0.0 (kafka.controller.KafkaController)
[2025-04-11 09:24:12,942] INFO [Controller id=0] Processing automatic preferred replica leader election (kafka.controller.KafkaController)
[2025-04-11 09:24:12,943] TRACE [Controller id=0] Checking need to trigger auto leader balancing (kafka.controller.KafkaController)
[2025-04-11 09:24:12,944] DEBUG [Controller id=0] Topics not in preferred replica for broker 0 HashMap() (kafka.controller.KafkaController)
[2025-04-11 09:24:12,944] TRACE [Controller id=0] Leader imbalance ratio for broker 0 is 0.0 (kafka.controller.KafkaController)
[2025-04-11 09:29:12,956] INFO [Controller id=0] Processing automatic preferred replica leader election (kafka.controller.KafkaController)
[2025-04-11 09:29:12,957] TRACE [Controller id=0] Checking need to trigger auto leader balancing (kafka.controller.KafkaController)
[2025-04-11 09:29:12,959] DEBUG [Controller id=0] Topics not in preferred replica for broker 0 HashMap() (kafka.controller.KafkaController)
[2025-04-11 09:29:12,959] TRACE [Controller id=0] Leader imbalance ratio for broker 0 is 0.0 (kafka.controller.KafkaController)
[2025-04-11 09:34:12,972] INFO [Controller id=0] Processing automatic preferred replica leader election (kafka.controller.KafkaController)
[2025-04-11 09:34:12,990] TRACE [Controller id=0] Checking need to trigger auto leader balancing (kafka.controller.KafkaController)
[2025-04-11 09:34:12,992] DEBUG [Controller id=0] Topics not in preferred replica for broker 0 HashMap() (kafka.controller.KafkaController)
[2025-04-11 09:34:12,992] TRACE [Controller id=0] Leader imbalance ratio for broker 0 is 0.0 (kafka.controller.KafkaController)
[2025-04-11 09:39:13,015] INFO [Controller id=0] Processing automatic preferred replica leader election (kafka.controller.KafkaController)
[2025-04-11 09:39:13,016] TRACE [Controller id=0] Checking need to trigger auto leader balancing (kafka.controller.KafkaController)
[2025-04-11 09:39:13,023] DEBUG [Controller id=0] Topics not in preferred replica for broker 0 HashMap() (kafka.controller.KafkaController)
[2025-04-11 09:39:13,023] TRACE [Controller id=0] Leader imbalance ratio for broker 0 is 0.0 (kafka.controller.KafkaController)
[2025-04-11 10:49:11,428] INFO [ControllerEventThread controllerId=0] Starting (kafka.controller.ControllerEventManager$ControllerEventThread)
[2025-04-11 10:49:11,476] INFO [Controller id=0] 0 successfully elected as the controller. Epoch incremented to 1 and epoch zk version is now 1 (kafka.controller.KafkaController)
[2025-04-11 10:49:11,493] INFO [Controller id=0] Creating FeatureZNode at path: /feature with contents: FeatureZNode(2,Enabled,Map()) (kafka.controller.KafkaController)
[2025-04-11 10:49:11,548] INFO [Controller id=0] Registering handlers (kafka.controller.KafkaController)
[2025-04-11 10:49:11,554] INFO [Controller id=0] Deleting log dir event notifications (kafka.controller.KafkaController)
[2025-04-11 10:49:11,558] INFO [Controller id=0] Deleting isr change notifications (kafka.controller.KafkaController)
[2025-04-11 10:49:11,562] INFO [Controller id=0] Initializing controller context (kafka.controller.KafkaController)
[2025-04-11 10:49:11,590] INFO [Controller id=0] Initialized broker epochs cache: HashMap(0 -> 25) (kafka.controller.KafkaController)
[2025-04-11 10:49:11,601] DEBUG [Controller id=0] Register BrokerModifications handler for Set(0) (kafka.controller.KafkaController)
[2025-04-11 10:49:11,620] DEBUG [Channel manager on controller 0]: Controller 0 trying to connect to broker 0 (kafka.controller.ControllerChannelManager)
[2025-04-11 10:49:11,637] INFO [RequestSendThread controllerId=0] Starting (kafka.controller.RequestSendThread)
[2025-04-11 10:49:11,641] INFO [Controller id=0] Currently active brokers in the cluster: Set(0) (kafka.controller.KafkaController)
[2025-04-11 10:49:11,641] INFO [Controller id=0] Currently shutting brokers in the cluster: HashSet() (kafka.controller.KafkaController)
[2025-04-11 10:49:11,642] INFO [Controller id=0] Current list of topics in the cluster: HashSet() (kafka.controller.KafkaController)
[2025-04-11 10:49:11,642] INFO [Controller id=0] Fetching topic deletions in progress (kafka.controller.KafkaController)
[2025-04-11 10:49:11,648] INFO [Controller id=0] List of topics to be deleted:  (kafka.controller.KafkaController)
[2025-04-11 10:49:11,648] INFO [Controller id=0] List of topics ineligible for deletion:  (kafka.controller.KafkaController)
[2025-04-11 10:49:11,649] INFO [Controller id=0] Initializing topic deletion manager (kafka.controller.KafkaController)
[2025-04-11 10:49:11,649] INFO [Topic Deletion Manager 0] Initializing manager with initial deletions: Set(), initial ineligible deletions: HashSet() (kafka.controller.TopicDeletionManager)
[2025-04-11 10:49:11,651] INFO [Controller id=0] Sending update metadata request (kafka.controller.KafkaController)
[2025-04-11 10:49:11,676] INFO [ReplicaStateMachine controllerId=0] Initializing replica state (kafka.controller.ZkReplicaStateMachine)
[2025-04-11 10:49:11,677] INFO [ReplicaStateMachine controllerId=0] Triggering online replica state changes (kafka.controller.ZkReplicaStateMachine)
[2025-04-11 10:49:11,689] INFO [ReplicaStateMachine controllerId=0] Triggering offline replica state changes (kafka.controller.ZkReplicaStateMachine)
[2025-04-11 10:49:11,690] DEBUG [ReplicaStateMachine controllerId=0] Started replica state machine with initial state -> HashMap() (kafka.controller.ZkReplicaStateMachine)
[2025-04-11 10:49:11,690] INFO [PartitionStateMachine controllerId=0] Initializing partition state (kafka.controller.ZkPartitionStateMachine)
[2025-04-11 10:49:11,691] INFO [PartitionStateMachine controllerId=0] Triggering online partition state changes (kafka.controller.ZkPartitionStateMachine)
[2025-04-11 10:49:11,697] DEBUG [PartitionStateMachine controllerId=0] Started partition state machine with initial state -> HashMap() (kafka.controller.ZkPartitionStateMachine)
[2025-04-11 10:49:11,698] INFO [Controller id=0] Ready to serve as the new controller with epoch 1 (kafka.controller.KafkaController)
[2025-04-11 10:49:11,707] INFO [Controller id=0] Partitions undergoing preferred replica election:  (kafka.controller.KafkaController)
[2025-04-11 10:49:11,708] INFO [Controller id=0] Partitions that completed preferred replica election:  (kafka.controller.KafkaController)
[2025-04-11 10:49:11,708] INFO [Controller id=0] Skipping preferred replica election for partitions due to topic deletion:  (kafka.controller.KafkaController)
[2025-04-11 10:49:11,711] INFO [Controller id=0] Resuming preferred replica election for partitions:  (kafka.controller.KafkaController)
[2025-04-11 10:49:11,716] INFO [Controller id=0] Starting replica leader election (PREFERRED) for partitions  triggered by ZkTriggered (kafka.controller.KafkaController)
[2025-04-11 10:49:11,746] INFO [Controller id=0] Starting the controller scheduler (kafka.controller.KafkaController)
[2025-04-11 10:49:12,198] INFO [RequestSendThread controllerId=0] Controller 0 connected to DESKTOP-8GKE7FT:9092 (id: 0 rack: null) for sending state change requests (kafka.controller.RequestSendThread)
[2025-04-11 10:49:16,750] INFO [Controller id=0] Processing automatic preferred replica leader election (kafka.controller.KafkaController)
[2025-04-11 10:49:16,751] TRACE [Controller id=0] Checking need to trigger auto leader balancing (kafka.controller.KafkaController)
[2025-04-11 10:49:33,862] INFO [Controller id=0] New topics: [Set(user-avatar-updated)], deleted topics: [HashSet()], new partition replica assignment [Set(TopicIdReplicaAssignment(user-avatar-updated,Some(hTkvlYRESC-Qj__9fOxQEA),Map(user-avatar-updated-0 -> ReplicaAssignment(replicas=0, addingReplicas=, removingReplicas=))))] (kafka.controller.KafkaController)
[2025-04-11 10:49:33,863] INFO [Controller id=0] New partition creation callback for user-avatar-updated-0 (kafka.controller.KafkaController)
[2025-04-11 10:49:34,196] INFO [Controller id=0] New topics: [Set(user-service-project-created)], deleted topics: [HashSet()], new partition replica assignment [Set(TopicIdReplicaAssignment(user-service-project-created,Some(skW3J-bGSHGRtUzRuJiNOg),Map(user-service-project-created-0 -> ReplicaAssignment(replicas=0, addingReplicas=, removingReplicas=))))] (kafka.controller.KafkaController)
[2025-04-11 10:49:34,197] INFO [Controller id=0] New partition creation callback for user-service-project-created-0 (kafka.controller.KafkaController)
[2025-04-11 10:49:34,551] INFO [Controller id=0] New topics: [Set(user-service-invite-members)], deleted topics: [HashSet()], new partition replica assignment [Set(TopicIdReplicaAssignment(user-service-invite-members,Some(d8L4Ast6QDiGC1-ql2XPBw),Map(user-service-invite-members-0 -> ReplicaAssignment(replicas=0, addingReplicas=, removingReplicas=))))] (kafka.controller.KafkaController)
[2025-04-11 10:49:34,551] INFO [Controller id=0] New partition creation callback for user-service-invite-members-0 (kafka.controller.KafkaController)
[2025-04-11 10:49:34,861] INFO [Controller id=0] New topics: [Set(user-data-request)], deleted topics: [HashSet()], new partition replica assignment [Set(TopicIdReplicaAssignment(user-data-request,Some(IojrZPowTGmOss4sLKordg),Map(user-data-request-0 -> ReplicaAssignment(replicas=0, addingReplicas=, removingReplicas=))))] (kafka.controller.KafkaController)
[2025-04-11 10:49:34,861] INFO [Controller id=0] New partition creation callback for user-data-request-0 (kafka.controller.KafkaController)
[2025-04-11 10:49:35,290] INFO [Controller id=0] New topics: [HashSet(__consumer_offsets)], deleted topics: [HashSet()], new partition replica assignment [Set(TopicIdReplicaAssignment(__consumer_offsets,Some(QtkGS2WxQ0-__8ROV7KK5g),HashMap(__consumer_offsets-22 -> ReplicaAssignment(replicas=0, addingReplicas=, removingReplicas=), __consumer_offsets-30 -> ReplicaAssignment(replicas=0, addingReplicas=, removingReplicas=), __consumer_offsets-25 -> ReplicaAssignment(replicas=0, addingReplicas=, removingReplicas=), __consumer_offsets-35 -> ReplicaAssignment(replicas=0, addingReplicas=, removingReplicas=), __consumer_offsets-37 -> ReplicaAssignment(replicas=0, addingReplicas=, removingReplicas=), __consumer_offsets-38 -> ReplicaAssignment(replicas=0, addingReplicas=, removingReplicas=), __consumer_offsets-13 -> ReplicaAssignment(replicas=0, addingReplicas=, removingReplicas=), __consumer_offsets-8 -> ReplicaAssignment(replicas=0, addingReplicas=, removingReplicas=), __consumer_offsets-21 -> ReplicaAssignment(replicas=0, addingReplicas=, removingReplicas=), __consumer_offsets-4 -> ReplicaAssignment(replicas=0, addingReplicas=, removingReplicas=), __consumer_offsets-27 -> ReplicaAssignment(replicas=0, addingReplicas=, removingReplicas=), __consumer_offsets-7 -> ReplicaAssignment(replicas=0, addingReplicas=, removingReplicas=), __consumer_offsets-9 -> ReplicaAssignment(replicas=0, addingReplicas=, removingReplicas=), __consumer_offsets-46 -> ReplicaAssignment(replicas=0, addingReplicas=, removingReplicas=), __consumer_offsets-41 -> ReplicaAssignment(replicas=0, addingReplicas=, removingReplicas=), __consumer_offsets-33 -> ReplicaAssignment(replicas=0, addingReplicas=, removingReplicas=), __consumer_offsets-23 -> ReplicaAssignment(replicas=0, addingReplicas=, removingReplicas=), __consumer_offsets-49 -> ReplicaAssignment(replicas=0, addingReplicas=, removingReplicas=), __consumer_offsets-47 -> ReplicaAssignment(replicas=0, addingReplicas=, removingReplicas=), __consumer_offsets-16 -> ReplicaAssignment(replicas=0, addingReplicas=, removingReplicas=), __consumer_offsets-28 -> ReplicaAssignment(replicas=0, addingReplicas=, removingReplicas=), __consumer_offsets-31 -> ReplicaAssignment(replicas=0, addingReplicas=, removingReplicas=), __consumer_offsets-36 -> ReplicaAssignment(replicas=0, addingReplicas=, removingReplicas=), __consumer_offsets-42 -> ReplicaAssignment(replicas=0, addingReplicas=, removingReplicas=), __consumer_offsets-3 -> ReplicaAssignment(replicas=0, addingReplicas=, removingReplicas=), __consumer_offsets-18 -> ReplicaAssignment(replicas=0, addingReplicas=, removingReplicas=), __consumer_offsets-15 -> ReplicaAssignment(replicas=0, addingReplicas=, removingReplicas=), __consumer_offsets-24 -> ReplicaAssignment(replicas=0, addingReplicas=, removingReplicas=), __consumer_offsets-17 -> ReplicaAssignment(replicas=0, addingReplicas=, removingReplicas=), __consumer_offsets-48 -> ReplicaAssignment(replicas=0, addingReplicas=, removingReplicas=), __consumer_offsets-19 -> ReplicaAssignment(replicas=0, addingReplicas=, removingReplicas=), __consumer_offsets-11 -> ReplicaAssignment(replicas=0, addingReplicas=, removingReplicas=), __consumer_offsets-2 -> ReplicaAssignment(replicas=0, addingReplicas=, removingReplicas=), __consumer_offsets-43 -> ReplicaAssignment(replicas=0, addingReplicas=, removingReplicas=), __consumer_offsets-6 -> ReplicaAssignment(replicas=0, addingReplicas=, removingReplicas=), __consumer_offsets-14 -> ReplicaAssignment(replicas=0, addingReplicas=, removingReplicas=), __consumer_offsets-20 -> ReplicaAssignment(replicas=0, addingReplicas=, removingReplicas=), __consumer_offsets-0 -> ReplicaAssignment(replicas=0, addingReplicas=, removingReplicas=), __consumer_offsets-44 -> ReplicaAssignment(replicas=0, addingReplicas=, removingReplicas=), __consumer_offsets-39 -> ReplicaAssignment(replicas=0, addingReplicas=, removingReplicas=), __consumer_offsets-12 -> ReplicaAssignment(replicas=0, addingReplicas=, removingReplicas=), __consumer_offsets-45 -> ReplicaAssignment(replicas=0, addingReplicas=, removingReplicas=), __consumer_offsets-1 -> ReplicaAssignment(replicas=0, addingReplicas=, removingReplicas=), __consumer_offsets-5 -> ReplicaAssignment(replicas=0, addingReplicas=, removingReplicas=), __consumer_offsets-26 -> ReplicaAssignment(replicas=0, addingReplicas=, removingReplicas=), __consumer_offsets-29 -> ReplicaAssignment(replicas=0, addingReplicas=, removingReplicas=), __consumer_offsets-34 -> ReplicaAssignment(replicas=0, addingReplicas=, removingReplicas=), __consumer_offsets-10 -> ReplicaAssignment(replicas=0, addingReplicas=, removingReplicas=), __consumer_offsets-32 -> ReplicaAssignment(replicas=0, addingReplicas=, removingReplicas=), __consumer_offsets-40 -> ReplicaAssignment(replicas=0, addingReplicas=, removingReplicas=))))] (kafka.controller.KafkaController)
[2025-04-11 10:49:35,295] INFO [Controller id=0] New partition creation callback for __consumer_offsets-22,__consumer_offsets-30,__consumer_offsets-25,__consumer_offsets-35,__consumer_offsets-37,__consumer_offsets-38,__consumer_offsets-13,__consumer_offsets-8,__consumer_offsets-21,__consumer_offsets-4,__consumer_offsets-27,__consumer_offsets-7,__consumer_offsets-9,__consumer_offsets-46,__consumer_offsets-41,__consumer_offsets-33,__consumer_offsets-23,__consumer_offsets-49,__consumer_offsets-47,__consumer_offsets-16,__consumer_offsets-28,__consumer_offsets-31,__consumer_offsets-36,__consumer_offsets-42,__consumer_offsets-3,__consumer_offsets-18,__consumer_offsets-15,__consumer_offsets-24,__consumer_offsets-17,__consumer_offsets-48,__consumer_offsets-19,__consumer_offsets-11,__consumer_offsets-2,__consumer_offsets-43,__consumer_offsets-6,__consumer_offsets-14,__consumer_offsets-20,__consumer_offsets-0,__consumer_offsets-44,__consumer_offsets-39,__consumer_offsets-12,__consumer_offsets-45,__consumer_offsets-1,__consumer_offsets-5,__consumer_offsets-26,__consumer_offsets-29,__consumer_offsets-34,__consumer_offsets-10,__consumer_offsets-32,__consumer_offsets-40 (kafka.controller.KafkaController)
[2025-04-11 10:49:49,669] INFO [Controller id=0] New topics: [HashSet(team-service-topic)], deleted topics: [HashSet()], new partition replica assignment [Set(TopicIdReplicaAssignment(team-service-topic,Some(ds214Ro5TxyrCWt5LeFZxg),Map(team-service-topic-0 -> ReplicaAssignment(replicas=0, addingReplicas=, removingReplicas=))))] (kafka.controller.KafkaController)
[2025-04-11 10:49:49,669] INFO [Controller id=0] New partition creation callback for team-service-topic-0 (kafka.controller.KafkaController)
[2025-04-11 10:49:50,079] INFO [Controller id=0] New topics: [HashSet(team-service-invite-members)], deleted topics: [HashSet()], new partition replica assignment [Set(TopicIdReplicaAssignment(team-service-invite-members,Some(lQkOm0zLTN6NlUnmelV9Rw),Map(team-service-invite-members-0 -> ReplicaAssignment(replicas=0, addingReplicas=, removingReplicas=))))] (kafka.controller.KafkaController)
[2025-04-11 10:49:50,079] INFO [Controller id=0] New partition creation callback for team-service-invite-members-0 (kafka.controller.KafkaController)
[2025-04-11 10:49:50,463] INFO [Controller id=0] New topics: [HashSet(google-data-topic)], deleted topics: [HashSet()], new partition replica assignment [Set(TopicIdReplicaAssignment(google-data-topic,Some(mqlLTeG8QLKupTXAt1FzLw),Map(google-data-topic-0 -> ReplicaAssignment(replicas=0, addingReplicas=, removingReplicas=))))] (kafka.controller.KafkaController)
[2025-04-11 10:49:50,463] INFO [Controller id=0] New partition creation callback for google-data-topic-0 (kafka.controller.KafkaController)
[2025-04-11 10:49:50,764] INFO [Controller id=0] New topics: [HashSet(user-service-avatar-updated)], deleted topics: [HashSet()], new partition replica assignment [Set(TopicIdReplicaAssignment(user-service-avatar-updated,Some(_3wDM-VkQ5CmiYx2eKhl6w),Map(user-service-avatar-updated-0 -> ReplicaAssignment(replicas=0, addingReplicas=, removingReplicas=))))] (kafka.controller.KafkaController)
[2025-04-11 10:49:50,764] INFO [Controller id=0] New partition creation callback for user-service-avatar-updated-0 (kafka.controller.KafkaController)
[2025-04-11 10:50:04,635] INFO [Controller id=0] New topics: [HashSet(chatroom-creation)], deleted topics: [HashSet()], new partition replica assignment [Set(TopicIdReplicaAssignment(chatroom-creation,Some(gEjhghkzRX-VSJfMGhGOGA),Map(chatroom-creation-0 -> ReplicaAssignment(replicas=0, addingReplicas=, removingReplicas=))))] (kafka.controller.KafkaController)
[2025-04-11 10:50:04,635] INFO [Controller id=0] New partition creation callback for chatroom-creation-0 (kafka.controller.KafkaController)
[2025-04-11 10:50:04,912] INFO [Controller id=0] New topics: [HashSet(member-left-project)], deleted topics: [HashSet()], new partition replica assignment [Set(TopicIdReplicaAssignment(member-left-project,Some(2PwMOjg7Ro6YwHjzleleyQ),Map(member-left-project-0 -> ReplicaAssignment(replicas=0, addingReplicas=, removingReplicas=))))] (kafka.controller.KafkaController)
[2025-04-11 10:50:04,912] INFO [Controller id=0] New partition creation callback for member-left-project-0 (kafka.controller.KafkaController)
[2025-04-11 10:50:05,364] INFO [Controller id=0] New topics: [HashSet(user-data-response)], deleted topics: [HashSet()], new partition replica assignment [Set(TopicIdReplicaAssignment(user-data-response,Some(QemzNr4oTrGsTvQa-fM57w),Map(user-data-response-0 -> ReplicaAssignment(replicas=0, addingReplicas=, removingReplicas=))))] (kafka.controller.KafkaController)
[2025-04-11 10:50:05,364] INFO [Controller id=0] New partition creation callback for user-data-response-0 (kafka.controller.KafkaController)
[2025-04-11 10:50:05,430] INFO [Controller id=0] New topics: [HashSet(file-upload)], deleted topics: [HashSet()], new partition replica assignment [Set(TopicIdReplicaAssignment(file-upload,Some(Hp-IMEo7Sp6evbeMjK5tkQ),Map(file-upload-0 -> ReplicaAssignment(replicas=0, addingReplicas=, removingReplicas=))))] (kafka.controller.KafkaController)
[2025-04-11 10:50:05,431] INFO [Controller id=0] New partition creation callback for file-upload-0 (kafka.controller.KafkaController)
[2025-04-11 10:50:05,723] INFO [Controller id=0] New topics: [HashSet(user-joined-project)], deleted topics: [HashSet()], new partition replica assignment [Set(TopicIdReplicaAssignment(user-joined-project,Some(NyTH0o3gRY2AQcDzUoe3kw),Map(user-joined-project-0 -> ReplicaAssignment(replicas=0, addingReplicas=, removingReplicas=))))] (kafka.controller.KafkaController)
[2025-04-11 10:50:05,723] INFO [Controller id=0] New partition creation callback for user-joined-project-0 (kafka.controller.KafkaController)
[2025-04-11 10:50:06,066] INFO [Controller id=0] New topics: [HashSet(user-invited-to-project)], deleted topics: [HashSet()], new partition replica assignment [Set(TopicIdReplicaAssignment(user-invited-to-project,Some(zBgO0buKSyKNr8i6dxs-pA),Map(user-invited-to-project-0 -> ReplicaAssignment(replicas=0, addingReplicas=, removingReplicas=))))] (kafka.controller.KafkaController)
[2025-04-11 10:50:06,066] INFO [Controller id=0] New partition creation callback for user-invited-to-project-0 (kafka.controller.KafkaController)
[2025-04-11 10:54:16,754] INFO [Controller id=0] Processing automatic preferred replica leader election (kafka.controller.KafkaController)
[2025-04-11 10:54:16,754] TRACE [Controller id=0] Checking need to trigger auto leader balancing (kafka.controller.KafkaController)
[2025-04-11 10:54:16,761] DEBUG [Controller id=0] Topics not in preferred replica for broker 0 HashMap() (kafka.controller.KafkaController)
[2025-04-11 10:54:16,763] TRACE [Controller id=0] Leader imbalance ratio for broker 0 is 0.0 (kafka.controller.KafkaController)
[2025-04-11 10:59:16,768] INFO [Controller id=0] Processing automatic preferred replica leader election (kafka.controller.KafkaController)
[2025-04-11 10:59:16,768] TRACE [Controller id=0] Checking need to trigger auto leader balancing (kafka.controller.KafkaController)
[2025-04-11 10:59:16,769] DEBUG [Controller id=0] Topics not in preferred replica for broker 0 HashMap() (kafka.controller.KafkaController)
[2025-04-11 10:59:16,769] TRACE [Controller id=0] Leader imbalance ratio for broker 0 is 0.0 (kafka.controller.KafkaController)
[2025-04-11 11:04:16,775] INFO [Controller id=0] Processing automatic preferred replica leader election (kafka.controller.KafkaController)
[2025-04-11 11:04:16,783] TRACE [Controller id=0] Checking need to trigger auto leader balancing (kafka.controller.KafkaController)
[2025-04-11 11:04:16,785] DEBUG [Controller id=0] Topics not in preferred replica for broker 0 HashMap() (kafka.controller.KafkaController)
[2025-04-11 11:04:16,785] TRACE [Controller id=0] Leader imbalance ratio for broker 0 is 0.0 (kafka.controller.KafkaController)
[2025-04-11 11:20:21,187] DEBUG [Controller id=0] Resigning (kafka.controller.KafkaController)
[2025-04-11 11:20:21,191] DEBUG [Controller id=0] Unregister BrokerModifications handler for Set(0) (kafka.controller.KafkaController)
[2025-04-11 11:20:21,197] INFO [PartitionStateMachine controllerId=0] Stopped partition state machine (kafka.controller.ZkPartitionStateMachine)
[2025-04-11 11:20:21,199] INFO [ReplicaStateMachine controllerId=0] Stopped replica state machine (kafka.controller.ZkReplicaStateMachine)
[2025-04-11 11:20:21,203] INFO [RequestSendThread controllerId=0] Shutting down (kafka.controller.RequestSendThread)
[2025-04-11 11:20:21,204] INFO [RequestSendThread controllerId=0] Stopped (kafka.controller.RequestSendThread)
[2025-04-11 11:20:21,205] INFO [RequestSendThread controllerId=0] Shutdown completed (kafka.controller.RequestSendThread)
[2025-04-11 11:20:21,229] INFO [Controller id=0] Resigned (kafka.controller.KafkaController)
[2025-04-11 11:20:21,267] INFO [Controller id=0] 0 successfully elected as the controller. Epoch incremented to 2 and epoch zk version is now 2 (kafka.controller.KafkaController)
[2025-04-11 11:20:21,270] INFO [Controller id=0] Registering handlers (kafka.controller.KafkaController)
[2025-04-11 11:20:21,273] INFO [Controller id=0] Deleting log dir event notifications (kafka.controller.KafkaController)
[2025-04-11 11:20:21,278] INFO [Controller id=0] Deleting isr change notifications (kafka.controller.KafkaController)
[2025-04-11 11:20:21,280] INFO [Controller id=0] Initializing controller context (kafka.controller.KafkaController)
[2025-04-11 11:20:21,290] INFO [Controller id=0] Initialized broker epochs cache: HashMap(0 -> 220) (kafka.controller.KafkaController)
[2025-04-11 11:20:21,319] DEBUG [Controller id=0] Register BrokerModifications handler for Set(0) (kafka.controller.KafkaController)
[2025-04-11 11:20:21,360] DEBUG [Channel manager on controller 0]: Controller 0 trying to connect to broker 0 (kafka.controller.ControllerChannelManager)
[2025-04-11 11:20:21,369] INFO [RequestSendThread controllerId=0] Starting (kafka.controller.RequestSendThread)
[2025-04-11 11:20:21,369] INFO [Controller id=0] Currently active brokers in the cluster: Set(0) (kafka.controller.KafkaController)
[2025-04-11 11:20:21,369] INFO [Controller id=0] Currently shutting brokers in the cluster: HashSet() (kafka.controller.KafkaController)
[2025-04-11 11:20:21,369] INFO [Controller id=0] Current list of topics in the cluster: HashSet(user-service-invite-members, file-upload, user-joined-project, user-data-request, user-data-response, team-service-topic, google-data-topic, user-service-project-created, team-service-invite-members, user-invited-to-project, member-left-project, user-avatar-updated, chatroom-creation, user-service-avatar-updated, __consumer_offsets) (kafka.controller.KafkaController)
[2025-04-11 11:20:21,370] INFO [Controller id=0] Fetching topic deletions in progress (kafka.controller.KafkaController)
[2025-04-11 11:20:21,376] INFO [Controller id=0] List of topics to be deleted:  (kafka.controller.KafkaController)
[2025-04-11 11:20:21,376] INFO [Controller id=0] List of topics ineligible for deletion:  (kafka.controller.KafkaController)
[2025-04-11 11:20:21,376] INFO [Controller id=0] Initializing topic deletion manager (kafka.controller.KafkaController)
[2025-04-11 11:20:21,376] INFO [Topic Deletion Manager 0] Initializing manager with initial deletions: Set(), initial ineligible deletions: HashSet() (kafka.controller.TopicDeletionManager)
[2025-04-11 11:20:21,376] INFO [Controller id=0] Sending update metadata request (kafka.controller.KafkaController)
[2025-04-11 11:20:21,381] INFO [ReplicaStateMachine controllerId=0] Initializing replica state (kafka.controller.ZkReplicaStateMachine)
[2025-04-11 11:20:21,384] INFO [RequestSendThread controllerId=0] Controller 0 connected to DESKTOP-8GKE7FT:9092 (id: 0 rack: null) for sending state change requests (kafka.controller.RequestSendThread)
[2025-04-11 11:20:21,385] INFO [ReplicaStateMachine controllerId=0] Triggering online replica state changes (kafka.controller.ZkReplicaStateMachine)
[2025-04-11 11:20:21,401] INFO [ReplicaStateMachine controllerId=0] Triggering offline replica state changes (kafka.controller.ZkReplicaStateMachine)
[2025-04-11 11:20:21,401] DEBUG [ReplicaStateMachine controllerId=0] Started replica state machine with initial state -> HashMap([Topic=user-invited-to-project,Partition=0,Replica=0] -> OnlineReplica, [Topic=__consumer_offsets,Partition=40,Replica=0] -> OnlineReplica, [Topic=__consumer_offsets,Partition=27,Replica=0] -> OnlineReplica, [Topic=__consumer_offsets,Partition=49,Replica=0] -> OnlineReplica, [Topic=user-avatar-updated,Partition=0,Replica=0] -> OnlineReplica, [Topic=__consumer_offsets,Partition=47,Replica=0] -> OnlineReplica, [Topic=__consumer_offsets,Partition=3,Replica=0] -> OnlineReplica, [Topic=__consumer_offsets,Partition=18,Replica=0] -> OnlineReplica, [Topic=__consumer_offsets,Partition=44,Replica=0] -> OnlineReplica, [Topic=__consumer_offsets,Partition=8,Replica=0] -> OnlineReplica, [Topic=user-service-project-created,Partition=0,Replica=0] -> OnlineReplica, [Topic=__consumer_offsets,Partition=34,Replica=0] -> OnlineReplica, [Topic=__consumer_offsets,Partition=25,Replica=0] -> OnlineReplica, [Topic=user-service-invite-members,Partition=0,Replica=0] -> OnlineReplica, [Topic=__consumer_offsets,Partition=14,Replica=0] -> OnlineReplica, [Topic=__consumer_offsets,Partition=24,Replica=0] -> OnlineReplica, [Topic=__consumer_offsets,Partition=36,Replica=0] -> OnlineReplica, [Topic=__consumer_offsets,Partition=42,Replica=0] -> OnlineReplica, [Topic=__consumer_offsets,Partition=45,Replica=0] -> OnlineReplica, [Topic=__consumer_offsets,Partition=11,Replica=0] -> OnlineReplica, [Topic=__consumer_offsets,Partition=32,Replica=0] -> OnlineReplica, [Topic=__consumer_offsets,Partition=12,Replica=0] -> OnlineReplica, [Topic=__consumer_offsets,Partition=30,Replica=0] -> OnlineReplica, [Topic=__consumer_offsets,Partition=9,Replica=0] -> OnlineReplica, [Topic=google-data-topic,Partition=0,Replica=0] -> OnlineReplica, [Topic=__consumer_offsets,Partition=39,Replica=0] -> OnlineReplica, [Topic=chatroom-creation,Partition=0,Replica=0] -> OnlineReplica, [Topic=__consumer_offsets,Partition=38,Replica=0] -> OnlineReplica, [Topic=__consumer_offsets,Partition=23,Replica=0] -> OnlineReplica, [Topic=user-service-avatar-updated,Partition=0,Replica=0] -> OnlineReplica, [Topic=__consumer_offsets,Partition=19,Replica=0] -> OnlineReplica, [Topic=__consumer_offsets,Partition=17,Replica=0] -> OnlineReplica, [Topic=__consumer_offsets,Partition=41,Replica=0] -> OnlineReplica, [Topic=__consumer_offsets,Partition=37,Replica=0] -> OnlineReplica, [Topic=__consumer_offsets,Partition=48,Replica=0] -> OnlineReplica, [Topic=__consumer_offsets,Partition=29,Replica=0] -> OnlineReplica, [Topic=team-service-invite-members,Partition=0,Replica=0] -> OnlineReplica, [Topic=__consumer_offsets,Partition=10,Replica=0] -> OnlineReplica, [Topic=__consumer_offsets,Partition=46,Replica=0] -> OnlineReplica, [Topic=user-joined-project,Partition=0,Replica=0] -> OnlineReplica, [Topic=__consumer_offsets,Partition=1,Replica=0] -> OnlineReplica, [Topic=team-service-topic,Partition=0,Replica=0] -> OnlineReplica, [Topic=__consumer_offsets,Partition=16,Replica=0] -> OnlineReplica, [Topic=__consumer_offsets,Partition=5,Replica=0] -> OnlineReplica, [Topic=file-upload,Partition=0,Replica=0] -> OnlineReplica, [Topic=user-data-response,Partition=0,Replica=0] -> OnlineReplica, [Topic=__consumer_offsets,Partition=15,Replica=0] -> OnlineReplica, [Topic=__consumer_offsets,Partition=4,Replica=0] -> OnlineReplica, [Topic=__consumer_offsets,Partition=6,Replica=0] -> OnlineReplica, [Topic=__consumer_offsets,Partition=7,Replica=0] -> OnlineReplica, [Topic=__consumer_offsets,Partition=43,Replica=0] -> OnlineReplica, [Topic=member-left-project,Partition=0,Replica=0] -> OnlineReplica, [Topic=__consumer_offsets,Partition=0,Replica=0] -> OnlineReplica, [Topic=user-data-request,Partition=0,Replica=0] -> OnlineReplica, [Topic=__consumer_offsets,Partition=20,Replica=0] -> OnlineReplica, [Topic=__consumer_offsets,Partition=31,Replica=0] -> OnlineReplica, [Topic=__consumer_offsets,Partition=28,Replica=0] -> OnlineReplica, [Topic=__consumer_offsets,Partition=26,Replica=0] -> OnlineReplica, [Topic=__consumer_offsets,Partition=2,Replica=0] -> OnlineReplica, [Topic=__consumer_offsets,Partition=33,Replica=0] -> OnlineReplica, [Topic=__consumer_offsets,Partition=22,Replica=0] -> OnlineReplica, [Topic=__consumer_offsets,Partition=21,Replica=0] -> OnlineReplica, [Topic=__consumer_offsets,Partition=13,Replica=0] -> OnlineReplica, [Topic=__consumer_offsets,Partition=35,Replica=0] -> OnlineReplica) (kafka.controller.ZkReplicaStateMachine)
[2025-04-11 11:20:21,401] INFO [PartitionStateMachine controllerId=0] Initializing partition state (kafka.controller.ZkPartitionStateMachine)
[2025-04-11 11:20:21,401] INFO [PartitionStateMachine controllerId=0] Triggering online partition state changes (kafka.controller.ZkPartitionStateMachine)
[2025-04-11 11:20:21,402] DEBUG [PartitionStateMachine controllerId=0] Started partition state machine with initial state -> HashMap(__consumer_offsets-13 -> OnlinePartition, __consumer_offsets-46 -> OnlinePartition, __consumer_offsets-9 -> OnlinePartition, __consumer_offsets-42 -> OnlinePartition, __consumer_offsets-21 -> OnlinePartition, user-joined-project-0 -> OnlinePartition, user-service-project-created-0 -> OnlinePartition, __consumer_offsets-17 -> OnlinePartition, __consumer_offsets-30 -> OnlinePartition, chatroom-creation-0 -> OnlinePartition, __consumer_offsets-26 -> OnlinePartition, __consumer_offsets-5 -> OnlinePartition, __consumer_offsets-38 -> OnlinePartition, __consumer_offsets-1 -> OnlinePartition, __consumer_offsets-34 -> OnlinePartition, __consumer_offsets-16 -> OnlinePartition, __consumer_offsets-45 -> OnlinePartition, team-service-topic-0 -> OnlinePartition, __consumer_offsets-12 -> OnlinePartition, __consumer_offsets-41 -> OnlinePartition, user-data-response-0 -> OnlinePartition, __consumer_offsets-24 -> OnlinePartition, team-service-invite-members-0 -> OnlinePartition, __consumer_offsets-20 -> OnlinePartition, __consumer_offsets-49 -> OnlinePartition, __consumer_offsets-0 -> OnlinePartition, __consumer_offsets-29 -> OnlinePartition, __consumer_offsets-25 -> OnlinePartition, __consumer_offsets-8 -> OnlinePartition, __consumer_offsets-37 -> OnlinePartition, __consumer_offsets-4 -> OnlinePartition, __consumer_offsets-33 -> OnlinePartition, __consumer_offsets-15 -> OnlinePartition, __consumer_offsets-48 -> OnlinePartition, file-upload-0 -> OnlinePartition, __consumer_offsets-11 -> OnlinePartition, user-data-request-0 -> OnlinePartition, __consumer_offsets-44 -> OnlinePartition, __consumer_offsets-23 -> OnlinePartition, __consumer_offsets-19 -> OnlinePartition, member-left-project-0 -> OnlinePartition, __consumer_offsets-32 -> OnlinePartition, __consumer_offsets-28 -> OnlinePartition, user-invited-to-project-0 -> OnlinePartition, __consumer_offsets-7 -> OnlinePartition, __consumer_offsets-40 -> OnlinePartition, __consumer_offsets-3 -> OnlinePartition, __consumer_offsets-36 -> OnlinePartition, user-service-invite-members-0 -> OnlinePartition, __consumer_offsets-47 -> OnlinePartition, __consumer_offsets-14 -> OnlinePartition, __consumer_offsets-43 -> OnlinePartition, __consumer_offsets-10 -> OnlinePartition, google-data-topic-0 -> OnlinePartition, __consumer_offsets-22 -> OnlinePartition, __consumer_offsets-18 -> OnlinePartition, __consumer_offsets-31 -> OnlinePartition, user-avatar-updated-0 -> OnlinePartition, __consumer_offsets-27 -> OnlinePartition, __consumer_offsets-39 -> OnlinePartition, user-service-avatar-updated-0 -> OnlinePartition, __consumer_offsets-6 -> OnlinePartition, __consumer_offsets-35 -> OnlinePartition, __consumer_offsets-2 -> OnlinePartition) (kafka.controller.ZkPartitionStateMachine)
[2025-04-11 11:20:21,402] INFO [Controller id=0] Ready to serve as the new controller with epoch 2 (kafka.controller.KafkaController)
[2025-04-11 11:20:21,404] INFO [Controller id=0] Partitions undergoing preferred replica election:  (kafka.controller.KafkaController)
[2025-04-11 11:20:21,404] INFO [Controller id=0] Partitions that completed preferred replica election:  (kafka.controller.KafkaController)
[2025-04-11 11:20:21,404] INFO [Controller id=0] Skipping preferred replica election for partitions due to topic deletion:  (kafka.controller.KafkaController)
[2025-04-11 11:20:21,404] INFO [Controller id=0] Resuming preferred replica election for partitions:  (kafka.controller.KafkaController)
[2025-04-11 11:20:21,405] INFO [Controller id=0] Starting replica leader election (PREFERRED) for partitions  triggered by ZkTriggered (kafka.controller.KafkaController)
[2025-04-11 11:20:21,408] INFO [Controller id=0] Starting the controller scheduler (kafka.controller.KafkaController)
[2025-04-11 11:20:26,412] INFO [Controller id=0] Processing automatic preferred replica leader election (kafka.controller.KafkaController)
[2025-04-11 11:20:26,412] TRACE [Controller id=0] Checking need to trigger auto leader balancing (kafka.controller.KafkaController)
[2025-04-11 11:20:26,413] DEBUG [Controller id=0] Topics not in preferred replica for broker 0 HashMap() (kafka.controller.KafkaController)
[2025-04-11 11:20:26,413] TRACE [Controller id=0] Leader imbalance ratio for broker 0 is 0.0 (kafka.controller.KafkaController)
[2025-04-11 11:25:26,417] INFO [Controller id=0] Processing automatic preferred replica leader election (kafka.controller.KafkaController)
[2025-04-11 11:25:26,418] TRACE [Controller id=0] Checking need to trigger auto leader balancing (kafka.controller.KafkaController)
[2025-04-11 11:25:26,420] DEBUG [Controller id=0] Topics not in preferred replica for broker 0 HashMap() (kafka.controller.KafkaController)
[2025-04-11 11:25:26,420] TRACE [Controller id=0] Leader imbalance ratio for broker 0 is 0.0 (kafka.controller.KafkaController)
[2025-04-11 11:36:32,876] DEBUG [Controller id=0] Resigning (kafka.controller.KafkaController)
[2025-04-11 11:36:32,877] DEBUG [Controller id=0] Unregister BrokerModifications handler for Set(0) (kafka.controller.KafkaController)
[2025-04-11 11:36:32,878] INFO [PartitionStateMachine controllerId=0] Stopped partition state machine (kafka.controller.ZkPartitionStateMachine)
[2025-04-11 11:36:32,878] INFO [ReplicaStateMachine controllerId=0] Stopped replica state machine (kafka.controller.ZkReplicaStateMachine)
[2025-04-11 11:36:32,878] INFO [RequestSendThread controllerId=0] Shutting down (kafka.controller.RequestSendThread)
[2025-04-11 11:36:32,879] INFO [RequestSendThread controllerId=0] Stopped (kafka.controller.RequestSendThread)
[2025-04-11 11:36:32,879] INFO [RequestSendThread controllerId=0] Shutdown completed (kafka.controller.RequestSendThread)
[2025-04-11 11:36:32,884] INFO [Controller id=0] Resigned (kafka.controller.KafkaController)
[2025-04-11 11:36:32,965] INFO [Controller id=0] 0 successfully elected as the controller. Epoch incremented to 3 and epoch zk version is now 3 (kafka.controller.KafkaController)
[2025-04-11 11:36:32,966] INFO [Controller id=0] Registering handlers (kafka.controller.KafkaController)
[2025-04-11 11:36:32,970] INFO [Controller id=0] Deleting log dir event notifications (kafka.controller.KafkaController)
[2025-04-11 11:36:32,970] INFO [Controller id=0] Deleting isr change notifications (kafka.controller.KafkaController)
[2025-04-11 11:36:32,972] INFO [Controller id=0] Initializing controller context (kafka.controller.KafkaController)
[2025-04-11 11:36:32,980] INFO [Controller id=0] Initialized broker epochs cache: HashMap(0 -> 225) (kafka.controller.KafkaController)
[2025-04-11 11:36:32,995] DEBUG [Controller id=0] Register BrokerModifications handler for Set(0) (kafka.controller.KafkaController)
[2025-04-11 11:36:33,039] DEBUG [Channel manager on controller 0]: Controller 0 trying to connect to broker 0 (kafka.controller.ControllerChannelManager)
[2025-04-11 11:36:33,049] INFO [Controller id=0] Currently active brokers in the cluster: Set(0) (kafka.controller.KafkaController)
[2025-04-11 11:36:33,050] INFO [Controller id=0] Currently shutting brokers in the cluster: HashSet() (kafka.controller.KafkaController)
[2025-04-11 11:36:33,050] INFO [RequestSendThread controllerId=0] Starting (kafka.controller.RequestSendThread)
[2025-04-11 11:36:33,050] INFO [Controller id=0] Current list of topics in the cluster: HashSet(user-service-invite-members, file-upload, user-joined-project, user-data-request, user-data-response, team-service-topic, google-data-topic, user-service-project-created, team-service-invite-members, user-invited-to-project, member-left-project, user-avatar-updated, chatroom-creation, user-service-avatar-updated, __consumer_offsets) (kafka.controller.KafkaController)
[2025-04-11 11:36:33,050] INFO [Controller id=0] Fetching topic deletions in progress (kafka.controller.KafkaController)
[2025-04-11 11:36:33,052] INFO [Controller id=0] List of topics to be deleted:  (kafka.controller.KafkaController)
[2025-04-11 11:36:33,052] INFO [Controller id=0] List of topics ineligible for deletion:  (kafka.controller.KafkaController)
[2025-04-11 11:36:33,052] INFO [Controller id=0] Initializing topic deletion manager (kafka.controller.KafkaController)
[2025-04-11 11:36:33,052] INFO [Topic Deletion Manager 0] Initializing manager with initial deletions: Set(), initial ineligible deletions: HashSet() (kafka.controller.TopicDeletionManager)
[2025-04-11 11:36:33,052] INFO [Controller id=0] Sending update metadata request (kafka.controller.KafkaController)
[2025-04-11 11:36:33,052] INFO [ReplicaStateMachine controllerId=0] Initializing replica state (kafka.controller.ZkReplicaStateMachine)
[2025-04-11 11:36:33,053] INFO [ReplicaStateMachine controllerId=0] Triggering online replica state changes (kafka.controller.ZkReplicaStateMachine)
[2025-04-11 11:36:33,055] INFO [RequestSendThread controllerId=0] Controller 0 connected to DESKTOP-8GKE7FT:9092 (id: 0 rack: null) for sending state change requests (kafka.controller.RequestSendThread)
[2025-04-11 11:36:33,064] INFO [ReplicaStateMachine controllerId=0] Triggering offline replica state changes (kafka.controller.ZkReplicaStateMachine)
[2025-04-11 11:36:33,064] DEBUG [ReplicaStateMachine controllerId=0] Started replica state machine with initial state -> HashMap([Topic=user-invited-to-project,Partition=0,Replica=0] -> OnlineReplica, [Topic=__consumer_offsets,Partition=40,Replica=0] -> OnlineReplica, [Topic=__consumer_offsets,Partition=27,Replica=0] -> OnlineReplica, [Topic=__consumer_offsets,Partition=49,Replica=0] -> OnlineReplica, [Topic=user-avatar-updated,Partition=0,Replica=0] -> OnlineReplica, [Topic=__consumer_offsets,Partition=47,Replica=0] -> OnlineReplica, [Topic=__consumer_offsets,Partition=3,Replica=0] -> OnlineReplica, [Topic=__consumer_offsets,Partition=18,Replica=0] -> OnlineReplica, [Topic=__consumer_offsets,Partition=44,Replica=0] -> OnlineReplica, [Topic=__consumer_offsets,Partition=8,Replica=0] -> OnlineReplica, [Topic=user-service-project-created,Partition=0,Replica=0] -> OnlineReplica, [Topic=__consumer_offsets,Partition=34,Replica=0] -> OnlineReplica, [Topic=__consumer_offsets,Partition=25,Replica=0] -> OnlineReplica, [Topic=user-service-invite-members,Partition=0,Replica=0] -> OnlineReplica, [Topic=__consumer_offsets,Partition=14,Replica=0] -> OnlineReplica, [Topic=__consumer_offsets,Partition=24,Replica=0] -> OnlineReplica, [Topic=__consumer_offsets,Partition=36,Replica=0] -> OnlineReplica, [Topic=__consumer_offsets,Partition=42,Replica=0] -> OnlineReplica, [Topic=__consumer_offsets,Partition=45,Replica=0] -> OnlineReplica, [Topic=__consumer_offsets,Partition=11,Replica=0] -> OnlineReplica, [Topic=__consumer_offsets,Partition=32,Replica=0] -> OnlineReplica, [Topic=__consumer_offsets,Partition=12,Replica=0] -> OnlineReplica, [Topic=__consumer_offsets,Partition=30,Replica=0] -> OnlineReplica, [Topic=__consumer_offsets,Partition=9,Replica=0] -> OnlineReplica, [Topic=google-data-topic,Partition=0,Replica=0] -> OnlineReplica, [Topic=__consumer_offsets,Partition=39,Replica=0] -> OnlineReplica, [Topic=chatroom-creation,Partition=0,Replica=0] -> OnlineReplica, [Topic=__consumer_offsets,Partition=38,Replica=0] -> OnlineReplica, [Topic=__consumer_offsets,Partition=23,Replica=0] -> OnlineReplica, [Topic=user-service-avatar-updated,Partition=0,Replica=0] -> OnlineReplica, [Topic=__consumer_offsets,Partition=19,Replica=0] -> OnlineReplica, [Topic=__consumer_offsets,Partition=17,Replica=0] -> OnlineReplica, [Topic=__consumer_offsets,Partition=41,Replica=0] -> OnlineReplica, [Topic=__consumer_offsets,Partition=37,Replica=0] -> OnlineReplica, [Topic=__consumer_offsets,Partition=48,Replica=0] -> OnlineReplica, [Topic=__consumer_offsets,Partition=29,Replica=0] -> OnlineReplica, [Topic=team-service-invite-members,Partition=0,Replica=0] -> OnlineReplica, [Topic=__consumer_offsets,Partition=10,Replica=0] -> OnlineReplica, [Topic=__consumer_offsets,Partition=46,Replica=0] -> OnlineReplica, [Topic=user-joined-project,Partition=0,Replica=0] -> OnlineReplica, [Topic=__consumer_offsets,Partition=1,Replica=0] -> OnlineReplica, [Topic=team-service-topic,Partition=0,Replica=0] -> OnlineReplica, [Topic=__consumer_offsets,Partition=16,Replica=0] -> OnlineReplica, [Topic=__consumer_offsets,Partition=5,Replica=0] -> OnlineReplica, [Topic=file-upload,Partition=0,Replica=0] -> OnlineReplica, [Topic=user-data-response,Partition=0,Replica=0] -> OnlineReplica, [Topic=__consumer_offsets,Partition=15,Replica=0] -> OnlineReplica, [Topic=__consumer_offsets,Partition=4,Replica=0] -> OnlineReplica, [Topic=__consumer_offsets,Partition=6,Replica=0] -> OnlineReplica, [Topic=__consumer_offsets,Partition=7,Replica=0] -> OnlineReplica, [Topic=__consumer_offsets,Partition=43,Replica=0] -> OnlineReplica, [Topic=member-left-project,Partition=0,Replica=0] -> OnlineReplica, [Topic=__consumer_offsets,Partition=0,Replica=0] -> OnlineReplica, [Topic=user-data-request,Partition=0,Replica=0] -> OnlineReplica, [Topic=__consumer_offsets,Partition=20,Replica=0] -> OnlineReplica, [Topic=__consumer_offsets,Partition=31,Replica=0] -> OnlineReplica, [Topic=__consumer_offsets,Partition=28,Replica=0] -> OnlineReplica, [Topic=__consumer_offsets,Partition=26,Replica=0] -> OnlineReplica, [Topic=__consumer_offsets,Partition=2,Replica=0] -> OnlineReplica, [Topic=__consumer_offsets,Partition=33,Replica=0] -> OnlineReplica, [Topic=__consumer_offsets,Partition=22,Replica=0] -> OnlineReplica, [Topic=__consumer_offsets,Partition=21,Replica=0] -> OnlineReplica, [Topic=__consumer_offsets,Partition=13,Replica=0] -> OnlineReplica, [Topic=__consumer_offsets,Partition=35,Replica=0] -> OnlineReplica) (kafka.controller.ZkReplicaStateMachine)
[2025-04-11 11:36:33,064] INFO [PartitionStateMachine controllerId=0] Initializing partition state (kafka.controller.ZkPartitionStateMachine)
[2025-04-11 11:36:33,065] INFO [PartitionStateMachine controllerId=0] Triggering online partition state changes (kafka.controller.ZkPartitionStateMachine)
[2025-04-11 11:36:33,065] DEBUG [PartitionStateMachine controllerId=0] Started partition state machine with initial state -> HashMap(__consumer_offsets-13 -> OnlinePartition, __consumer_offsets-46 -> OnlinePartition, __consumer_offsets-9 -> OnlinePartition, __consumer_offsets-42 -> OnlinePartition, __consumer_offsets-21 -> OnlinePartition, user-joined-project-0 -> OnlinePartition, user-service-project-created-0 -> OnlinePartition, __consumer_offsets-17 -> OnlinePartition, __consumer_offsets-30 -> OnlinePartition, chatroom-creation-0 -> OnlinePartition, __consumer_offsets-26 -> OnlinePartition, __consumer_offsets-5 -> OnlinePartition, __consumer_offsets-38 -> OnlinePartition, __consumer_offsets-1 -> OnlinePartition, __consumer_offsets-34 -> OnlinePartition, __consumer_offsets-16 -> OnlinePartition, __consumer_offsets-45 -> OnlinePartition, team-service-topic-0 -> OnlinePartition, __consumer_offsets-12 -> OnlinePartition, __consumer_offsets-41 -> OnlinePartition, user-data-response-0 -> OnlinePartition, __consumer_offsets-24 -> OnlinePartition, team-service-invite-members-0 -> OnlinePartition, __consumer_offsets-20 -> OnlinePartition, __consumer_offsets-49 -> OnlinePartition, __consumer_offsets-0 -> OnlinePartition, __consumer_offsets-29 -> OnlinePartition, __consumer_offsets-25 -> OnlinePartition, __consumer_offsets-8 -> OnlinePartition, __consumer_offsets-37 -> OnlinePartition, __consumer_offsets-4 -> OnlinePartition, __consumer_offsets-33 -> OnlinePartition, __consumer_offsets-15 -> OnlinePartition, __consumer_offsets-48 -> OnlinePartition, file-upload-0 -> OnlinePartition, __consumer_offsets-11 -> OnlinePartition, user-data-request-0 -> OnlinePartition, __consumer_offsets-44 -> OnlinePartition, __consumer_offsets-23 -> OnlinePartition, __consumer_offsets-19 -> OnlinePartition, member-left-project-0 -> OnlinePartition, __consumer_offsets-32 -> OnlinePartition, __consumer_offsets-28 -> OnlinePartition, user-invited-to-project-0 -> OnlinePartition, __consumer_offsets-7 -> OnlinePartition, __consumer_offsets-40 -> OnlinePartition, __consumer_offsets-3 -> OnlinePartition, __consumer_offsets-36 -> OnlinePartition, user-service-invite-members-0 -> OnlinePartition, __consumer_offsets-47 -> OnlinePartition, __consumer_offsets-14 -> OnlinePartition, __consumer_offsets-43 -> OnlinePartition, __consumer_offsets-10 -> OnlinePartition, google-data-topic-0 -> OnlinePartition, __consumer_offsets-22 -> OnlinePartition, __consumer_offsets-18 -> OnlinePartition, __consumer_offsets-31 -> OnlinePartition, user-avatar-updated-0 -> OnlinePartition, __consumer_offsets-27 -> OnlinePartition, __consumer_offsets-39 -> OnlinePartition, user-service-avatar-updated-0 -> OnlinePartition, __consumer_offsets-6 -> OnlinePartition, __consumer_offsets-35 -> OnlinePartition, __consumer_offsets-2 -> OnlinePartition) (kafka.controller.ZkPartitionStateMachine)
[2025-04-11 11:36:33,065] INFO [Controller id=0] Ready to serve as the new controller with epoch 3 (kafka.controller.KafkaController)
[2025-04-11 11:36:33,068] INFO [Controller id=0] Partitions undergoing preferred replica election:  (kafka.controller.KafkaController)
[2025-04-11 11:36:33,068] INFO [Controller id=0] Partitions that completed preferred replica election:  (kafka.controller.KafkaController)
[2025-04-11 11:36:33,068] INFO [Controller id=0] Skipping preferred replica election for partitions due to topic deletion:  (kafka.controller.KafkaController)
[2025-04-11 11:36:33,068] INFO [Controller id=0] Resuming preferred replica election for partitions:  (kafka.controller.KafkaController)
[2025-04-11 11:36:33,068] INFO [Controller id=0] Starting replica leader election (PREFERRED) for partitions  triggered by ZkTriggered (kafka.controller.KafkaController)
[2025-04-11 11:36:33,071] INFO [Controller id=0] Starting the controller scheduler (kafka.controller.KafkaController)
[2025-04-11 11:36:38,081] INFO [Controller id=0] Processing automatic preferred replica leader election (kafka.controller.KafkaController)
[2025-04-11 11:36:38,081] TRACE [Controller id=0] Checking need to trigger auto leader balancing (kafka.controller.KafkaController)
[2025-04-11 11:36:38,082] DEBUG [Controller id=0] Topics not in preferred replica for broker 0 HashMap() (kafka.controller.KafkaController)
[2025-04-11 11:36:38,082] TRACE [Controller id=0] Leader imbalance ratio for broker 0 is 0.0 (kafka.controller.KafkaController)
[2025-04-11 11:41:38,095] INFO [Controller id=0] Processing automatic preferred replica leader election (kafka.controller.KafkaController)
[2025-04-11 11:41:38,095] TRACE [Controller id=0] Checking need to trigger auto leader balancing (kafka.controller.KafkaController)
[2025-04-11 11:41:38,097] DEBUG [Controller id=0] Topics not in preferred replica for broker 0 HashMap() (kafka.controller.KafkaController)
[2025-04-11 11:41:38,098] TRACE [Controller id=0] Leader imbalance ratio for broker 0 is 0.0 (kafka.controller.KafkaController)
[2025-04-11 11:46:38,104] INFO [Controller id=0] Processing automatic preferred replica leader election (kafka.controller.KafkaController)
[2025-04-11 11:46:38,105] TRACE [Controller id=0] Checking need to trigger auto leader balancing (kafka.controller.KafkaController)
[2025-04-11 11:46:38,126] DEBUG [Controller id=0] Topics not in preferred replica for broker 0 HashMap() (kafka.controller.KafkaController)
[2025-04-11 11:46:38,126] TRACE [Controller id=0] Leader imbalance ratio for broker 0 is 0.0 (kafka.controller.KafkaController)
[2025-04-11 11:51:38,132] INFO [Controller id=0] Processing automatic preferred replica leader election (kafka.controller.KafkaController)
[2025-04-11 11:51:38,133] TRACE [Controller id=0] Checking need to trigger auto leader balancing (kafka.controller.KafkaController)
[2025-04-11 11:51:38,133] DEBUG [Controller id=0] Topics not in preferred replica for broker 0 HashMap() (kafka.controller.KafkaController)
[2025-04-11 11:51:38,133] TRACE [Controller id=0] Leader imbalance ratio for broker 0 is 0.0 (kafka.controller.KafkaController)
[2025-04-11 11:53:00,284] INFO [Controller id=0] Shutting down broker 0 (kafka.controller.KafkaController)
[2025-04-11 11:53:00,285] DEBUG [Controller id=0] All shutting down brokers: 0 (kafka.controller.KafkaController)
[2025-04-11 11:53:00,286] DEBUG [Controller id=0] Live brokers:  (kafka.controller.KafkaController)
[2025-04-11 11:53:00,302] TRACE [Controller id=0] All leaders = __consumer_offsets-13 -> (Leader:0,ISR:0,LeaderRecoveryState:RECOVERED,LeaderEpoch:0,ZkVersion:0,ControllerEpoch:1),__consumer_offsets-46 -> (Leader:0,ISR:0,LeaderRecoveryState:RECOVERED,LeaderEpoch:0,ZkVersion:0,ControllerEpoch:1),__consumer_offsets-9 -> (Leader:0,ISR:0,LeaderRecoveryState:RECOVERED,LeaderEpoch:0,ZkVersion:0,ControllerEpoch:1),__consumer_offsets-42 -> (Leader:0,ISR:0,LeaderRecoveryState:RECOVERED,LeaderEpoch:0,ZkVersion:0,ControllerEpoch:1),__consumer_offsets-21 -> (Leader:0,ISR:0,LeaderRecoveryState:RECOVERED,LeaderEpoch:0,ZkVersion:0,ControllerEpoch:1),user-joined-project-0 -> (Leader:0,ISR:0,LeaderRecoveryState:RECOVERED,LeaderEpoch:0,ZkVersion:0,ControllerEpoch:1),user-service-project-created-0 -> (Leader:0,ISR:0,LeaderRecoveryState:RECOVERED,LeaderEpoch:0,ZkVersion:0,ControllerEpoch:1),__consumer_offsets-17 -> (Leader:0,ISR:0,LeaderRecoveryState:RECOVERED,LeaderEpoch:0,ZkVersion:0,ControllerEpoch:1),__consumer_offsets-30 -> (Leader:0,ISR:0,LeaderRecoveryState:RECOVERED,LeaderEpoch:0,ZkVersion:0,ControllerEpoch:1),chatroom-creation-0 -> (Leader:0,ISR:0,LeaderRecoveryState:RECOVERED,LeaderEpoch:0,ZkVersion:0,ControllerEpoch:1),__consumer_offsets-26 -> (Leader:0,ISR:0,LeaderRecoveryState:RECOVERED,LeaderEpoch:0,ZkVersion:0,ControllerEpoch:1),__consumer_offsets-5 -> (Leader:0,ISR:0,LeaderRecoveryState:RECOVERED,LeaderEpoch:0,ZkVersion:0,ControllerEpoch:1),__consumer_offsets-38 -> (Leader:0,ISR:0,LeaderRecoveryState:RECOVERED,LeaderEpoch:0,ZkVersion:0,ControllerEpoch:1),__consumer_offsets-1 -> (Leader:0,ISR:0,LeaderRecoveryState:RECOVERED,LeaderEpoch:0,ZkVersion:0,ControllerEpoch:1),__consumer_offsets-34 -> (Leader:0,ISR:0,LeaderRecoveryState:RECOVERED,LeaderEpoch:0,ZkVersion:0,ControllerEpoch:1),__consumer_offsets-16 -> (Leader:0,ISR:0,LeaderRecoveryState:RECOVERED,LeaderEpoch:0,ZkVersion:0,ControllerEpoch:1),__consumer_offsets-45 -> (Leader:0,ISR:0,LeaderRecoveryState:RECOVERED,LeaderEpoch:0,ZkVersion:0,ControllerEpoch:1),team-service-topic-0 -> (Leader:0,ISR:0,LeaderRecoveryState:RECOVERED,LeaderEpoch:0,ZkVersion:0,ControllerEpoch:1),__consumer_offsets-12 -> (Leader:0,ISR:0,LeaderRecoveryState:RECOVERED,LeaderEpoch:0,ZkVersion:0,ControllerEpoch:1),__consumer_offsets-41 -> (Leader:0,ISR:0,LeaderRecoveryState:RECOVERED,LeaderEpoch:0,ZkVersion:0,ControllerEpoch:1),user-data-response-0 -> (Leader:0,ISR:0,LeaderRecoveryState:RECOVERED,LeaderEpoch:0,ZkVersion:0,ControllerEpoch:1),__consumer_offsets-24 -> (Leader:0,ISR:0,LeaderRecoveryState:RECOVERED,LeaderEpoch:0,ZkVersion:0,ControllerEpoch:1),team-service-invite-members-0 -> (Leader:0,ISR:0,LeaderRecoveryState:RECOVERED,LeaderEpoch:0,ZkVersion:0,ControllerEpoch:1),__consumer_offsets-20 -> (Leader:0,ISR:0,LeaderRecoveryState:RECOVERED,LeaderEpoch:0,ZkVersion:0,ControllerEpoch:1),__consumer_offsets-49 -> (Leader:0,ISR:0,LeaderRecoveryState:RECOVERED,LeaderEpoch:0,ZkVersion:0,ControllerEpoch:1),__consumer_offsets-0 -> (Leader:0,ISR:0,LeaderRecoveryState:RECOVERED,LeaderEpoch:0,ZkVersion:0,ControllerEpoch:1),__consumer_offsets-29 -> (Leader:0,ISR:0,LeaderRecoveryState:RECOVERED,LeaderEpoch:0,ZkVersion:0,ControllerEpoch:1),__consumer_offsets-25 -> (Leader:0,ISR:0,LeaderRecoveryState:RECOVERED,LeaderEpoch:0,ZkVersion:0,ControllerEpoch:1),__consumer_offsets-8 -> (Leader:0,ISR:0,LeaderRecoveryState:RECOVERED,LeaderEpoch:0,ZkVersion:0,ControllerEpoch:1),__consumer_offsets-37 -> (Leader:0,ISR:0,LeaderRecoveryState:RECOVERED,LeaderEpoch:0,ZkVersion:0,ControllerEpoch:1),__consumer_offsets-4 -> (Leader:0,ISR:0,LeaderRecoveryState:RECOVERED,LeaderEpoch:0,ZkVersion:0,ControllerEpoch:1),__consumer_offsets-33 -> (Leader:0,ISR:0,LeaderRecoveryState:RECOVERED,LeaderEpoch:0,ZkVersion:0,ControllerEpoch:1),__consumer_offsets-15 -> (Leader:0,ISR:0,LeaderRecoveryState:RECOVERED,LeaderEpoch:0,ZkVersion:0,ControllerEpoch:1),__consumer_offsets-48 -> (Leader:0,ISR:0,LeaderRecoveryState:RECOVERED,LeaderEpoch:0,ZkVersion:0,ControllerEpoch:1),file-upload-0 -> (Leader:0,ISR:0,LeaderRecoveryState:RECOVERED,LeaderEpoch:0,ZkVersion:0,ControllerEpoch:1),__consumer_offsets-11 -> (Leader:0,ISR:0,LeaderRecoveryState:RECOVERED,LeaderEpoch:0,ZkVersion:0,ControllerEpoch:1),user-data-request-0 -> (Leader:0,ISR:0,LeaderRecoveryState:RECOVERED,LeaderEpoch:0,ZkVersion:0,ControllerEpoch:1),__consumer_offsets-44 -> (Leader:0,ISR:0,LeaderRecoveryState:RECOVERED,LeaderEpoch:0,ZkVersion:0,ControllerEpoch:1),__consumer_offsets-23 -> (Leader:0,ISR:0,LeaderRecoveryState:RECOVERED,LeaderEpoch:0,ZkVersion:0,ControllerEpoch:1),__consumer_offsets-19 -> (Leader:0,ISR:0,LeaderRecoveryState:RECOVERED,LeaderEpoch:0,ZkVersion:0,ControllerEpoch:1),member-left-project-0 -> (Leader:0,ISR:0,LeaderRecoveryState:RECOVERED,LeaderEpoch:0,ZkVersion:0,ControllerEpoch:1),__consumer_offsets-32 -> (Leader:0,ISR:0,LeaderRecoveryState:RECOVERED,LeaderEpoch:0,ZkVersion:0,ControllerEpoch:1),__consumer_offsets-28 -> (Leader:0,ISR:0,LeaderRecoveryState:RECOVERED,LeaderEpoch:0,ZkVersion:0,ControllerEpoch:1),user-invited-to-project-0 -> (Leader:0,ISR:0,LeaderRecoveryState:RECOVERED,LeaderEpoch:0,ZkVersion:0,ControllerEpoch:1),__consumer_offsets-7 -> (Leader:0,ISR:0,LeaderRecoveryState:RECOVERED,LeaderEpoch:0,ZkVersion:0,ControllerEpoch:1),__consumer_offsets-40 -> (Leader:0,ISR:0,LeaderRecoveryState:RECOVERED,LeaderEpoch:0,ZkVersion:0,ControllerEpoch:1),__consumer_offsets-3 -> (Leader:0,ISR:0,LeaderRecoveryState:RECOVERED,LeaderEpoch:0,ZkVersion:0,ControllerEpoch:1),__consumer_offsets-36 -> (Leader:0,ISR:0,LeaderRecoveryState:RECOVERED,LeaderEpoch:0,ZkVersion:0,ControllerEpoch:1),user-service-invite-members-0 -> (Leader:0,ISR:0,LeaderRecoveryState:RECOVERED,LeaderEpoch:0,ZkVersion:0,ControllerEpoch:1),__consumer_offsets-47 -> (Leader:0,ISR:0,LeaderRecoveryState:RECOVERED,LeaderEpoch:0,ZkVersion:0,ControllerEpoch:1),__consumer_offsets-14 -> (Leader:0,ISR:0,LeaderRecoveryState:RECOVERED,LeaderEpoch:0,ZkVersion:0,ControllerEpoch:1),__consumer_offsets-43 -> (Leader:0,ISR:0,LeaderRecoveryState:RECOVERED,LeaderEpoch:0,ZkVersion:0,ControllerEpoch:1),__consumer_offsets-10 -> (Leader:0,ISR:0,LeaderRecoveryState:RECOVERED,LeaderEpoch:0,ZkVersion:0,ControllerEpoch:1),google-data-topic-0 -> (Leader:0,ISR:0,LeaderRecoveryState:RECOVERED,LeaderEpoch:0,ZkVersion:0,ControllerEpoch:1),__consumer_offsets-22 -> (Leader:0,ISR:0,LeaderRecoveryState:RECOVERED,LeaderEpoch:0,ZkVersion:0,ControllerEpoch:1),__consumer_offsets-18 -> (Leader:0,ISR:0,LeaderRecoveryState:RECOVERED,LeaderEpoch:0,ZkVersion:0,ControllerEpoch:1),__consumer_offsets-31 -> (Leader:0,ISR:0,LeaderRecoveryState:RECOVERED,LeaderEpoch:0,ZkVersion:0,ControllerEpoch:1),user-avatar-updated-0 -> (Leader:0,ISR:0,LeaderRecoveryState:RECOVERED,LeaderEpoch:0,ZkVersion:0,ControllerEpoch:1),__consumer_offsets-27 -> (Leader:0,ISR:0,LeaderRecoveryState:RECOVERED,LeaderEpoch:0,ZkVersion:0,ControllerEpoch:1),__consumer_offsets-39 -> (Leader:0,ISR:0,LeaderRecoveryState:RECOVERED,LeaderEpoch:0,ZkVersion:0,ControllerEpoch:1),user-service-avatar-updated-0 -> (Leader:0,ISR:0,LeaderRecoveryState:RECOVERED,LeaderEpoch:0,ZkVersion:0,ControllerEpoch:1),__consumer_offsets-6 -> (Leader:0,ISR:0,LeaderRecoveryState:RECOVERED,LeaderEpoch:0,ZkVersion:0,ControllerEpoch:1),__consumer_offsets-35 -> (Leader:0,ISR:0,LeaderRecoveryState:RECOVERED,LeaderEpoch:0,ZkVersion:0,ControllerEpoch:1),__consumer_offsets-2 -> (Leader:0,ISR:0,LeaderRecoveryState:RECOVERED,LeaderEpoch:0,ZkVersion:0,ControllerEpoch:1) (kafka.controller.KafkaController)
[2025-04-11 11:53:01,259] INFO [ControllerEventThread controllerId=0] Shutting down (kafka.controller.ControllerEventManager$ControllerEventThread)
[2025-04-11 11:53:01,259] INFO [ControllerEventThread controllerId=0] Stopped (kafka.controller.ControllerEventManager$ControllerEventThread)
[2025-04-11 11:53:01,259] INFO [ControllerEventThread controllerId=0] Shutdown completed (kafka.controller.ControllerEventManager$ControllerEventThread)
[2025-04-11 11:53:01,259] DEBUG [Controller id=0] Resigning (kafka.controller.KafkaController)
[2025-04-11 11:53:01,259] DEBUG [Controller id=0] Unregister BrokerModifications handler for Set(0) (kafka.controller.KafkaController)
[2025-04-11 11:53:01,260] INFO [PartitionStateMachine controllerId=0] Stopped partition state machine (kafka.controller.ZkPartitionStateMachine)
[2025-04-11 11:53:01,260] INFO [ReplicaStateMachine controllerId=0] Stopped replica state machine (kafka.controller.ZkReplicaStateMachine)
[2025-04-11 11:53:01,260] INFO [RequestSendThread controllerId=0] Shutting down (kafka.controller.RequestSendThread)
[2025-04-11 11:53:01,260] INFO [RequestSendThread controllerId=0] Stopped (kafka.controller.RequestSendThread)
[2025-04-11 11:53:01,260] INFO [RequestSendThread controllerId=0] Shutdown completed (kafka.controller.RequestSendThread)
[2025-04-11 11:53:01,261] INFO [Controller id=0] Resigned (kafka.controller.KafkaController)
