[2025-03-04 04:34:24,345] INFO [Controller id=0 epoch=3] Sending UpdateMetadata request to brokers HashSet() for 0 partitions (state.change.logger)
[2025-03-05 22:35:30,026] INFO [Controller id=0 epoch=1] Sending UpdateMetadata request to brokers HashSet(0) for 0 partitions (state.change.logger)
[2025-03-05 22:35:56,892] INFO [Controller id=0 epoch=1] Changed partition user-avatar-updated-0 state from NonExistentPartition to NewPartition with assigned replicas 0 (state.change.logger)
[2025-03-05 22:35:56,892] INFO [Controller id=0 epoch=1] Sending UpdateMetadata request to brokers HashSet() for 0 partitions (state.change.logger)
[2025-03-05 22:35:56,892] INFO [Controller id=0 epoch=1] Sending UpdateMetadata request to brokers HashSet() for 0 partitions (state.change.logger)
[2025-03-05 22:35:56,929] INFO [Controller id=0 epoch=1] Changed partition user-avatar-updated-0 from NewPartition to OnlinePartition with state LeaderAndIsr(leader=0, leaderEpoch=0, isrWithBrokerEpoch=List(BrokerState(brokerId=0, brokerEpoch=-1)), leaderRecoveryState=RECOVERED, partitionEpoch=0) (state.change.logger)
[2025-03-05 22:35:56,929] INFO [Controller id=0 epoch=1] Sending LeaderAndIsr request to broker 0 with 1 become-leader and 0 become-follower partitions (state.change.logger)
[2025-03-05 22:35:56,937] INFO [Controller id=0 epoch=1] Sending UpdateMetadata request to brokers HashSet(0) for 1 partitions (state.change.logger)
[2025-03-05 22:35:56,937] INFO [Controller id=0 epoch=1] Sending UpdateMetadata request to brokers HashSet() for 0 partitions (state.change.logger)
[2025-03-05 22:35:56,937] INFO [Broker id=0] Handling LeaderAndIsr request correlationId 1 from controller 0 for 1 partitions (state.change.logger)
[2025-03-05 22:35:56,960] INFO [Broker id=0] Stopped fetchers as part of LeaderAndIsr request correlationId 1 from controller 0 epoch 1 as part of the become-leader transition for 1 partitions (state.change.logger)
[2025-03-05 22:35:57,061] INFO [Broker id=0] Leader user-avatar-updated-0 with topic id Some(eOGUnEM9RE-UfStCaPxqIg) starts at leader epoch 0 from offset 0 with partition epoch 0, high watermark 0, ISR [0], adding replicas [] and removing replicas [] . Previous leader None and previous leader epoch was -1. (state.change.logger)
[2025-03-05 22:35:57,071] INFO [Broker id=0] Finished LeaderAndIsr request in 134ms correlationId 1 from controller 0 for 1 partitions (state.change.logger)
[2025-03-05 22:35:57,087] INFO [Broker id=0] Add 1 partitions and deleted 0 partitions from metadata cache in response to UpdateMetadata request sent by controller 0 epoch 1 with correlation id 2 (state.change.logger)
[2025-03-05 22:35:57,338] INFO [Controller id=0 epoch=1] Changed partition __consumer_offsets-22 state from NonExistentPartition to NewPartition with assigned replicas 0 (state.change.logger)
[2025-03-05 22:35:57,338] INFO [Controller id=0 epoch=1] Changed partition __consumer_offsets-30 state from NonExistentPartition to NewPartition with assigned replicas 0 (state.change.logger)
[2025-03-05 22:35:57,341] INFO [Controller id=0 epoch=1] Changed partition __consumer_offsets-25 state from NonExistentPartition to NewPartition with assigned replicas 0 (state.change.logger)
[2025-03-05 22:35:57,341] INFO [Controller id=0 epoch=1] Changed partition __consumer_offsets-35 state from NonExistentPartition to NewPartition with assigned replicas 0 (state.change.logger)
[2025-03-05 22:35:57,341] INFO [Controller id=0 epoch=1] Changed partition __consumer_offsets-37 state from NonExistentPartition to NewPartition with assigned replicas 0 (state.change.logger)
[2025-03-05 22:35:57,341] INFO [Controller id=0 epoch=1] Changed partition __consumer_offsets-38 state from NonExistentPartition to NewPartition with assigned replicas 0 (state.change.logger)
[2025-03-05 22:35:57,341] INFO [Controller id=0 epoch=1] Changed partition __consumer_offsets-13 state from NonExistentPartition to NewPartition with assigned replicas 0 (state.change.logger)
[2025-03-05 22:35:57,341] INFO [Controller id=0 epoch=1] Changed partition __consumer_offsets-8 state from NonExistentPartition to NewPartition with assigned replicas 0 (state.change.logger)
[2025-03-05 22:35:57,341] INFO [Controller id=0 epoch=1] Changed partition __consumer_offsets-21 state from NonExistentPartition to NewPartition with assigned replicas 0 (state.change.logger)
[2025-03-05 22:35:57,341] INFO [Controller id=0 epoch=1] Changed partition __consumer_offsets-4 state from NonExistentPartition to NewPartition with assigned replicas 0 (state.change.logger)
[2025-03-05 22:35:57,341] INFO [Controller id=0 epoch=1] Changed partition __consumer_offsets-27 state from NonExistentPartition to NewPartition with assigned replicas 0 (state.change.logger)
[2025-03-05 22:35:57,341] INFO [Controller id=0 epoch=1] Changed partition __consumer_offsets-7 state from NonExistentPartition to NewPartition with assigned replicas 0 (state.change.logger)
[2025-03-05 22:35:57,341] INFO [Controller id=0 epoch=1] Changed partition __consumer_offsets-9 state from NonExistentPartition to NewPartition with assigned replicas 0 (state.change.logger)
[2025-03-05 22:35:57,341] INFO [Controller id=0 epoch=1] Changed partition __consumer_offsets-46 state from NonExistentPartition to NewPartition with assigned replicas 0 (state.change.logger)
[2025-03-05 22:35:57,341] INFO [Controller id=0 epoch=1] Changed partition __consumer_offsets-41 state from NonExistentPartition to NewPartition with assigned replicas 0 (state.change.logger)
[2025-03-05 22:35:57,341] INFO [Controller id=0 epoch=1] Changed partition __consumer_offsets-33 state from NonExistentPartition to NewPartition with assigned replicas 0 (state.change.logger)
[2025-03-05 22:35:57,341] INFO [Controller id=0 epoch=1] Changed partition __consumer_offsets-23 state from NonExistentPartition to NewPartition with assigned replicas 0 (state.change.logger)
[2025-03-05 22:35:57,341] INFO [Controller id=0 epoch=1] Changed partition __consumer_offsets-49 state from NonExistentPartition to NewPartition with assigned replicas 0 (state.change.logger)
[2025-03-05 22:35:57,341] INFO [Controller id=0 epoch=1] Changed partition __consumer_offsets-47 state from NonExistentPartition to NewPartition with assigned replicas 0 (state.change.logger)
[2025-03-05 22:35:57,343] INFO [Controller id=0 epoch=1] Changed partition __consumer_offsets-16 state from NonExistentPartition to NewPartition with assigned replicas 0 (state.change.logger)
[2025-03-05 22:35:57,343] INFO [Controller id=0 epoch=1] Changed partition __consumer_offsets-28 state from NonExistentPartition to NewPartition with assigned replicas 0 (state.change.logger)
[2025-03-05 22:35:57,343] INFO [Controller id=0 epoch=1] Changed partition __consumer_offsets-31 state from NonExistentPartition to NewPartition with assigned replicas 0 (state.change.logger)
[2025-03-05 22:35:57,343] INFO [Controller id=0 epoch=1] Changed partition __consumer_offsets-36 state from NonExistentPartition to NewPartition with assigned replicas 0 (state.change.logger)
[2025-03-05 22:35:57,343] INFO [Controller id=0 epoch=1] Changed partition __consumer_offsets-42 state from NonExistentPartition to NewPartition with assigned replicas 0 (state.change.logger)
[2025-03-05 22:35:57,343] INFO [Controller id=0 epoch=1] Changed partition __consumer_offsets-3 state from NonExistentPartition to NewPartition with assigned replicas 0 (state.change.logger)
[2025-03-05 22:35:57,343] INFO [Controller id=0 epoch=1] Changed partition __consumer_offsets-18 state from NonExistentPartition to NewPartition with assigned replicas 0 (state.change.logger)
[2025-03-05 22:35:57,345] INFO [Controller id=0 epoch=1] Changed partition __consumer_offsets-15 state from NonExistentPartition to NewPartition with assigned replicas 0 (state.change.logger)
[2025-03-05 22:35:57,345] INFO [Controller id=0 epoch=1] Changed partition __consumer_offsets-24 state from NonExistentPartition to NewPartition with assigned replicas 0 (state.change.logger)
[2025-03-05 22:35:57,345] INFO [Controller id=0 epoch=1] Changed partition __consumer_offsets-17 state from NonExistentPartition to NewPartition with assigned replicas 0 (state.change.logger)
[2025-03-05 22:35:57,345] INFO [Controller id=0 epoch=1] Changed partition __consumer_offsets-48 state from NonExistentPartition to NewPartition with assigned replicas 0 (state.change.logger)
[2025-03-05 22:35:57,345] INFO [Controller id=0 epoch=1] Changed partition __consumer_offsets-19 state from NonExistentPartition to NewPartition with assigned replicas 0 (state.change.logger)
[2025-03-05 22:35:57,346] INFO [Controller id=0 epoch=1] Changed partition __consumer_offsets-11 state from NonExistentPartition to NewPartition with assigned replicas 0 (state.change.logger)
[2025-03-05 22:35:57,346] INFO [Controller id=0 epoch=1] Changed partition __consumer_offsets-2 state from NonExistentPartition to NewPartition with assigned replicas 0 (state.change.logger)
[2025-03-05 22:35:57,346] INFO [Controller id=0 epoch=1] Changed partition __consumer_offsets-43 state from NonExistentPartition to NewPartition with assigned replicas 0 (state.change.logger)
[2025-03-05 22:35:57,346] INFO [Controller id=0 epoch=1] Changed partition __consumer_offsets-6 state from NonExistentPartition to NewPartition with assigned replicas 0 (state.change.logger)
[2025-03-05 22:35:57,346] INFO [Controller id=0 epoch=1] Changed partition __consumer_offsets-14 state from NonExistentPartition to NewPartition with assigned replicas 0 (state.change.logger)
[2025-03-05 22:35:57,346] INFO [Controller id=0 epoch=1] Changed partition __consumer_offsets-20 state from NonExistentPartition to NewPartition with assigned replicas 0 (state.change.logger)
[2025-03-05 22:35:57,346] INFO [Controller id=0 epoch=1] Changed partition __consumer_offsets-0 state from NonExistentPartition to NewPartition with assigned replicas 0 (state.change.logger)
[2025-03-05 22:35:57,346] INFO [Controller id=0 epoch=1] Changed partition __consumer_offsets-44 state from NonExistentPartition to NewPartition with assigned replicas 0 (state.change.logger)
[2025-03-05 22:35:57,346] INFO [Controller id=0 epoch=1] Changed partition __consumer_offsets-39 state from NonExistentPartition to NewPartition with assigned replicas 0 (state.change.logger)
[2025-03-05 22:35:57,346] INFO [Controller id=0 epoch=1] Changed partition __consumer_offsets-12 state from NonExistentPartition to NewPartition with assigned replicas 0 (state.change.logger)
[2025-03-05 22:35:57,346] INFO [Controller id=0 epoch=1] Changed partition __consumer_offsets-45 state from NonExistentPartition to NewPartition with assigned replicas 0 (state.change.logger)
[2025-03-05 22:35:57,346] INFO [Controller id=0 epoch=1] Changed partition __consumer_offsets-1 state from NonExistentPartition to NewPartition with assigned replicas 0 (state.change.logger)
[2025-03-05 22:35:57,346] INFO [Controller id=0 epoch=1] Changed partition __consumer_offsets-5 state from NonExistentPartition to NewPartition with assigned replicas 0 (state.change.logger)
[2025-03-05 22:35:57,346] INFO [Controller id=0 epoch=1] Changed partition __consumer_offsets-26 state from NonExistentPartition to NewPartition with assigned replicas 0 (state.change.logger)
[2025-03-05 22:35:57,346] INFO [Controller id=0 epoch=1] Changed partition __consumer_offsets-29 state from NonExistentPartition to NewPartition with assigned replicas 0 (state.change.logger)
[2025-03-05 22:35:57,346] INFO [Controller id=0 epoch=1] Changed partition __consumer_offsets-34 state from NonExistentPartition to NewPartition with assigned replicas 0 (state.change.logger)
[2025-03-05 22:35:57,346] INFO [Controller id=0 epoch=1] Changed partition __consumer_offsets-10 state from NonExistentPartition to NewPartition with assigned replicas 0 (state.change.logger)
[2025-03-05 22:35:57,346] INFO [Controller id=0 epoch=1] Changed partition __consumer_offsets-32 state from NonExistentPartition to NewPartition with assigned replicas 0 (state.change.logger)
[2025-03-05 22:35:57,346] INFO [Controller id=0 epoch=1] Changed partition __consumer_offsets-40 state from NonExistentPartition to NewPartition with assigned replicas 0 (state.change.logger)
[2025-03-05 22:35:57,346] INFO [Controller id=0 epoch=1] Sending UpdateMetadata request to brokers HashSet() for 0 partitions (state.change.logger)
[2025-03-05 22:35:57,353] INFO [Controller id=0 epoch=1] Sending UpdateMetadata request to brokers HashSet() for 0 partitions (state.change.logger)
[2025-03-05 22:35:57,538] INFO [Controller id=0 epoch=1] Changed partition __consumer_offsets-22 from NewPartition to OnlinePartition with state LeaderAndIsr(leader=0, leaderEpoch=0, isrWithBrokerEpoch=List(BrokerState(brokerId=0, brokerEpoch=-1)), leaderRecoveryState=RECOVERED, partitionEpoch=0) (state.change.logger)
[2025-03-05 22:35:57,538] INFO [Controller id=0 epoch=1] Changed partition __consumer_offsets-30 from NewPartition to OnlinePartition with state LeaderAndIsr(leader=0, leaderEpoch=0, isrWithBrokerEpoch=List(BrokerState(brokerId=0, brokerEpoch=-1)), leaderRecoveryState=RECOVERED, partitionEpoch=0) (state.change.logger)
[2025-03-05 22:35:57,538] INFO [Controller id=0 epoch=1] Changed partition __consumer_offsets-25 from NewPartition to OnlinePartition with state LeaderAndIsr(leader=0, leaderEpoch=0, isrWithBrokerEpoch=List(BrokerState(brokerId=0, brokerEpoch=-1)), leaderRecoveryState=RECOVERED, partitionEpoch=0) (state.change.logger)
[2025-03-05 22:35:57,538] INFO [Controller id=0 epoch=1] Changed partition __consumer_offsets-35 from NewPartition to OnlinePartition with state LeaderAndIsr(leader=0, leaderEpoch=0, isrWithBrokerEpoch=List(BrokerState(brokerId=0, brokerEpoch=-1)), leaderRecoveryState=RECOVERED, partitionEpoch=0) (state.change.logger)
[2025-03-05 22:35:57,538] INFO [Controller id=0 epoch=1] Changed partition __consumer_offsets-37 from NewPartition to OnlinePartition with state LeaderAndIsr(leader=0, leaderEpoch=0, isrWithBrokerEpoch=List(BrokerState(brokerId=0, brokerEpoch=-1)), leaderRecoveryState=RECOVERED, partitionEpoch=0) (state.change.logger)
[2025-03-05 22:35:57,538] INFO [Controller id=0 epoch=1] Changed partition __consumer_offsets-38 from NewPartition to OnlinePartition with state LeaderAndIsr(leader=0, leaderEpoch=0, isrWithBrokerEpoch=List(BrokerState(brokerId=0, brokerEpoch=-1)), leaderRecoveryState=RECOVERED, partitionEpoch=0) (state.change.logger)
[2025-03-05 22:35:57,538] INFO [Controller id=0 epoch=1] Changed partition __consumer_offsets-13 from NewPartition to OnlinePartition with state LeaderAndIsr(leader=0, leaderEpoch=0, isrWithBrokerEpoch=List(BrokerState(brokerId=0, brokerEpoch=-1)), leaderRecoveryState=RECOVERED, partitionEpoch=0) (state.change.logger)
[2025-03-05 22:35:57,538] INFO [Controller id=0 epoch=1] Changed partition __consumer_offsets-8 from NewPartition to OnlinePartition with state LeaderAndIsr(leader=0, leaderEpoch=0, isrWithBrokerEpoch=List(BrokerState(brokerId=0, brokerEpoch=-1)), leaderRecoveryState=RECOVERED, partitionEpoch=0) (state.change.logger)
[2025-03-05 22:35:57,538] INFO [Controller id=0 epoch=1] Changed partition __consumer_offsets-21 from NewPartition to OnlinePartition with state LeaderAndIsr(leader=0, leaderEpoch=0, isrWithBrokerEpoch=List(BrokerState(brokerId=0, brokerEpoch=-1)), leaderRecoveryState=RECOVERED, partitionEpoch=0) (state.change.logger)
[2025-03-05 22:35:57,538] INFO [Controller id=0 epoch=1] Changed partition __consumer_offsets-4 from NewPartition to OnlinePartition with state LeaderAndIsr(leader=0, leaderEpoch=0, isrWithBrokerEpoch=List(BrokerState(brokerId=0, brokerEpoch=-1)), leaderRecoveryState=RECOVERED, partitionEpoch=0) (state.change.logger)
[2025-03-05 22:35:57,538] INFO [Controller id=0 epoch=1] Changed partition __consumer_offsets-27 from NewPartition to OnlinePartition with state LeaderAndIsr(leader=0, leaderEpoch=0, isrWithBrokerEpoch=List(BrokerState(brokerId=0, brokerEpoch=-1)), leaderRecoveryState=RECOVERED, partitionEpoch=0) (state.change.logger)
[2025-03-05 22:35:57,538] INFO [Controller id=0 epoch=1] Changed partition __consumer_offsets-7 from NewPartition to OnlinePartition with state LeaderAndIsr(leader=0, leaderEpoch=0, isrWithBrokerEpoch=List(BrokerState(brokerId=0, brokerEpoch=-1)), leaderRecoveryState=RECOVERED, partitionEpoch=0) (state.change.logger)
[2025-03-05 22:35:57,538] INFO [Controller id=0 epoch=1] Changed partition __consumer_offsets-9 from NewPartition to OnlinePartition with state LeaderAndIsr(leader=0, leaderEpoch=0, isrWithBrokerEpoch=List(BrokerState(brokerId=0, brokerEpoch=-1)), leaderRecoveryState=RECOVERED, partitionEpoch=0) (state.change.logger)
[2025-03-05 22:35:57,538] INFO [Controller id=0 epoch=1] Changed partition __consumer_offsets-46 from NewPartition to OnlinePartition with state LeaderAndIsr(leader=0, leaderEpoch=0, isrWithBrokerEpoch=List(BrokerState(brokerId=0, brokerEpoch=-1)), leaderRecoveryState=RECOVERED, partitionEpoch=0) (state.change.logger)
[2025-03-05 22:35:57,538] INFO [Controller id=0 epoch=1] Changed partition __consumer_offsets-41 from NewPartition to OnlinePartition with state LeaderAndIsr(leader=0, leaderEpoch=0, isrWithBrokerEpoch=List(BrokerState(brokerId=0, brokerEpoch=-1)), leaderRecoveryState=RECOVERED, partitionEpoch=0) (state.change.logger)
[2025-03-05 22:35:57,538] INFO [Controller id=0 epoch=1] Changed partition __consumer_offsets-33 from NewPartition to OnlinePartition with state LeaderAndIsr(leader=0, leaderEpoch=0, isrWithBrokerEpoch=List(BrokerState(brokerId=0, brokerEpoch=-1)), leaderRecoveryState=RECOVERED, partitionEpoch=0) (state.change.logger)
[2025-03-05 22:35:57,538] INFO [Controller id=0 epoch=1] Changed partition __consumer_offsets-23 from NewPartition to OnlinePartition with state LeaderAndIsr(leader=0, leaderEpoch=0, isrWithBrokerEpoch=List(BrokerState(brokerId=0, brokerEpoch=-1)), leaderRecoveryState=RECOVERED, partitionEpoch=0) (state.change.logger)
[2025-03-05 22:35:57,538] INFO [Controller id=0 epoch=1] Changed partition __consumer_offsets-49 from NewPartition to OnlinePartition with state LeaderAndIsr(leader=0, leaderEpoch=0, isrWithBrokerEpoch=List(BrokerState(brokerId=0, brokerEpoch=-1)), leaderRecoveryState=RECOVERED, partitionEpoch=0) (state.change.logger)
[2025-03-05 22:35:57,538] INFO [Controller id=0 epoch=1] Changed partition __consumer_offsets-47 from NewPartition to OnlinePartition with state LeaderAndIsr(leader=0, leaderEpoch=0, isrWithBrokerEpoch=List(BrokerState(brokerId=0, brokerEpoch=-1)), leaderRecoveryState=RECOVERED, partitionEpoch=0) (state.change.logger)
[2025-03-05 22:35:57,538] INFO [Controller id=0 epoch=1] Changed partition __consumer_offsets-16 from NewPartition to OnlinePartition with state LeaderAndIsr(leader=0, leaderEpoch=0, isrWithBrokerEpoch=List(BrokerState(brokerId=0, brokerEpoch=-1)), leaderRecoveryState=RECOVERED, partitionEpoch=0) (state.change.logger)
[2025-03-05 22:35:57,538] INFO [Controller id=0 epoch=1] Changed partition __consumer_offsets-28 from NewPartition to OnlinePartition with state LeaderAndIsr(leader=0, leaderEpoch=0, isrWithBrokerEpoch=List(BrokerState(brokerId=0, brokerEpoch=-1)), leaderRecoveryState=RECOVERED, partitionEpoch=0) (state.change.logger)
[2025-03-05 22:35:57,538] INFO [Controller id=0 epoch=1] Changed partition __consumer_offsets-31 from NewPartition to OnlinePartition with state LeaderAndIsr(leader=0, leaderEpoch=0, isrWithBrokerEpoch=List(BrokerState(brokerId=0, brokerEpoch=-1)), leaderRecoveryState=RECOVERED, partitionEpoch=0) (state.change.logger)
[2025-03-05 22:35:57,538] INFO [Controller id=0 epoch=1] Changed partition __consumer_offsets-36 from NewPartition to OnlinePartition with state LeaderAndIsr(leader=0, leaderEpoch=0, isrWithBrokerEpoch=List(BrokerState(brokerId=0, brokerEpoch=-1)), leaderRecoveryState=RECOVERED, partitionEpoch=0) (state.change.logger)
[2025-03-05 22:35:57,538] INFO [Controller id=0 epoch=1] Changed partition __consumer_offsets-42 from NewPartition to OnlinePartition with state LeaderAndIsr(leader=0, leaderEpoch=0, isrWithBrokerEpoch=List(BrokerState(brokerId=0, brokerEpoch=-1)), leaderRecoveryState=RECOVERED, partitionEpoch=0) (state.change.logger)
[2025-03-05 22:35:57,538] INFO [Controller id=0 epoch=1] Changed partition __consumer_offsets-3 from NewPartition to OnlinePartition with state LeaderAndIsr(leader=0, leaderEpoch=0, isrWithBrokerEpoch=List(BrokerState(brokerId=0, brokerEpoch=-1)), leaderRecoveryState=RECOVERED, partitionEpoch=0) (state.change.logger)
[2025-03-05 22:35:57,538] INFO [Controller id=0 epoch=1] Changed partition __consumer_offsets-18 from NewPartition to OnlinePartition with state LeaderAndIsr(leader=0, leaderEpoch=0, isrWithBrokerEpoch=List(BrokerState(brokerId=0, brokerEpoch=-1)), leaderRecoveryState=RECOVERED, partitionEpoch=0) (state.change.logger)
[2025-03-05 22:35:57,538] INFO [Controller id=0 epoch=1] Changed partition __consumer_offsets-15 from NewPartition to OnlinePartition with state LeaderAndIsr(leader=0, leaderEpoch=0, isrWithBrokerEpoch=List(BrokerState(brokerId=0, brokerEpoch=-1)), leaderRecoveryState=RECOVERED, partitionEpoch=0) (state.change.logger)
[2025-03-05 22:35:57,538] INFO [Controller id=0 epoch=1] Changed partition __consumer_offsets-24 from NewPartition to OnlinePartition with state LeaderAndIsr(leader=0, leaderEpoch=0, isrWithBrokerEpoch=List(BrokerState(brokerId=0, brokerEpoch=-1)), leaderRecoveryState=RECOVERED, partitionEpoch=0) (state.change.logger)
[2025-03-05 22:35:57,538] INFO [Controller id=0 epoch=1] Changed partition __consumer_offsets-17 from NewPartition to OnlinePartition with state LeaderAndIsr(leader=0, leaderEpoch=0, isrWithBrokerEpoch=List(BrokerState(brokerId=0, brokerEpoch=-1)), leaderRecoveryState=RECOVERED, partitionEpoch=0) (state.change.logger)
[2025-03-05 22:35:57,538] INFO [Controller id=0 epoch=1] Changed partition __consumer_offsets-48 from NewPartition to OnlinePartition with state LeaderAndIsr(leader=0, leaderEpoch=0, isrWithBrokerEpoch=List(BrokerState(brokerId=0, brokerEpoch=-1)), leaderRecoveryState=RECOVERED, partitionEpoch=0) (state.change.logger)
[2025-03-05 22:35:57,538] INFO [Controller id=0 epoch=1] Changed partition __consumer_offsets-19 from NewPartition to OnlinePartition with state LeaderAndIsr(leader=0, leaderEpoch=0, isrWithBrokerEpoch=List(BrokerState(brokerId=0, brokerEpoch=-1)), leaderRecoveryState=RECOVERED, partitionEpoch=0) (state.change.logger)
[2025-03-05 22:35:57,554] INFO [Controller id=0 epoch=1] Changed partition __consumer_offsets-11 from NewPartition to OnlinePartition with state LeaderAndIsr(leader=0, leaderEpoch=0, isrWithBrokerEpoch=List(BrokerState(brokerId=0, brokerEpoch=-1)), leaderRecoveryState=RECOVERED, partitionEpoch=0) (state.change.logger)
[2025-03-05 22:35:57,554] INFO [Controller id=0 epoch=1] Changed partition __consumer_offsets-2 from NewPartition to OnlinePartition with state LeaderAndIsr(leader=0, leaderEpoch=0, isrWithBrokerEpoch=List(BrokerState(brokerId=0, brokerEpoch=-1)), leaderRecoveryState=RECOVERED, partitionEpoch=0) (state.change.logger)
[2025-03-05 22:35:57,554] INFO [Controller id=0 epoch=1] Changed partition __consumer_offsets-43 from NewPartition to OnlinePartition with state LeaderAndIsr(leader=0, leaderEpoch=0, isrWithBrokerEpoch=List(BrokerState(brokerId=0, brokerEpoch=-1)), leaderRecoveryState=RECOVERED, partitionEpoch=0) (state.change.logger)
[2025-03-05 22:35:57,554] INFO [Controller id=0 epoch=1] Changed partition __consumer_offsets-6 from NewPartition to OnlinePartition with state LeaderAndIsr(leader=0, leaderEpoch=0, isrWithBrokerEpoch=List(BrokerState(brokerId=0, brokerEpoch=-1)), leaderRecoveryState=RECOVERED, partitionEpoch=0) (state.change.logger)
[2025-03-05 22:35:57,554] INFO [Controller id=0 epoch=1] Changed partition __consumer_offsets-14 from NewPartition to OnlinePartition with state LeaderAndIsr(leader=0, leaderEpoch=0, isrWithBrokerEpoch=List(BrokerState(brokerId=0, brokerEpoch=-1)), leaderRecoveryState=RECOVERED, partitionEpoch=0) (state.change.logger)
[2025-03-05 22:35:57,554] INFO [Controller id=0 epoch=1] Changed partition __consumer_offsets-20 from NewPartition to OnlinePartition with state LeaderAndIsr(leader=0, leaderEpoch=0, isrWithBrokerEpoch=List(BrokerState(brokerId=0, brokerEpoch=-1)), leaderRecoveryState=RECOVERED, partitionEpoch=0) (state.change.logger)
[2025-03-05 22:35:57,554] INFO [Controller id=0 epoch=1] Changed partition __consumer_offsets-0 from NewPartition to OnlinePartition with state LeaderAndIsr(leader=0, leaderEpoch=0, isrWithBrokerEpoch=List(BrokerState(brokerId=0, brokerEpoch=-1)), leaderRecoveryState=RECOVERED, partitionEpoch=0) (state.change.logger)
[2025-03-05 22:35:57,554] INFO [Controller id=0 epoch=1] Changed partition __consumer_offsets-44 from NewPartition to OnlinePartition with state LeaderAndIsr(leader=0, leaderEpoch=0, isrWithBrokerEpoch=List(BrokerState(brokerId=0, brokerEpoch=-1)), leaderRecoveryState=RECOVERED, partitionEpoch=0) (state.change.logger)
[2025-03-05 22:35:57,554] INFO [Controller id=0 epoch=1] Changed partition __consumer_offsets-39 from NewPartition to OnlinePartition with state LeaderAndIsr(leader=0, leaderEpoch=0, isrWithBrokerEpoch=List(BrokerState(brokerId=0, brokerEpoch=-1)), leaderRecoveryState=RECOVERED, partitionEpoch=0) (state.change.logger)
[2025-03-05 22:35:57,554] INFO [Controller id=0 epoch=1] Changed partition __consumer_offsets-12 from NewPartition to OnlinePartition with state LeaderAndIsr(leader=0, leaderEpoch=0, isrWithBrokerEpoch=List(BrokerState(brokerId=0, brokerEpoch=-1)), leaderRecoveryState=RECOVERED, partitionEpoch=0) (state.change.logger)
[2025-03-05 22:35:57,554] INFO [Controller id=0 epoch=1] Changed partition __consumer_offsets-45 from NewPartition to OnlinePartition with state LeaderAndIsr(leader=0, leaderEpoch=0, isrWithBrokerEpoch=List(BrokerState(brokerId=0, brokerEpoch=-1)), leaderRecoveryState=RECOVERED, partitionEpoch=0) (state.change.logger)
[2025-03-05 22:35:57,554] INFO [Controller id=0 epoch=1] Changed partition __consumer_offsets-1 from NewPartition to OnlinePartition with state LeaderAndIsr(leader=0, leaderEpoch=0, isrWithBrokerEpoch=List(BrokerState(brokerId=0, brokerEpoch=-1)), leaderRecoveryState=RECOVERED, partitionEpoch=0) (state.change.logger)
[2025-03-05 22:35:57,554] INFO [Controller id=0 epoch=1] Changed partition __consumer_offsets-5 from NewPartition to OnlinePartition with state LeaderAndIsr(leader=0, leaderEpoch=0, isrWithBrokerEpoch=List(BrokerState(brokerId=0, brokerEpoch=-1)), leaderRecoveryState=RECOVERED, partitionEpoch=0) (state.change.logger)
[2025-03-05 22:35:57,554] INFO [Controller id=0 epoch=1] Changed partition __consumer_offsets-26 from NewPartition to OnlinePartition with state LeaderAndIsr(leader=0, leaderEpoch=0, isrWithBrokerEpoch=List(BrokerState(brokerId=0, brokerEpoch=-1)), leaderRecoveryState=RECOVERED, partitionEpoch=0) (state.change.logger)
[2025-03-05 22:35:57,554] INFO [Controller id=0 epoch=1] Changed partition __consumer_offsets-29 from NewPartition to OnlinePartition with state LeaderAndIsr(leader=0, leaderEpoch=0, isrWithBrokerEpoch=List(BrokerState(brokerId=0, brokerEpoch=-1)), leaderRecoveryState=RECOVERED, partitionEpoch=0) (state.change.logger)
[2025-03-05 22:35:57,554] INFO [Controller id=0 epoch=1] Changed partition __consumer_offsets-34 from NewPartition to OnlinePartition with state LeaderAndIsr(leader=0, leaderEpoch=0, isrWithBrokerEpoch=List(BrokerState(brokerId=0, brokerEpoch=-1)), leaderRecoveryState=RECOVERED, partitionEpoch=0) (state.change.logger)
[2025-03-05 22:35:57,554] INFO [Controller id=0 epoch=1] Changed partition __consumer_offsets-10 from NewPartition to OnlinePartition with state LeaderAndIsr(leader=0, leaderEpoch=0, isrWithBrokerEpoch=List(BrokerState(brokerId=0, brokerEpoch=-1)), leaderRecoveryState=RECOVERED, partitionEpoch=0) (state.change.logger)
[2025-03-05 22:35:57,554] INFO [Controller id=0 epoch=1] Changed partition __consumer_offsets-32 from NewPartition to OnlinePartition with state LeaderAndIsr(leader=0, leaderEpoch=0, isrWithBrokerEpoch=List(BrokerState(brokerId=0, brokerEpoch=-1)), leaderRecoveryState=RECOVERED, partitionEpoch=0) (state.change.logger)
[2025-03-05 22:35:57,554] INFO [Controller id=0 epoch=1] Changed partition __consumer_offsets-40 from NewPartition to OnlinePartition with state LeaderAndIsr(leader=0, leaderEpoch=0, isrWithBrokerEpoch=List(BrokerState(brokerId=0, brokerEpoch=-1)), leaderRecoveryState=RECOVERED, partitionEpoch=0) (state.change.logger)
[2025-03-05 22:35:57,554] INFO [Controller id=0 epoch=1] Sending LeaderAndIsr request to broker 0 with 50 become-leader and 0 become-follower partitions (state.change.logger)
[2025-03-05 22:35:57,554] INFO [Controller id=0 epoch=1] Sending UpdateMetadata request to brokers HashSet(0) for 50 partitions (state.change.logger)
[2025-03-05 22:35:57,554] INFO [Controller id=0 epoch=1] Sending UpdateMetadata request to brokers HashSet() for 0 partitions (state.change.logger)
[2025-03-05 22:35:57,554] INFO [Broker id=0] Handling LeaderAndIsr request correlationId 3 from controller 0 for 50 partitions (state.change.logger)
[2025-03-05 22:35:57,586] INFO [Broker id=0] Stopped fetchers as part of LeaderAndIsr request correlationId 3 from controller 0 epoch 1 as part of the become-leader transition for 50 partitions (state.change.logger)
[2025-03-05 22:35:57,644] INFO [Broker id=0] Leader __consumer_offsets-3 with topic id Some(LUPE39HZR3aDfzeM13fO8g) starts at leader epoch 0 from offset 0 with partition epoch 0, high watermark 0, ISR [0], adding replicas [] and removing replicas [] . Previous leader None and previous leader epoch was -1. (state.change.logger)
[2025-03-05 22:35:57,653] INFO [Broker id=0] Leader __consumer_offsets-18 with topic id Some(LUPE39HZR3aDfzeM13fO8g) starts at leader epoch 0 from offset 0 with partition epoch 0, high watermark 0, ISR [0], adding replicas [] and removing replicas [] . Previous leader None and previous leader epoch was -1. (state.change.logger)
[2025-03-05 22:35:57,668] INFO [Broker id=0] Leader __consumer_offsets-41 with topic id Some(LUPE39HZR3aDfzeM13fO8g) starts at leader epoch 0 from offset 0 with partition epoch 0, high watermark 0, ISR [0], adding replicas [] and removing replicas [] . Previous leader None and previous leader epoch was -1. (state.change.logger)
[2025-03-05 22:35:57,676] INFO [Broker id=0] Leader __consumer_offsets-10 with topic id Some(LUPE39HZR3aDfzeM13fO8g) starts at leader epoch 0 from offset 0 with partition epoch 0, high watermark 0, ISR [0], adding replicas [] and removing replicas [] . Previous leader None and previous leader epoch was -1. (state.change.logger)
[2025-03-05 22:35:57,692] INFO [Broker id=0] Leader __consumer_offsets-33 with topic id Some(LUPE39HZR3aDfzeM13fO8g) starts at leader epoch 0 from offset 0 with partition epoch 0, high watermark 0, ISR [0], adding replicas [] and removing replicas [] . Previous leader None and previous leader epoch was -1. (state.change.logger)
[2025-03-05 22:35:57,707] INFO [Broker id=0] Leader __consumer_offsets-48 with topic id Some(LUPE39HZR3aDfzeM13fO8g) starts at leader epoch 0 from offset 0 with partition epoch 0, high watermark 0, ISR [0], adding replicas [] and removing replicas [] . Previous leader None and previous leader epoch was -1. (state.change.logger)
[2025-03-05 22:35:57,723] INFO [Broker id=0] Leader __consumer_offsets-19 with topic id Some(LUPE39HZR3aDfzeM13fO8g) starts at leader epoch 0 from offset 0 with partition epoch 0, high watermark 0, ISR [0], adding replicas [] and removing replicas [] . Previous leader None and previous leader epoch was -1. (state.change.logger)
[2025-03-05 22:35:57,739] INFO [Broker id=0] Leader __consumer_offsets-34 with topic id Some(LUPE39HZR3aDfzeM13fO8g) starts at leader epoch 0 from offset 0 with partition epoch 0, high watermark 0, ISR [0], adding replicas [] and removing replicas [] . Previous leader None and previous leader epoch was -1. (state.change.logger)
[2025-03-05 22:35:57,754] INFO [Broker id=0] Leader __consumer_offsets-4 with topic id Some(LUPE39HZR3aDfzeM13fO8g) starts at leader epoch 0 from offset 0 with partition epoch 0, high watermark 0, ISR [0], adding replicas [] and removing replicas [] . Previous leader None and previous leader epoch was -1. (state.change.logger)
[2025-03-05 22:35:57,770] INFO [Broker id=0] Leader __consumer_offsets-11 with topic id Some(LUPE39HZR3aDfzeM13fO8g) starts at leader epoch 0 from offset 0 with partition epoch 0, high watermark 0, ISR [0], adding replicas [] and removing replicas [] . Previous leader None and previous leader epoch was -1. (state.change.logger)
[2025-03-05 22:35:57,785] INFO [Broker id=0] Leader __consumer_offsets-26 with topic id Some(LUPE39HZR3aDfzeM13fO8g) starts at leader epoch 0 from offset 0 with partition epoch 0, high watermark 0, ISR [0], adding replicas [] and removing replicas [] . Previous leader None and previous leader epoch was -1. (state.change.logger)
[2025-03-05 22:35:57,801] INFO [Broker id=0] Leader __consumer_offsets-49 with topic id Some(LUPE39HZR3aDfzeM13fO8g) starts at leader epoch 0 from offset 0 with partition epoch 0, high watermark 0, ISR [0], adding replicas [] and removing replicas [] . Previous leader None and previous leader epoch was -1. (state.change.logger)
[2025-03-05 22:35:57,817] INFO [Broker id=0] Leader __consumer_offsets-39 with topic id Some(LUPE39HZR3aDfzeM13fO8g) starts at leader epoch 0 from offset 0 with partition epoch 0, high watermark 0, ISR [0], adding replicas [] and removing replicas [] . Previous leader None and previous leader epoch was -1. (state.change.logger)
[2025-03-05 22:35:57,848] INFO [Broker id=0] Leader __consumer_offsets-9 with topic id Some(LUPE39HZR3aDfzeM13fO8g) starts at leader epoch 0 from offset 0 with partition epoch 0, high watermark 0, ISR [0], adding replicas [] and removing replicas [] . Previous leader None and previous leader epoch was -1. (state.change.logger)
[2025-03-05 22:35:57,864] INFO [Broker id=0] Leader __consumer_offsets-24 with topic id Some(LUPE39HZR3aDfzeM13fO8g) starts at leader epoch 0 from offset 0 with partition epoch 0, high watermark 0, ISR [0], adding replicas [] and removing replicas [] . Previous leader None and previous leader epoch was -1. (state.change.logger)
[2025-03-05 22:35:57,895] INFO [Broker id=0] Leader __consumer_offsets-31 with topic id Some(LUPE39HZR3aDfzeM13fO8g) starts at leader epoch 0 from offset 0 with partition epoch 0, high watermark 0, ISR [0], adding replicas [] and removing replicas [] . Previous leader None and previous leader epoch was -1. (state.change.logger)
[2025-03-05 22:35:57,926] INFO [Broker id=0] Leader __consumer_offsets-46 with topic id Some(LUPE39HZR3aDfzeM13fO8g) starts at leader epoch 0 from offset 0 with partition epoch 0, high watermark 0, ISR [0], adding replicas [] and removing replicas [] . Previous leader None and previous leader epoch was -1. (state.change.logger)
[2025-03-05 22:35:57,957] INFO [Broker id=0] Leader __consumer_offsets-1 with topic id Some(LUPE39HZR3aDfzeM13fO8g) starts at leader epoch 0 from offset 0 with partition epoch 0, high watermark 0, ISR [0], adding replicas [] and removing replicas [] . Previous leader None and previous leader epoch was -1. (state.change.logger)
[2025-03-05 22:35:57,989] INFO [Broker id=0] Leader __consumer_offsets-16 with topic id Some(LUPE39HZR3aDfzeM13fO8g) starts at leader epoch 0 from offset 0 with partition epoch 0, high watermark 0, ISR [0], adding replicas [] and removing replicas [] . Previous leader None and previous leader epoch was -1. (state.change.logger)
[2025-03-05 22:35:58,020] INFO [Broker id=0] Leader __consumer_offsets-2 with topic id Some(LUPE39HZR3aDfzeM13fO8g) starts at leader epoch 0 from offset 0 with partition epoch 0, high watermark 0, ISR [0], adding replicas [] and removing replicas [] . Previous leader None and previous leader epoch was -1. (state.change.logger)
[2025-03-05 22:35:58,052] INFO [Broker id=0] Leader __consumer_offsets-25 with topic id Some(LUPE39HZR3aDfzeM13fO8g) starts at leader epoch 0 from offset 0 with partition epoch 0, high watermark 0, ISR [0], adding replicas [] and removing replicas [] . Previous leader None and previous leader epoch was -1. (state.change.logger)
[2025-03-05 22:35:58,083] INFO [Broker id=0] Leader __consumer_offsets-40 with topic id Some(LUPE39HZR3aDfzeM13fO8g) starts at leader epoch 0 from offset 0 with partition epoch 0, high watermark 0, ISR [0], adding replicas [] and removing replicas [] . Previous leader None and previous leader epoch was -1. (state.change.logger)
[2025-03-05 22:35:58,111] INFO [Broker id=0] Leader __consumer_offsets-47 with topic id Some(LUPE39HZR3aDfzeM13fO8g) starts at leader epoch 0 from offset 0 with partition epoch 0, high watermark 0, ISR [0], adding replicas [] and removing replicas [] . Previous leader None and previous leader epoch was -1. (state.change.logger)
[2025-03-05 22:35:58,138] INFO [Broker id=0] Leader __consumer_offsets-17 with topic id Some(LUPE39HZR3aDfzeM13fO8g) starts at leader epoch 0 from offset 0 with partition epoch 0, high watermark 0, ISR [0], adding replicas [] and removing replicas [] . Previous leader None and previous leader epoch was -1. (state.change.logger)
[2025-03-05 22:35:58,169] INFO [Broker id=0] Leader __consumer_offsets-32 with topic id Some(LUPE39HZR3aDfzeM13fO8g) starts at leader epoch 0 from offset 0 with partition epoch 0, high watermark 0, ISR [0], adding replicas [] and removing replicas [] . Previous leader None and previous leader epoch was -1. (state.change.logger)
[2025-03-05 22:35:58,201] INFO [Broker id=0] Leader __consumer_offsets-37 with topic id Some(LUPE39HZR3aDfzeM13fO8g) starts at leader epoch 0 from offset 0 with partition epoch 0, high watermark 0, ISR [0], adding replicas [] and removing replicas [] . Previous leader None and previous leader epoch was -1. (state.change.logger)
[2025-03-05 22:35:58,241] INFO [Broker id=0] Leader __consumer_offsets-7 with topic id Some(LUPE39HZR3aDfzeM13fO8g) starts at leader epoch 0 from offset 0 with partition epoch 0, high watermark 0, ISR [0], adding replicas [] and removing replicas [] . Previous leader None and previous leader epoch was -1. (state.change.logger)
[2025-03-05 22:35:58,278] INFO [Broker id=0] Leader __consumer_offsets-22 with topic id Some(LUPE39HZR3aDfzeM13fO8g) starts at leader epoch 0 from offset 0 with partition epoch 0, high watermark 0, ISR [0], adding replicas [] and removing replicas [] . Previous leader None and previous leader epoch was -1. (state.change.logger)
[2025-03-05 22:35:58,311] INFO [Broker id=0] Leader __consumer_offsets-29 with topic id Some(LUPE39HZR3aDfzeM13fO8g) starts at leader epoch 0 from offset 0 with partition epoch 0, high watermark 0, ISR [0], adding replicas [] and removing replicas [] . Previous leader None and previous leader epoch was -1. (state.change.logger)
[2025-03-05 22:35:58,342] INFO [Broker id=0] Leader __consumer_offsets-44 with topic id Some(LUPE39HZR3aDfzeM13fO8g) starts at leader epoch 0 from offset 0 with partition epoch 0, high watermark 0, ISR [0], adding replicas [] and removing replicas [] . Previous leader None and previous leader epoch was -1. (state.change.logger)
[2025-03-05 22:35:58,373] INFO [Broker id=0] Leader __consumer_offsets-14 with topic id Some(LUPE39HZR3aDfzeM13fO8g) starts at leader epoch 0 from offset 0 with partition epoch 0, high watermark 0, ISR [0], adding replicas [] and removing replicas [] . Previous leader None and previous leader epoch was -1. (state.change.logger)
[2025-03-05 22:35:58,389] INFO [Broker id=0] Leader __consumer_offsets-23 with topic id Some(LUPE39HZR3aDfzeM13fO8g) starts at leader epoch 0 from offset 0 with partition epoch 0, high watermark 0, ISR [0], adding replicas [] and removing replicas [] . Previous leader None and previous leader epoch was -1. (state.change.logger)
[2025-03-05 22:35:58,420] INFO [Broker id=0] Leader __consumer_offsets-38 with topic id Some(LUPE39HZR3aDfzeM13fO8g) starts at leader epoch 0 from offset 0 with partition epoch 0, high watermark 0, ISR [0], adding replicas [] and removing replicas [] . Previous leader None and previous leader epoch was -1. (state.change.logger)
[2025-03-05 22:35:58,451] INFO [Broker id=0] Leader __consumer_offsets-8 with topic id Some(LUPE39HZR3aDfzeM13fO8g) starts at leader epoch 0 from offset 0 with partition epoch 0, high watermark 0, ISR [0], adding replicas [] and removing replicas [] . Previous leader None and previous leader epoch was -1. (state.change.logger)
[2025-03-05 22:35:58,483] INFO [Broker id=0] Leader __consumer_offsets-45 with topic id Some(LUPE39HZR3aDfzeM13fO8g) starts at leader epoch 0 from offset 0 with partition epoch 0, high watermark 0, ISR [0], adding replicas [] and removing replicas [] . Previous leader None and previous leader epoch was -1. (state.change.logger)
[2025-03-05 22:35:58,514] INFO [Broker id=0] Leader __consumer_offsets-15 with topic id Some(LUPE39HZR3aDfzeM13fO8g) starts at leader epoch 0 from offset 0 with partition epoch 0, high watermark 0, ISR [0], adding replicas [] and removing replicas [] . Previous leader None and previous leader epoch was -1. (state.change.logger)
[2025-03-05 22:35:58,545] INFO [Broker id=0] Leader __consumer_offsets-30 with topic id Some(LUPE39HZR3aDfzeM13fO8g) starts at leader epoch 0 from offset 0 with partition epoch 0, high watermark 0, ISR [0], adding replicas [] and removing replicas [] . Previous leader None and previous leader epoch was -1. (state.change.logger)
[2025-03-05 22:35:58,576] INFO [Broker id=0] Leader __consumer_offsets-0 with topic id Some(LUPE39HZR3aDfzeM13fO8g) starts at leader epoch 0 from offset 0 with partition epoch 0, high watermark 0, ISR [0], adding replicas [] and removing replicas [] . Previous leader None and previous leader epoch was -1. (state.change.logger)
[2025-03-05 22:35:58,608] INFO [Broker id=0] Leader __consumer_offsets-35 with topic id Some(LUPE39HZR3aDfzeM13fO8g) starts at leader epoch 0 from offset 0 with partition epoch 0, high watermark 0, ISR [0], adding replicas [] and removing replicas [] . Previous leader None and previous leader epoch was -1. (state.change.logger)
[2025-03-05 22:35:58,640] INFO [Broker id=0] Leader __consumer_offsets-5 with topic id Some(LUPE39HZR3aDfzeM13fO8g) starts at leader epoch 0 from offset 0 with partition epoch 0, high watermark 0, ISR [0], adding replicas [] and removing replicas [] . Previous leader None and previous leader epoch was -1. (state.change.logger)
[2025-03-05 22:35:58,663] INFO [Broker id=0] Leader __consumer_offsets-20 with topic id Some(LUPE39HZR3aDfzeM13fO8g) starts at leader epoch 0 from offset 0 with partition epoch 0, high watermark 0, ISR [0], adding replicas [] and removing replicas [] . Previous leader None and previous leader epoch was -1. (state.change.logger)
[2025-03-05 22:35:58,694] INFO [Broker id=0] Leader __consumer_offsets-27 with topic id Some(LUPE39HZR3aDfzeM13fO8g) starts at leader epoch 0 from offset 0 with partition epoch 0, high watermark 0, ISR [0], adding replicas [] and removing replicas [] . Previous leader None and previous leader epoch was -1. (state.change.logger)
[2025-03-05 22:35:58,725] INFO [Broker id=0] Leader __consumer_offsets-42 with topic id Some(LUPE39HZR3aDfzeM13fO8g) starts at leader epoch 0 from offset 0 with partition epoch 0, high watermark 0, ISR [0], adding replicas [] and removing replicas [] . Previous leader None and previous leader epoch was -1. (state.change.logger)
[2025-03-05 22:35:58,741] INFO [Broker id=0] Leader __consumer_offsets-12 with topic id Some(LUPE39HZR3aDfzeM13fO8g) starts at leader epoch 0 from offset 0 with partition epoch 0, high watermark 0, ISR [0], adding replicas [] and removing replicas [] . Previous leader None and previous leader epoch was -1. (state.change.logger)
[2025-03-05 22:35:58,772] INFO [Broker id=0] Leader __consumer_offsets-21 with topic id Some(LUPE39HZR3aDfzeM13fO8g) starts at leader epoch 0 from offset 0 with partition epoch 0, high watermark 0, ISR [0], adding replicas [] and removing replicas [] . Previous leader None and previous leader epoch was -1. (state.change.logger)
[2025-03-05 22:35:58,804] INFO [Broker id=0] Leader __consumer_offsets-36 with topic id Some(LUPE39HZR3aDfzeM13fO8g) starts at leader epoch 0 from offset 0 with partition epoch 0, high watermark 0, ISR [0], adding replicas [] and removing replicas [] . Previous leader None and previous leader epoch was -1. (state.change.logger)
[2025-03-05 22:35:58,835] INFO [Broker id=0] Leader __consumer_offsets-6 with topic id Some(LUPE39HZR3aDfzeM13fO8g) starts at leader epoch 0 from offset 0 with partition epoch 0, high watermark 0, ISR [0], adding replicas [] and removing replicas [] . Previous leader None and previous leader epoch was -1. (state.change.logger)
[2025-03-05 22:35:58,850] INFO [Broker id=0] Leader __consumer_offsets-43 with topic id Some(LUPE39HZR3aDfzeM13fO8g) starts at leader epoch 0 from offset 0 with partition epoch 0, high watermark 0, ISR [0], adding replicas [] and removing replicas [] . Previous leader None and previous leader epoch was -1. (state.change.logger)
[2025-03-05 22:35:58,882] INFO [Broker id=0] Leader __consumer_offsets-13 with topic id Some(LUPE39HZR3aDfzeM13fO8g) starts at leader epoch 0 from offset 0 with partition epoch 0, high watermark 0, ISR [0], adding replicas [] and removing replicas [] . Previous leader None and previous leader epoch was -1. (state.change.logger)
[2025-03-05 22:35:58,913] INFO [Broker id=0] Leader __consumer_offsets-28 with topic id Some(LUPE39HZR3aDfzeM13fO8g) starts at leader epoch 0 from offset 0 with partition epoch 0, high watermark 0, ISR [0], adding replicas [] and removing replicas [] . Previous leader None and previous leader epoch was -1. (state.change.logger)
[2025-03-05 22:35:59,007] INFO [Broker id=0] Finished LeaderAndIsr request in 1453ms correlationId 3 from controller 0 for 50 partitions (state.change.logger)
[2025-03-05 22:35:59,007] INFO [Broker id=0] Add 50 partitions and deleted 0 partitions from metadata cache in response to UpdateMetadata request sent by controller 0 epoch 1 with correlation id 4 (state.change.logger)
[2025-03-05 22:36:15,745] INFO [Controller id=0 epoch=1] Changed partition file-upload-0 state from NonExistentPartition to NewPartition with assigned replicas 0 (state.change.logger)
[2025-03-05 22:36:15,745] INFO [Controller id=0 epoch=1] Sending UpdateMetadata request to brokers HashSet() for 0 partitions (state.change.logger)
[2025-03-05 22:36:15,745] INFO [Controller id=0 epoch=1] Sending UpdateMetadata request to brokers HashSet() for 0 partitions (state.change.logger)
[2025-03-05 22:36:15,765] INFO [Controller id=0 epoch=1] Changed partition file-upload-0 from NewPartition to OnlinePartition with state LeaderAndIsr(leader=0, leaderEpoch=0, isrWithBrokerEpoch=List(BrokerState(brokerId=0, brokerEpoch=-1)), leaderRecoveryState=RECOVERED, partitionEpoch=0) (state.change.logger)
[2025-03-05 22:36:15,765] INFO [Controller id=0 epoch=1] Sending LeaderAndIsr request to broker 0 with 1 become-leader and 0 become-follower partitions (state.change.logger)
[2025-03-05 22:36:15,765] INFO [Controller id=0 epoch=1] Sending UpdateMetadata request to brokers HashSet(0) for 1 partitions (state.change.logger)
[2025-03-05 22:36:15,769] INFO [Controller id=0 epoch=1] Sending UpdateMetadata request to brokers HashSet() for 0 partitions (state.change.logger)
[2025-03-05 22:36:15,769] INFO [Broker id=0] Handling LeaderAndIsr request correlationId 5 from controller 0 for 1 partitions (state.change.logger)
[2025-03-05 22:36:15,769] INFO [Broker id=0] Stopped fetchers as part of LeaderAndIsr request correlationId 5 from controller 0 epoch 1 as part of the become-leader transition for 1 partitions (state.change.logger)
[2025-03-05 22:36:15,828] INFO [Broker id=0] Leader file-upload-0 with topic id Some(cxDPq_-LTkKz-zNORh0wiA) starts at leader epoch 0 from offset 0 with partition epoch 0, high watermark 0, ISR [0], adding replicas [] and removing replicas [] . Previous leader None and previous leader epoch was -1. (state.change.logger)
[2025-03-05 22:36:15,835] INFO [Broker id=0] Finished LeaderAndIsr request in 66ms correlationId 5 from controller 0 for 1 partitions (state.change.logger)
[2025-03-05 22:36:15,844] INFO [Broker id=0] Add 1 partitions and deleted 0 partitions from metadata cache in response to UpdateMetadata request sent by controller 0 epoch 1 with correlation id 6 (state.change.logger)
[2025-03-05 22:59:50,174] INFO [Controller id=0 epoch=1] Sending UpdateMetadata request to brokers HashSet(0) for 0 partitions (state.change.logger)
[2025-03-05 23:00:20,292] INFO [Controller id=0 epoch=1] Changed partition user-avatar-updated-0 state from NonExistentPartition to NewPartition with assigned replicas 0 (state.change.logger)
[2025-03-05 23:00:20,292] INFO [Controller id=0 epoch=1] Sending UpdateMetadata request to brokers HashSet() for 0 partitions (state.change.logger)
[2025-03-05 23:00:20,308] INFO [Controller id=0 epoch=1] Sending UpdateMetadata request to brokers HashSet() for 0 partitions (state.change.logger)
[2025-03-05 23:00:20,339] INFO [Controller id=0 epoch=1] Changed partition user-avatar-updated-0 from NewPartition to OnlinePartition with state LeaderAndIsr(leader=0, leaderEpoch=0, isrWithBrokerEpoch=List(BrokerState(brokerId=0, brokerEpoch=-1)), leaderRecoveryState=RECOVERED, partitionEpoch=0) (state.change.logger)
[2025-03-05 23:00:20,339] INFO [Controller id=0 epoch=1] Sending LeaderAndIsr request to broker 0 with 1 become-leader and 0 become-follower partitions (state.change.logger)
[2025-03-05 23:00:20,345] INFO [Controller id=0 epoch=1] Sending UpdateMetadata request to brokers HashSet(0) for 1 partitions (state.change.logger)
[2025-03-05 23:00:20,345] INFO [Controller id=0 epoch=1] Sending UpdateMetadata request to brokers HashSet() for 0 partitions (state.change.logger)
[2025-03-05 23:00:20,354] INFO [Broker id=0] Handling LeaderAndIsr request correlationId 1 from controller 0 for 1 partitions (state.change.logger)
[2025-03-05 23:00:20,369] INFO [Broker id=0] Stopped fetchers as part of LeaderAndIsr request correlationId 1 from controller 0 epoch 1 as part of the become-leader transition for 1 partitions (state.change.logger)
[2025-03-05 23:00:20,472] INFO [Broker id=0] Leader user-avatar-updated-0 with topic id Some(2fp3dE_3T9OJO_4B7cHCyw) starts at leader epoch 0 from offset 0 with partition epoch 0, high watermark 0, ISR [0], adding replicas [] and removing replicas [] . Previous leader None and previous leader epoch was -1. (state.change.logger)
[2025-03-05 23:00:20,503] INFO [Broker id=0] Finished LeaderAndIsr request in 158ms correlationId 1 from controller 0 for 1 partitions (state.change.logger)
[2025-03-05 23:00:20,503] INFO [Broker id=0] Add 1 partitions and deleted 0 partitions from metadata cache in response to UpdateMetadata request sent by controller 0 epoch 1 with correlation id 2 (state.change.logger)
[2025-03-05 23:00:20,720] INFO [Controller id=0 epoch=1] Changed partition __consumer_offsets-22 state from NonExistentPartition to NewPartition with assigned replicas 0 (state.change.logger)
[2025-03-05 23:00:20,720] INFO [Controller id=0 epoch=1] Changed partition __consumer_offsets-30 state from NonExistentPartition to NewPartition with assigned replicas 0 (state.change.logger)
[2025-03-05 23:00:20,720] INFO [Controller id=0 epoch=1] Changed partition __consumer_offsets-25 state from NonExistentPartition to NewPartition with assigned replicas 0 (state.change.logger)
[2025-03-05 23:00:20,720] INFO [Controller id=0 epoch=1] Changed partition __consumer_offsets-35 state from NonExistentPartition to NewPartition with assigned replicas 0 (state.change.logger)
[2025-03-05 23:00:20,720] INFO [Controller id=0 epoch=1] Changed partition __consumer_offsets-37 state from NonExistentPartition to NewPartition with assigned replicas 0 (state.change.logger)
[2025-03-05 23:00:20,720] INFO [Controller id=0 epoch=1] Changed partition __consumer_offsets-38 state from NonExistentPartition to NewPartition with assigned replicas 0 (state.change.logger)
[2025-03-05 23:00:20,720] INFO [Controller id=0 epoch=1] Changed partition __consumer_offsets-13 state from NonExistentPartition to NewPartition with assigned replicas 0 (state.change.logger)
[2025-03-05 23:00:20,720] INFO [Controller id=0 epoch=1] Changed partition __consumer_offsets-8 state from NonExistentPartition to NewPartition with assigned replicas 0 (state.change.logger)
[2025-03-05 23:00:20,720] INFO [Controller id=0 epoch=1] Changed partition __consumer_offsets-21 state from NonExistentPartition to NewPartition with assigned replicas 0 (state.change.logger)
[2025-03-05 23:00:20,720] INFO [Controller id=0 epoch=1] Changed partition __consumer_offsets-4 state from NonExistentPartition to NewPartition with assigned replicas 0 (state.change.logger)
[2025-03-05 23:00:20,720] INFO [Controller id=0 epoch=1] Changed partition __consumer_offsets-27 state from NonExistentPartition to NewPartition with assigned replicas 0 (state.change.logger)
[2025-03-05 23:00:20,720] INFO [Controller id=0 epoch=1] Changed partition __consumer_offsets-7 state from NonExistentPartition to NewPartition with assigned replicas 0 (state.change.logger)
[2025-03-05 23:00:20,720] INFO [Controller id=0 epoch=1] Changed partition __consumer_offsets-9 state from NonExistentPartition to NewPartition with assigned replicas 0 (state.change.logger)
[2025-03-05 23:00:20,728] INFO [Controller id=0 epoch=1] Changed partition __consumer_offsets-46 state from NonExistentPartition to NewPartition with assigned replicas 0 (state.change.logger)
[2025-03-05 23:00:20,728] INFO [Controller id=0 epoch=1] Changed partition __consumer_offsets-41 state from NonExistentPartition to NewPartition with assigned replicas 0 (state.change.logger)
[2025-03-05 23:00:20,728] INFO [Controller id=0 epoch=1] Changed partition __consumer_offsets-33 state from NonExistentPartition to NewPartition with assigned replicas 0 (state.change.logger)
[2025-03-05 23:00:20,728] INFO [Controller id=0 epoch=1] Changed partition __consumer_offsets-23 state from NonExistentPartition to NewPartition with assigned replicas 0 (state.change.logger)
[2025-03-05 23:00:20,728] INFO [Controller id=0 epoch=1] Changed partition __consumer_offsets-49 state from NonExistentPartition to NewPartition with assigned replicas 0 (state.change.logger)
[2025-03-05 23:00:20,728] INFO [Controller id=0 epoch=1] Changed partition __consumer_offsets-47 state from NonExistentPartition to NewPartition with assigned replicas 0 (state.change.logger)
[2025-03-05 23:00:20,728] INFO [Controller id=0 epoch=1] Changed partition __consumer_offsets-16 state from NonExistentPartition to NewPartition with assigned replicas 0 (state.change.logger)
[2025-03-05 23:00:20,728] INFO [Controller id=0 epoch=1] Changed partition __consumer_offsets-28 state from NonExistentPartition to NewPartition with assigned replicas 0 (state.change.logger)
[2025-03-05 23:00:20,728] INFO [Controller id=0 epoch=1] Changed partition __consumer_offsets-31 state from NonExistentPartition to NewPartition with assigned replicas 0 (state.change.logger)
[2025-03-05 23:00:20,728] INFO [Controller id=0 epoch=1] Changed partition __consumer_offsets-36 state from NonExistentPartition to NewPartition with assigned replicas 0 (state.change.logger)
[2025-03-05 23:00:20,728] INFO [Controller id=0 epoch=1] Changed partition __consumer_offsets-42 state from NonExistentPartition to NewPartition with assigned replicas 0 (state.change.logger)
[2025-03-05 23:00:20,728] INFO [Controller id=0 epoch=1] Changed partition __consumer_offsets-3 state from NonExistentPartition to NewPartition with assigned replicas 0 (state.change.logger)
[2025-03-05 23:00:20,728] INFO [Controller id=0 epoch=1] Changed partition __consumer_offsets-18 state from NonExistentPartition to NewPartition with assigned replicas 0 (state.change.logger)
[2025-03-05 23:00:20,728] INFO [Controller id=0 epoch=1] Changed partition __consumer_offsets-15 state from NonExistentPartition to NewPartition with assigned replicas 0 (state.change.logger)
[2025-03-05 23:00:20,728] INFO [Controller id=0 epoch=1] Changed partition __consumer_offsets-24 state from NonExistentPartition to NewPartition with assigned replicas 0 (state.change.logger)
[2025-03-05 23:00:20,728] INFO [Controller id=0 epoch=1] Changed partition __consumer_offsets-17 state from NonExistentPartition to NewPartition with assigned replicas 0 (state.change.logger)
[2025-03-05 23:00:20,728] INFO [Controller id=0 epoch=1] Changed partition __consumer_offsets-48 state from NonExistentPartition to NewPartition with assigned replicas 0 (state.change.logger)
[2025-03-05 23:00:20,728] INFO [Controller id=0 epoch=1] Changed partition __consumer_offsets-19 state from NonExistentPartition to NewPartition with assigned replicas 0 (state.change.logger)
[2025-03-05 23:00:20,728] INFO [Controller id=0 epoch=1] Changed partition __consumer_offsets-11 state from NonExistentPartition to NewPartition with assigned replicas 0 (state.change.logger)
[2025-03-05 23:00:20,728] INFO [Controller id=0 epoch=1] Changed partition __consumer_offsets-2 state from NonExistentPartition to NewPartition with assigned replicas 0 (state.change.logger)
[2025-03-05 23:00:20,728] INFO [Controller id=0 epoch=1] Changed partition __consumer_offsets-43 state from NonExistentPartition to NewPartition with assigned replicas 0 (state.change.logger)
[2025-03-05 23:00:20,728] INFO [Controller id=0 epoch=1] Changed partition __consumer_offsets-6 state from NonExistentPartition to NewPartition with assigned replicas 0 (state.change.logger)
[2025-03-05 23:00:20,728] INFO [Controller id=0 epoch=1] Changed partition __consumer_offsets-14 state from NonExistentPartition to NewPartition with assigned replicas 0 (state.change.logger)
[2025-03-05 23:00:20,728] INFO [Controller id=0 epoch=1] Changed partition __consumer_offsets-20 state from NonExistentPartition to NewPartition with assigned replicas 0 (state.change.logger)
[2025-03-05 23:00:20,728] INFO [Controller id=0 epoch=1] Changed partition __consumer_offsets-0 state from NonExistentPartition to NewPartition with assigned replicas 0 (state.change.logger)
[2025-03-05 23:00:20,728] INFO [Controller id=0 epoch=1] Changed partition __consumer_offsets-44 state from NonExistentPartition to NewPartition with assigned replicas 0 (state.change.logger)
[2025-03-05 23:00:20,728] INFO [Controller id=0 epoch=1] Changed partition __consumer_offsets-39 state from NonExistentPartition to NewPartition with assigned replicas 0 (state.change.logger)
[2025-03-05 23:00:20,728] INFO [Controller id=0 epoch=1] Changed partition __consumer_offsets-12 state from NonExistentPartition to NewPartition with assigned replicas 0 (state.change.logger)
[2025-03-05 23:00:20,728] INFO [Controller id=0 epoch=1] Changed partition __consumer_offsets-45 state from NonExistentPartition to NewPartition with assigned replicas 0 (state.change.logger)
[2025-03-05 23:00:20,728] INFO [Controller id=0 epoch=1] Changed partition __consumer_offsets-1 state from NonExistentPartition to NewPartition with assigned replicas 0 (state.change.logger)
[2025-03-05 23:00:20,728] INFO [Controller id=0 epoch=1] Changed partition __consumer_offsets-5 state from NonExistentPartition to NewPartition with assigned replicas 0 (state.change.logger)
[2025-03-05 23:00:20,728] INFO [Controller id=0 epoch=1] Changed partition __consumer_offsets-26 state from NonExistentPartition to NewPartition with assigned replicas 0 (state.change.logger)
[2025-03-05 23:00:20,728] INFO [Controller id=0 epoch=1] Changed partition __consumer_offsets-29 state from NonExistentPartition to NewPartition with assigned replicas 0 (state.change.logger)
[2025-03-05 23:00:20,728] INFO [Controller id=0 epoch=1] Changed partition __consumer_offsets-34 state from NonExistentPartition to NewPartition with assigned replicas 0 (state.change.logger)
[2025-03-05 23:00:20,728] INFO [Controller id=0 epoch=1] Changed partition __consumer_offsets-10 state from NonExistentPartition to NewPartition with assigned replicas 0 (state.change.logger)
[2025-03-05 23:00:20,728] INFO [Controller id=0 epoch=1] Changed partition __consumer_offsets-32 state from NonExistentPartition to NewPartition with assigned replicas 0 (state.change.logger)
[2025-03-05 23:00:20,728] INFO [Controller id=0 epoch=1] Changed partition __consumer_offsets-40 state from NonExistentPartition to NewPartition with assigned replicas 0 (state.change.logger)
[2025-03-05 23:00:20,728] INFO [Controller id=0 epoch=1] Sending UpdateMetadata request to brokers HashSet() for 0 partitions (state.change.logger)
[2025-03-05 23:00:20,728] INFO [Controller id=0 epoch=1] Sending UpdateMetadata request to brokers HashSet() for 0 partitions (state.change.logger)
[2025-03-05 23:00:20,819] INFO [Controller id=0 epoch=1] Changed partition __consumer_offsets-22 from NewPartition to OnlinePartition with state LeaderAndIsr(leader=0, leaderEpoch=0, isrWithBrokerEpoch=List(BrokerState(brokerId=0, brokerEpoch=-1)), leaderRecoveryState=RECOVERED, partitionEpoch=0) (state.change.logger)
[2025-03-05 23:00:20,819] INFO [Controller id=0 epoch=1] Changed partition __consumer_offsets-30 from NewPartition to OnlinePartition with state LeaderAndIsr(leader=0, leaderEpoch=0, isrWithBrokerEpoch=List(BrokerState(brokerId=0, brokerEpoch=-1)), leaderRecoveryState=RECOVERED, partitionEpoch=0) (state.change.logger)
[2025-03-05 23:00:20,819] INFO [Controller id=0 epoch=1] Changed partition __consumer_offsets-25 from NewPartition to OnlinePartition with state LeaderAndIsr(leader=0, leaderEpoch=0, isrWithBrokerEpoch=List(BrokerState(brokerId=0, brokerEpoch=-1)), leaderRecoveryState=RECOVERED, partitionEpoch=0) (state.change.logger)
[2025-03-05 23:00:20,819] INFO [Controller id=0 epoch=1] Changed partition __consumer_offsets-35 from NewPartition to OnlinePartition with state LeaderAndIsr(leader=0, leaderEpoch=0, isrWithBrokerEpoch=List(BrokerState(brokerId=0, brokerEpoch=-1)), leaderRecoveryState=RECOVERED, partitionEpoch=0) (state.change.logger)
[2025-03-05 23:00:20,819] INFO [Controller id=0 epoch=1] Changed partition __consumer_offsets-37 from NewPartition to OnlinePartition with state LeaderAndIsr(leader=0, leaderEpoch=0, isrWithBrokerEpoch=List(BrokerState(brokerId=0, brokerEpoch=-1)), leaderRecoveryState=RECOVERED, partitionEpoch=0) (state.change.logger)
[2025-03-05 23:00:20,819] INFO [Controller id=0 epoch=1] Changed partition __consumer_offsets-38 from NewPartition to OnlinePartition with state LeaderAndIsr(leader=0, leaderEpoch=0, isrWithBrokerEpoch=List(BrokerState(brokerId=0, brokerEpoch=-1)), leaderRecoveryState=RECOVERED, partitionEpoch=0) (state.change.logger)
[2025-03-05 23:00:20,819] INFO [Controller id=0 epoch=1] Changed partition __consumer_offsets-13 from NewPartition to OnlinePartition with state LeaderAndIsr(leader=0, leaderEpoch=0, isrWithBrokerEpoch=List(BrokerState(brokerId=0, brokerEpoch=-1)), leaderRecoveryState=RECOVERED, partitionEpoch=0) (state.change.logger)
[2025-03-05 23:00:20,819] INFO [Controller id=0 epoch=1] Changed partition __consumer_offsets-8 from NewPartition to OnlinePartition with state LeaderAndIsr(leader=0, leaderEpoch=0, isrWithBrokerEpoch=List(BrokerState(brokerId=0, brokerEpoch=-1)), leaderRecoveryState=RECOVERED, partitionEpoch=0) (state.change.logger)
[2025-03-05 23:00:20,819] INFO [Controller id=0 epoch=1] Changed partition __consumer_offsets-21 from NewPartition to OnlinePartition with state LeaderAndIsr(leader=0, leaderEpoch=0, isrWithBrokerEpoch=List(BrokerState(brokerId=0, brokerEpoch=-1)), leaderRecoveryState=RECOVERED, partitionEpoch=0) (state.change.logger)
[2025-03-05 23:00:20,819] INFO [Controller id=0 epoch=1] Changed partition __consumer_offsets-4 from NewPartition to OnlinePartition with state LeaderAndIsr(leader=0, leaderEpoch=0, isrWithBrokerEpoch=List(BrokerState(brokerId=0, brokerEpoch=-1)), leaderRecoveryState=RECOVERED, partitionEpoch=0) (state.change.logger)
[2025-03-05 23:00:20,819] INFO [Controller id=0 epoch=1] Changed partition __consumer_offsets-27 from NewPartition to OnlinePartition with state LeaderAndIsr(leader=0, leaderEpoch=0, isrWithBrokerEpoch=List(BrokerState(brokerId=0, brokerEpoch=-1)), leaderRecoveryState=RECOVERED, partitionEpoch=0) (state.change.logger)
[2025-03-05 23:00:20,819] INFO [Controller id=0 epoch=1] Changed partition __consumer_offsets-7 from NewPartition to OnlinePartition with state LeaderAndIsr(leader=0, leaderEpoch=0, isrWithBrokerEpoch=List(BrokerState(brokerId=0, brokerEpoch=-1)), leaderRecoveryState=RECOVERED, partitionEpoch=0) (state.change.logger)
[2025-03-05 23:00:20,819] INFO [Controller id=0 epoch=1] Changed partition __consumer_offsets-9 from NewPartition to OnlinePartition with state LeaderAndIsr(leader=0, leaderEpoch=0, isrWithBrokerEpoch=List(BrokerState(brokerId=0, brokerEpoch=-1)), leaderRecoveryState=RECOVERED, partitionEpoch=0) (state.change.logger)
[2025-03-05 23:00:20,819] INFO [Controller id=0 epoch=1] Changed partition __consumer_offsets-46 from NewPartition to OnlinePartition with state LeaderAndIsr(leader=0, leaderEpoch=0, isrWithBrokerEpoch=List(BrokerState(brokerId=0, brokerEpoch=-1)), leaderRecoveryState=RECOVERED, partitionEpoch=0) (state.change.logger)
[2025-03-05 23:00:20,819] INFO [Controller id=0 epoch=1] Changed partition __consumer_offsets-41 from NewPartition to OnlinePartition with state LeaderAndIsr(leader=0, leaderEpoch=0, isrWithBrokerEpoch=List(BrokerState(brokerId=0, brokerEpoch=-1)), leaderRecoveryState=RECOVERED, partitionEpoch=0) (state.change.logger)
[2025-03-05 23:00:20,819] INFO [Controller id=0 epoch=1] Changed partition __consumer_offsets-33 from NewPartition to OnlinePartition with state LeaderAndIsr(leader=0, leaderEpoch=0, isrWithBrokerEpoch=List(BrokerState(brokerId=0, brokerEpoch=-1)), leaderRecoveryState=RECOVERED, partitionEpoch=0) (state.change.logger)
[2025-03-05 23:00:20,819] INFO [Controller id=0 epoch=1] Changed partition __consumer_offsets-23 from NewPartition to OnlinePartition with state LeaderAndIsr(leader=0, leaderEpoch=0, isrWithBrokerEpoch=List(BrokerState(brokerId=0, brokerEpoch=-1)), leaderRecoveryState=RECOVERED, partitionEpoch=0) (state.change.logger)
[2025-03-05 23:00:20,819] INFO [Controller id=0 epoch=1] Changed partition __consumer_offsets-49 from NewPartition to OnlinePartition with state LeaderAndIsr(leader=0, leaderEpoch=0, isrWithBrokerEpoch=List(BrokerState(brokerId=0, brokerEpoch=-1)), leaderRecoveryState=RECOVERED, partitionEpoch=0) (state.change.logger)
[2025-03-05 23:00:20,819] INFO [Controller id=0 epoch=1] Changed partition __consumer_offsets-47 from NewPartition to OnlinePartition with state LeaderAndIsr(leader=0, leaderEpoch=0, isrWithBrokerEpoch=List(BrokerState(brokerId=0, brokerEpoch=-1)), leaderRecoveryState=RECOVERED, partitionEpoch=0) (state.change.logger)
[2025-03-05 23:00:20,819] INFO [Controller id=0 epoch=1] Changed partition __consumer_offsets-16 from NewPartition to OnlinePartition with state LeaderAndIsr(leader=0, leaderEpoch=0, isrWithBrokerEpoch=List(BrokerState(brokerId=0, brokerEpoch=-1)), leaderRecoveryState=RECOVERED, partitionEpoch=0) (state.change.logger)
[2025-03-05 23:00:20,819] INFO [Controller id=0 epoch=1] Changed partition __consumer_offsets-28 from NewPartition to OnlinePartition with state LeaderAndIsr(leader=0, leaderEpoch=0, isrWithBrokerEpoch=List(BrokerState(brokerId=0, brokerEpoch=-1)), leaderRecoveryState=RECOVERED, partitionEpoch=0) (state.change.logger)
[2025-03-05 23:00:20,819] INFO [Controller id=0 epoch=1] Changed partition __consumer_offsets-31 from NewPartition to OnlinePartition with state LeaderAndIsr(leader=0, leaderEpoch=0, isrWithBrokerEpoch=List(BrokerState(brokerId=0, brokerEpoch=-1)), leaderRecoveryState=RECOVERED, partitionEpoch=0) (state.change.logger)
[2025-03-05 23:00:20,819] INFO [Controller id=0 epoch=1] Changed partition __consumer_offsets-36 from NewPartition to OnlinePartition with state LeaderAndIsr(leader=0, leaderEpoch=0, isrWithBrokerEpoch=List(BrokerState(brokerId=0, brokerEpoch=-1)), leaderRecoveryState=RECOVERED, partitionEpoch=0) (state.change.logger)
[2025-03-05 23:00:20,819] INFO [Controller id=0 epoch=1] Changed partition __consumer_offsets-42 from NewPartition to OnlinePartition with state LeaderAndIsr(leader=0, leaderEpoch=0, isrWithBrokerEpoch=List(BrokerState(brokerId=0, brokerEpoch=-1)), leaderRecoveryState=RECOVERED, partitionEpoch=0) (state.change.logger)
[2025-03-05 23:00:20,819] INFO [Controller id=0 epoch=1] Changed partition __consumer_offsets-3 from NewPartition to OnlinePartition with state LeaderAndIsr(leader=0, leaderEpoch=0, isrWithBrokerEpoch=List(BrokerState(brokerId=0, brokerEpoch=-1)), leaderRecoveryState=RECOVERED, partitionEpoch=0) (state.change.logger)
[2025-03-05 23:00:20,819] INFO [Controller id=0 epoch=1] Changed partition __consumer_offsets-18 from NewPartition to OnlinePartition with state LeaderAndIsr(leader=0, leaderEpoch=0, isrWithBrokerEpoch=List(BrokerState(brokerId=0, brokerEpoch=-1)), leaderRecoveryState=RECOVERED, partitionEpoch=0) (state.change.logger)
[2025-03-05 23:00:20,819] INFO [Controller id=0 epoch=1] Changed partition __consumer_offsets-15 from NewPartition to OnlinePartition with state LeaderAndIsr(leader=0, leaderEpoch=0, isrWithBrokerEpoch=List(BrokerState(brokerId=0, brokerEpoch=-1)), leaderRecoveryState=RECOVERED, partitionEpoch=0) (state.change.logger)
[2025-03-05 23:00:20,819] INFO [Controller id=0 epoch=1] Changed partition __consumer_offsets-24 from NewPartition to OnlinePartition with state LeaderAndIsr(leader=0, leaderEpoch=0, isrWithBrokerEpoch=List(BrokerState(brokerId=0, brokerEpoch=-1)), leaderRecoveryState=RECOVERED, partitionEpoch=0) (state.change.logger)
[2025-03-05 23:00:20,819] INFO [Controller id=0 epoch=1] Changed partition __consumer_offsets-17 from NewPartition to OnlinePartition with state LeaderAndIsr(leader=0, leaderEpoch=0, isrWithBrokerEpoch=List(BrokerState(brokerId=0, brokerEpoch=-1)), leaderRecoveryState=RECOVERED, partitionEpoch=0) (state.change.logger)
[2025-03-05 23:00:20,819] INFO [Controller id=0 epoch=1] Changed partition __consumer_offsets-48 from NewPartition to OnlinePartition with state LeaderAndIsr(leader=0, leaderEpoch=0, isrWithBrokerEpoch=List(BrokerState(brokerId=0, brokerEpoch=-1)), leaderRecoveryState=RECOVERED, partitionEpoch=0) (state.change.logger)
[2025-03-05 23:00:20,819] INFO [Controller id=0 epoch=1] Changed partition __consumer_offsets-19 from NewPartition to OnlinePartition with state LeaderAndIsr(leader=0, leaderEpoch=0, isrWithBrokerEpoch=List(BrokerState(brokerId=0, brokerEpoch=-1)), leaderRecoveryState=RECOVERED, partitionEpoch=0) (state.change.logger)
[2025-03-05 23:00:20,819] INFO [Controller id=0 epoch=1] Changed partition __consumer_offsets-11 from NewPartition to OnlinePartition with state LeaderAndIsr(leader=0, leaderEpoch=0, isrWithBrokerEpoch=List(BrokerState(brokerId=0, brokerEpoch=-1)), leaderRecoveryState=RECOVERED, partitionEpoch=0) (state.change.logger)
[2025-03-05 23:00:20,819] INFO [Controller id=0 epoch=1] Changed partition __consumer_offsets-2 from NewPartition to OnlinePartition with state LeaderAndIsr(leader=0, leaderEpoch=0, isrWithBrokerEpoch=List(BrokerState(brokerId=0, brokerEpoch=-1)), leaderRecoveryState=RECOVERED, partitionEpoch=0) (state.change.logger)
[2025-03-05 23:00:20,819] INFO [Controller id=0 epoch=1] Changed partition __consumer_offsets-43 from NewPartition to OnlinePartition with state LeaderAndIsr(leader=0, leaderEpoch=0, isrWithBrokerEpoch=List(BrokerState(brokerId=0, brokerEpoch=-1)), leaderRecoveryState=RECOVERED, partitionEpoch=0) (state.change.logger)
[2025-03-05 23:00:20,819] INFO [Controller id=0 epoch=1] Changed partition __consumer_offsets-6 from NewPartition to OnlinePartition with state LeaderAndIsr(leader=0, leaderEpoch=0, isrWithBrokerEpoch=List(BrokerState(brokerId=0, brokerEpoch=-1)), leaderRecoveryState=RECOVERED, partitionEpoch=0) (state.change.logger)
[2025-03-05 23:00:20,819] INFO [Controller id=0 epoch=1] Changed partition __consumer_offsets-14 from NewPartition to OnlinePartition with state LeaderAndIsr(leader=0, leaderEpoch=0, isrWithBrokerEpoch=List(BrokerState(brokerId=0, brokerEpoch=-1)), leaderRecoveryState=RECOVERED, partitionEpoch=0) (state.change.logger)
[2025-03-05 23:00:20,819] INFO [Controller id=0 epoch=1] Changed partition __consumer_offsets-20 from NewPartition to OnlinePartition with state LeaderAndIsr(leader=0, leaderEpoch=0, isrWithBrokerEpoch=List(BrokerState(brokerId=0, brokerEpoch=-1)), leaderRecoveryState=RECOVERED, partitionEpoch=0) (state.change.logger)
[2025-03-05 23:00:20,819] INFO [Controller id=0 epoch=1] Changed partition __consumer_offsets-0 from NewPartition to OnlinePartition with state LeaderAndIsr(leader=0, leaderEpoch=0, isrWithBrokerEpoch=List(BrokerState(brokerId=0, brokerEpoch=-1)), leaderRecoveryState=RECOVERED, partitionEpoch=0) (state.change.logger)
[2025-03-05 23:00:20,819] INFO [Controller id=0 epoch=1] Changed partition __consumer_offsets-44 from NewPartition to OnlinePartition with state LeaderAndIsr(leader=0, leaderEpoch=0, isrWithBrokerEpoch=List(BrokerState(brokerId=0, brokerEpoch=-1)), leaderRecoveryState=RECOVERED, partitionEpoch=0) (state.change.logger)
[2025-03-05 23:00:20,819] INFO [Controller id=0 epoch=1] Changed partition __consumer_offsets-39 from NewPartition to OnlinePartition with state LeaderAndIsr(leader=0, leaderEpoch=0, isrWithBrokerEpoch=List(BrokerState(brokerId=0, brokerEpoch=-1)), leaderRecoveryState=RECOVERED, partitionEpoch=0) (state.change.logger)
[2025-03-05 23:00:20,819] INFO [Controller id=0 epoch=1] Changed partition __consumer_offsets-12 from NewPartition to OnlinePartition with state LeaderAndIsr(leader=0, leaderEpoch=0, isrWithBrokerEpoch=List(BrokerState(brokerId=0, brokerEpoch=-1)), leaderRecoveryState=RECOVERED, partitionEpoch=0) (state.change.logger)
[2025-03-05 23:00:20,819] INFO [Controller id=0 epoch=1] Changed partition __consumer_offsets-45 from NewPartition to OnlinePartition with state LeaderAndIsr(leader=0, leaderEpoch=0, isrWithBrokerEpoch=List(BrokerState(brokerId=0, brokerEpoch=-1)), leaderRecoveryState=RECOVERED, partitionEpoch=0) (state.change.logger)
[2025-03-05 23:00:20,819] INFO [Controller id=0 epoch=1] Changed partition __consumer_offsets-1 from NewPartition to OnlinePartition with state LeaderAndIsr(leader=0, leaderEpoch=0, isrWithBrokerEpoch=List(BrokerState(brokerId=0, brokerEpoch=-1)), leaderRecoveryState=RECOVERED, partitionEpoch=0) (state.change.logger)
[2025-03-05 23:00:20,819] INFO [Controller id=0 epoch=1] Changed partition __consumer_offsets-5 from NewPartition to OnlinePartition with state LeaderAndIsr(leader=0, leaderEpoch=0, isrWithBrokerEpoch=List(BrokerState(brokerId=0, brokerEpoch=-1)), leaderRecoveryState=RECOVERED, partitionEpoch=0) (state.change.logger)
[2025-03-05 23:00:20,819] INFO [Controller id=0 epoch=1] Changed partition __consumer_offsets-26 from NewPartition to OnlinePartition with state LeaderAndIsr(leader=0, leaderEpoch=0, isrWithBrokerEpoch=List(BrokerState(brokerId=0, brokerEpoch=-1)), leaderRecoveryState=RECOVERED, partitionEpoch=0) (state.change.logger)
[2025-03-05 23:00:20,819] INFO [Controller id=0 epoch=1] Changed partition __consumer_offsets-29 from NewPartition to OnlinePartition with state LeaderAndIsr(leader=0, leaderEpoch=0, isrWithBrokerEpoch=List(BrokerState(brokerId=0, brokerEpoch=-1)), leaderRecoveryState=RECOVERED, partitionEpoch=0) (state.change.logger)
[2025-03-05 23:00:20,819] INFO [Controller id=0 epoch=1] Changed partition __consumer_offsets-34 from NewPartition to OnlinePartition with state LeaderAndIsr(leader=0, leaderEpoch=0, isrWithBrokerEpoch=List(BrokerState(brokerId=0, brokerEpoch=-1)), leaderRecoveryState=RECOVERED, partitionEpoch=0) (state.change.logger)
[2025-03-05 23:00:20,819] INFO [Controller id=0 epoch=1] Changed partition __consumer_offsets-10 from NewPartition to OnlinePartition with state LeaderAndIsr(leader=0, leaderEpoch=0, isrWithBrokerEpoch=List(BrokerState(brokerId=0, brokerEpoch=-1)), leaderRecoveryState=RECOVERED, partitionEpoch=0) (state.change.logger)
[2025-03-05 23:00:20,819] INFO [Controller id=0 epoch=1] Changed partition __consumer_offsets-32 from NewPartition to OnlinePartition with state LeaderAndIsr(leader=0, leaderEpoch=0, isrWithBrokerEpoch=List(BrokerState(brokerId=0, brokerEpoch=-1)), leaderRecoveryState=RECOVERED, partitionEpoch=0) (state.change.logger)
[2025-03-05 23:00:20,819] INFO [Controller id=0 epoch=1] Changed partition __consumer_offsets-40 from NewPartition to OnlinePartition with state LeaderAndIsr(leader=0, leaderEpoch=0, isrWithBrokerEpoch=List(BrokerState(brokerId=0, brokerEpoch=-1)), leaderRecoveryState=RECOVERED, partitionEpoch=0) (state.change.logger)
[2025-03-05 23:00:20,819] INFO [Controller id=0 epoch=1] Sending LeaderAndIsr request to broker 0 with 50 become-leader and 0 become-follower partitions (state.change.logger)
[2025-03-05 23:00:20,819] INFO [Controller id=0 epoch=1] Sending UpdateMetadata request to brokers HashSet(0) for 50 partitions (state.change.logger)
[2025-03-05 23:00:20,819] INFO [Controller id=0 epoch=1] Sending UpdateMetadata request to brokers HashSet() for 0 partitions (state.change.logger)
[2025-03-05 23:00:20,819] INFO [Broker id=0] Handling LeaderAndIsr request correlationId 3 from controller 0 for 50 partitions (state.change.logger)
[2025-03-05 23:00:20,834] INFO [Broker id=0] Stopped fetchers as part of LeaderAndIsr request correlationId 3 from controller 0 epoch 1 as part of the become-leader transition for 50 partitions (state.change.logger)
[2025-03-05 23:00:20,866] INFO [Broker id=0] Leader __consumer_offsets-3 with topic id Some(dLBdp9vGQVKur_4kxiIWAA) starts at leader epoch 0 from offset 0 with partition epoch 0, high watermark 0, ISR [0], adding replicas [] and removing replicas [] . Previous leader None and previous leader epoch was -1. (state.change.logger)
[2025-03-05 23:00:20,881] INFO [Broker id=0] Leader __consumer_offsets-18 with topic id Some(dLBdp9vGQVKur_4kxiIWAA) starts at leader epoch 0 from offset 0 with partition epoch 0, high watermark 0, ISR [0], adding replicas [] and removing replicas [] . Previous leader None and previous leader epoch was -1. (state.change.logger)
[2025-03-05 23:00:20,897] INFO [Broker id=0] Leader __consumer_offsets-41 with topic id Some(dLBdp9vGQVKur_4kxiIWAA) starts at leader epoch 0 from offset 0 with partition epoch 0, high watermark 0, ISR [0], adding replicas [] and removing replicas [] . Previous leader None and previous leader epoch was -1. (state.change.logger)
[2025-03-05 23:00:20,913] INFO [Broker id=0] Leader __consumer_offsets-10 with topic id Some(dLBdp9vGQVKur_4kxiIWAA) starts at leader epoch 0 from offset 0 with partition epoch 0, high watermark 0, ISR [0], adding replicas [] and removing replicas [] . Previous leader None and previous leader epoch was -1. (state.change.logger)
[2025-03-05 23:00:20,928] INFO [Broker id=0] Leader __consumer_offsets-33 with topic id Some(dLBdp9vGQVKur_4kxiIWAA) starts at leader epoch 0 from offset 0 with partition epoch 0, high watermark 0, ISR [0], adding replicas [] and removing replicas [] . Previous leader None and previous leader epoch was -1. (state.change.logger)
[2025-03-05 23:00:20,944] INFO [Broker id=0] Leader __consumer_offsets-48 with topic id Some(dLBdp9vGQVKur_4kxiIWAA) starts at leader epoch 0 from offset 0 with partition epoch 0, high watermark 0, ISR [0], adding replicas [] and removing replicas [] . Previous leader None and previous leader epoch was -1. (state.change.logger)
[2025-03-05 23:00:20,962] INFO [Broker id=0] Leader __consumer_offsets-19 with topic id Some(dLBdp9vGQVKur_4kxiIWAA) starts at leader epoch 0 from offset 0 with partition epoch 0, high watermark 0, ISR [0], adding replicas [] and removing replicas [] . Previous leader None and previous leader epoch was -1. (state.change.logger)
[2025-03-05 23:00:20,984] INFO [Broker id=0] Leader __consumer_offsets-34 with topic id Some(dLBdp9vGQVKur_4kxiIWAA) starts at leader epoch 0 from offset 0 with partition epoch 0, high watermark 0, ISR [0], adding replicas [] and removing replicas [] . Previous leader None and previous leader epoch was -1. (state.change.logger)
[2025-03-05 23:00:20,999] INFO [Broker id=0] Leader __consumer_offsets-4 with topic id Some(dLBdp9vGQVKur_4kxiIWAA) starts at leader epoch 0 from offset 0 with partition epoch 0, high watermark 0, ISR [0], adding replicas [] and removing replicas [] . Previous leader None and previous leader epoch was -1. (state.change.logger)
[2025-03-05 23:00:21,018] INFO [Broker id=0] Leader __consumer_offsets-11 with topic id Some(dLBdp9vGQVKur_4kxiIWAA) starts at leader epoch 0 from offset 0 with partition epoch 0, high watermark 0, ISR [0], adding replicas [] and removing replicas [] . Previous leader None and previous leader epoch was -1. (state.change.logger)
[2025-03-05 23:00:21,037] INFO [Broker id=0] Leader __consumer_offsets-26 with topic id Some(dLBdp9vGQVKur_4kxiIWAA) starts at leader epoch 0 from offset 0 with partition epoch 0, high watermark 0, ISR [0], adding replicas [] and removing replicas [] . Previous leader None and previous leader epoch was -1. (state.change.logger)
[2025-03-05 23:00:21,055] INFO [Broker id=0] Leader __consumer_offsets-49 with topic id Some(dLBdp9vGQVKur_4kxiIWAA) starts at leader epoch 0 from offset 0 with partition epoch 0, high watermark 0, ISR [0], adding replicas [] and removing replicas [] . Previous leader None and previous leader epoch was -1. (state.change.logger)
[2025-03-05 23:00:21,070] INFO [Broker id=0] Leader __consumer_offsets-39 with topic id Some(dLBdp9vGQVKur_4kxiIWAA) starts at leader epoch 0 from offset 0 with partition epoch 0, high watermark 0, ISR [0], adding replicas [] and removing replicas [] . Previous leader None and previous leader epoch was -1. (state.change.logger)
[2025-03-05 23:00:21,086] INFO [Broker id=0] Leader __consumer_offsets-9 with topic id Some(dLBdp9vGQVKur_4kxiIWAA) starts at leader epoch 0 from offset 0 with partition epoch 0, high watermark 0, ISR [0], adding replicas [] and removing replicas [] . Previous leader None and previous leader epoch was -1. (state.change.logger)
[2025-03-05 23:00:21,102] INFO [Broker id=0] Leader __consumer_offsets-24 with topic id Some(dLBdp9vGQVKur_4kxiIWAA) starts at leader epoch 0 from offset 0 with partition epoch 0, high watermark 0, ISR [0], adding replicas [] and removing replicas [] . Previous leader None and previous leader epoch was -1. (state.change.logger)
[2025-03-05 23:00:21,117] INFO [Broker id=0] Leader __consumer_offsets-31 with topic id Some(dLBdp9vGQVKur_4kxiIWAA) starts at leader epoch 0 from offset 0 with partition epoch 0, high watermark 0, ISR [0], adding replicas [] and removing replicas [] . Previous leader None and previous leader epoch was -1. (state.change.logger)
[2025-03-05 23:00:21,133] INFO [Broker id=0] Leader __consumer_offsets-46 with topic id Some(dLBdp9vGQVKur_4kxiIWAA) starts at leader epoch 0 from offset 0 with partition epoch 0, high watermark 0, ISR [0], adding replicas [] and removing replicas [] . Previous leader None and previous leader epoch was -1. (state.change.logger)
[2025-03-05 23:00:21,149] INFO [Broker id=0] Leader __consumer_offsets-1 with topic id Some(dLBdp9vGQVKur_4kxiIWAA) starts at leader epoch 0 from offset 0 with partition epoch 0, high watermark 0, ISR [0], adding replicas [] and removing replicas [] . Previous leader None and previous leader epoch was -1. (state.change.logger)
[2025-03-05 23:00:21,164] INFO [Broker id=0] Leader __consumer_offsets-16 with topic id Some(dLBdp9vGQVKur_4kxiIWAA) starts at leader epoch 0 from offset 0 with partition epoch 0, high watermark 0, ISR [0], adding replicas [] and removing replicas [] . Previous leader None and previous leader epoch was -1. (state.change.logger)
[2025-03-05 23:00:21,180] INFO [Broker id=0] Leader __consumer_offsets-2 with topic id Some(dLBdp9vGQVKur_4kxiIWAA) starts at leader epoch 0 from offset 0 with partition epoch 0, high watermark 0, ISR [0], adding replicas [] and removing replicas [] . Previous leader None and previous leader epoch was -1. (state.change.logger)
[2025-03-05 23:00:21,196] INFO [Broker id=0] Leader __consumer_offsets-25 with topic id Some(dLBdp9vGQVKur_4kxiIWAA) starts at leader epoch 0 from offset 0 with partition epoch 0, high watermark 0, ISR [0], adding replicas [] and removing replicas [] . Previous leader None and previous leader epoch was -1. (state.change.logger)
[2025-03-05 23:00:21,211] INFO [Broker id=0] Leader __consumer_offsets-40 with topic id Some(dLBdp9vGQVKur_4kxiIWAA) starts at leader epoch 0 from offset 0 with partition epoch 0, high watermark 0, ISR [0], adding replicas [] and removing replicas [] . Previous leader None and previous leader epoch was -1. (state.change.logger)
[2025-03-05 23:00:21,227] INFO [Broker id=0] Leader __consumer_offsets-47 with topic id Some(dLBdp9vGQVKur_4kxiIWAA) starts at leader epoch 0 from offset 0 with partition epoch 0, high watermark 0, ISR [0], adding replicas [] and removing replicas [] . Previous leader None and previous leader epoch was -1. (state.change.logger)
[2025-03-05 23:00:21,258] INFO [Broker id=0] Leader __consumer_offsets-17 with topic id Some(dLBdp9vGQVKur_4kxiIWAA) starts at leader epoch 0 from offset 0 with partition epoch 0, high watermark 0, ISR [0], adding replicas [] and removing replicas [] . Previous leader None and previous leader epoch was -1. (state.change.logger)
[2025-03-05 23:00:21,289] INFO [Broker id=0] Leader __consumer_offsets-32 with topic id Some(dLBdp9vGQVKur_4kxiIWAA) starts at leader epoch 0 from offset 0 with partition epoch 0, high watermark 0, ISR [0], adding replicas [] and removing replicas [] . Previous leader None and previous leader epoch was -1. (state.change.logger)
[2025-03-05 23:00:21,321] INFO [Broker id=0] Leader __consumer_offsets-37 with topic id Some(dLBdp9vGQVKur_4kxiIWAA) starts at leader epoch 0 from offset 0 with partition epoch 0, high watermark 0, ISR [0], adding replicas [] and removing replicas [] . Previous leader None and previous leader epoch was -1. (state.change.logger)
[2025-03-05 23:00:21,352] INFO [Broker id=0] Leader __consumer_offsets-7 with topic id Some(dLBdp9vGQVKur_4kxiIWAA) starts at leader epoch 0 from offset 0 with partition epoch 0, high watermark 0, ISR [0], adding replicas [] and removing replicas [] . Previous leader None and previous leader epoch was -1. (state.change.logger)
[2025-03-05 23:00:21,367] INFO [Broker id=0] Leader __consumer_offsets-22 with topic id Some(dLBdp9vGQVKur_4kxiIWAA) starts at leader epoch 0 from offset 0 with partition epoch 0, high watermark 0, ISR [0], adding replicas [] and removing replicas [] . Previous leader None and previous leader epoch was -1. (state.change.logger)
[2025-03-05 23:00:21,399] INFO [Broker id=0] Leader __consumer_offsets-29 with topic id Some(dLBdp9vGQVKur_4kxiIWAA) starts at leader epoch 0 from offset 0 with partition epoch 0, high watermark 0, ISR [0], adding replicas [] and removing replicas [] . Previous leader None and previous leader epoch was -1. (state.change.logger)
[2025-03-05 23:00:21,430] INFO [Broker id=0] Leader __consumer_offsets-44 with topic id Some(dLBdp9vGQVKur_4kxiIWAA) starts at leader epoch 0 from offset 0 with partition epoch 0, high watermark 0, ISR [0], adding replicas [] and removing replicas [] . Previous leader None and previous leader epoch was -1. (state.change.logger)
[2025-03-05 23:00:21,461] INFO [Broker id=0] Leader __consumer_offsets-14 with topic id Some(dLBdp9vGQVKur_4kxiIWAA) starts at leader epoch 0 from offset 0 with partition epoch 0, high watermark 0, ISR [0], adding replicas [] and removing replicas [] . Previous leader None and previous leader epoch was -1. (state.change.logger)
[2025-03-05 23:00:21,501] INFO [Broker id=0] Leader __consumer_offsets-23 with topic id Some(dLBdp9vGQVKur_4kxiIWAA) starts at leader epoch 0 from offset 0 with partition epoch 0, high watermark 0, ISR [0], adding replicas [] and removing replicas [] . Previous leader None and previous leader epoch was -1. (state.change.logger)
[2025-03-05 23:00:21,532] INFO [Broker id=0] Leader __consumer_offsets-38 with topic id Some(dLBdp9vGQVKur_4kxiIWAA) starts at leader epoch 0 from offset 0 with partition epoch 0, high watermark 0, ISR [0], adding replicas [] and removing replicas [] . Previous leader None and previous leader epoch was -1. (state.change.logger)
[2025-03-05 23:00:21,562] INFO [Broker id=0] Leader __consumer_offsets-8 with topic id Some(dLBdp9vGQVKur_4kxiIWAA) starts at leader epoch 0 from offset 0 with partition epoch 0, high watermark 0, ISR [0], adding replicas [] and removing replicas [] . Previous leader None and previous leader epoch was -1. (state.change.logger)
[2025-03-05 23:00:21,587] INFO [Broker id=0] Leader __consumer_offsets-45 with topic id Some(dLBdp9vGQVKur_4kxiIWAA) starts at leader epoch 0 from offset 0 with partition epoch 0, high watermark 0, ISR [0], adding replicas [] and removing replicas [] . Previous leader None and previous leader epoch was -1. (state.change.logger)
[2025-03-05 23:00:21,618] INFO [Broker id=0] Leader __consumer_offsets-15 with topic id Some(dLBdp9vGQVKur_4kxiIWAA) starts at leader epoch 0 from offset 0 with partition epoch 0, high watermark 0, ISR [0], adding replicas [] and removing replicas [] . Previous leader None and previous leader epoch was -1. (state.change.logger)
[2025-03-05 23:00:21,649] INFO [Broker id=0] Leader __consumer_offsets-30 with topic id Some(dLBdp9vGQVKur_4kxiIWAA) starts at leader epoch 0 from offset 0 with partition epoch 0, high watermark 0, ISR [0], adding replicas [] and removing replicas [] . Previous leader None and previous leader epoch was -1. (state.change.logger)
[2025-03-05 23:00:21,681] INFO [Broker id=0] Leader __consumer_offsets-0 with topic id Some(dLBdp9vGQVKur_4kxiIWAA) starts at leader epoch 0 from offset 0 with partition epoch 0, high watermark 0, ISR [0], adding replicas [] and removing replicas [] . Previous leader None and previous leader epoch was -1. (state.change.logger)
[2025-03-05 23:00:21,712] INFO [Broker id=0] Leader __consumer_offsets-35 with topic id Some(dLBdp9vGQVKur_4kxiIWAA) starts at leader epoch 0 from offset 0 with partition epoch 0, high watermark 0, ISR [0], adding replicas [] and removing replicas [] . Previous leader None and previous leader epoch was -1. (state.change.logger)
[2025-03-05 23:00:21,743] INFO [Broker id=0] Leader __consumer_offsets-5 with topic id Some(dLBdp9vGQVKur_4kxiIWAA) starts at leader epoch 0 from offset 0 with partition epoch 0, high watermark 0, ISR [0], adding replicas [] and removing replicas [] . Previous leader None and previous leader epoch was -1. (state.change.logger)
[2025-03-05 23:00:21,774] INFO [Broker id=0] Leader __consumer_offsets-20 with topic id Some(dLBdp9vGQVKur_4kxiIWAA) starts at leader epoch 0 from offset 0 with partition epoch 0, high watermark 0, ISR [0], adding replicas [] and removing replicas [] . Previous leader None and previous leader epoch was -1. (state.change.logger)
[2025-03-05 23:00:21,806] INFO [Broker id=0] Leader __consumer_offsets-27 with topic id Some(dLBdp9vGQVKur_4kxiIWAA) starts at leader epoch 0 from offset 0 with partition epoch 0, high watermark 0, ISR [0], adding replicas [] and removing replicas [] . Previous leader None and previous leader epoch was -1. (state.change.logger)
[2025-03-05 23:00:21,837] INFO [Broker id=0] Leader __consumer_offsets-42 with topic id Some(dLBdp9vGQVKur_4kxiIWAA) starts at leader epoch 0 from offset 0 with partition epoch 0, high watermark 0, ISR [0], adding replicas [] and removing replicas [] . Previous leader None and previous leader epoch was -1. (state.change.logger)
[2025-03-05 23:00:21,868] INFO [Broker id=0] Leader __consumer_offsets-12 with topic id Some(dLBdp9vGQVKur_4kxiIWAA) starts at leader epoch 0 from offset 0 with partition epoch 0, high watermark 0, ISR [0], adding replicas [] and removing replicas [] . Previous leader None and previous leader epoch was -1. (state.change.logger)
[2025-03-05 23:00:21,884] INFO [Broker id=0] Leader __consumer_offsets-21 with topic id Some(dLBdp9vGQVKur_4kxiIWAA) starts at leader epoch 0 from offset 0 with partition epoch 0, high watermark 0, ISR [0], adding replicas [] and removing replicas [] . Previous leader None and previous leader epoch was -1. (state.change.logger)
[2025-03-05 23:00:21,899] INFO [Broker id=0] Leader __consumer_offsets-36 with topic id Some(dLBdp9vGQVKur_4kxiIWAA) starts at leader epoch 0 from offset 0 with partition epoch 0, high watermark 0, ISR [0], adding replicas [] and removing replicas [] . Previous leader None and previous leader epoch was -1. (state.change.logger)
[2025-03-05 23:00:21,915] INFO [Broker id=0] Leader __consumer_offsets-6 with topic id Some(dLBdp9vGQVKur_4kxiIWAA) starts at leader epoch 0 from offset 0 with partition epoch 0, high watermark 0, ISR [0], adding replicas [] and removing replicas [] . Previous leader None and previous leader epoch was -1. (state.change.logger)
[2025-03-05 23:00:21,931] INFO [Broker id=0] Leader __consumer_offsets-43 with topic id Some(dLBdp9vGQVKur_4kxiIWAA) starts at leader epoch 0 from offset 0 with partition epoch 0, high watermark 0, ISR [0], adding replicas [] and removing replicas [] . Previous leader None and previous leader epoch was -1. (state.change.logger)
[2025-03-05 23:00:21,946] INFO [Broker id=0] Leader __consumer_offsets-13 with topic id Some(dLBdp9vGQVKur_4kxiIWAA) starts at leader epoch 0 from offset 0 with partition epoch 0, high watermark 0, ISR [0], adding replicas [] and removing replicas [] . Previous leader None and previous leader epoch was -1. (state.change.logger)
[2025-03-05 23:00:21,962] INFO [Broker id=0] Leader __consumer_offsets-28 with topic id Some(dLBdp9vGQVKur_4kxiIWAA) starts at leader epoch 0 from offset 0 with partition epoch 0, high watermark 0, ISR [0], adding replicas [] and removing replicas [] . Previous leader None and previous leader epoch was -1. (state.change.logger)
[2025-03-05 23:00:21,993] INFO [Broker id=0] Finished LeaderAndIsr request in 1174ms correlationId 3 from controller 0 for 50 partitions (state.change.logger)
[2025-03-05 23:00:22,009] INFO [Broker id=0] Add 50 partitions and deleted 0 partitions from metadata cache in response to UpdateMetadata request sent by controller 0 epoch 1 with correlation id 4 (state.change.logger)
[2025-03-05 23:00:35,921] INFO [Controller id=0 epoch=1] Changed partition file-upload-0 state from NonExistentPartition to NewPartition with assigned replicas 0 (state.change.logger)
[2025-03-05 23:00:35,921] INFO [Controller id=0 epoch=1] Sending UpdateMetadata request to brokers HashSet() for 0 partitions (state.change.logger)
[2025-03-05 23:00:35,921] INFO [Controller id=0 epoch=1] Sending UpdateMetadata request to brokers HashSet() for 0 partitions (state.change.logger)
[2025-03-05 23:00:35,946] INFO [Controller id=0 epoch=1] Changed partition file-upload-0 from NewPartition to OnlinePartition with state LeaderAndIsr(leader=0, leaderEpoch=0, isrWithBrokerEpoch=List(BrokerState(brokerId=0, brokerEpoch=-1)), leaderRecoveryState=RECOVERED, partitionEpoch=0) (state.change.logger)
[2025-03-05 23:00:35,946] INFO [Controller id=0 epoch=1] Sending LeaderAndIsr request to broker 0 with 1 become-leader and 0 become-follower partitions (state.change.logger)
[2025-03-05 23:00:35,947] INFO [Controller id=0 epoch=1] Sending UpdateMetadata request to brokers HashSet(0) for 1 partitions (state.change.logger)
[2025-03-05 23:00:35,947] INFO [Controller id=0 epoch=1] Sending UpdateMetadata request to brokers HashSet() for 0 partitions (state.change.logger)
[2025-03-05 23:00:35,947] INFO [Broker id=0] Handling LeaderAndIsr request correlationId 5 from controller 0 for 1 partitions (state.change.logger)
[2025-03-05 23:00:35,947] INFO [Broker id=0] Stopped fetchers as part of LeaderAndIsr request correlationId 5 from controller 0 epoch 1 as part of the become-leader transition for 1 partitions (state.change.logger)
[2025-03-05 23:00:35,990] INFO [Broker id=0] Leader file-upload-0 with topic id Some(Ll2iGcVERz20GvH9YNtEcw) starts at leader epoch 0 from offset 0 with partition epoch 0, high watermark 0, ISR [0], adding replicas [] and removing replicas [] . Previous leader None and previous leader epoch was -1. (state.change.logger)
[2025-03-05 23:00:35,998] INFO [Broker id=0] Finished LeaderAndIsr request in 51ms correlationId 5 from controller 0 for 1 partitions (state.change.logger)
[2025-03-05 23:00:35,998] INFO [Broker id=0] Add 1 partitions and deleted 0 partitions from metadata cache in response to UpdateMetadata request sent by controller 0 epoch 1 with correlation id 6 (state.change.logger)
[2025-03-05 23:10:04,768] INFO [Controller id=0 epoch=1] Sending UpdateMetadata request to brokers HashSet(0) for 0 partitions (state.change.logger)
[2025-03-05 23:13:14,928] INFO [Controller id=0 epoch=1] Sending UpdateMetadata request to brokers HashSet(0) for 0 partitions (state.change.logger)
[2025-03-05 23:13:23,915] INFO [Controller id=0 epoch=1] Changed partition user-avatar-updated-0 state from NonExistentPartition to NewPartition with assigned replicas 0 (state.change.logger)
[2025-03-05 23:13:23,921] INFO [Controller id=0 epoch=1] Sending UpdateMetadata request to brokers HashSet() for 0 partitions (state.change.logger)
[2025-03-05 23:13:23,927] INFO [Controller id=0 epoch=1] Sending UpdateMetadata request to brokers HashSet() for 0 partitions (state.change.logger)
[2025-03-05 23:13:24,002] INFO [Controller id=0 epoch=1] Changed partition user-avatar-updated-0 from NewPartition to OnlinePartition with state LeaderAndIsr(leader=0, leaderEpoch=0, isrWithBrokerEpoch=List(BrokerState(brokerId=0, brokerEpoch=-1)), leaderRecoveryState=RECOVERED, partitionEpoch=0) (state.change.logger)
[2025-03-05 23:13:24,012] INFO [Controller id=0 epoch=1] Sending LeaderAndIsr request to broker 0 with 1 become-leader and 0 become-follower partitions (state.change.logger)
[2025-03-05 23:13:24,019] INFO [Controller id=0 epoch=1] Sending UpdateMetadata request to brokers HashSet(0) for 1 partitions (state.change.logger)
[2025-03-05 23:13:24,019] INFO [Controller id=0 epoch=1] Sending UpdateMetadata request to brokers HashSet() for 0 partitions (state.change.logger)
[2025-03-05 23:13:24,027] INFO [Broker id=0] Handling LeaderAndIsr request correlationId 1 from controller 0 for 1 partitions (state.change.logger)
[2025-03-05 23:13:24,074] INFO [Broker id=0] Stopped fetchers as part of LeaderAndIsr request correlationId 1 from controller 0 epoch 1 as part of the become-leader transition for 1 partitions (state.change.logger)
[2025-03-05 23:13:24,317] INFO [Broker id=0] Leader user-avatar-updated-0 with topic id Some(nLkwmfBmRj-stt_3pcinFQ) starts at leader epoch 0 from offset 0 with partition epoch 0, high watermark 0, ISR [0], adding replicas [] and removing replicas [] . Previous leader None and previous leader epoch was -1. (state.change.logger)
[2025-03-05 23:13:24,386] INFO [Broker id=0] Finished LeaderAndIsr request in 367ms correlationId 1 from controller 0 for 1 partitions (state.change.logger)
[2025-03-05 23:13:24,394] INFO [Broker id=0] Add 1 partitions and deleted 0 partitions from metadata cache in response to UpdateMetadata request sent by controller 0 epoch 1 with correlation id 2 (state.change.logger)
[2025-03-05 23:13:24,943] INFO [Controller id=0 epoch=1] Changed partition __consumer_offsets-22 state from NonExistentPartition to NewPartition with assigned replicas 0 (state.change.logger)
[2025-03-05 23:13:24,943] INFO [Controller id=0 epoch=1] Changed partition __consumer_offsets-30 state from NonExistentPartition to NewPartition with assigned replicas 0 (state.change.logger)
[2025-03-05 23:13:24,943] INFO [Controller id=0 epoch=1] Changed partition __consumer_offsets-25 state from NonExistentPartition to NewPartition with assigned replicas 0 (state.change.logger)
[2025-03-05 23:13:24,943] INFO [Controller id=0 epoch=1] Changed partition __consumer_offsets-35 state from NonExistentPartition to NewPartition with assigned replicas 0 (state.change.logger)
[2025-03-05 23:13:24,943] INFO [Controller id=0 epoch=1] Changed partition __consumer_offsets-37 state from NonExistentPartition to NewPartition with assigned replicas 0 (state.change.logger)
[2025-03-05 23:13:24,943] INFO [Controller id=0 epoch=1] Changed partition __consumer_offsets-38 state from NonExistentPartition to NewPartition with assigned replicas 0 (state.change.logger)
[2025-03-05 23:13:24,943] INFO [Controller id=0 epoch=1] Changed partition __consumer_offsets-13 state from NonExistentPartition to NewPartition with assigned replicas 0 (state.change.logger)
[2025-03-05 23:13:24,943] INFO [Controller id=0 epoch=1] Changed partition __consumer_offsets-8 state from NonExistentPartition to NewPartition with assigned replicas 0 (state.change.logger)
[2025-03-05 23:13:24,943] INFO [Controller id=0 epoch=1] Changed partition __consumer_offsets-21 state from NonExistentPartition to NewPartition with assigned replicas 0 (state.change.logger)
[2025-03-05 23:13:24,943] INFO [Controller id=0 epoch=1] Changed partition __consumer_offsets-4 state from NonExistentPartition to NewPartition with assigned replicas 0 (state.change.logger)
[2025-03-05 23:13:24,943] INFO [Controller id=0 epoch=1] Changed partition __consumer_offsets-27 state from NonExistentPartition to NewPartition with assigned replicas 0 (state.change.logger)
[2025-03-05 23:13:24,943] INFO [Controller id=0 epoch=1] Changed partition __consumer_offsets-7 state from NonExistentPartition to NewPartition with assigned replicas 0 (state.change.logger)
[2025-03-05 23:13:24,943] INFO [Controller id=0 epoch=1] Changed partition __consumer_offsets-9 state from NonExistentPartition to NewPartition with assigned replicas 0 (state.change.logger)
[2025-03-05 23:13:24,943] INFO [Controller id=0 epoch=1] Changed partition __consumer_offsets-46 state from NonExistentPartition to NewPartition with assigned replicas 0 (state.change.logger)
[2025-03-05 23:13:24,943] INFO [Controller id=0 epoch=1] Changed partition __consumer_offsets-41 state from NonExistentPartition to NewPartition with assigned replicas 0 (state.change.logger)
[2025-03-05 23:13:24,943] INFO [Controller id=0 epoch=1] Changed partition __consumer_offsets-33 state from NonExistentPartition to NewPartition with assigned replicas 0 (state.change.logger)
[2025-03-05 23:13:24,943] INFO [Controller id=0 epoch=1] Changed partition __consumer_offsets-23 state from NonExistentPartition to NewPartition with assigned replicas 0 (state.change.logger)
[2025-03-05 23:13:24,943] INFO [Controller id=0 epoch=1] Changed partition __consumer_offsets-49 state from NonExistentPartition to NewPartition with assigned replicas 0 (state.change.logger)
[2025-03-05 23:13:24,943] INFO [Controller id=0 epoch=1] Changed partition __consumer_offsets-47 state from NonExistentPartition to NewPartition with assigned replicas 0 (state.change.logger)
[2025-03-05 23:13:24,943] INFO [Controller id=0 epoch=1] Changed partition __consumer_offsets-16 state from NonExistentPartition to NewPartition with assigned replicas 0 (state.change.logger)
[2025-03-05 23:13:24,950] INFO [Controller id=0 epoch=1] Changed partition __consumer_offsets-28 state from NonExistentPartition to NewPartition with assigned replicas 0 (state.change.logger)
[2025-03-05 23:13:24,950] INFO [Controller id=0 epoch=1] Changed partition __consumer_offsets-31 state from NonExistentPartition to NewPartition with assigned replicas 0 (state.change.logger)
[2025-03-05 23:13:24,950] INFO [Controller id=0 epoch=1] Changed partition __consumer_offsets-36 state from NonExistentPartition to NewPartition with assigned replicas 0 (state.change.logger)
[2025-03-05 23:13:24,950] INFO [Controller id=0 epoch=1] Changed partition __consumer_offsets-42 state from NonExistentPartition to NewPartition with assigned replicas 0 (state.change.logger)
[2025-03-05 23:13:24,950] INFO [Controller id=0 epoch=1] Changed partition __consumer_offsets-3 state from NonExistentPartition to NewPartition with assigned replicas 0 (state.change.logger)
[2025-03-05 23:13:24,950] INFO [Controller id=0 epoch=1] Changed partition __consumer_offsets-18 state from NonExistentPartition to NewPartition with assigned replicas 0 (state.change.logger)
[2025-03-05 23:13:24,950] INFO [Controller id=0 epoch=1] Changed partition __consumer_offsets-15 state from NonExistentPartition to NewPartition with assigned replicas 0 (state.change.logger)
[2025-03-05 23:13:24,950] INFO [Controller id=0 epoch=1] Changed partition __consumer_offsets-24 state from NonExistentPartition to NewPartition with assigned replicas 0 (state.change.logger)
[2025-03-05 23:13:24,950] INFO [Controller id=0 epoch=1] Changed partition __consumer_offsets-17 state from NonExistentPartition to NewPartition with assigned replicas 0 (state.change.logger)
[2025-03-05 23:13:24,950] INFO [Controller id=0 epoch=1] Changed partition __consumer_offsets-48 state from NonExistentPartition to NewPartition with assigned replicas 0 (state.change.logger)
[2025-03-05 23:13:24,950] INFO [Controller id=0 epoch=1] Changed partition __consumer_offsets-19 state from NonExistentPartition to NewPartition with assigned replicas 0 (state.change.logger)
[2025-03-05 23:13:24,950] INFO [Controller id=0 epoch=1] Changed partition __consumer_offsets-11 state from NonExistentPartition to NewPartition with assigned replicas 0 (state.change.logger)
[2025-03-05 23:13:24,950] INFO [Controller id=0 epoch=1] Changed partition __consumer_offsets-2 state from NonExistentPartition to NewPartition with assigned replicas 0 (state.change.logger)
[2025-03-05 23:13:24,950] INFO [Controller id=0 epoch=1] Changed partition __consumer_offsets-43 state from NonExistentPartition to NewPartition with assigned replicas 0 (state.change.logger)
[2025-03-05 23:13:24,950] INFO [Controller id=0 epoch=1] Changed partition __consumer_offsets-6 state from NonExistentPartition to NewPartition with assigned replicas 0 (state.change.logger)
[2025-03-05 23:13:24,950] INFO [Controller id=0 epoch=1] Changed partition __consumer_offsets-14 state from NonExistentPartition to NewPartition with assigned replicas 0 (state.change.logger)
[2025-03-05 23:13:24,950] INFO [Controller id=0 epoch=1] Changed partition __consumer_offsets-20 state from NonExistentPartition to NewPartition with assigned replicas 0 (state.change.logger)
[2025-03-05 23:13:24,950] INFO [Controller id=0 epoch=1] Changed partition __consumer_offsets-0 state from NonExistentPartition to NewPartition with assigned replicas 0 (state.change.logger)
[2025-03-05 23:13:24,950] INFO [Controller id=0 epoch=1] Changed partition __consumer_offsets-44 state from NonExistentPartition to NewPartition with assigned replicas 0 (state.change.logger)
[2025-03-05 23:13:24,950] INFO [Controller id=0 epoch=1] Changed partition __consumer_offsets-39 state from NonExistentPartition to NewPartition with assigned replicas 0 (state.change.logger)
[2025-03-05 23:13:24,950] INFO [Controller id=0 epoch=1] Changed partition __consumer_offsets-12 state from NonExistentPartition to NewPartition with assigned replicas 0 (state.change.logger)
[2025-03-05 23:13:24,950] INFO [Controller id=0 epoch=1] Changed partition __consumer_offsets-45 state from NonExistentPartition to NewPartition with assigned replicas 0 (state.change.logger)
[2025-03-05 23:13:24,950] INFO [Controller id=0 epoch=1] Changed partition __consumer_offsets-1 state from NonExistentPartition to NewPartition with assigned replicas 0 (state.change.logger)
[2025-03-05 23:13:24,950] INFO [Controller id=0 epoch=1] Changed partition __consumer_offsets-5 state from NonExistentPartition to NewPartition with assigned replicas 0 (state.change.logger)
[2025-03-05 23:13:24,950] INFO [Controller id=0 epoch=1] Changed partition __consumer_offsets-26 state from NonExistentPartition to NewPartition with assigned replicas 0 (state.change.logger)
[2025-03-05 23:13:24,950] INFO [Controller id=0 epoch=1] Changed partition __consumer_offsets-29 state from NonExistentPartition to NewPartition with assigned replicas 0 (state.change.logger)
[2025-03-05 23:13:24,950] INFO [Controller id=0 epoch=1] Changed partition __consumer_offsets-34 state from NonExistentPartition to NewPartition with assigned replicas 0 (state.change.logger)
[2025-03-05 23:13:24,950] INFO [Controller id=0 epoch=1] Changed partition __consumer_offsets-10 state from NonExistentPartition to NewPartition with assigned replicas 0 (state.change.logger)
[2025-03-05 23:13:24,950] INFO [Controller id=0 epoch=1] Changed partition __consumer_offsets-32 state from NonExistentPartition to NewPartition with assigned replicas 0 (state.change.logger)
[2025-03-05 23:13:24,950] INFO [Controller id=0 epoch=1] Changed partition __consumer_offsets-40 state from NonExistentPartition to NewPartition with assigned replicas 0 (state.change.logger)
[2025-03-05 23:13:24,950] INFO [Controller id=0 epoch=1] Sending UpdateMetadata request to brokers HashSet() for 0 partitions (state.change.logger)
[2025-03-05 23:13:24,961] INFO [Controller id=0 epoch=1] Sending UpdateMetadata request to brokers HashSet() for 0 partitions (state.change.logger)
[2025-03-05 23:13:25,179] INFO [Controller id=0 epoch=1] Changed partition __consumer_offsets-22 from NewPartition to OnlinePartition with state LeaderAndIsr(leader=0, leaderEpoch=0, isrWithBrokerEpoch=List(BrokerState(brokerId=0, brokerEpoch=-1)), leaderRecoveryState=RECOVERED, partitionEpoch=0) (state.change.logger)
[2025-03-05 23:13:25,179] INFO [Controller id=0 epoch=1] Changed partition __consumer_offsets-30 from NewPartition to OnlinePartition with state LeaderAndIsr(leader=0, leaderEpoch=0, isrWithBrokerEpoch=List(BrokerState(brokerId=0, brokerEpoch=-1)), leaderRecoveryState=RECOVERED, partitionEpoch=0) (state.change.logger)
[2025-03-05 23:13:25,179] INFO [Controller id=0 epoch=1] Changed partition __consumer_offsets-25 from NewPartition to OnlinePartition with state LeaderAndIsr(leader=0, leaderEpoch=0, isrWithBrokerEpoch=List(BrokerState(brokerId=0, brokerEpoch=-1)), leaderRecoveryState=RECOVERED, partitionEpoch=0) (state.change.logger)
[2025-03-05 23:13:25,179] INFO [Controller id=0 epoch=1] Changed partition __consumer_offsets-35 from NewPartition to OnlinePartition with state LeaderAndIsr(leader=0, leaderEpoch=0, isrWithBrokerEpoch=List(BrokerState(brokerId=0, brokerEpoch=-1)), leaderRecoveryState=RECOVERED, partitionEpoch=0) (state.change.logger)
[2025-03-05 23:13:25,179] INFO [Controller id=0 epoch=1] Changed partition __consumer_offsets-37 from NewPartition to OnlinePartition with state LeaderAndIsr(leader=0, leaderEpoch=0, isrWithBrokerEpoch=List(BrokerState(brokerId=0, brokerEpoch=-1)), leaderRecoveryState=RECOVERED, partitionEpoch=0) (state.change.logger)
[2025-03-05 23:13:25,179] INFO [Controller id=0 epoch=1] Changed partition __consumer_offsets-38 from NewPartition to OnlinePartition with state LeaderAndIsr(leader=0, leaderEpoch=0, isrWithBrokerEpoch=List(BrokerState(brokerId=0, brokerEpoch=-1)), leaderRecoveryState=RECOVERED, partitionEpoch=0) (state.change.logger)
[2025-03-05 23:13:25,179] INFO [Controller id=0 epoch=1] Changed partition __consumer_offsets-13 from NewPartition to OnlinePartition with state LeaderAndIsr(leader=0, leaderEpoch=0, isrWithBrokerEpoch=List(BrokerState(brokerId=0, brokerEpoch=-1)), leaderRecoveryState=RECOVERED, partitionEpoch=0) (state.change.logger)
[2025-03-05 23:13:25,179] INFO [Controller id=0 epoch=1] Changed partition __consumer_offsets-8 from NewPartition to OnlinePartition with state LeaderAndIsr(leader=0, leaderEpoch=0, isrWithBrokerEpoch=List(BrokerState(brokerId=0, brokerEpoch=-1)), leaderRecoveryState=RECOVERED, partitionEpoch=0) (state.change.logger)
[2025-03-05 23:13:25,179] INFO [Controller id=0 epoch=1] Changed partition __consumer_offsets-21 from NewPartition to OnlinePartition with state LeaderAndIsr(leader=0, leaderEpoch=0, isrWithBrokerEpoch=List(BrokerState(brokerId=0, brokerEpoch=-1)), leaderRecoveryState=RECOVERED, partitionEpoch=0) (state.change.logger)
[2025-03-05 23:13:25,179] INFO [Controller id=0 epoch=1] Changed partition __consumer_offsets-4 from NewPartition to OnlinePartition with state LeaderAndIsr(leader=0, leaderEpoch=0, isrWithBrokerEpoch=List(BrokerState(brokerId=0, brokerEpoch=-1)), leaderRecoveryState=RECOVERED, partitionEpoch=0) (state.change.logger)
[2025-03-05 23:13:25,179] INFO [Controller id=0 epoch=1] Changed partition __consumer_offsets-27 from NewPartition to OnlinePartition with state LeaderAndIsr(leader=0, leaderEpoch=0, isrWithBrokerEpoch=List(BrokerState(brokerId=0, brokerEpoch=-1)), leaderRecoveryState=RECOVERED, partitionEpoch=0) (state.change.logger)
[2025-03-05 23:13:25,179] INFO [Controller id=0 epoch=1] Changed partition __consumer_offsets-7 from NewPartition to OnlinePartition with state LeaderAndIsr(leader=0, leaderEpoch=0, isrWithBrokerEpoch=List(BrokerState(brokerId=0, brokerEpoch=-1)), leaderRecoveryState=RECOVERED, partitionEpoch=0) (state.change.logger)
[2025-03-05 23:13:25,179] INFO [Controller id=0 epoch=1] Changed partition __consumer_offsets-9 from NewPartition to OnlinePartition with state LeaderAndIsr(leader=0, leaderEpoch=0, isrWithBrokerEpoch=List(BrokerState(brokerId=0, brokerEpoch=-1)), leaderRecoveryState=RECOVERED, partitionEpoch=0) (state.change.logger)
[2025-03-05 23:13:25,179] INFO [Controller id=0 epoch=1] Changed partition __consumer_offsets-46 from NewPartition to OnlinePartition with state LeaderAndIsr(leader=0, leaderEpoch=0, isrWithBrokerEpoch=List(BrokerState(brokerId=0, brokerEpoch=-1)), leaderRecoveryState=RECOVERED, partitionEpoch=0) (state.change.logger)
[2025-03-05 23:13:25,179] INFO [Controller id=0 epoch=1] Changed partition __consumer_offsets-41 from NewPartition to OnlinePartition with state LeaderAndIsr(leader=0, leaderEpoch=0, isrWithBrokerEpoch=List(BrokerState(brokerId=0, brokerEpoch=-1)), leaderRecoveryState=RECOVERED, partitionEpoch=0) (state.change.logger)
[2025-03-05 23:13:25,179] INFO [Controller id=0 epoch=1] Changed partition __consumer_offsets-33 from NewPartition to OnlinePartition with state LeaderAndIsr(leader=0, leaderEpoch=0, isrWithBrokerEpoch=List(BrokerState(brokerId=0, brokerEpoch=-1)), leaderRecoveryState=RECOVERED, partitionEpoch=0) (state.change.logger)
[2025-03-05 23:13:25,179] INFO [Controller id=0 epoch=1] Changed partition __consumer_offsets-23 from NewPartition to OnlinePartition with state LeaderAndIsr(leader=0, leaderEpoch=0, isrWithBrokerEpoch=List(BrokerState(brokerId=0, brokerEpoch=-1)), leaderRecoveryState=RECOVERED, partitionEpoch=0) (state.change.logger)
[2025-03-05 23:13:25,186] INFO [Controller id=0 epoch=1] Changed partition __consumer_offsets-49 from NewPartition to OnlinePartition with state LeaderAndIsr(leader=0, leaderEpoch=0, isrWithBrokerEpoch=List(BrokerState(brokerId=0, brokerEpoch=-1)), leaderRecoveryState=RECOVERED, partitionEpoch=0) (state.change.logger)
[2025-03-05 23:13:25,186] INFO [Controller id=0 epoch=1] Changed partition __consumer_offsets-47 from NewPartition to OnlinePartition with state LeaderAndIsr(leader=0, leaderEpoch=0, isrWithBrokerEpoch=List(BrokerState(brokerId=0, brokerEpoch=-1)), leaderRecoveryState=RECOVERED, partitionEpoch=0) (state.change.logger)
[2025-03-05 23:13:25,186] INFO [Controller id=0 epoch=1] Changed partition __consumer_offsets-16 from NewPartition to OnlinePartition with state LeaderAndIsr(leader=0, leaderEpoch=0, isrWithBrokerEpoch=List(BrokerState(brokerId=0, brokerEpoch=-1)), leaderRecoveryState=RECOVERED, partitionEpoch=0) (state.change.logger)
[2025-03-05 23:13:25,186] INFO [Controller id=0 epoch=1] Changed partition __consumer_offsets-28 from NewPartition to OnlinePartition with state LeaderAndIsr(leader=0, leaderEpoch=0, isrWithBrokerEpoch=List(BrokerState(brokerId=0, brokerEpoch=-1)), leaderRecoveryState=RECOVERED, partitionEpoch=0) (state.change.logger)
[2025-03-05 23:13:25,186] INFO [Controller id=0 epoch=1] Changed partition __consumer_offsets-31 from NewPartition to OnlinePartition with state LeaderAndIsr(leader=0, leaderEpoch=0, isrWithBrokerEpoch=List(BrokerState(brokerId=0, brokerEpoch=-1)), leaderRecoveryState=RECOVERED, partitionEpoch=0) (state.change.logger)
[2025-03-05 23:13:25,187] INFO [Controller id=0 epoch=1] Changed partition __consumer_offsets-36 from NewPartition to OnlinePartition with state LeaderAndIsr(leader=0, leaderEpoch=0, isrWithBrokerEpoch=List(BrokerState(brokerId=0, brokerEpoch=-1)), leaderRecoveryState=RECOVERED, partitionEpoch=0) (state.change.logger)
[2025-03-05 23:13:25,187] INFO [Controller id=0 epoch=1] Changed partition __consumer_offsets-42 from NewPartition to OnlinePartition with state LeaderAndIsr(leader=0, leaderEpoch=0, isrWithBrokerEpoch=List(BrokerState(brokerId=0, brokerEpoch=-1)), leaderRecoveryState=RECOVERED, partitionEpoch=0) (state.change.logger)
[2025-03-05 23:13:25,187] INFO [Controller id=0 epoch=1] Changed partition __consumer_offsets-3 from NewPartition to OnlinePartition with state LeaderAndIsr(leader=0, leaderEpoch=0, isrWithBrokerEpoch=List(BrokerState(brokerId=0, brokerEpoch=-1)), leaderRecoveryState=RECOVERED, partitionEpoch=0) (state.change.logger)
[2025-03-05 23:13:25,187] INFO [Controller id=0 epoch=1] Changed partition __consumer_offsets-18 from NewPartition to OnlinePartition with state LeaderAndIsr(leader=0, leaderEpoch=0, isrWithBrokerEpoch=List(BrokerState(brokerId=0, brokerEpoch=-1)), leaderRecoveryState=RECOVERED, partitionEpoch=0) (state.change.logger)
[2025-03-05 23:13:25,187] INFO [Controller id=0 epoch=1] Changed partition __consumer_offsets-15 from NewPartition to OnlinePartition with state LeaderAndIsr(leader=0, leaderEpoch=0, isrWithBrokerEpoch=List(BrokerState(brokerId=0, brokerEpoch=-1)), leaderRecoveryState=RECOVERED, partitionEpoch=0) (state.change.logger)
[2025-03-05 23:13:25,187] INFO [Controller id=0 epoch=1] Changed partition __consumer_offsets-24 from NewPartition to OnlinePartition with state LeaderAndIsr(leader=0, leaderEpoch=0, isrWithBrokerEpoch=List(BrokerState(brokerId=0, brokerEpoch=-1)), leaderRecoveryState=RECOVERED, partitionEpoch=0) (state.change.logger)
[2025-03-05 23:13:25,187] INFO [Controller id=0 epoch=1] Changed partition __consumer_offsets-17 from NewPartition to OnlinePartition with state LeaderAndIsr(leader=0, leaderEpoch=0, isrWithBrokerEpoch=List(BrokerState(brokerId=0, brokerEpoch=-1)), leaderRecoveryState=RECOVERED, partitionEpoch=0) (state.change.logger)
[2025-03-05 23:13:25,187] INFO [Controller id=0 epoch=1] Changed partition __consumer_offsets-48 from NewPartition to OnlinePartition with state LeaderAndIsr(leader=0, leaderEpoch=0, isrWithBrokerEpoch=List(BrokerState(brokerId=0, brokerEpoch=-1)), leaderRecoveryState=RECOVERED, partitionEpoch=0) (state.change.logger)
[2025-03-05 23:13:25,187] INFO [Controller id=0 epoch=1] Changed partition __consumer_offsets-19 from NewPartition to OnlinePartition with state LeaderAndIsr(leader=0, leaderEpoch=0, isrWithBrokerEpoch=List(BrokerState(brokerId=0, brokerEpoch=-1)), leaderRecoveryState=RECOVERED, partitionEpoch=0) (state.change.logger)
[2025-03-05 23:13:25,187] INFO [Controller id=0 epoch=1] Changed partition __consumer_offsets-11 from NewPartition to OnlinePartition with state LeaderAndIsr(leader=0, leaderEpoch=0, isrWithBrokerEpoch=List(BrokerState(brokerId=0, brokerEpoch=-1)), leaderRecoveryState=RECOVERED, partitionEpoch=0) (state.change.logger)
[2025-03-05 23:13:25,187] INFO [Controller id=0 epoch=1] Changed partition __consumer_offsets-2 from NewPartition to OnlinePartition with state LeaderAndIsr(leader=0, leaderEpoch=0, isrWithBrokerEpoch=List(BrokerState(brokerId=0, brokerEpoch=-1)), leaderRecoveryState=RECOVERED, partitionEpoch=0) (state.change.logger)
[2025-03-05 23:13:25,187] INFO [Controller id=0 epoch=1] Changed partition __consumer_offsets-43 from NewPartition to OnlinePartition with state LeaderAndIsr(leader=0, leaderEpoch=0, isrWithBrokerEpoch=List(BrokerState(brokerId=0, brokerEpoch=-1)), leaderRecoveryState=RECOVERED, partitionEpoch=0) (state.change.logger)
[2025-03-05 23:13:25,187] INFO [Controller id=0 epoch=1] Changed partition __consumer_offsets-6 from NewPartition to OnlinePartition with state LeaderAndIsr(leader=0, leaderEpoch=0, isrWithBrokerEpoch=List(BrokerState(brokerId=0, brokerEpoch=-1)), leaderRecoveryState=RECOVERED, partitionEpoch=0) (state.change.logger)
[2025-03-05 23:13:25,187] INFO [Controller id=0 epoch=1] Changed partition __consumer_offsets-14 from NewPartition to OnlinePartition with state LeaderAndIsr(leader=0, leaderEpoch=0, isrWithBrokerEpoch=List(BrokerState(brokerId=0, brokerEpoch=-1)), leaderRecoveryState=RECOVERED, partitionEpoch=0) (state.change.logger)
[2025-03-05 23:13:25,187] INFO [Controller id=0 epoch=1] Changed partition __consumer_offsets-20 from NewPartition to OnlinePartition with state LeaderAndIsr(leader=0, leaderEpoch=0, isrWithBrokerEpoch=List(BrokerState(brokerId=0, brokerEpoch=-1)), leaderRecoveryState=RECOVERED, partitionEpoch=0) (state.change.logger)
[2025-03-05 23:13:25,187] INFO [Controller id=0 epoch=1] Changed partition __consumer_offsets-0 from NewPartition to OnlinePartition with state LeaderAndIsr(leader=0, leaderEpoch=0, isrWithBrokerEpoch=List(BrokerState(brokerId=0, brokerEpoch=-1)), leaderRecoveryState=RECOVERED, partitionEpoch=0) (state.change.logger)
[2025-03-05 23:13:25,187] INFO [Controller id=0 epoch=1] Changed partition __consumer_offsets-44 from NewPartition to OnlinePartition with state LeaderAndIsr(leader=0, leaderEpoch=0, isrWithBrokerEpoch=List(BrokerState(brokerId=0, brokerEpoch=-1)), leaderRecoveryState=RECOVERED, partitionEpoch=0) (state.change.logger)
[2025-03-05 23:13:25,187] INFO [Controller id=0 epoch=1] Changed partition __consumer_offsets-39 from NewPartition to OnlinePartition with state LeaderAndIsr(leader=0, leaderEpoch=0, isrWithBrokerEpoch=List(BrokerState(brokerId=0, brokerEpoch=-1)), leaderRecoveryState=RECOVERED, partitionEpoch=0) (state.change.logger)
[2025-03-05 23:13:25,187] INFO [Controller id=0 epoch=1] Changed partition __consumer_offsets-12 from NewPartition to OnlinePartition with state LeaderAndIsr(leader=0, leaderEpoch=0, isrWithBrokerEpoch=List(BrokerState(brokerId=0, brokerEpoch=-1)), leaderRecoveryState=RECOVERED, partitionEpoch=0) (state.change.logger)
[2025-03-05 23:13:25,187] INFO [Controller id=0 epoch=1] Changed partition __consumer_offsets-45 from NewPartition to OnlinePartition with state LeaderAndIsr(leader=0, leaderEpoch=0, isrWithBrokerEpoch=List(BrokerState(brokerId=0, brokerEpoch=-1)), leaderRecoveryState=RECOVERED, partitionEpoch=0) (state.change.logger)
[2025-03-05 23:13:25,187] INFO [Controller id=0 epoch=1] Changed partition __consumer_offsets-1 from NewPartition to OnlinePartition with state LeaderAndIsr(leader=0, leaderEpoch=0, isrWithBrokerEpoch=List(BrokerState(brokerId=0, brokerEpoch=-1)), leaderRecoveryState=RECOVERED, partitionEpoch=0) (state.change.logger)
[2025-03-05 23:13:25,187] INFO [Controller id=0 epoch=1] Changed partition __consumer_offsets-5 from NewPartition to OnlinePartition with state LeaderAndIsr(leader=0, leaderEpoch=0, isrWithBrokerEpoch=List(BrokerState(brokerId=0, brokerEpoch=-1)), leaderRecoveryState=RECOVERED, partitionEpoch=0) (state.change.logger)
[2025-03-05 23:13:25,187] INFO [Controller id=0 epoch=1] Changed partition __consumer_offsets-26 from NewPartition to OnlinePartition with state LeaderAndIsr(leader=0, leaderEpoch=0, isrWithBrokerEpoch=List(BrokerState(brokerId=0, brokerEpoch=-1)), leaderRecoveryState=RECOVERED, partitionEpoch=0) (state.change.logger)
[2025-03-05 23:13:25,187] INFO [Controller id=0 epoch=1] Changed partition __consumer_offsets-29 from NewPartition to OnlinePartition with state LeaderAndIsr(leader=0, leaderEpoch=0, isrWithBrokerEpoch=List(BrokerState(brokerId=0, brokerEpoch=-1)), leaderRecoveryState=RECOVERED, partitionEpoch=0) (state.change.logger)
[2025-03-05 23:13:25,187] INFO [Controller id=0 epoch=1] Changed partition __consumer_offsets-34 from NewPartition to OnlinePartition with state LeaderAndIsr(leader=0, leaderEpoch=0, isrWithBrokerEpoch=List(BrokerState(brokerId=0, brokerEpoch=-1)), leaderRecoveryState=RECOVERED, partitionEpoch=0) (state.change.logger)
[2025-03-05 23:13:25,187] INFO [Controller id=0 epoch=1] Changed partition __consumer_offsets-10 from NewPartition to OnlinePartition with state LeaderAndIsr(leader=0, leaderEpoch=0, isrWithBrokerEpoch=List(BrokerState(brokerId=0, brokerEpoch=-1)), leaderRecoveryState=RECOVERED, partitionEpoch=0) (state.change.logger)
[2025-03-05 23:13:25,187] INFO [Controller id=0 epoch=1] Changed partition __consumer_offsets-32 from NewPartition to OnlinePartition with state LeaderAndIsr(leader=0, leaderEpoch=0, isrWithBrokerEpoch=List(BrokerState(brokerId=0, brokerEpoch=-1)), leaderRecoveryState=RECOVERED, partitionEpoch=0) (state.change.logger)
[2025-03-05 23:13:25,187] INFO [Controller id=0 epoch=1] Changed partition __consumer_offsets-40 from NewPartition to OnlinePartition with state LeaderAndIsr(leader=0, leaderEpoch=0, isrWithBrokerEpoch=List(BrokerState(brokerId=0, brokerEpoch=-1)), leaderRecoveryState=RECOVERED, partitionEpoch=0) (state.change.logger)
[2025-03-05 23:13:25,187] INFO [Controller id=0 epoch=1] Sending LeaderAndIsr request to broker 0 with 50 become-leader and 0 become-follower partitions (state.change.logger)
[2025-03-05 23:13:25,187] INFO [Controller id=0 epoch=1] Sending UpdateMetadata request to brokers HashSet(0) for 50 partitions (state.change.logger)
[2025-03-05 23:13:25,187] INFO [Controller id=0 epoch=1] Sending UpdateMetadata request to brokers HashSet() for 0 partitions (state.change.logger)
[2025-03-05 23:13:25,195] INFO [Broker id=0] Handling LeaderAndIsr request correlationId 3 from controller 0 for 50 partitions (state.change.logger)
[2025-03-05 23:13:25,244] INFO [Broker id=0] Stopped fetchers as part of LeaderAndIsr request correlationId 3 from controller 0 epoch 1 as part of the become-leader transition for 50 partitions (state.change.logger)
[2025-03-05 23:13:25,280] INFO [Broker id=0] Leader __consumer_offsets-3 with topic id Some(yVtNvhpQTZS9kaCM_OMWFA) starts at leader epoch 0 from offset 0 with partition epoch 0, high watermark 0, ISR [0], adding replicas [] and removing replicas [] . Previous leader None and previous leader epoch was -1. (state.change.logger)
[2025-03-05 23:13:25,314] INFO [Broker id=0] Leader __consumer_offsets-18 with topic id Some(yVtNvhpQTZS9kaCM_OMWFA) starts at leader epoch 0 from offset 0 with partition epoch 0, high watermark 0, ISR [0], adding replicas [] and removing replicas [] . Previous leader None and previous leader epoch was -1. (state.change.logger)
[2025-03-05 23:13:25,338] INFO [Broker id=0] Leader __consumer_offsets-41 with topic id Some(yVtNvhpQTZS9kaCM_OMWFA) starts at leader epoch 0 from offset 0 with partition epoch 0, high watermark 0, ISR [0], adding replicas [] and removing replicas [] . Previous leader None and previous leader epoch was -1. (state.change.logger)
[2025-03-05 23:13:25,360] INFO [Broker id=0] Leader __consumer_offsets-10 with topic id Some(yVtNvhpQTZS9kaCM_OMWFA) starts at leader epoch 0 from offset 0 with partition epoch 0, high watermark 0, ISR [0], adding replicas [] and removing replicas [] . Previous leader None and previous leader epoch was -1. (state.change.logger)
[2025-03-05 23:13:25,375] INFO [Broker id=0] Leader __consumer_offsets-33 with topic id Some(yVtNvhpQTZS9kaCM_OMWFA) starts at leader epoch 0 from offset 0 with partition epoch 0, high watermark 0, ISR [0], adding replicas [] and removing replicas [] . Previous leader None and previous leader epoch was -1. (state.change.logger)
[2025-03-05 23:13:25,396] INFO [Broker id=0] Leader __consumer_offsets-48 with topic id Some(yVtNvhpQTZS9kaCM_OMWFA) starts at leader epoch 0 from offset 0 with partition epoch 0, high watermark 0, ISR [0], adding replicas [] and removing replicas [] . Previous leader None and previous leader epoch was -1. (state.change.logger)
[2025-03-05 23:13:25,422] INFO [Broker id=0] Leader __consumer_offsets-19 with topic id Some(yVtNvhpQTZS9kaCM_OMWFA) starts at leader epoch 0 from offset 0 with partition epoch 0, high watermark 0, ISR [0], adding replicas [] and removing replicas [] . Previous leader None and previous leader epoch was -1. (state.change.logger)
[2025-03-05 23:13:25,437] INFO [Broker id=0] Leader __consumer_offsets-34 with topic id Some(yVtNvhpQTZS9kaCM_OMWFA) starts at leader epoch 0 from offset 0 with partition epoch 0, high watermark 0, ISR [0], adding replicas [] and removing replicas [] . Previous leader None and previous leader epoch was -1. (state.change.logger)
[2025-03-05 23:13:25,470] INFO [Broker id=0] Leader __consumer_offsets-4 with topic id Some(yVtNvhpQTZS9kaCM_OMWFA) starts at leader epoch 0 from offset 0 with partition epoch 0, high watermark 0, ISR [0], adding replicas [] and removing replicas [] . Previous leader None and previous leader epoch was -1. (state.change.logger)
[2025-03-05 23:13:25,496] INFO [Broker id=0] Leader __consumer_offsets-11 with topic id Some(yVtNvhpQTZS9kaCM_OMWFA) starts at leader epoch 0 from offset 0 with partition epoch 0, high watermark 0, ISR [0], adding replicas [] and removing replicas [] . Previous leader None and previous leader epoch was -1. (state.change.logger)
[2025-03-05 23:13:25,529] INFO [Broker id=0] Leader __consumer_offsets-26 with topic id Some(yVtNvhpQTZS9kaCM_OMWFA) starts at leader epoch 0 from offset 0 with partition epoch 0, high watermark 0, ISR [0], adding replicas [] and removing replicas [] . Previous leader None and previous leader epoch was -1. (state.change.logger)
[2025-03-05 23:13:25,564] INFO [Broker id=0] Leader __consumer_offsets-49 with topic id Some(yVtNvhpQTZS9kaCM_OMWFA) starts at leader epoch 0 from offset 0 with partition epoch 0, high watermark 0, ISR [0], adding replicas [] and removing replicas [] . Previous leader None and previous leader epoch was -1. (state.change.logger)
[2025-03-05 23:13:25,589] INFO [Broker id=0] Leader __consumer_offsets-39 with topic id Some(yVtNvhpQTZS9kaCM_OMWFA) starts at leader epoch 0 from offset 0 with partition epoch 0, high watermark 0, ISR [0], adding replicas [] and removing replicas [] . Previous leader None and previous leader epoch was -1. (state.change.logger)
[2025-03-05 23:13:25,620] INFO [Broker id=0] Leader __consumer_offsets-9 with topic id Some(yVtNvhpQTZS9kaCM_OMWFA) starts at leader epoch 0 from offset 0 with partition epoch 0, high watermark 0, ISR [0], adding replicas [] and removing replicas [] . Previous leader None and previous leader epoch was -1. (state.change.logger)
[2025-03-05 23:13:25,652] INFO [Broker id=0] Leader __consumer_offsets-24 with topic id Some(yVtNvhpQTZS9kaCM_OMWFA) starts at leader epoch 0 from offset 0 with partition epoch 0, high watermark 0, ISR [0], adding replicas [] and removing replicas [] . Previous leader None and previous leader epoch was -1. (state.change.logger)
[2025-03-05 23:13:25,693] INFO [Broker id=0] Leader __consumer_offsets-31 with topic id Some(yVtNvhpQTZS9kaCM_OMWFA) starts at leader epoch 0 from offset 0 with partition epoch 0, high watermark 0, ISR [0], adding replicas [] and removing replicas [] . Previous leader None and previous leader epoch was -1. (state.change.logger)
[2025-03-05 23:13:25,735] INFO [Broker id=0] Leader __consumer_offsets-46 with topic id Some(yVtNvhpQTZS9kaCM_OMWFA) starts at leader epoch 0 from offset 0 with partition epoch 0, high watermark 0, ISR [0], adding replicas [] and removing replicas [] . Previous leader None and previous leader epoch was -1. (state.change.logger)
[2025-03-05 23:13:25,770] INFO [Broker id=0] Leader __consumer_offsets-1 with topic id Some(yVtNvhpQTZS9kaCM_OMWFA) starts at leader epoch 0 from offset 0 with partition epoch 0, high watermark 0, ISR [0], adding replicas [] and removing replicas [] . Previous leader None and previous leader epoch was -1. (state.change.logger)
[2025-03-05 23:13:25,798] INFO [Broker id=0] Leader __consumer_offsets-16 with topic id Some(yVtNvhpQTZS9kaCM_OMWFA) starts at leader epoch 0 from offset 0 with partition epoch 0, high watermark 0, ISR [0], adding replicas [] and removing replicas [] . Previous leader None and previous leader epoch was -1. (state.change.logger)
[2025-03-05 23:13:25,837] INFO [Broker id=0] Leader __consumer_offsets-2 with topic id Some(yVtNvhpQTZS9kaCM_OMWFA) starts at leader epoch 0 from offset 0 with partition epoch 0, high watermark 0, ISR [0], adding replicas [] and removing replicas [] . Previous leader None and previous leader epoch was -1. (state.change.logger)
[2025-03-05 23:13:25,870] INFO [Broker id=0] Leader __consumer_offsets-25 with topic id Some(yVtNvhpQTZS9kaCM_OMWFA) starts at leader epoch 0 from offset 0 with partition epoch 0, high watermark 0, ISR [0], adding replicas [] and removing replicas [] . Previous leader None and previous leader epoch was -1. (state.change.logger)
[2025-03-05 23:13:25,902] INFO [Broker id=0] Leader __consumer_offsets-40 with topic id Some(yVtNvhpQTZS9kaCM_OMWFA) starts at leader epoch 0 from offset 0 with partition epoch 0, high watermark 0, ISR [0], adding replicas [] and removing replicas [] . Previous leader None and previous leader epoch was -1. (state.change.logger)
[2025-03-05 23:13:25,920] INFO [Broker id=0] Leader __consumer_offsets-47 with topic id Some(yVtNvhpQTZS9kaCM_OMWFA) starts at leader epoch 0 from offset 0 with partition epoch 0, high watermark 0, ISR [0], adding replicas [] and removing replicas [] . Previous leader None and previous leader epoch was -1. (state.change.logger)
[2025-03-05 23:13:25,939] INFO [Broker id=0] Leader __consumer_offsets-17 with topic id Some(yVtNvhpQTZS9kaCM_OMWFA) starts at leader epoch 0 from offset 0 with partition epoch 0, high watermark 0, ISR [0], adding replicas [] and removing replicas [] . Previous leader None and previous leader epoch was -1. (state.change.logger)
[2025-03-05 23:13:25,960] INFO [Broker id=0] Leader __consumer_offsets-32 with topic id Some(yVtNvhpQTZS9kaCM_OMWFA) starts at leader epoch 0 from offset 0 with partition epoch 0, high watermark 0, ISR [0], adding replicas [] and removing replicas [] . Previous leader None and previous leader epoch was -1. (state.change.logger)
[2025-03-05 23:13:25,977] INFO [Broker id=0] Leader __consumer_offsets-37 with topic id Some(yVtNvhpQTZS9kaCM_OMWFA) starts at leader epoch 0 from offset 0 with partition epoch 0, high watermark 0, ISR [0], adding replicas [] and removing replicas [] . Previous leader None and previous leader epoch was -1. (state.change.logger)
[2025-03-05 23:13:26,000] INFO [Broker id=0] Leader __consumer_offsets-7 with topic id Some(yVtNvhpQTZS9kaCM_OMWFA) starts at leader epoch 0 from offset 0 with partition epoch 0, high watermark 0, ISR [0], adding replicas [] and removing replicas [] . Previous leader None and previous leader epoch was -1. (state.change.logger)
[2025-03-05 23:13:26,016] INFO [Broker id=0] Leader __consumer_offsets-22 with topic id Some(yVtNvhpQTZS9kaCM_OMWFA) starts at leader epoch 0 from offset 0 with partition epoch 0, high watermark 0, ISR [0], adding replicas [] and removing replicas [] . Previous leader None and previous leader epoch was -1. (state.change.logger)
[2025-03-05 23:13:26,032] INFO [Broker id=0] Leader __consumer_offsets-29 with topic id Some(yVtNvhpQTZS9kaCM_OMWFA) starts at leader epoch 0 from offset 0 with partition epoch 0, high watermark 0, ISR [0], adding replicas [] and removing replicas [] . Previous leader None and previous leader epoch was -1. (state.change.logger)
[2025-03-05 23:13:26,047] INFO [Broker id=0] Leader __consumer_offsets-44 with topic id Some(yVtNvhpQTZS9kaCM_OMWFA) starts at leader epoch 0 from offset 0 with partition epoch 0, high watermark 0, ISR [0], adding replicas [] and removing replicas [] . Previous leader None and previous leader epoch was -1. (state.change.logger)
[2025-03-05 23:13:26,063] INFO [Broker id=0] Leader __consumer_offsets-14 with topic id Some(yVtNvhpQTZS9kaCM_OMWFA) starts at leader epoch 0 from offset 0 with partition epoch 0, high watermark 0, ISR [0], adding replicas [] and removing replicas [] . Previous leader None and previous leader epoch was -1. (state.change.logger)
[2025-03-05 23:13:26,094] INFO [Broker id=0] Leader __consumer_offsets-23 with topic id Some(yVtNvhpQTZS9kaCM_OMWFA) starts at leader epoch 0 from offset 0 with partition epoch 0, high watermark 0, ISR [0], adding replicas [] and removing replicas [] . Previous leader None and previous leader epoch was -1. (state.change.logger)
[2025-03-05 23:13:26,110] INFO [Broker id=0] Leader __consumer_offsets-38 with topic id Some(yVtNvhpQTZS9kaCM_OMWFA) starts at leader epoch 0 from offset 0 with partition epoch 0, high watermark 0, ISR [0], adding replicas [] and removing replicas [] . Previous leader None and previous leader epoch was -1. (state.change.logger)
[2025-03-05 23:13:26,125] INFO [Broker id=0] Leader __consumer_offsets-8 with topic id Some(yVtNvhpQTZS9kaCM_OMWFA) starts at leader epoch 0 from offset 0 with partition epoch 0, high watermark 0, ISR [0], adding replicas [] and removing replicas [] . Previous leader None and previous leader epoch was -1. (state.change.logger)
[2025-03-05 23:13:26,141] INFO [Broker id=0] Leader __consumer_offsets-45 with topic id Some(yVtNvhpQTZS9kaCM_OMWFA) starts at leader epoch 0 from offset 0 with partition epoch 0, high watermark 0, ISR [0], adding replicas [] and removing replicas [] . Previous leader None and previous leader epoch was -1. (state.change.logger)
[2025-03-05 23:13:26,172] INFO [Broker id=0] Leader __consumer_offsets-15 with topic id Some(yVtNvhpQTZS9kaCM_OMWFA) starts at leader epoch 0 from offset 0 with partition epoch 0, high watermark 0, ISR [0], adding replicas [] and removing replicas [] . Previous leader None and previous leader epoch was -1. (state.change.logger)
[2025-03-05 23:13:26,188] INFO [Broker id=0] Leader __consumer_offsets-30 with topic id Some(yVtNvhpQTZS9kaCM_OMWFA) starts at leader epoch 0 from offset 0 with partition epoch 0, high watermark 0, ISR [0], adding replicas [] and removing replicas [] . Previous leader None and previous leader epoch was -1. (state.change.logger)
[2025-03-05 23:13:26,204] INFO [Broker id=0] Leader __consumer_offsets-0 with topic id Some(yVtNvhpQTZS9kaCM_OMWFA) starts at leader epoch 0 from offset 0 with partition epoch 0, high watermark 0, ISR [0], adding replicas [] and removing replicas [] . Previous leader None and previous leader epoch was -1. (state.change.logger)
[2025-03-05 23:13:26,235] INFO [Broker id=0] Leader __consumer_offsets-35 with topic id Some(yVtNvhpQTZS9kaCM_OMWFA) starts at leader epoch 0 from offset 0 with partition epoch 0, high watermark 0, ISR [0], adding replicas [] and removing replicas [] . Previous leader None and previous leader epoch was -1. (state.change.logger)
[2025-03-05 23:13:26,250] INFO [Broker id=0] Leader __consumer_offsets-5 with topic id Some(yVtNvhpQTZS9kaCM_OMWFA) starts at leader epoch 0 from offset 0 with partition epoch 0, high watermark 0, ISR [0], adding replicas [] and removing replicas [] . Previous leader None and previous leader epoch was -1. (state.change.logger)
[2025-03-05 23:13:26,282] INFO [Broker id=0] Leader __consumer_offsets-20 with topic id Some(yVtNvhpQTZS9kaCM_OMWFA) starts at leader epoch 0 from offset 0 with partition epoch 0, high watermark 0, ISR [0], adding replicas [] and removing replicas [] . Previous leader None and previous leader epoch was -1. (state.change.logger)
[2025-03-05 23:13:26,303] INFO [Broker id=0] Leader __consumer_offsets-27 with topic id Some(yVtNvhpQTZS9kaCM_OMWFA) starts at leader epoch 0 from offset 0 with partition epoch 0, high watermark 0, ISR [0], adding replicas [] and removing replicas [] . Previous leader None and previous leader epoch was -1. (state.change.logger)
[2025-03-05 23:13:26,329] INFO [Broker id=0] Leader __consumer_offsets-42 with topic id Some(yVtNvhpQTZS9kaCM_OMWFA) starts at leader epoch 0 from offset 0 with partition epoch 0, high watermark 0, ISR [0], adding replicas [] and removing replicas [] . Previous leader None and previous leader epoch was -1. (state.change.logger)
[2025-03-05 23:13:26,353] INFO [Broker id=0] Leader __consumer_offsets-12 with topic id Some(yVtNvhpQTZS9kaCM_OMWFA) starts at leader epoch 0 from offset 0 with partition epoch 0, high watermark 0, ISR [0], adding replicas [] and removing replicas [] . Previous leader None and previous leader epoch was -1. (state.change.logger)
[2025-03-05 23:13:26,378] INFO [Broker id=0] Leader __consumer_offsets-21 with topic id Some(yVtNvhpQTZS9kaCM_OMWFA) starts at leader epoch 0 from offset 0 with partition epoch 0, high watermark 0, ISR [0], adding replicas [] and removing replicas [] . Previous leader None and previous leader epoch was -1. (state.change.logger)
[2025-03-05 23:13:26,411] INFO [Broker id=0] Leader __consumer_offsets-36 with topic id Some(yVtNvhpQTZS9kaCM_OMWFA) starts at leader epoch 0 from offset 0 with partition epoch 0, high watermark 0, ISR [0], adding replicas [] and removing replicas [] . Previous leader None and previous leader epoch was -1. (state.change.logger)
[2025-03-05 23:13:26,436] INFO [Broker id=0] Leader __consumer_offsets-6 with topic id Some(yVtNvhpQTZS9kaCM_OMWFA) starts at leader epoch 0 from offset 0 with partition epoch 0, high watermark 0, ISR [0], adding replicas [] and removing replicas [] . Previous leader None and previous leader epoch was -1. (state.change.logger)
[2025-03-05 23:13:26,461] INFO [Broker id=0] Leader __consumer_offsets-43 with topic id Some(yVtNvhpQTZS9kaCM_OMWFA) starts at leader epoch 0 from offset 0 with partition epoch 0, high watermark 0, ISR [0], adding replicas [] and removing replicas [] . Previous leader None and previous leader epoch was -1. (state.change.logger)
[2025-03-05 23:13:26,478] INFO [Broker id=0] Leader __consumer_offsets-13 with topic id Some(yVtNvhpQTZS9kaCM_OMWFA) starts at leader epoch 0 from offset 0 with partition epoch 0, high watermark 0, ISR [0], adding replicas [] and removing replicas [] . Previous leader None and previous leader epoch was -1. (state.change.logger)
[2025-03-05 23:13:26,512] INFO [Broker id=0] Leader __consumer_offsets-28 with topic id Some(yVtNvhpQTZS9kaCM_OMWFA) starts at leader epoch 0 from offset 0 with partition epoch 0, high watermark 0, ISR [0], adding replicas [] and removing replicas [] . Previous leader None and previous leader epoch was -1. (state.change.logger)
[2025-03-05 23:13:26,612] INFO [Broker id=0] Finished LeaderAndIsr request in 1417ms correlationId 3 from controller 0 for 50 partitions (state.change.logger)
[2025-03-05 23:13:26,620] INFO [Broker id=0] Add 50 partitions and deleted 0 partitions from metadata cache in response to UpdateMetadata request sent by controller 0 epoch 1 with correlation id 4 (state.change.logger)
[2025-03-05 23:13:35,322] INFO [Controller id=0 epoch=1] Changed partition file-upload-0 state from NonExistentPartition to NewPartition with assigned replicas 0 (state.change.logger)
[2025-03-05 23:13:35,322] INFO [Controller id=0 epoch=1] Sending UpdateMetadata request to brokers HashSet() for 0 partitions (state.change.logger)
[2025-03-05 23:13:35,322] INFO [Controller id=0 epoch=1] Sending UpdateMetadata request to brokers HashSet() for 0 partitions (state.change.logger)
[2025-03-05 23:13:35,336] INFO [Controller id=0 epoch=1] Changed partition file-upload-0 from NewPartition to OnlinePartition with state LeaderAndIsr(leader=0, leaderEpoch=0, isrWithBrokerEpoch=List(BrokerState(brokerId=0, brokerEpoch=-1)), leaderRecoveryState=RECOVERED, partitionEpoch=0) (state.change.logger)
[2025-03-05 23:13:35,336] INFO [Controller id=0 epoch=1] Sending LeaderAndIsr request to broker 0 with 1 become-leader and 0 become-follower partitions (state.change.logger)
[2025-03-05 23:13:35,336] INFO [Controller id=0 epoch=1] Sending UpdateMetadata request to brokers HashSet(0) for 1 partitions (state.change.logger)
[2025-03-05 23:13:35,336] INFO [Controller id=0 epoch=1] Sending UpdateMetadata request to brokers HashSet() for 0 partitions (state.change.logger)
[2025-03-05 23:13:35,336] INFO [Broker id=0] Handling LeaderAndIsr request correlationId 5 from controller 0 for 1 partitions (state.change.logger)
[2025-03-05 23:13:35,336] INFO [Broker id=0] Stopped fetchers as part of LeaderAndIsr request correlationId 5 from controller 0 epoch 1 as part of the become-leader transition for 1 partitions (state.change.logger)
[2025-03-05 23:13:35,361] INFO [Broker id=0] Leader file-upload-0 with topic id Some(qUUkEhR0T9aNij5ZNHVOoQ) starts at leader epoch 0 from offset 0 with partition epoch 0, high watermark 0, ISR [0], adding replicas [] and removing replicas [] . Previous leader None and previous leader epoch was -1. (state.change.logger)
[2025-03-05 23:13:35,361] INFO [Broker id=0] Finished LeaderAndIsr request in 25ms correlationId 5 from controller 0 for 1 partitions (state.change.logger)
[2025-03-05 23:13:35,369] INFO [Broker id=0] Add 1 partitions and deleted 0 partitions from metadata cache in response to UpdateMetadata request sent by controller 0 epoch 1 with correlation id 6 (state.change.logger)
[2025-03-06 00:05:16,624] INFO [Controller id=0 epoch=2] Sending UpdateMetadata request to brokers HashSet(0) for 0 partitions (state.change.logger)
[2025-03-06 00:05:16,656] INFO [Controller id=0 epoch=2] Sending LeaderAndIsr request to broker 0 with 52 become-leader and 0 become-follower partitions (state.change.logger)
[2025-03-06 00:05:16,656] INFO [Controller id=0 epoch=2] Sending UpdateMetadata request to brokers HashSet(0) for 52 partitions (state.change.logger)
[2025-03-06 00:05:16,656] INFO [Broker id=0] Handling LeaderAndIsr request correlationId 1 from controller 0 for 52 partitions (state.change.logger)
[2025-03-06 00:05:16,656] INFO [Broker id=0] Ignoring LeaderAndIsr request from controller 0 with correlation id 1 epoch 2 for partition file-upload-0 since its associated leader epoch 0 matches the current leader epoch (state.change.logger)
[2025-03-06 00:05:16,656] INFO [Broker id=0] Ignoring LeaderAndIsr request from controller 0 with correlation id 1 epoch 2 for partition user-avatar-updated-0 since its associated leader epoch 0 matches the current leader epoch (state.change.logger)
[2025-03-06 00:05:16,656] INFO [Broker id=0] Ignoring LeaderAndIsr request from controller 0 with correlation id 1 epoch 2 for partition __consumer_offsets-13 since its associated leader epoch 0 matches the current leader epoch (state.change.logger)
[2025-03-06 00:05:16,656] INFO [Broker id=0] Ignoring LeaderAndIsr request from controller 0 with correlation id 1 epoch 2 for partition __consumer_offsets-46 since its associated leader epoch 0 matches the current leader epoch (state.change.logger)
[2025-03-06 00:05:16,656] INFO [Broker id=0] Ignoring LeaderAndIsr request from controller 0 with correlation id 1 epoch 2 for partition __consumer_offsets-9 since its associated leader epoch 0 matches the current leader epoch (state.change.logger)
[2025-03-06 00:05:16,656] INFO [Broker id=0] Ignoring LeaderAndIsr request from controller 0 with correlation id 1 epoch 2 for partition __consumer_offsets-42 since its associated leader epoch 0 matches the current leader epoch (state.change.logger)
[2025-03-06 00:05:16,656] INFO [Broker id=0] Ignoring LeaderAndIsr request from controller 0 with correlation id 1 epoch 2 for partition __consumer_offsets-21 since its associated leader epoch 0 matches the current leader epoch (state.change.logger)
[2025-03-06 00:05:16,656] INFO [Broker id=0] Ignoring LeaderAndIsr request from controller 0 with correlation id 1 epoch 2 for partition __consumer_offsets-17 since its associated leader epoch 0 matches the current leader epoch (state.change.logger)
[2025-03-06 00:05:16,656] INFO [Broker id=0] Ignoring LeaderAndIsr request from controller 0 with correlation id 1 epoch 2 for partition __consumer_offsets-30 since its associated leader epoch 0 matches the current leader epoch (state.change.logger)
[2025-03-06 00:05:16,656] INFO [Broker id=0] Ignoring LeaderAndIsr request from controller 0 with correlation id 1 epoch 2 for partition __consumer_offsets-26 since its associated leader epoch 0 matches the current leader epoch (state.change.logger)
[2025-03-06 00:05:16,656] INFO [Broker id=0] Ignoring LeaderAndIsr request from controller 0 with correlation id 1 epoch 2 for partition __consumer_offsets-5 since its associated leader epoch 0 matches the current leader epoch (state.change.logger)
[2025-03-06 00:05:16,656] INFO [Broker id=0] Ignoring LeaderAndIsr request from controller 0 with correlation id 1 epoch 2 for partition __consumer_offsets-38 since its associated leader epoch 0 matches the current leader epoch (state.change.logger)
[2025-03-06 00:05:16,656] INFO [Broker id=0] Ignoring LeaderAndIsr request from controller 0 with correlation id 1 epoch 2 for partition __consumer_offsets-1 since its associated leader epoch 0 matches the current leader epoch (state.change.logger)
[2025-03-06 00:05:16,656] INFO [Broker id=0] Ignoring LeaderAndIsr request from controller 0 with correlation id 1 epoch 2 for partition __consumer_offsets-34 since its associated leader epoch 0 matches the current leader epoch (state.change.logger)
[2025-03-06 00:05:16,656] INFO [Broker id=0] Ignoring LeaderAndIsr request from controller 0 with correlation id 1 epoch 2 for partition __consumer_offsets-16 since its associated leader epoch 0 matches the current leader epoch (state.change.logger)
[2025-03-06 00:05:16,656] INFO [Broker id=0] Ignoring LeaderAndIsr request from controller 0 with correlation id 1 epoch 2 for partition __consumer_offsets-45 since its associated leader epoch 0 matches the current leader epoch (state.change.logger)
[2025-03-06 00:05:16,656] INFO [Broker id=0] Ignoring LeaderAndIsr request from controller 0 with correlation id 1 epoch 2 for partition __consumer_offsets-12 since its associated leader epoch 0 matches the current leader epoch (state.change.logger)
[2025-03-06 00:05:16,656] INFO [Broker id=0] Ignoring LeaderAndIsr request from controller 0 with correlation id 1 epoch 2 for partition __consumer_offsets-41 since its associated leader epoch 0 matches the current leader epoch (state.change.logger)
[2025-03-06 00:05:16,656] INFO [Broker id=0] Ignoring LeaderAndIsr request from controller 0 with correlation id 1 epoch 2 for partition __consumer_offsets-24 since its associated leader epoch 0 matches the current leader epoch (state.change.logger)
[2025-03-06 00:05:16,671] INFO [Broker id=0] Ignoring LeaderAndIsr request from controller 0 with correlation id 1 epoch 2 for partition __consumer_offsets-20 since its associated leader epoch 0 matches the current leader epoch (state.change.logger)
[2025-03-06 00:05:16,671] INFO [Broker id=0] Ignoring LeaderAndIsr request from controller 0 with correlation id 1 epoch 2 for partition __consumer_offsets-49 since its associated leader epoch 0 matches the current leader epoch (state.change.logger)
[2025-03-06 00:05:16,671] INFO [Broker id=0] Ignoring LeaderAndIsr request from controller 0 with correlation id 1 epoch 2 for partition __consumer_offsets-0 since its associated leader epoch 0 matches the current leader epoch (state.change.logger)
[2025-03-06 00:05:16,671] INFO [Broker id=0] Ignoring LeaderAndIsr request from controller 0 with correlation id 1 epoch 2 for partition __consumer_offsets-29 since its associated leader epoch 0 matches the current leader epoch (state.change.logger)
[2025-03-06 00:05:16,671] INFO [Broker id=0] Ignoring LeaderAndIsr request from controller 0 with correlation id 1 epoch 2 for partition __consumer_offsets-25 since its associated leader epoch 0 matches the current leader epoch (state.change.logger)
[2025-03-06 00:05:16,671] INFO [Broker id=0] Ignoring LeaderAndIsr request from controller 0 with correlation id 1 epoch 2 for partition __consumer_offsets-8 since its associated leader epoch 0 matches the current leader epoch (state.change.logger)
[2025-03-06 00:05:16,671] INFO [Broker id=0] Ignoring LeaderAndIsr request from controller 0 with correlation id 1 epoch 2 for partition __consumer_offsets-37 since its associated leader epoch 0 matches the current leader epoch (state.change.logger)
[2025-03-06 00:05:16,671] INFO [Broker id=0] Ignoring LeaderAndIsr request from controller 0 with correlation id 1 epoch 2 for partition __consumer_offsets-4 since its associated leader epoch 0 matches the current leader epoch (state.change.logger)
[2025-03-06 00:05:16,671] INFO [Broker id=0] Ignoring LeaderAndIsr request from controller 0 with correlation id 1 epoch 2 for partition __consumer_offsets-33 since its associated leader epoch 0 matches the current leader epoch (state.change.logger)
[2025-03-06 00:05:16,671] INFO [Broker id=0] Ignoring LeaderAndIsr request from controller 0 with correlation id 1 epoch 2 for partition __consumer_offsets-15 since its associated leader epoch 0 matches the current leader epoch (state.change.logger)
[2025-03-06 00:05:16,671] INFO [Broker id=0] Ignoring LeaderAndIsr request from controller 0 with correlation id 1 epoch 2 for partition __consumer_offsets-48 since its associated leader epoch 0 matches the current leader epoch (state.change.logger)
[2025-03-06 00:05:16,671] INFO [Broker id=0] Ignoring LeaderAndIsr request from controller 0 with correlation id 1 epoch 2 for partition __consumer_offsets-11 since its associated leader epoch 0 matches the current leader epoch (state.change.logger)
[2025-03-06 00:05:16,671] INFO [Broker id=0] Ignoring LeaderAndIsr request from controller 0 with correlation id 1 epoch 2 for partition __consumer_offsets-44 since its associated leader epoch 0 matches the current leader epoch (state.change.logger)
[2025-03-06 00:05:16,671] INFO [Broker id=0] Ignoring LeaderAndIsr request from controller 0 with correlation id 1 epoch 2 for partition __consumer_offsets-23 since its associated leader epoch 0 matches the current leader epoch (state.change.logger)
[2025-03-06 00:05:16,671] INFO [Broker id=0] Ignoring LeaderAndIsr request from controller 0 with correlation id 1 epoch 2 for partition __consumer_offsets-19 since its associated leader epoch 0 matches the current leader epoch (state.change.logger)
[2025-03-06 00:05:16,671] INFO [Broker id=0] Ignoring LeaderAndIsr request from controller 0 with correlation id 1 epoch 2 for partition __consumer_offsets-32 since its associated leader epoch 0 matches the current leader epoch (state.change.logger)
[2025-03-06 00:05:16,671] INFO [Broker id=0] Ignoring LeaderAndIsr request from controller 0 with correlation id 1 epoch 2 for partition __consumer_offsets-28 since its associated leader epoch 0 matches the current leader epoch (state.change.logger)
[2025-03-06 00:05:16,671] INFO [Broker id=0] Ignoring LeaderAndIsr request from controller 0 with correlation id 1 epoch 2 for partition __consumer_offsets-7 since its associated leader epoch 0 matches the current leader epoch (state.change.logger)
[2025-03-06 00:05:16,671] INFO [Broker id=0] Ignoring LeaderAndIsr request from controller 0 with correlation id 1 epoch 2 for partition __consumer_offsets-40 since its associated leader epoch 0 matches the current leader epoch (state.change.logger)
[2025-03-06 00:05:16,671] INFO [Broker id=0] Ignoring LeaderAndIsr request from controller 0 with correlation id 1 epoch 2 for partition __consumer_offsets-3 since its associated leader epoch 0 matches the current leader epoch (state.change.logger)
[2025-03-06 00:05:16,671] INFO [Broker id=0] Ignoring LeaderAndIsr request from controller 0 with correlation id 1 epoch 2 for partition __consumer_offsets-36 since its associated leader epoch 0 matches the current leader epoch (state.change.logger)
[2025-03-06 00:05:16,671] INFO [Broker id=0] Ignoring LeaderAndIsr request from controller 0 with correlation id 1 epoch 2 for partition __consumer_offsets-47 since its associated leader epoch 0 matches the current leader epoch (state.change.logger)
[2025-03-06 00:05:16,671] INFO [Broker id=0] Ignoring LeaderAndIsr request from controller 0 with correlation id 1 epoch 2 for partition __consumer_offsets-14 since its associated leader epoch 0 matches the current leader epoch (state.change.logger)
[2025-03-06 00:05:16,671] INFO [Broker id=0] Ignoring LeaderAndIsr request from controller 0 with correlation id 1 epoch 2 for partition __consumer_offsets-43 since its associated leader epoch 0 matches the current leader epoch (state.change.logger)
[2025-03-06 00:05:16,671] INFO [Broker id=0] Ignoring LeaderAndIsr request from controller 0 with correlation id 1 epoch 2 for partition __consumer_offsets-10 since its associated leader epoch 0 matches the current leader epoch (state.change.logger)
[2025-03-06 00:05:16,671] INFO [Broker id=0] Ignoring LeaderAndIsr request from controller 0 with correlation id 1 epoch 2 for partition __consumer_offsets-22 since its associated leader epoch 0 matches the current leader epoch (state.change.logger)
[2025-03-06 00:05:16,671] INFO [Broker id=0] Ignoring LeaderAndIsr request from controller 0 with correlation id 1 epoch 2 for partition __consumer_offsets-18 since its associated leader epoch 0 matches the current leader epoch (state.change.logger)
[2025-03-06 00:05:16,671] INFO [Broker id=0] Ignoring LeaderAndIsr request from controller 0 with correlation id 1 epoch 2 for partition __consumer_offsets-31 since its associated leader epoch 0 matches the current leader epoch (state.change.logger)
[2025-03-06 00:05:16,671] INFO [Broker id=0] Ignoring LeaderAndIsr request from controller 0 with correlation id 1 epoch 2 for partition __consumer_offsets-27 since its associated leader epoch 0 matches the current leader epoch (state.change.logger)
[2025-03-06 00:05:16,671] INFO [Broker id=0] Ignoring LeaderAndIsr request from controller 0 with correlation id 1 epoch 2 for partition __consumer_offsets-39 since its associated leader epoch 0 matches the current leader epoch (state.change.logger)
[2025-03-06 00:05:16,671] INFO [Broker id=0] Ignoring LeaderAndIsr request from controller 0 with correlation id 1 epoch 2 for partition __consumer_offsets-6 since its associated leader epoch 0 matches the current leader epoch (state.change.logger)
[2025-03-06 00:05:16,671] INFO [Broker id=0] Ignoring LeaderAndIsr request from controller 0 with correlation id 1 epoch 2 for partition __consumer_offsets-35 since its associated leader epoch 0 matches the current leader epoch (state.change.logger)
[2025-03-06 00:05:16,671] INFO [Broker id=0] Ignoring LeaderAndIsr request from controller 0 with correlation id 1 epoch 2 for partition __consumer_offsets-2 since its associated leader epoch 0 matches the current leader epoch (state.change.logger)
[2025-03-06 00:05:16,671] INFO [Broker id=0] Finished LeaderAndIsr request in 15ms correlationId 1 from controller 0 for 52 partitions (state.change.logger)
[2025-03-06 00:05:16,671] INFO [Broker id=0] Add 52 partitions and deleted 0 partitions from metadata cache in response to UpdateMetadata request sent by controller 0 epoch 2 with correlation id 2 (state.change.logger)
[2025-03-06 03:34:38,907] INFO [Controller id=0 epoch=2] Changed partition user-service-project-created-0 state from NonExistentPartition to NewPartition with assigned replicas 0 (state.change.logger)
[2025-03-06 03:34:38,909] INFO [Controller id=0 epoch=2] Sending UpdateMetadata request to brokers HashSet() for 0 partitions (state.change.logger)
[2025-03-06 03:34:38,914] INFO [Controller id=0 epoch=2] Sending UpdateMetadata request to brokers HashSet() for 0 partitions (state.change.logger)
[2025-03-06 03:34:38,929] INFO [Controller id=0 epoch=2] Changed partition user-service-project-created-0 from NewPartition to OnlinePartition with state LeaderAndIsr(leader=0, leaderEpoch=0, isrWithBrokerEpoch=List(BrokerState(brokerId=0, brokerEpoch=-1)), leaderRecoveryState=RECOVERED, partitionEpoch=0) (state.change.logger)
[2025-03-06 03:34:38,929] INFO [Controller id=0 epoch=2] Sending LeaderAndIsr request to broker 0 with 1 become-leader and 0 become-follower partitions (state.change.logger)
[2025-03-06 03:34:38,931] INFO [Controller id=0 epoch=2] Sending UpdateMetadata request to brokers HashSet(0) for 1 partitions (state.change.logger)
[2025-03-06 03:34:38,932] INFO [Controller id=0 epoch=2] Sending UpdateMetadata request to brokers HashSet() for 0 partitions (state.change.logger)
[2025-03-06 03:34:39,004] INFO [Broker id=0] Handling LeaderAndIsr request correlationId 3 from controller 0 for 1 partitions (state.change.logger)
[2025-03-06 03:34:39,012] INFO [Broker id=0] Stopped fetchers as part of LeaderAndIsr request correlationId 3 from controller 0 epoch 2 as part of the become-leader transition for 1 partitions (state.change.logger)
[2025-03-06 03:34:39,080] INFO [Broker id=0] Leader user-service-project-created-0 with topic id Some(ullV932RTQKVu3UQX2PkBQ) starts at leader epoch 0 from offset 0 with partition epoch 0, high watermark 0, ISR [0], adding replicas [] and removing replicas [] . Previous leader None and previous leader epoch was -1. (state.change.logger)
[2025-03-06 03:34:39,089] INFO [Broker id=0] Finished LeaderAndIsr request in 86ms correlationId 3 from controller 0 for 1 partitions (state.change.logger)
[2025-03-06 03:34:39,096] INFO [Broker id=0] Add 1 partitions and deleted 0 partitions from metadata cache in response to UpdateMetadata request sent by controller 0 epoch 2 with correlation id 4 (state.change.logger)
[2025-03-06 03:46:08,930] INFO [Controller id=0 epoch=2] Changed partition team-service-topic-0 state from NonExistentPartition to NewPartition with assigned replicas 0 (state.change.logger)
[2025-03-06 03:46:08,930] INFO [Controller id=0 epoch=2] Sending UpdateMetadata request to brokers HashSet() for 0 partitions (state.change.logger)
[2025-03-06 03:46:08,946] INFO [Controller id=0 epoch=2] Sending UpdateMetadata request to brokers HashSet() for 0 partitions (state.change.logger)
[2025-03-06 03:46:08,956] INFO [Controller id=0 epoch=2] Changed partition team-service-topic-0 from NewPartition to OnlinePartition with state LeaderAndIsr(leader=0, leaderEpoch=0, isrWithBrokerEpoch=List(BrokerState(brokerId=0, brokerEpoch=-1)), leaderRecoveryState=RECOVERED, partitionEpoch=0) (state.change.logger)
[2025-03-06 03:46:08,956] INFO [Controller id=0 epoch=2] Sending LeaderAndIsr request to broker 0 with 1 become-leader and 0 become-follower partitions (state.change.logger)
[2025-03-06 03:46:08,958] INFO [Controller id=0 epoch=2] Sending UpdateMetadata request to brokers HashSet(0) for 1 partitions (state.change.logger)
[2025-03-06 03:46:08,958] INFO [Controller id=0 epoch=2] Sending UpdateMetadata request to brokers HashSet() for 0 partitions (state.change.logger)
[2025-03-06 03:46:08,972] INFO [Broker id=0] Handling LeaderAndIsr request correlationId 5 from controller 0 for 1 partitions (state.change.logger)
[2025-03-06 03:46:08,981] INFO [Broker id=0] Stopped fetchers as part of LeaderAndIsr request correlationId 5 from controller 0 epoch 2 as part of the become-leader transition for 1 partitions (state.change.logger)
[2025-03-06 03:46:09,022] INFO [Broker id=0] Leader team-service-topic-0 with topic id Some(lreTNefUT5azin5IkbKUjA) starts at leader epoch 0 from offset 0 with partition epoch 0, high watermark 0, ISR [0], adding replicas [] and removing replicas [] . Previous leader None and previous leader epoch was -1. (state.change.logger)
[2025-03-06 03:46:09,022] INFO [Broker id=0] Finished LeaderAndIsr request in 50ms correlationId 5 from controller 0 for 1 partitions (state.change.logger)
[2025-03-06 03:46:09,022] INFO [Broker id=0] Add 1 partitions and deleted 0 partitions from metadata cache in response to UpdateMetadata request sent by controller 0 epoch 2 with correlation id 6 (state.change.logger)
[2025-03-07 22:47:44,033] INFO [Controller id=0 epoch=3] Sending UpdateMetadata request to brokers HashSet(0) for 0 partitions (state.change.logger)
[2025-03-07 22:47:44,117] INFO [Controller id=0 epoch=3] Sending LeaderAndIsr request to broker 0 with 54 become-leader and 0 become-follower partitions (state.change.logger)
[2025-03-07 22:47:44,117] INFO [Controller id=0 epoch=3] Sending UpdateMetadata request to brokers HashSet(0) for 54 partitions (state.change.logger)
[2025-03-07 22:47:44,773] INFO [Broker id=0] Handling LeaderAndIsr request correlationId 1 from controller 0 for 54 partitions (state.change.logger)
[2025-03-07 22:47:44,805] INFO [Broker id=0] Stopped fetchers as part of LeaderAndIsr request correlationId 1 from controller 0 epoch 3 as part of the become-leader transition for 54 partitions (state.change.logger)
[2025-03-07 22:47:44,838] INFO [Broker id=0] Leader __consumer_offsets-3 with topic id Some(yVtNvhpQTZS9kaCM_OMWFA) starts at leader epoch 0 from offset 0 with partition epoch 0, high watermark 0, ISR [0], adding replicas [] and removing replicas [] . Previous leader None and previous leader epoch was -1. (state.change.logger)
[2025-03-07 22:47:44,855] INFO [Broker id=0] Leader __consumer_offsets-18 with topic id Some(yVtNvhpQTZS9kaCM_OMWFA) starts at leader epoch 0 from offset 0 with partition epoch 0, high watermark 0, ISR [0], adding replicas [] and removing replicas [] . Previous leader None and previous leader epoch was -1. (state.change.logger)
[2025-03-07 22:47:44,862] INFO [Broker id=0] Leader __consumer_offsets-41 with topic id Some(yVtNvhpQTZS9kaCM_OMWFA) starts at leader epoch 0 from offset 0 with partition epoch 0, high watermark 0, ISR [0], adding replicas [] and removing replicas [] . Previous leader None and previous leader epoch was -1. (state.change.logger)
[2025-03-07 22:47:44,868] INFO [Broker id=0] Leader __consumer_offsets-10 with topic id Some(yVtNvhpQTZS9kaCM_OMWFA) starts at leader epoch 0 from offset 0 with partition epoch 0, high watermark 0, ISR [0], adding replicas [] and removing replicas [] . Previous leader None and previous leader epoch was -1. (state.change.logger)
[2025-03-07 22:47:44,872] INFO [Broker id=0] Leader team-service-topic-0 with topic id Some(lreTNefUT5azin5IkbKUjA) starts at leader epoch 0 from offset 4 with partition epoch 0, high watermark 4, ISR [0], adding replicas [] and removing replicas [] . Previous leader None and previous leader epoch was -1. (state.change.logger)
[2025-03-07 22:47:44,877] INFO [Broker id=0] Leader __consumer_offsets-33 with topic id Some(yVtNvhpQTZS9kaCM_OMWFA) starts at leader epoch 0 from offset 0 with partition epoch 0, high watermark 0, ISR [0], adding replicas [] and removing replicas [] . Previous leader None and previous leader epoch was -1. (state.change.logger)
[2025-03-07 22:47:44,885] INFO [Broker id=0] Leader __consumer_offsets-48 with topic id Some(yVtNvhpQTZS9kaCM_OMWFA) starts at leader epoch 0 from offset 0 with partition epoch 0, high watermark 0, ISR [0], adding replicas [] and removing replicas [] . Previous leader None and previous leader epoch was -1. (state.change.logger)
[2025-03-07 22:47:44,893] INFO [Broker id=0] Leader __consumer_offsets-19 with topic id Some(yVtNvhpQTZS9kaCM_OMWFA) starts at leader epoch 0 from offset 0 with partition epoch 0, high watermark 0, ISR [0], adding replicas [] and removing replicas [] . Previous leader None and previous leader epoch was -1. (state.change.logger)
[2025-03-07 22:47:44,893] INFO [Broker id=0] Leader __consumer_offsets-34 with topic id Some(yVtNvhpQTZS9kaCM_OMWFA) starts at leader epoch 0 from offset 6 with partition epoch 0, high watermark 6, ISR [0], adding replicas [] and removing replicas [] . Previous leader None and previous leader epoch was -1. (state.change.logger)
[2025-03-07 22:47:44,901] INFO [Broker id=0] Leader user-avatar-updated-0 with topic id Some(nLkwmfBmRj-stt_3pcinFQ) starts at leader epoch 0 from offset 1 with partition epoch 0, high watermark 1, ISR [0], adding replicas [] and removing replicas [] . Previous leader None and previous leader epoch was -1. (state.change.logger)
[2025-03-07 22:47:44,903] INFO [Broker id=0] Leader __consumer_offsets-4 with topic id Some(yVtNvhpQTZS9kaCM_OMWFA) starts at leader epoch 0 from offset 0 with partition epoch 0, high watermark 0, ISR [0], adding replicas [] and removing replicas [] . Previous leader None and previous leader epoch was -1. (state.change.logger)
[2025-03-07 22:47:44,910] INFO [Broker id=0] Leader __consumer_offsets-11 with topic id Some(yVtNvhpQTZS9kaCM_OMWFA) starts at leader epoch 0 from offset 0 with partition epoch 0, high watermark 0, ISR [0], adding replicas [] and removing replicas [] . Previous leader None and previous leader epoch was -1. (state.change.logger)
[2025-03-07 22:47:44,910] INFO [Broker id=0] Leader __consumer_offsets-26 with topic id Some(yVtNvhpQTZS9kaCM_OMWFA) starts at leader epoch 0 from offset 0 with partition epoch 0, high watermark 0, ISR [0], adding replicas [] and removing replicas [] . Previous leader None and previous leader epoch was -1. (state.change.logger)
[2025-03-07 22:47:44,921] INFO [Broker id=0] Leader __consumer_offsets-49 with topic id Some(yVtNvhpQTZS9kaCM_OMWFA) starts at leader epoch 0 from offset 0 with partition epoch 0, high watermark 0, ISR [0], adding replicas [] and removing replicas [] . Previous leader None and previous leader epoch was -1. (state.change.logger)
[2025-03-07 22:47:44,928] INFO [Broker id=0] Leader __consumer_offsets-39 with topic id Some(yVtNvhpQTZS9kaCM_OMWFA) starts at leader epoch 0 from offset 0 with partition epoch 0, high watermark 0, ISR [0], adding replicas [] and removing replicas [] . Previous leader None and previous leader epoch was -1. (state.change.logger)
[2025-03-07 22:47:44,935] INFO [Broker id=0] Leader __consumer_offsets-9 with topic id Some(yVtNvhpQTZS9kaCM_OMWFA) starts at leader epoch 0 from offset 0 with partition epoch 0, high watermark 0, ISR [0], adding replicas [] and removing replicas [] . Previous leader None and previous leader epoch was -1. (state.change.logger)
[2025-03-07 22:47:44,943] INFO [Broker id=0] Leader __consumer_offsets-24 with topic id Some(yVtNvhpQTZS9kaCM_OMWFA) starts at leader epoch 0 from offset 0 with partition epoch 0, high watermark 0, ISR [0], adding replicas [] and removing replicas [] . Previous leader None and previous leader epoch was -1. (state.change.logger)
[2025-03-07 22:47:44,946] INFO [Broker id=0] Leader __consumer_offsets-31 with topic id Some(yVtNvhpQTZS9kaCM_OMWFA) starts at leader epoch 0 from offset 0 with partition epoch 0, high watermark 0, ISR [0], adding replicas [] and removing replicas [] . Previous leader None and previous leader epoch was -1. (state.change.logger)
[2025-03-07 22:47:44,951] INFO [Broker id=0] Leader __consumer_offsets-46 with topic id Some(yVtNvhpQTZS9kaCM_OMWFA) starts at leader epoch 0 from offset 0 with partition epoch 0, high watermark 0, ISR [0], adding replicas [] and removing replicas [] . Previous leader None and previous leader epoch was -1. (state.change.logger)
[2025-03-07 22:47:44,960] INFO [Broker id=0] Leader __consumer_offsets-1 with topic id Some(yVtNvhpQTZS9kaCM_OMWFA) starts at leader epoch 0 from offset 0 with partition epoch 0, high watermark 0, ISR [0], adding replicas [] and removing replicas [] . Previous leader None and previous leader epoch was -1. (state.change.logger)
[2025-03-07 22:47:44,966] INFO [Broker id=0] Leader __consumer_offsets-16 with topic id Some(yVtNvhpQTZS9kaCM_OMWFA) starts at leader epoch 0 from offset 0 with partition epoch 0, high watermark 0, ISR [0], adding replicas [] and removing replicas [] . Previous leader None and previous leader epoch was -1. (state.change.logger)
[2025-03-07 22:47:44,968] INFO [Broker id=0] Leader __consumer_offsets-2 with topic id Some(yVtNvhpQTZS9kaCM_OMWFA) starts at leader epoch 0 from offset 0 with partition epoch 0, high watermark 0, ISR [0], adding replicas [] and removing replicas [] . Previous leader None and previous leader epoch was -1. (state.change.logger)
[2025-03-07 22:47:44,976] INFO [Broker id=0] Leader __consumer_offsets-25 with topic id Some(yVtNvhpQTZS9kaCM_OMWFA) starts at leader epoch 0 from offset 0 with partition epoch 0, high watermark 0, ISR [0], adding replicas [] and removing replicas [] . Previous leader None and previous leader epoch was -1. (state.change.logger)
[2025-03-07 22:47:44,976] INFO [Broker id=0] Leader __consumer_offsets-40 with topic id Some(yVtNvhpQTZS9kaCM_OMWFA) starts at leader epoch 0 from offset 0 with partition epoch 0, high watermark 0, ISR [0], adding replicas [] and removing replicas [] . Previous leader None and previous leader epoch was -1. (state.change.logger)
[2025-03-07 22:47:44,986] INFO [Broker id=0] Leader __consumer_offsets-47 with topic id Some(yVtNvhpQTZS9kaCM_OMWFA) starts at leader epoch 0 from offset 0 with partition epoch 0, high watermark 0, ISR [0], adding replicas [] and removing replicas [] . Previous leader None and previous leader epoch was -1. (state.change.logger)
[2025-03-07 22:47:44,993] INFO [Broker id=0] Leader __consumer_offsets-17 with topic id Some(yVtNvhpQTZS9kaCM_OMWFA) starts at leader epoch 0 from offset 0 with partition epoch 0, high watermark 0, ISR [0], adding replicas [] and removing replicas [] . Previous leader None and previous leader epoch was -1. (state.change.logger)
[2025-03-07 22:47:45,001] INFO [Broker id=0] Leader __consumer_offsets-32 with topic id Some(yVtNvhpQTZS9kaCM_OMWFA) starts at leader epoch 0 from offset 0 with partition epoch 0, high watermark 0, ISR [0], adding replicas [] and removing replicas [] . Previous leader None and previous leader epoch was -1. (state.change.logger)
[2025-03-07 22:47:45,004] INFO [Broker id=0] Leader __consumer_offsets-37 with topic id Some(yVtNvhpQTZS9kaCM_OMWFA) starts at leader epoch 0 from offset 0 with partition epoch 0, high watermark 0, ISR [0], adding replicas [] and removing replicas [] . Previous leader None and previous leader epoch was -1. (state.change.logger)
[2025-03-07 22:47:45,012] INFO [Broker id=0] Leader __consumer_offsets-7 with topic id Some(yVtNvhpQTZS9kaCM_OMWFA) starts at leader epoch 0 from offset 0 with partition epoch 0, high watermark 0, ISR [0], adding replicas [] and removing replicas [] . Previous leader None and previous leader epoch was -1. (state.change.logger)
[2025-03-07 22:47:45,019] INFO [Broker id=0] Leader __consumer_offsets-22 with topic id Some(yVtNvhpQTZS9kaCM_OMWFA) starts at leader epoch 0 from offset 0 with partition epoch 0, high watermark 0, ISR [0], adding replicas [] and removing replicas [] . Previous leader None and previous leader epoch was -1. (state.change.logger)
[2025-03-07 22:47:45,026] INFO [Broker id=0] Leader __consumer_offsets-29 with topic id Some(yVtNvhpQTZS9kaCM_OMWFA) starts at leader epoch 0 from offset 0 with partition epoch 0, high watermark 0, ISR [0], adding replicas [] and removing replicas [] . Previous leader None and previous leader epoch was -1. (state.change.logger)
[2025-03-07 22:47:45,030] INFO [Broker id=0] Leader __consumer_offsets-44 with topic id Some(yVtNvhpQTZS9kaCM_OMWFA) starts at leader epoch 0 from offset 0 with partition epoch 0, high watermark 0, ISR [0], adding replicas [] and removing replicas [] . Previous leader None and previous leader epoch was -1. (state.change.logger)
[2025-03-07 22:47:45,034] INFO [Broker id=0] Leader __consumer_offsets-14 with topic id Some(yVtNvhpQTZS9kaCM_OMWFA) starts at leader epoch 0 from offset 0 with partition epoch 0, high watermark 0, ISR [0], adding replicas [] and removing replicas [] . Previous leader None and previous leader epoch was -1. (state.change.logger)
[2025-03-07 22:47:45,043] INFO [Broker id=0] Leader __consumer_offsets-23 with topic id Some(yVtNvhpQTZS9kaCM_OMWFA) starts at leader epoch 0 from offset 0 with partition epoch 0, high watermark 0, ISR [0], adding replicas [] and removing replicas [] . Previous leader None and previous leader epoch was -1. (state.change.logger)
[2025-03-07 22:47:45,046] INFO [Broker id=0] Leader __consumer_offsets-38 with topic id Some(yVtNvhpQTZS9kaCM_OMWFA) starts at leader epoch 0 from offset 0 with partition epoch 0, high watermark 0, ISR [0], adding replicas [] and removing replicas [] . Previous leader None and previous leader epoch was -1. (state.change.logger)
[2025-03-07 22:47:45,051] INFO [Broker id=0] Leader __consumer_offsets-8 with topic id Some(yVtNvhpQTZS9kaCM_OMWFA) starts at leader epoch 0 from offset 0 with partition epoch 0, high watermark 0, ISR [0], adding replicas [] and removing replicas [] . Previous leader None and previous leader epoch was -1. (state.change.logger)
[2025-03-07 22:47:45,060] INFO [Broker id=0] Leader __consumer_offsets-45 with topic id Some(yVtNvhpQTZS9kaCM_OMWFA) starts at leader epoch 0 from offset 0 with partition epoch 0, high watermark 0, ISR [0], adding replicas [] and removing replicas [] . Previous leader None and previous leader epoch was -1. (state.change.logger)
[2025-03-07 22:47:45,067] INFO [Broker id=0] Leader __consumer_offsets-15 with topic id Some(yVtNvhpQTZS9kaCM_OMWFA) starts at leader epoch 0 from offset 0 with partition epoch 0, high watermark 0, ISR [0], adding replicas [] and removing replicas [] . Previous leader None and previous leader epoch was -1. (state.change.logger)
[2025-03-07 22:47:45,068] INFO [Broker id=0] Leader __consumer_offsets-30 with topic id Some(yVtNvhpQTZS9kaCM_OMWFA) starts at leader epoch 0 from offset 0 with partition epoch 0, high watermark 0, ISR [0], adding replicas [] and removing replicas [] . Previous leader None and previous leader epoch was -1. (state.change.logger)
[2025-03-07 22:47:45,076] INFO [Broker id=0] Leader __consumer_offsets-0 with topic id Some(yVtNvhpQTZS9kaCM_OMWFA) starts at leader epoch 0 from offset 0 with partition epoch 0, high watermark 0, ISR [0], adding replicas [] and removing replicas [] . Previous leader None and previous leader epoch was -1. (state.change.logger)
[2025-03-07 22:47:45,085] INFO [Broker id=0] Leader __consumer_offsets-35 with topic id Some(yVtNvhpQTZS9kaCM_OMWFA) starts at leader epoch 0 from offset 0 with partition epoch 0, high watermark 0, ISR [0], adding replicas [] and removing replicas [] . Previous leader None and previous leader epoch was -1. (state.change.logger)
[2025-03-07 22:47:45,092] INFO [Broker id=0] Leader file-upload-0 with topic id Some(qUUkEhR0T9aNij5ZNHVOoQ) starts at leader epoch 0 from offset 1 with partition epoch 0, high watermark 1, ISR [0], adding replicas [] and removing replicas [] . Previous leader None and previous leader epoch was -1. (state.change.logger)
[2025-03-07 22:47:45,093] INFO [Broker id=0] Leader __consumer_offsets-5 with topic id Some(yVtNvhpQTZS9kaCM_OMWFA) starts at leader epoch 0 from offset 0 with partition epoch 0, high watermark 0, ISR [0], adding replicas [] and removing replicas [] . Previous leader None and previous leader epoch was -1. (state.change.logger)
[2025-03-07 22:47:45,093] INFO [Broker id=0] Leader __consumer_offsets-20 with topic id Some(yVtNvhpQTZS9kaCM_OMWFA) starts at leader epoch 0 from offset 0 with partition epoch 0, high watermark 0, ISR [0], adding replicas [] and removing replicas [] . Previous leader None and previous leader epoch was -1. (state.change.logger)
[2025-03-07 22:47:45,101] INFO [Broker id=0] Leader __consumer_offsets-27 with topic id Some(yVtNvhpQTZS9kaCM_OMWFA) starts at leader epoch 0 from offset 32 with partition epoch 0, high watermark 31, ISR [0], adding replicas [] and removing replicas [] . Previous leader None and previous leader epoch was -1. (state.change.logger)
[2025-03-07 22:47:45,111] INFO [Broker id=0] Leader __consumer_offsets-42 with topic id Some(yVtNvhpQTZS9kaCM_OMWFA) starts at leader epoch 0 from offset 0 with partition epoch 0, high watermark 0, ISR [0], adding replicas [] and removing replicas [] . Previous leader None and previous leader epoch was -1. (state.change.logger)
[2025-03-07 22:47:45,119] INFO [Broker id=0] Leader __consumer_offsets-12 with topic id Some(yVtNvhpQTZS9kaCM_OMWFA) starts at leader epoch 0 from offset 0 with partition epoch 0, high watermark 0, ISR [0], adding replicas [] and removing replicas [] . Previous leader None and previous leader epoch was -1. (state.change.logger)
[2025-03-07 22:47:45,126] INFO [Broker id=0] Leader user-service-project-created-0 with topic id Some(ullV932RTQKVu3UQX2PkBQ) starts at leader epoch 0 from offset 4 with partition epoch 0, high watermark 4, ISR [0], adding replicas [] and removing replicas [] . Previous leader None and previous leader epoch was -1. (state.change.logger)
[2025-03-07 22:47:45,126] INFO [Broker id=0] Leader __consumer_offsets-21 with topic id Some(yVtNvhpQTZS9kaCM_OMWFA) starts at leader epoch 0 from offset 0 with partition epoch 0, high watermark 0, ISR [0], adding replicas [] and removing replicas [] . Previous leader None and previous leader epoch was -1. (state.change.logger)
[2025-03-07 22:47:45,133] INFO [Broker id=0] Leader __consumer_offsets-36 with topic id Some(yVtNvhpQTZS9kaCM_OMWFA) starts at leader epoch 0 from offset 0 with partition epoch 0, high watermark 0, ISR [0], adding replicas [] and removing replicas [] . Previous leader None and previous leader epoch was -1. (state.change.logger)
[2025-03-07 22:47:45,139] INFO [Broker id=0] Leader __consumer_offsets-6 with topic id Some(yVtNvhpQTZS9kaCM_OMWFA) starts at leader epoch 0 from offset 0 with partition epoch 0, high watermark 0, ISR [0], adding replicas [] and removing replicas [] . Previous leader None and previous leader epoch was -1. (state.change.logger)
[2025-03-07 22:47:45,143] INFO [Broker id=0] Leader __consumer_offsets-43 with topic id Some(yVtNvhpQTZS9kaCM_OMWFA) starts at leader epoch 0 from offset 0 with partition epoch 0, high watermark 0, ISR [0], adding replicas [] and removing replicas [] . Previous leader None and previous leader epoch was -1. (state.change.logger)
[2025-03-07 22:47:45,151] INFO [Broker id=0] Leader __consumer_offsets-13 with topic id Some(yVtNvhpQTZS9kaCM_OMWFA) starts at leader epoch 0 from offset 12 with partition epoch 0, high watermark 12, ISR [0], adding replicas [] and removing replicas [] . Previous leader None and previous leader epoch was -1. (state.change.logger)
[2025-03-07 22:47:45,151] INFO [Broker id=0] Leader __consumer_offsets-28 with topic id Some(yVtNvhpQTZS9kaCM_OMWFA) starts at leader epoch 0 from offset 0 with partition epoch 0, high watermark 0, ISR [0], adding replicas [] and removing replicas [] . Previous leader None and previous leader epoch was -1. (state.change.logger)
[2025-03-07 22:47:45,345] INFO [Broker id=0] Finished LeaderAndIsr request in 584ms correlationId 1 from controller 0 for 54 partitions (state.change.logger)
[2025-03-07 22:47:45,365] INFO [Broker id=0] Add 54 partitions and deleted 0 partitions from metadata cache in response to UpdateMetadata request sent by controller 0 epoch 3 with correlation id 2 (state.change.logger)
[2025-03-07 23:23:47,427] INFO [Controller id=0 epoch=4] Sending UpdateMetadata request to brokers HashSet(0) for 0 partitions (state.change.logger)
[2025-03-07 23:23:47,443] INFO [Controller id=0 epoch=4] Sending LeaderAndIsr request to broker 0 with 54 become-leader and 0 become-follower partitions (state.change.logger)
[2025-03-07 23:23:47,443] INFO [Controller id=0 epoch=4] Sending UpdateMetadata request to brokers HashSet(0) for 54 partitions (state.change.logger)
[2025-03-07 23:23:47,443] INFO [Broker id=0] Handling LeaderAndIsr request correlationId 1 from controller 0 for 54 partitions (state.change.logger)
[2025-03-07 23:23:47,451] INFO [Broker id=0] Ignoring LeaderAndIsr request from controller 0 with correlation id 1 epoch 4 for partition file-upload-0 since its associated leader epoch 0 matches the current leader epoch (state.change.logger)
[2025-03-07 23:23:47,451] INFO [Broker id=0] Ignoring LeaderAndIsr request from controller 0 with correlation id 1 epoch 4 for partition user-avatar-updated-0 since its associated leader epoch 0 matches the current leader epoch (state.change.logger)
[2025-03-07 23:23:47,451] INFO [Broker id=0] Ignoring LeaderAndIsr request from controller 0 with correlation id 1 epoch 4 for partition team-service-topic-0 since its associated leader epoch 0 matches the current leader epoch (state.change.logger)
[2025-03-07 23:23:47,451] INFO [Broker id=0] Ignoring LeaderAndIsr request from controller 0 with correlation id 1 epoch 4 for partition user-service-project-created-0 since its associated leader epoch 0 matches the current leader epoch (state.change.logger)
[2025-03-07 23:23:47,451] INFO [Broker id=0] Ignoring LeaderAndIsr request from controller 0 with correlation id 1 epoch 4 for partition __consumer_offsets-13 since its associated leader epoch 0 matches the current leader epoch (state.change.logger)
[2025-03-07 23:23:47,451] INFO [Broker id=0] Ignoring LeaderAndIsr request from controller 0 with correlation id 1 epoch 4 for partition __consumer_offsets-46 since its associated leader epoch 0 matches the current leader epoch (state.change.logger)
[2025-03-07 23:23:47,451] INFO [Broker id=0] Ignoring LeaderAndIsr request from controller 0 with correlation id 1 epoch 4 for partition __consumer_offsets-9 since its associated leader epoch 0 matches the current leader epoch (state.change.logger)
[2025-03-07 23:23:47,451] INFO [Broker id=0] Ignoring LeaderAndIsr request from controller 0 with correlation id 1 epoch 4 for partition __consumer_offsets-42 since its associated leader epoch 0 matches the current leader epoch (state.change.logger)
[2025-03-07 23:23:47,451] INFO [Broker id=0] Ignoring LeaderAndIsr request from controller 0 with correlation id 1 epoch 4 for partition __consumer_offsets-21 since its associated leader epoch 0 matches the current leader epoch (state.change.logger)
[2025-03-07 23:23:47,451] INFO [Broker id=0] Ignoring LeaderAndIsr request from controller 0 with correlation id 1 epoch 4 for partition __consumer_offsets-17 since its associated leader epoch 0 matches the current leader epoch (state.change.logger)
[2025-03-07 23:23:47,451] INFO [Broker id=0] Ignoring LeaderAndIsr request from controller 0 with correlation id 1 epoch 4 for partition __consumer_offsets-30 since its associated leader epoch 0 matches the current leader epoch (state.change.logger)
[2025-03-07 23:23:47,451] INFO [Broker id=0] Ignoring LeaderAndIsr request from controller 0 with correlation id 1 epoch 4 for partition __consumer_offsets-26 since its associated leader epoch 0 matches the current leader epoch (state.change.logger)
[2025-03-07 23:23:47,451] INFO [Broker id=0] Ignoring LeaderAndIsr request from controller 0 with correlation id 1 epoch 4 for partition __consumer_offsets-5 since its associated leader epoch 0 matches the current leader epoch (state.change.logger)
[2025-03-07 23:23:47,451] INFO [Broker id=0] Ignoring LeaderAndIsr request from controller 0 with correlation id 1 epoch 4 for partition __consumer_offsets-38 since its associated leader epoch 0 matches the current leader epoch (state.change.logger)
[2025-03-07 23:23:47,451] INFO [Broker id=0] Ignoring LeaderAndIsr request from controller 0 with correlation id 1 epoch 4 for partition __consumer_offsets-1 since its associated leader epoch 0 matches the current leader epoch (state.change.logger)
[2025-03-07 23:23:47,451] INFO [Broker id=0] Ignoring LeaderAndIsr request from controller 0 with correlation id 1 epoch 4 for partition __consumer_offsets-34 since its associated leader epoch 0 matches the current leader epoch (state.change.logger)
[2025-03-07 23:23:47,451] INFO [Broker id=0] Ignoring LeaderAndIsr request from controller 0 with correlation id 1 epoch 4 for partition __consumer_offsets-16 since its associated leader epoch 0 matches the current leader epoch (state.change.logger)
[2025-03-07 23:23:47,451] INFO [Broker id=0] Ignoring LeaderAndIsr request from controller 0 with correlation id 1 epoch 4 for partition __consumer_offsets-45 since its associated leader epoch 0 matches the current leader epoch (state.change.logger)
[2025-03-07 23:23:47,451] INFO [Broker id=0] Ignoring LeaderAndIsr request from controller 0 with correlation id 1 epoch 4 for partition __consumer_offsets-12 since its associated leader epoch 0 matches the current leader epoch (state.change.logger)
[2025-03-07 23:23:47,451] INFO [Broker id=0] Ignoring LeaderAndIsr request from controller 0 with correlation id 1 epoch 4 for partition __consumer_offsets-41 since its associated leader epoch 0 matches the current leader epoch (state.change.logger)
[2025-03-07 23:23:47,451] INFO [Broker id=0] Ignoring LeaderAndIsr request from controller 0 with correlation id 1 epoch 4 for partition __consumer_offsets-24 since its associated leader epoch 0 matches the current leader epoch (state.change.logger)
[2025-03-07 23:23:47,451] INFO [Broker id=0] Ignoring LeaderAndIsr request from controller 0 with correlation id 1 epoch 4 for partition __consumer_offsets-20 since its associated leader epoch 0 matches the current leader epoch (state.change.logger)
[2025-03-07 23:23:47,451] INFO [Broker id=0] Ignoring LeaderAndIsr request from controller 0 with correlation id 1 epoch 4 for partition __consumer_offsets-49 since its associated leader epoch 0 matches the current leader epoch (state.change.logger)
[2025-03-07 23:23:47,451] INFO [Broker id=0] Ignoring LeaderAndIsr request from controller 0 with correlation id 1 epoch 4 for partition __consumer_offsets-0 since its associated leader epoch 0 matches the current leader epoch (state.change.logger)
[2025-03-07 23:23:47,451] INFO [Broker id=0] Ignoring LeaderAndIsr request from controller 0 with correlation id 1 epoch 4 for partition __consumer_offsets-29 since its associated leader epoch 0 matches the current leader epoch (state.change.logger)
[2025-03-07 23:23:47,451] INFO [Broker id=0] Ignoring LeaderAndIsr request from controller 0 with correlation id 1 epoch 4 for partition __consumer_offsets-25 since its associated leader epoch 0 matches the current leader epoch (state.change.logger)
[2025-03-07 23:23:47,451] INFO [Broker id=0] Ignoring LeaderAndIsr request from controller 0 with correlation id 1 epoch 4 for partition __consumer_offsets-8 since its associated leader epoch 0 matches the current leader epoch (state.change.logger)
[2025-03-07 23:23:47,451] INFO [Broker id=0] Ignoring LeaderAndIsr request from controller 0 with correlation id 1 epoch 4 for partition __consumer_offsets-37 since its associated leader epoch 0 matches the current leader epoch (state.change.logger)
[2025-03-07 23:23:47,451] INFO [Broker id=0] Ignoring LeaderAndIsr request from controller 0 with correlation id 1 epoch 4 for partition __consumer_offsets-4 since its associated leader epoch 0 matches the current leader epoch (state.change.logger)
[2025-03-07 23:23:47,451] INFO [Broker id=0] Ignoring LeaderAndIsr request from controller 0 with correlation id 1 epoch 4 for partition __consumer_offsets-33 since its associated leader epoch 0 matches the current leader epoch (state.change.logger)
[2025-03-07 23:23:47,451] INFO [Broker id=0] Ignoring LeaderAndIsr request from controller 0 with correlation id 1 epoch 4 for partition __consumer_offsets-15 since its associated leader epoch 0 matches the current leader epoch (state.change.logger)
[2025-03-07 23:23:47,451] INFO [Broker id=0] Ignoring LeaderAndIsr request from controller 0 with correlation id 1 epoch 4 for partition __consumer_offsets-48 since its associated leader epoch 0 matches the current leader epoch (state.change.logger)
[2025-03-07 23:23:47,451] INFO [Broker id=0] Ignoring LeaderAndIsr request from controller 0 with correlation id 1 epoch 4 for partition __consumer_offsets-11 since its associated leader epoch 0 matches the current leader epoch (state.change.logger)
[2025-03-07 23:23:47,451] INFO [Broker id=0] Ignoring LeaderAndIsr request from controller 0 with correlation id 1 epoch 4 for partition __consumer_offsets-44 since its associated leader epoch 0 matches the current leader epoch (state.change.logger)
[2025-03-07 23:23:47,451] INFO [Broker id=0] Ignoring LeaderAndIsr request from controller 0 with correlation id 1 epoch 4 for partition __consumer_offsets-23 since its associated leader epoch 0 matches the current leader epoch (state.change.logger)
[2025-03-07 23:23:47,451] INFO [Broker id=0] Ignoring LeaderAndIsr request from controller 0 with correlation id 1 epoch 4 for partition __consumer_offsets-19 since its associated leader epoch 0 matches the current leader epoch (state.change.logger)
[2025-03-07 23:23:47,451] INFO [Broker id=0] Ignoring LeaderAndIsr request from controller 0 with correlation id 1 epoch 4 for partition __consumer_offsets-32 since its associated leader epoch 0 matches the current leader epoch (state.change.logger)
[2025-03-07 23:23:47,451] INFO [Broker id=0] Ignoring LeaderAndIsr request from controller 0 with correlation id 1 epoch 4 for partition __consumer_offsets-28 since its associated leader epoch 0 matches the current leader epoch (state.change.logger)
[2025-03-07 23:23:47,451] INFO [Broker id=0] Ignoring LeaderAndIsr request from controller 0 with correlation id 1 epoch 4 for partition __consumer_offsets-7 since its associated leader epoch 0 matches the current leader epoch (state.change.logger)
[2025-03-07 23:23:47,451] INFO [Broker id=0] Ignoring LeaderAndIsr request from controller 0 with correlation id 1 epoch 4 for partition __consumer_offsets-40 since its associated leader epoch 0 matches the current leader epoch (state.change.logger)
[2025-03-07 23:23:47,451] INFO [Broker id=0] Ignoring LeaderAndIsr request from controller 0 with correlation id 1 epoch 4 for partition __consumer_offsets-3 since its associated leader epoch 0 matches the current leader epoch (state.change.logger)
[2025-03-07 23:23:47,451] INFO [Broker id=0] Ignoring LeaderAndIsr request from controller 0 with correlation id 1 epoch 4 for partition __consumer_offsets-36 since its associated leader epoch 0 matches the current leader epoch (state.change.logger)
[2025-03-07 23:23:47,451] INFO [Broker id=0] Ignoring LeaderAndIsr request from controller 0 with correlation id 1 epoch 4 for partition __consumer_offsets-47 since its associated leader epoch 0 matches the current leader epoch (state.change.logger)
[2025-03-07 23:23:47,451] INFO [Broker id=0] Ignoring LeaderAndIsr request from controller 0 with correlation id 1 epoch 4 for partition __consumer_offsets-14 since its associated leader epoch 0 matches the current leader epoch (state.change.logger)
[2025-03-07 23:23:47,451] INFO [Broker id=0] Ignoring LeaderAndIsr request from controller 0 with correlation id 1 epoch 4 for partition __consumer_offsets-43 since its associated leader epoch 0 matches the current leader epoch (state.change.logger)
[2025-03-07 23:23:47,451] INFO [Broker id=0] Ignoring LeaderAndIsr request from controller 0 with correlation id 1 epoch 4 for partition __consumer_offsets-10 since its associated leader epoch 0 matches the current leader epoch (state.change.logger)
[2025-03-07 23:23:47,451] INFO [Broker id=0] Ignoring LeaderAndIsr request from controller 0 with correlation id 1 epoch 4 for partition __consumer_offsets-22 since its associated leader epoch 0 matches the current leader epoch (state.change.logger)
[2025-03-07 23:23:47,451] INFO [Broker id=0] Ignoring LeaderAndIsr request from controller 0 with correlation id 1 epoch 4 for partition __consumer_offsets-18 since its associated leader epoch 0 matches the current leader epoch (state.change.logger)
[2025-03-07 23:23:47,451] INFO [Broker id=0] Ignoring LeaderAndIsr request from controller 0 with correlation id 1 epoch 4 for partition __consumer_offsets-31 since its associated leader epoch 0 matches the current leader epoch (state.change.logger)
[2025-03-07 23:23:47,451] INFO [Broker id=0] Ignoring LeaderAndIsr request from controller 0 with correlation id 1 epoch 4 for partition __consumer_offsets-27 since its associated leader epoch 0 matches the current leader epoch (state.change.logger)
[2025-03-07 23:23:47,451] INFO [Broker id=0] Ignoring LeaderAndIsr request from controller 0 with correlation id 1 epoch 4 for partition __consumer_offsets-39 since its associated leader epoch 0 matches the current leader epoch (state.change.logger)
[2025-03-07 23:23:47,451] INFO [Broker id=0] Ignoring LeaderAndIsr request from controller 0 with correlation id 1 epoch 4 for partition __consumer_offsets-6 since its associated leader epoch 0 matches the current leader epoch (state.change.logger)
[2025-03-07 23:23:47,451] INFO [Broker id=0] Ignoring LeaderAndIsr request from controller 0 with correlation id 1 epoch 4 for partition __consumer_offsets-35 since its associated leader epoch 0 matches the current leader epoch (state.change.logger)
[2025-03-07 23:23:47,451] INFO [Broker id=0] Ignoring LeaderAndIsr request from controller 0 with correlation id 1 epoch 4 for partition __consumer_offsets-2 since its associated leader epoch 0 matches the current leader epoch (state.change.logger)
[2025-03-07 23:23:47,451] INFO [Broker id=0] Finished LeaderAndIsr request in 8ms correlationId 1 from controller 0 for 54 partitions (state.change.logger)
[2025-03-07 23:23:47,459] INFO [Broker id=0] Add 54 partitions and deleted 0 partitions from metadata cache in response to UpdateMetadata request sent by controller 0 epoch 4 with correlation id 2 (state.change.logger)
[2025-03-07 23:38:51,025] INFO [Controller id=0 epoch=5] Sending UpdateMetadata request to brokers HashSet(0) for 0 partitions (state.change.logger)
[2025-03-07 23:38:51,028] INFO [Controller id=0 epoch=5] Sending LeaderAndIsr request to broker 0 with 54 become-leader and 0 become-follower partitions (state.change.logger)
[2025-03-07 23:38:51,028] INFO [Controller id=0 epoch=5] Sending UpdateMetadata request to brokers HashSet(0) for 54 partitions (state.change.logger)
[2025-03-07 23:38:51,030] INFO [Broker id=0] Handling LeaderAndIsr request correlationId 1 from controller 0 for 54 partitions (state.change.logger)
[2025-03-07 23:38:51,030] INFO [Broker id=0] Ignoring LeaderAndIsr request from controller 0 with correlation id 1 epoch 5 for partition file-upload-0 since its associated leader epoch 0 matches the current leader epoch (state.change.logger)
[2025-03-07 23:38:51,030] INFO [Broker id=0] Ignoring LeaderAndIsr request from controller 0 with correlation id 1 epoch 5 for partition user-avatar-updated-0 since its associated leader epoch 0 matches the current leader epoch (state.change.logger)
[2025-03-07 23:38:51,030] INFO [Broker id=0] Ignoring LeaderAndIsr request from controller 0 with correlation id 1 epoch 5 for partition team-service-topic-0 since its associated leader epoch 0 matches the current leader epoch (state.change.logger)
[2025-03-07 23:38:51,030] INFO [Broker id=0] Ignoring LeaderAndIsr request from controller 0 with correlation id 1 epoch 5 for partition user-service-project-created-0 since its associated leader epoch 0 matches the current leader epoch (state.change.logger)
[2025-03-07 23:38:51,030] INFO [Broker id=0] Ignoring LeaderAndIsr request from controller 0 with correlation id 1 epoch 5 for partition __consumer_offsets-13 since its associated leader epoch 0 matches the current leader epoch (state.change.logger)
[2025-03-07 23:38:51,030] INFO [Broker id=0] Ignoring LeaderAndIsr request from controller 0 with correlation id 1 epoch 5 for partition __consumer_offsets-46 since its associated leader epoch 0 matches the current leader epoch (state.change.logger)
[2025-03-07 23:38:51,030] INFO [Broker id=0] Ignoring LeaderAndIsr request from controller 0 with correlation id 1 epoch 5 for partition __consumer_offsets-9 since its associated leader epoch 0 matches the current leader epoch (state.change.logger)
[2025-03-07 23:38:51,030] INFO [Broker id=0] Ignoring LeaderAndIsr request from controller 0 with correlation id 1 epoch 5 for partition __consumer_offsets-42 since its associated leader epoch 0 matches the current leader epoch (state.change.logger)
[2025-03-07 23:38:51,030] INFO [Broker id=0] Ignoring LeaderAndIsr request from controller 0 with correlation id 1 epoch 5 for partition __consumer_offsets-21 since its associated leader epoch 0 matches the current leader epoch (state.change.logger)
[2025-03-07 23:38:51,030] INFO [Broker id=0] Ignoring LeaderAndIsr request from controller 0 with correlation id 1 epoch 5 for partition __consumer_offsets-17 since its associated leader epoch 0 matches the current leader epoch (state.change.logger)
[2025-03-07 23:38:51,030] INFO [Broker id=0] Ignoring LeaderAndIsr request from controller 0 with correlation id 1 epoch 5 for partition __consumer_offsets-30 since its associated leader epoch 0 matches the current leader epoch (state.change.logger)
[2025-03-07 23:38:51,030] INFO [Broker id=0] Ignoring LeaderAndIsr request from controller 0 with correlation id 1 epoch 5 for partition __consumer_offsets-26 since its associated leader epoch 0 matches the current leader epoch (state.change.logger)
[2025-03-07 23:38:51,031] INFO [Broker id=0] Ignoring LeaderAndIsr request from controller 0 with correlation id 1 epoch 5 for partition __consumer_offsets-5 since its associated leader epoch 0 matches the current leader epoch (state.change.logger)
[2025-03-07 23:38:51,031] INFO [Broker id=0] Ignoring LeaderAndIsr request from controller 0 with correlation id 1 epoch 5 for partition __consumer_offsets-38 since its associated leader epoch 0 matches the current leader epoch (state.change.logger)
[2025-03-07 23:38:51,031] INFO [Broker id=0] Ignoring LeaderAndIsr request from controller 0 with correlation id 1 epoch 5 for partition __consumer_offsets-1 since its associated leader epoch 0 matches the current leader epoch (state.change.logger)
[2025-03-07 23:38:51,031] INFO [Broker id=0] Ignoring LeaderAndIsr request from controller 0 with correlation id 1 epoch 5 for partition __consumer_offsets-34 since its associated leader epoch 0 matches the current leader epoch (state.change.logger)
[2025-03-07 23:38:51,031] INFO [Broker id=0] Ignoring LeaderAndIsr request from controller 0 with correlation id 1 epoch 5 for partition __consumer_offsets-16 since its associated leader epoch 0 matches the current leader epoch (state.change.logger)
[2025-03-07 23:38:51,031] INFO [Broker id=0] Ignoring LeaderAndIsr request from controller 0 with correlation id 1 epoch 5 for partition __consumer_offsets-45 since its associated leader epoch 0 matches the current leader epoch (state.change.logger)
[2025-03-07 23:38:51,031] INFO [Broker id=0] Ignoring LeaderAndIsr request from controller 0 with correlation id 1 epoch 5 for partition __consumer_offsets-12 since its associated leader epoch 0 matches the current leader epoch (state.change.logger)
[2025-03-07 23:38:51,031] INFO [Broker id=0] Ignoring LeaderAndIsr request from controller 0 with correlation id 1 epoch 5 for partition __consumer_offsets-41 since its associated leader epoch 0 matches the current leader epoch (state.change.logger)
[2025-03-07 23:38:51,031] INFO [Broker id=0] Ignoring LeaderAndIsr request from controller 0 with correlation id 1 epoch 5 for partition __consumer_offsets-24 since its associated leader epoch 0 matches the current leader epoch (state.change.logger)
[2025-03-07 23:38:51,031] INFO [Broker id=0] Ignoring LeaderAndIsr request from controller 0 with correlation id 1 epoch 5 for partition __consumer_offsets-20 since its associated leader epoch 0 matches the current leader epoch (state.change.logger)
[2025-03-07 23:38:51,031] INFO [Broker id=0] Ignoring LeaderAndIsr request from controller 0 with correlation id 1 epoch 5 for partition __consumer_offsets-49 since its associated leader epoch 0 matches the current leader epoch (state.change.logger)
[2025-03-07 23:38:51,031] INFO [Broker id=0] Ignoring LeaderAndIsr request from controller 0 with correlation id 1 epoch 5 for partition __consumer_offsets-0 since its associated leader epoch 0 matches the current leader epoch (state.change.logger)
[2025-03-07 23:38:51,031] INFO [Broker id=0] Ignoring LeaderAndIsr request from controller 0 with correlation id 1 epoch 5 for partition __consumer_offsets-29 since its associated leader epoch 0 matches the current leader epoch (state.change.logger)
[2025-03-07 23:38:51,031] INFO [Broker id=0] Ignoring LeaderAndIsr request from controller 0 with correlation id 1 epoch 5 for partition __consumer_offsets-25 since its associated leader epoch 0 matches the current leader epoch (state.change.logger)
[2025-03-07 23:38:51,031] INFO [Broker id=0] Ignoring LeaderAndIsr request from controller 0 with correlation id 1 epoch 5 for partition __consumer_offsets-8 since its associated leader epoch 0 matches the current leader epoch (state.change.logger)
[2025-03-07 23:38:51,031] INFO [Broker id=0] Ignoring LeaderAndIsr request from controller 0 with correlation id 1 epoch 5 for partition __consumer_offsets-37 since its associated leader epoch 0 matches the current leader epoch (state.change.logger)
[2025-03-07 23:38:51,031] INFO [Broker id=0] Ignoring LeaderAndIsr request from controller 0 with correlation id 1 epoch 5 for partition __consumer_offsets-4 since its associated leader epoch 0 matches the current leader epoch (state.change.logger)
[2025-03-07 23:38:51,031] INFO [Broker id=0] Ignoring LeaderAndIsr request from controller 0 with correlation id 1 epoch 5 for partition __consumer_offsets-33 since its associated leader epoch 0 matches the current leader epoch (state.change.logger)
[2025-03-07 23:38:51,031] INFO [Broker id=0] Ignoring LeaderAndIsr request from controller 0 with correlation id 1 epoch 5 for partition __consumer_offsets-15 since its associated leader epoch 0 matches the current leader epoch (state.change.logger)
[2025-03-07 23:38:51,031] INFO [Broker id=0] Ignoring LeaderAndIsr request from controller 0 with correlation id 1 epoch 5 for partition __consumer_offsets-48 since its associated leader epoch 0 matches the current leader epoch (state.change.logger)
[2025-03-07 23:38:51,031] INFO [Broker id=0] Ignoring LeaderAndIsr request from controller 0 with correlation id 1 epoch 5 for partition __consumer_offsets-11 since its associated leader epoch 0 matches the current leader epoch (state.change.logger)
[2025-03-07 23:38:51,031] INFO [Broker id=0] Ignoring LeaderAndIsr request from controller 0 with correlation id 1 epoch 5 for partition __consumer_offsets-44 since its associated leader epoch 0 matches the current leader epoch (state.change.logger)
[2025-03-07 23:38:51,031] INFO [Broker id=0] Ignoring LeaderAndIsr request from controller 0 with correlation id 1 epoch 5 for partition __consumer_offsets-23 since its associated leader epoch 0 matches the current leader epoch (state.change.logger)
[2025-03-07 23:38:51,031] INFO [Broker id=0] Ignoring LeaderAndIsr request from controller 0 with correlation id 1 epoch 5 for partition __consumer_offsets-19 since its associated leader epoch 0 matches the current leader epoch (state.change.logger)
[2025-03-07 23:38:51,031] INFO [Broker id=0] Ignoring LeaderAndIsr request from controller 0 with correlation id 1 epoch 5 for partition __consumer_offsets-32 since its associated leader epoch 0 matches the current leader epoch (state.change.logger)
[2025-03-07 23:38:51,031] INFO [Broker id=0] Ignoring LeaderAndIsr request from controller 0 with correlation id 1 epoch 5 for partition __consumer_offsets-28 since its associated leader epoch 0 matches the current leader epoch (state.change.logger)
[2025-03-07 23:38:51,031] INFO [Broker id=0] Ignoring LeaderAndIsr request from controller 0 with correlation id 1 epoch 5 for partition __consumer_offsets-7 since its associated leader epoch 0 matches the current leader epoch (state.change.logger)
[2025-03-07 23:38:51,031] INFO [Broker id=0] Ignoring LeaderAndIsr request from controller 0 with correlation id 1 epoch 5 for partition __consumer_offsets-40 since its associated leader epoch 0 matches the current leader epoch (state.change.logger)
[2025-03-07 23:38:51,031] INFO [Broker id=0] Ignoring LeaderAndIsr request from controller 0 with correlation id 1 epoch 5 for partition __consumer_offsets-3 since its associated leader epoch 0 matches the current leader epoch (state.change.logger)
[2025-03-07 23:38:51,031] INFO [Broker id=0] Ignoring LeaderAndIsr request from controller 0 with correlation id 1 epoch 5 for partition __consumer_offsets-36 since its associated leader epoch 0 matches the current leader epoch (state.change.logger)
[2025-03-07 23:38:51,031] INFO [Broker id=0] Ignoring LeaderAndIsr request from controller 0 with correlation id 1 epoch 5 for partition __consumer_offsets-47 since its associated leader epoch 0 matches the current leader epoch (state.change.logger)
[2025-03-07 23:38:51,031] INFO [Broker id=0] Ignoring LeaderAndIsr request from controller 0 with correlation id 1 epoch 5 for partition __consumer_offsets-14 since its associated leader epoch 0 matches the current leader epoch (state.change.logger)
[2025-03-07 23:38:51,031] INFO [Broker id=0] Ignoring LeaderAndIsr request from controller 0 with correlation id 1 epoch 5 for partition __consumer_offsets-43 since its associated leader epoch 0 matches the current leader epoch (state.change.logger)
[2025-03-07 23:38:51,031] INFO [Broker id=0] Ignoring LeaderAndIsr request from controller 0 with correlation id 1 epoch 5 for partition __consumer_offsets-10 since its associated leader epoch 0 matches the current leader epoch (state.change.logger)
[2025-03-07 23:38:51,031] INFO [Broker id=0] Ignoring LeaderAndIsr request from controller 0 with correlation id 1 epoch 5 for partition __consumer_offsets-22 since its associated leader epoch 0 matches the current leader epoch (state.change.logger)
[2025-03-07 23:38:51,032] INFO [Broker id=0] Ignoring LeaderAndIsr request from controller 0 with correlation id 1 epoch 5 for partition __consumer_offsets-18 since its associated leader epoch 0 matches the current leader epoch (state.change.logger)
[2025-03-07 23:38:51,032] INFO [Broker id=0] Ignoring LeaderAndIsr request from controller 0 with correlation id 1 epoch 5 for partition __consumer_offsets-31 since its associated leader epoch 0 matches the current leader epoch (state.change.logger)
[2025-03-07 23:38:51,032] INFO [Broker id=0] Ignoring LeaderAndIsr request from controller 0 with correlation id 1 epoch 5 for partition __consumer_offsets-27 since its associated leader epoch 0 matches the current leader epoch (state.change.logger)
[2025-03-07 23:38:51,032] INFO [Broker id=0] Ignoring LeaderAndIsr request from controller 0 with correlation id 1 epoch 5 for partition __consumer_offsets-39 since its associated leader epoch 0 matches the current leader epoch (state.change.logger)
[2025-03-07 23:38:51,032] INFO [Broker id=0] Ignoring LeaderAndIsr request from controller 0 with correlation id 1 epoch 5 for partition __consumer_offsets-6 since its associated leader epoch 0 matches the current leader epoch (state.change.logger)
[2025-03-07 23:38:51,032] INFO [Broker id=0] Ignoring LeaderAndIsr request from controller 0 with correlation id 1 epoch 5 for partition __consumer_offsets-35 since its associated leader epoch 0 matches the current leader epoch (state.change.logger)
[2025-03-07 23:38:51,032] INFO [Broker id=0] Ignoring LeaderAndIsr request from controller 0 with correlation id 1 epoch 5 for partition __consumer_offsets-2 since its associated leader epoch 0 matches the current leader epoch (state.change.logger)
[2025-03-07 23:38:51,032] INFO [Broker id=0] Finished LeaderAndIsr request in 2ms correlationId 1 from controller 0 for 54 partitions (state.change.logger)
[2025-03-07 23:38:51,033] INFO [Broker id=0] Add 54 partitions and deleted 0 partitions from metadata cache in response to UpdateMetadata request sent by controller 0 epoch 5 with correlation id 2 (state.change.logger)
[2025-03-08 02:08:25,608] INFO [Controller id=0 epoch=5] Changed partition user-service-invite-members-0 state from NonExistentPartition to NewPartition with assigned replicas 0 (state.change.logger)
[2025-03-08 02:08:25,612] INFO [Controller id=0 epoch=5] Sending UpdateMetadata request to brokers HashSet() for 0 partitions (state.change.logger)
[2025-03-08 02:08:25,617] INFO [Controller id=0 epoch=5] Sending UpdateMetadata request to brokers HashSet() for 0 partitions (state.change.logger)
[2025-03-08 02:08:25,645] INFO [Controller id=0 epoch=5] Changed partition user-service-invite-members-0 from NewPartition to OnlinePartition with state LeaderAndIsr(leader=0, leaderEpoch=0, isrWithBrokerEpoch=List(BrokerState(brokerId=0, brokerEpoch=-1)), leaderRecoveryState=RECOVERED, partitionEpoch=0) (state.change.logger)
[2025-03-08 02:08:25,646] INFO [Controller id=0 epoch=5] Sending LeaderAndIsr request to broker 0 with 1 become-leader and 0 become-follower partitions (state.change.logger)
[2025-03-08 02:08:25,648] INFO [Controller id=0 epoch=5] Sending UpdateMetadata request to brokers HashSet(0) for 1 partitions (state.change.logger)
[2025-03-08 02:08:25,649] INFO [Controller id=0 epoch=5] Sending UpdateMetadata request to brokers HashSet() for 0 partitions (state.change.logger)
[2025-03-08 02:08:25,675] INFO [Broker id=0] Handling LeaderAndIsr request correlationId 3 from controller 0 for 1 partitions (state.change.logger)
[2025-03-08 02:08:25,680] INFO [Broker id=0] Stopped fetchers as part of LeaderAndIsr request correlationId 3 from controller 0 epoch 5 as part of the become-leader transition for 1 partitions (state.change.logger)
[2025-03-08 02:08:25,743] INFO [Broker id=0] Leader user-service-invite-members-0 with topic id Some(tkMgJy84QbGlJWP-QyYtQQ) starts at leader epoch 0 from offset 0 with partition epoch 0, high watermark 0, ISR [0], adding replicas [] and removing replicas [] . Previous leader None and previous leader epoch was -1. (state.change.logger)
[2025-03-08 02:08:25,750] INFO [Broker id=0] Finished LeaderAndIsr request in 76ms correlationId 3 from controller 0 for 1 partitions (state.change.logger)
[2025-03-08 02:08:25,753] INFO [Broker id=0] Add 1 partitions and deleted 0 partitions from metadata cache in response to UpdateMetadata request sent by controller 0 epoch 5 with correlation id 4 (state.change.logger)
[2025-03-08 02:30:03,398] INFO [Controller id=0 epoch=5] Changed partition team-service-invite-members-0 state from NonExistentPartition to NewPartition with assigned replicas 0 (state.change.logger)
[2025-03-08 02:30:03,398] INFO [Controller id=0 epoch=5] Sending UpdateMetadata request to brokers HashSet() for 0 partitions (state.change.logger)
[2025-03-08 02:30:03,399] INFO [Controller id=0 epoch=5] Sending UpdateMetadata request to brokers HashSet() for 0 partitions (state.change.logger)
[2025-03-08 02:30:03,410] INFO [Controller id=0 epoch=5] Changed partition team-service-invite-members-0 from NewPartition to OnlinePartition with state LeaderAndIsr(leader=0, leaderEpoch=0, isrWithBrokerEpoch=List(BrokerState(brokerId=0, brokerEpoch=-1)), leaderRecoveryState=RECOVERED, partitionEpoch=0) (state.change.logger)
[2025-03-08 02:30:03,410] INFO [Controller id=0 epoch=5] Sending LeaderAndIsr request to broker 0 with 1 become-leader and 0 become-follower partitions (state.change.logger)
[2025-03-08 02:30:03,410] INFO [Controller id=0 epoch=5] Sending UpdateMetadata request to brokers HashSet(0) for 1 partitions (state.change.logger)
[2025-03-08 02:30:03,411] INFO [Controller id=0 epoch=5] Sending UpdateMetadata request to brokers HashSet() for 0 partitions (state.change.logger)
[2025-03-08 02:30:03,416] INFO [Broker id=0] Handling LeaderAndIsr request correlationId 5 from controller 0 for 1 partitions (state.change.logger)
[2025-03-08 02:30:03,421] INFO [Broker id=0] Stopped fetchers as part of LeaderAndIsr request correlationId 5 from controller 0 epoch 5 as part of the become-leader transition for 1 partitions (state.change.logger)
[2025-03-08 02:30:03,447] INFO [Broker id=0] Leader team-service-invite-members-0 with topic id Some(hcxIX7ZES2-b0VR4LFe_IA) starts at leader epoch 0 from offset 0 with partition epoch 0, high watermark 0, ISR [0], adding replicas [] and removing replicas [] . Previous leader None and previous leader epoch was -1. (state.change.logger)
[2025-03-08 02:30:03,450] INFO [Broker id=0] Finished LeaderAndIsr request in 34ms correlationId 5 from controller 0 for 1 partitions (state.change.logger)
[2025-03-08 02:30:03,452] INFO [Broker id=0] Add 1 partitions and deleted 0 partitions from metadata cache in response to UpdateMetadata request sent by controller 0 epoch 5 with correlation id 6 (state.change.logger)
[2025-03-08 04:21:35,172] INFO [Controller id=0 epoch=6] Sending UpdateMetadata request to brokers HashSet(0) for 0 partitions (state.change.logger)
[2025-03-08 04:21:35,191] INFO [Controller id=0 epoch=6] Sending LeaderAndIsr request to broker 0 with 56 become-leader and 0 become-follower partitions (state.change.logger)
[2025-03-08 04:21:35,196] INFO [Controller id=0 epoch=6] Sending UpdateMetadata request to brokers HashSet(0) for 56 partitions (state.change.logger)
[2025-03-08 04:21:35,213] INFO [Broker id=0] Handling LeaderAndIsr request correlationId 1 from controller 0 for 56 partitions (state.change.logger)
[2025-03-08 04:21:35,213] INFO [Broker id=0] Ignoring LeaderAndIsr request from controller 0 with correlation id 1 epoch 6 for partition user-service-invite-members-0 since its associated leader epoch 0 matches the current leader epoch (state.change.logger)
[2025-03-08 04:21:35,213] INFO [Broker id=0] Ignoring LeaderAndIsr request from controller 0 with correlation id 1 epoch 6 for partition file-upload-0 since its associated leader epoch 0 matches the current leader epoch (state.change.logger)
[2025-03-08 04:21:35,213] INFO [Broker id=0] Ignoring LeaderAndIsr request from controller 0 with correlation id 1 epoch 6 for partition user-avatar-updated-0 since its associated leader epoch 0 matches the current leader epoch (state.change.logger)
[2025-03-08 04:21:35,213] INFO [Broker id=0] Ignoring LeaderAndIsr request from controller 0 with correlation id 1 epoch 6 for partition team-service-topic-0 since its associated leader epoch 0 matches the current leader epoch (state.change.logger)
[2025-03-08 04:21:35,213] INFO [Broker id=0] Ignoring LeaderAndIsr request from controller 0 with correlation id 1 epoch 6 for partition user-service-project-created-0 since its associated leader epoch 0 matches the current leader epoch (state.change.logger)
[2025-03-08 04:21:35,213] INFO [Broker id=0] Ignoring LeaderAndIsr request from controller 0 with correlation id 1 epoch 6 for partition __consumer_offsets-13 since its associated leader epoch 0 matches the current leader epoch (state.change.logger)
[2025-03-08 04:21:35,213] INFO [Broker id=0] Ignoring LeaderAndIsr request from controller 0 with correlation id 1 epoch 6 for partition __consumer_offsets-46 since its associated leader epoch 0 matches the current leader epoch (state.change.logger)
[2025-03-08 04:21:35,213] INFO [Broker id=0] Ignoring LeaderAndIsr request from controller 0 with correlation id 1 epoch 6 for partition __consumer_offsets-9 since its associated leader epoch 0 matches the current leader epoch (state.change.logger)
[2025-03-08 04:21:35,213] INFO [Broker id=0] Ignoring LeaderAndIsr request from controller 0 with correlation id 1 epoch 6 for partition __consumer_offsets-42 since its associated leader epoch 0 matches the current leader epoch (state.change.logger)
[2025-03-08 04:21:35,213] INFO [Broker id=0] Ignoring LeaderAndIsr request from controller 0 with correlation id 1 epoch 6 for partition __consumer_offsets-21 since its associated leader epoch 0 matches the current leader epoch (state.change.logger)
[2025-03-08 04:21:35,213] INFO [Broker id=0] Ignoring LeaderAndIsr request from controller 0 with correlation id 1 epoch 6 for partition __consumer_offsets-17 since its associated leader epoch 0 matches the current leader epoch (state.change.logger)
[2025-03-08 04:21:35,213] INFO [Broker id=0] Ignoring LeaderAndIsr request from controller 0 with correlation id 1 epoch 6 for partition __consumer_offsets-30 since its associated leader epoch 0 matches the current leader epoch (state.change.logger)
[2025-03-08 04:21:35,213] INFO [Broker id=0] Ignoring LeaderAndIsr request from controller 0 with correlation id 1 epoch 6 for partition __consumer_offsets-26 since its associated leader epoch 0 matches the current leader epoch (state.change.logger)
[2025-03-08 04:21:35,213] INFO [Broker id=0] Ignoring LeaderAndIsr request from controller 0 with correlation id 1 epoch 6 for partition __consumer_offsets-5 since its associated leader epoch 0 matches the current leader epoch (state.change.logger)
[2025-03-08 04:21:35,213] INFO [Broker id=0] Ignoring LeaderAndIsr request from controller 0 with correlation id 1 epoch 6 for partition __consumer_offsets-38 since its associated leader epoch 0 matches the current leader epoch (state.change.logger)
[2025-03-08 04:21:35,213] INFO [Broker id=0] Ignoring LeaderAndIsr request from controller 0 with correlation id 1 epoch 6 for partition __consumer_offsets-1 since its associated leader epoch 0 matches the current leader epoch (state.change.logger)
[2025-03-08 04:21:35,213] INFO [Broker id=0] Ignoring LeaderAndIsr request from controller 0 with correlation id 1 epoch 6 for partition __consumer_offsets-34 since its associated leader epoch 0 matches the current leader epoch (state.change.logger)
[2025-03-08 04:21:35,213] INFO [Broker id=0] Ignoring LeaderAndIsr request from controller 0 with correlation id 1 epoch 6 for partition __consumer_offsets-16 since its associated leader epoch 0 matches the current leader epoch (state.change.logger)
[2025-03-08 04:21:35,213] INFO [Broker id=0] Ignoring LeaderAndIsr request from controller 0 with correlation id 1 epoch 6 for partition __consumer_offsets-45 since its associated leader epoch 0 matches the current leader epoch (state.change.logger)
[2025-03-08 04:21:35,213] INFO [Broker id=0] Ignoring LeaderAndIsr request from controller 0 with correlation id 1 epoch 6 for partition __consumer_offsets-12 since its associated leader epoch 0 matches the current leader epoch (state.change.logger)
[2025-03-08 04:21:35,213] INFO [Broker id=0] Ignoring LeaderAndIsr request from controller 0 with correlation id 1 epoch 6 for partition __consumer_offsets-41 since its associated leader epoch 0 matches the current leader epoch (state.change.logger)
[2025-03-08 04:21:35,213] INFO [Broker id=0] Ignoring LeaderAndIsr request from controller 0 with correlation id 1 epoch 6 for partition __consumer_offsets-24 since its associated leader epoch 0 matches the current leader epoch (state.change.logger)
[2025-03-08 04:21:35,213] INFO [Broker id=0] Ignoring LeaderAndIsr request from controller 0 with correlation id 1 epoch 6 for partition __consumer_offsets-20 since its associated leader epoch 0 matches the current leader epoch (state.change.logger)
[2025-03-08 04:21:35,221] INFO [Broker id=0] Ignoring LeaderAndIsr request from controller 0 with correlation id 1 epoch 6 for partition __consumer_offsets-49 since its associated leader epoch 0 matches the current leader epoch (state.change.logger)
[2025-03-08 04:21:35,221] INFO [Broker id=0] Ignoring LeaderAndIsr request from controller 0 with correlation id 1 epoch 6 for partition __consumer_offsets-0 since its associated leader epoch 0 matches the current leader epoch (state.change.logger)
[2025-03-08 04:21:35,221] INFO [Broker id=0] Ignoring LeaderAndIsr request from controller 0 with correlation id 1 epoch 6 for partition __consumer_offsets-29 since its associated leader epoch 0 matches the current leader epoch (state.change.logger)
[2025-03-08 04:21:35,221] INFO [Broker id=0] Ignoring LeaderAndIsr request from controller 0 with correlation id 1 epoch 6 for partition __consumer_offsets-25 since its associated leader epoch 0 matches the current leader epoch (state.change.logger)
[2025-03-08 04:21:35,221] INFO [Broker id=0] Ignoring LeaderAndIsr request from controller 0 with correlation id 1 epoch 6 for partition __consumer_offsets-8 since its associated leader epoch 0 matches the current leader epoch (state.change.logger)
[2025-03-08 04:21:35,221] INFO [Broker id=0] Ignoring LeaderAndIsr request from controller 0 with correlation id 1 epoch 6 for partition __consumer_offsets-37 since its associated leader epoch 0 matches the current leader epoch (state.change.logger)
[2025-03-08 04:21:35,221] INFO [Broker id=0] Ignoring LeaderAndIsr request from controller 0 with correlation id 1 epoch 6 for partition __consumer_offsets-4 since its associated leader epoch 0 matches the current leader epoch (state.change.logger)
[2025-03-08 04:21:35,221] INFO [Broker id=0] Ignoring LeaderAndIsr request from controller 0 with correlation id 1 epoch 6 for partition __consumer_offsets-33 since its associated leader epoch 0 matches the current leader epoch (state.change.logger)
[2025-03-08 04:21:35,221] INFO [Broker id=0] Ignoring LeaderAndIsr request from controller 0 with correlation id 1 epoch 6 for partition __consumer_offsets-15 since its associated leader epoch 0 matches the current leader epoch (state.change.logger)
[2025-03-08 04:21:35,221] INFO [Broker id=0] Ignoring LeaderAndIsr request from controller 0 with correlation id 1 epoch 6 for partition __consumer_offsets-48 since its associated leader epoch 0 matches the current leader epoch (state.change.logger)
[2025-03-08 04:21:35,221] INFO [Broker id=0] Ignoring LeaderAndIsr request from controller 0 with correlation id 1 epoch 6 for partition __consumer_offsets-11 since its associated leader epoch 0 matches the current leader epoch (state.change.logger)
[2025-03-08 04:21:35,221] INFO [Broker id=0] Ignoring LeaderAndIsr request from controller 0 with correlation id 1 epoch 6 for partition __consumer_offsets-44 since its associated leader epoch 0 matches the current leader epoch (state.change.logger)
[2025-03-08 04:21:35,221] INFO [Broker id=0] Ignoring LeaderAndIsr request from controller 0 with correlation id 1 epoch 6 for partition __consumer_offsets-23 since its associated leader epoch 0 matches the current leader epoch (state.change.logger)
[2025-03-08 04:21:35,221] INFO [Broker id=0] Ignoring LeaderAndIsr request from controller 0 with correlation id 1 epoch 6 for partition __consumer_offsets-19 since its associated leader epoch 0 matches the current leader epoch (state.change.logger)
[2025-03-08 04:21:35,221] INFO [Broker id=0] Ignoring LeaderAndIsr request from controller 0 with correlation id 1 epoch 6 for partition __consumer_offsets-32 since its associated leader epoch 0 matches the current leader epoch (state.change.logger)
[2025-03-08 04:21:35,221] INFO [Broker id=0] Ignoring LeaderAndIsr request from controller 0 with correlation id 1 epoch 6 for partition __consumer_offsets-28 since its associated leader epoch 0 matches the current leader epoch (state.change.logger)
[2025-03-08 04:21:35,221] INFO [Broker id=0] Ignoring LeaderAndIsr request from controller 0 with correlation id 1 epoch 6 for partition __consumer_offsets-7 since its associated leader epoch 0 matches the current leader epoch (state.change.logger)
[2025-03-08 04:21:35,221] INFO [Broker id=0] Ignoring LeaderAndIsr request from controller 0 with correlation id 1 epoch 6 for partition __consumer_offsets-40 since its associated leader epoch 0 matches the current leader epoch (state.change.logger)
[2025-03-08 04:21:35,221] INFO [Broker id=0] Ignoring LeaderAndIsr request from controller 0 with correlation id 1 epoch 6 for partition __consumer_offsets-3 since its associated leader epoch 0 matches the current leader epoch (state.change.logger)
[2025-03-08 04:21:35,221] INFO [Broker id=0] Ignoring LeaderAndIsr request from controller 0 with correlation id 1 epoch 6 for partition __consumer_offsets-36 since its associated leader epoch 0 matches the current leader epoch (state.change.logger)
[2025-03-08 04:21:35,221] INFO [Broker id=0] Ignoring LeaderAndIsr request from controller 0 with correlation id 1 epoch 6 for partition __consumer_offsets-47 since its associated leader epoch 0 matches the current leader epoch (state.change.logger)
[2025-03-08 04:21:35,221] INFO [Broker id=0] Ignoring LeaderAndIsr request from controller 0 with correlation id 1 epoch 6 for partition __consumer_offsets-14 since its associated leader epoch 0 matches the current leader epoch (state.change.logger)
[2025-03-08 04:21:35,221] INFO [Broker id=0] Ignoring LeaderAndIsr request from controller 0 with correlation id 1 epoch 6 for partition __consumer_offsets-43 since its associated leader epoch 0 matches the current leader epoch (state.change.logger)
[2025-03-08 04:21:35,221] INFO [Broker id=0] Ignoring LeaderAndIsr request from controller 0 with correlation id 1 epoch 6 for partition __consumer_offsets-10 since its associated leader epoch 0 matches the current leader epoch (state.change.logger)
[2025-03-08 04:21:35,221] INFO [Broker id=0] Ignoring LeaderAndIsr request from controller 0 with correlation id 1 epoch 6 for partition __consumer_offsets-22 since its associated leader epoch 0 matches the current leader epoch (state.change.logger)
[2025-03-08 04:21:35,221] INFO [Broker id=0] Ignoring LeaderAndIsr request from controller 0 with correlation id 1 epoch 6 for partition __consumer_offsets-18 since its associated leader epoch 0 matches the current leader epoch (state.change.logger)
[2025-03-08 04:21:35,221] INFO [Broker id=0] Ignoring LeaderAndIsr request from controller 0 with correlation id 1 epoch 6 for partition __consumer_offsets-31 since its associated leader epoch 0 matches the current leader epoch (state.change.logger)
[2025-03-08 04:21:35,221] INFO [Broker id=0] Ignoring LeaderAndIsr request from controller 0 with correlation id 1 epoch 6 for partition __consumer_offsets-27 since its associated leader epoch 0 matches the current leader epoch (state.change.logger)
[2025-03-08 04:21:35,221] INFO [Broker id=0] Ignoring LeaderAndIsr request from controller 0 with correlation id 1 epoch 6 for partition __consumer_offsets-39 since its associated leader epoch 0 matches the current leader epoch (state.change.logger)
[2025-03-08 04:21:35,221] INFO [Broker id=0] Ignoring LeaderAndIsr request from controller 0 with correlation id 1 epoch 6 for partition __consumer_offsets-6 since its associated leader epoch 0 matches the current leader epoch (state.change.logger)
[2025-03-08 04:21:35,221] INFO [Broker id=0] Ignoring LeaderAndIsr request from controller 0 with correlation id 1 epoch 6 for partition __consumer_offsets-35 since its associated leader epoch 0 matches the current leader epoch (state.change.logger)
[2025-03-08 04:21:35,221] INFO [Broker id=0] Ignoring LeaderAndIsr request from controller 0 with correlation id 1 epoch 6 for partition __consumer_offsets-2 since its associated leader epoch 0 matches the current leader epoch (state.change.logger)
[2025-03-08 04:21:35,221] INFO [Broker id=0] Ignoring LeaderAndIsr request from controller 0 with correlation id 1 epoch 6 for partition team-service-invite-members-0 since its associated leader epoch 0 matches the current leader epoch (state.change.logger)
[2025-03-08 04:21:35,221] INFO [Broker id=0] Finished LeaderAndIsr request in 8ms correlationId 1 from controller 0 for 56 partitions (state.change.logger)
[2025-03-08 04:21:35,229] INFO [Broker id=0] Add 56 partitions and deleted 0 partitions from metadata cache in response to UpdateMetadata request sent by controller 0 epoch 6 with correlation id 2 (state.change.logger)
[2025-03-08 05:15:18,759] INFO [Controller id=0 epoch=7] Sending UpdateMetadata request to brokers HashSet(0) for 0 partitions (state.change.logger)
[2025-03-08 05:15:18,775] INFO [Controller id=0 epoch=7] Sending LeaderAndIsr request to broker 0 with 56 become-leader and 0 become-follower partitions (state.change.logger)
[2025-03-08 05:15:18,775] INFO [Controller id=0 epoch=7] Sending UpdateMetadata request to brokers HashSet(0) for 56 partitions (state.change.logger)
[2025-03-08 05:15:18,783] INFO [Broker id=0] Handling LeaderAndIsr request correlationId 1 from controller 0 for 56 partitions (state.change.logger)
[2025-03-08 05:15:18,783] INFO [Broker id=0] Ignoring LeaderAndIsr request from controller 0 with correlation id 1 epoch 7 for partition user-service-invite-members-0 since its associated leader epoch 0 matches the current leader epoch (state.change.logger)
[2025-03-08 05:15:18,783] INFO [Broker id=0] Ignoring LeaderAndIsr request from controller 0 with correlation id 1 epoch 7 for partition file-upload-0 since its associated leader epoch 0 matches the current leader epoch (state.change.logger)
[2025-03-08 05:15:18,783] INFO [Broker id=0] Ignoring LeaderAndIsr request from controller 0 with correlation id 1 epoch 7 for partition user-avatar-updated-0 since its associated leader epoch 0 matches the current leader epoch (state.change.logger)
[2025-03-08 05:15:18,783] INFO [Broker id=0] Ignoring LeaderAndIsr request from controller 0 with correlation id 1 epoch 7 for partition team-service-topic-0 since its associated leader epoch 0 matches the current leader epoch (state.change.logger)
[2025-03-08 05:15:18,783] INFO [Broker id=0] Ignoring LeaderAndIsr request from controller 0 with correlation id 1 epoch 7 for partition user-service-project-created-0 since its associated leader epoch 0 matches the current leader epoch (state.change.logger)
[2025-03-08 05:15:18,783] INFO [Broker id=0] Ignoring LeaderAndIsr request from controller 0 with correlation id 1 epoch 7 for partition __consumer_offsets-13 since its associated leader epoch 0 matches the current leader epoch (state.change.logger)
[2025-03-08 05:15:18,783] INFO [Broker id=0] Ignoring LeaderAndIsr request from controller 0 with correlation id 1 epoch 7 for partition __consumer_offsets-46 since its associated leader epoch 0 matches the current leader epoch (state.change.logger)
[2025-03-08 05:15:18,783] INFO [Broker id=0] Ignoring LeaderAndIsr request from controller 0 with correlation id 1 epoch 7 for partition __consumer_offsets-9 since its associated leader epoch 0 matches the current leader epoch (state.change.logger)
[2025-03-08 05:15:18,783] INFO [Broker id=0] Ignoring LeaderAndIsr request from controller 0 with correlation id 1 epoch 7 for partition __consumer_offsets-42 since its associated leader epoch 0 matches the current leader epoch (state.change.logger)
[2025-03-08 05:15:18,783] INFO [Broker id=0] Ignoring LeaderAndIsr request from controller 0 with correlation id 1 epoch 7 for partition __consumer_offsets-21 since its associated leader epoch 0 matches the current leader epoch (state.change.logger)
[2025-03-08 05:15:18,783] INFO [Broker id=0] Ignoring LeaderAndIsr request from controller 0 with correlation id 1 epoch 7 for partition __consumer_offsets-17 since its associated leader epoch 0 matches the current leader epoch (state.change.logger)
[2025-03-08 05:15:18,783] INFO [Broker id=0] Ignoring LeaderAndIsr request from controller 0 with correlation id 1 epoch 7 for partition __consumer_offsets-30 since its associated leader epoch 0 matches the current leader epoch (state.change.logger)
[2025-03-08 05:15:18,783] INFO [Broker id=0] Ignoring LeaderAndIsr request from controller 0 with correlation id 1 epoch 7 for partition __consumer_offsets-26 since its associated leader epoch 0 matches the current leader epoch (state.change.logger)
[2025-03-08 05:15:18,783] INFO [Broker id=0] Ignoring LeaderAndIsr request from controller 0 with correlation id 1 epoch 7 for partition __consumer_offsets-5 since its associated leader epoch 0 matches the current leader epoch (state.change.logger)
[2025-03-08 05:15:18,783] INFO [Broker id=0] Ignoring LeaderAndIsr request from controller 0 with correlation id 1 epoch 7 for partition __consumer_offsets-38 since its associated leader epoch 0 matches the current leader epoch (state.change.logger)
[2025-03-08 05:15:18,783] INFO [Broker id=0] Ignoring LeaderAndIsr request from controller 0 with correlation id 1 epoch 7 for partition __consumer_offsets-1 since its associated leader epoch 0 matches the current leader epoch (state.change.logger)
[2025-03-08 05:15:18,783] INFO [Broker id=0] Ignoring LeaderAndIsr request from controller 0 with correlation id 1 epoch 7 for partition __consumer_offsets-34 since its associated leader epoch 0 matches the current leader epoch (state.change.logger)
[2025-03-08 05:15:18,783] INFO [Broker id=0] Ignoring LeaderAndIsr request from controller 0 with correlation id 1 epoch 7 for partition __consumer_offsets-16 since its associated leader epoch 0 matches the current leader epoch (state.change.logger)
[2025-03-08 05:15:18,783] INFO [Broker id=0] Ignoring LeaderAndIsr request from controller 0 with correlation id 1 epoch 7 for partition __consumer_offsets-45 since its associated leader epoch 0 matches the current leader epoch (state.change.logger)
[2025-03-08 05:15:18,783] INFO [Broker id=0] Ignoring LeaderAndIsr request from controller 0 with correlation id 1 epoch 7 for partition __consumer_offsets-12 since its associated leader epoch 0 matches the current leader epoch (state.change.logger)
[2025-03-08 05:15:18,783] INFO [Broker id=0] Ignoring LeaderAndIsr request from controller 0 with correlation id 1 epoch 7 for partition __consumer_offsets-41 since its associated leader epoch 0 matches the current leader epoch (state.change.logger)
[2025-03-08 05:15:18,783] INFO [Broker id=0] Ignoring LeaderAndIsr request from controller 0 with correlation id 1 epoch 7 for partition __consumer_offsets-24 since its associated leader epoch 0 matches the current leader epoch (state.change.logger)
[2025-03-08 05:15:18,783] INFO [Broker id=0] Ignoring LeaderAndIsr request from controller 0 with correlation id 1 epoch 7 for partition __consumer_offsets-20 since its associated leader epoch 0 matches the current leader epoch (state.change.logger)
[2025-03-08 05:15:18,783] INFO [Broker id=0] Ignoring LeaderAndIsr request from controller 0 with correlation id 1 epoch 7 for partition __consumer_offsets-49 since its associated leader epoch 0 matches the current leader epoch (state.change.logger)
[2025-03-08 05:15:18,783] INFO [Broker id=0] Ignoring LeaderAndIsr request from controller 0 with correlation id 1 epoch 7 for partition __consumer_offsets-0 since its associated leader epoch 0 matches the current leader epoch (state.change.logger)
[2025-03-08 05:15:18,783] INFO [Broker id=0] Ignoring LeaderAndIsr request from controller 0 with correlation id 1 epoch 7 for partition __consumer_offsets-29 since its associated leader epoch 0 matches the current leader epoch (state.change.logger)
[2025-03-08 05:15:18,783] INFO [Broker id=0] Ignoring LeaderAndIsr request from controller 0 with correlation id 1 epoch 7 for partition __consumer_offsets-25 since its associated leader epoch 0 matches the current leader epoch (state.change.logger)
[2025-03-08 05:15:18,783] INFO [Broker id=0] Ignoring LeaderAndIsr request from controller 0 with correlation id 1 epoch 7 for partition __consumer_offsets-8 since its associated leader epoch 0 matches the current leader epoch (state.change.logger)
[2025-03-08 05:15:18,783] INFO [Broker id=0] Ignoring LeaderAndIsr request from controller 0 with correlation id 1 epoch 7 for partition __consumer_offsets-37 since its associated leader epoch 0 matches the current leader epoch (state.change.logger)
[2025-03-08 05:15:18,783] INFO [Broker id=0] Ignoring LeaderAndIsr request from controller 0 with correlation id 1 epoch 7 for partition __consumer_offsets-4 since its associated leader epoch 0 matches the current leader epoch (state.change.logger)
[2025-03-08 05:15:18,783] INFO [Broker id=0] Ignoring LeaderAndIsr request from controller 0 with correlation id 1 epoch 7 for partition __consumer_offsets-33 since its associated leader epoch 0 matches the current leader epoch (state.change.logger)
[2025-03-08 05:15:18,783] INFO [Broker id=0] Ignoring LeaderAndIsr request from controller 0 with correlation id 1 epoch 7 for partition __consumer_offsets-15 since its associated leader epoch 0 matches the current leader epoch (state.change.logger)
[2025-03-08 05:15:18,783] INFO [Broker id=0] Ignoring LeaderAndIsr request from controller 0 with correlation id 1 epoch 7 for partition __consumer_offsets-48 since its associated leader epoch 0 matches the current leader epoch (state.change.logger)
[2025-03-08 05:15:18,783] INFO [Broker id=0] Ignoring LeaderAndIsr request from controller 0 with correlation id 1 epoch 7 for partition __consumer_offsets-11 since its associated leader epoch 0 matches the current leader epoch (state.change.logger)
[2025-03-08 05:15:18,783] INFO [Broker id=0] Ignoring LeaderAndIsr request from controller 0 with correlation id 1 epoch 7 for partition __consumer_offsets-44 since its associated leader epoch 0 matches the current leader epoch (state.change.logger)
[2025-03-08 05:15:18,783] INFO [Broker id=0] Ignoring LeaderAndIsr request from controller 0 with correlation id 1 epoch 7 for partition __consumer_offsets-23 since its associated leader epoch 0 matches the current leader epoch (state.change.logger)
[2025-03-08 05:15:18,783] INFO [Broker id=0] Ignoring LeaderAndIsr request from controller 0 with correlation id 1 epoch 7 for partition __consumer_offsets-19 since its associated leader epoch 0 matches the current leader epoch (state.change.logger)
[2025-03-08 05:15:18,783] INFO [Broker id=0] Ignoring LeaderAndIsr request from controller 0 with correlation id 1 epoch 7 for partition __consumer_offsets-32 since its associated leader epoch 0 matches the current leader epoch (state.change.logger)
[2025-03-08 05:15:18,783] INFO [Broker id=0] Ignoring LeaderAndIsr request from controller 0 with correlation id 1 epoch 7 for partition __consumer_offsets-28 since its associated leader epoch 0 matches the current leader epoch (state.change.logger)
[2025-03-08 05:15:18,783] INFO [Broker id=0] Ignoring LeaderAndIsr request from controller 0 with correlation id 1 epoch 7 for partition __consumer_offsets-7 since its associated leader epoch 0 matches the current leader epoch (state.change.logger)
[2025-03-08 05:15:18,783] INFO [Broker id=0] Ignoring LeaderAndIsr request from controller 0 with correlation id 1 epoch 7 for partition __consumer_offsets-40 since its associated leader epoch 0 matches the current leader epoch (state.change.logger)
[2025-03-08 05:15:18,783] INFO [Broker id=0] Ignoring LeaderAndIsr request from controller 0 with correlation id 1 epoch 7 for partition __consumer_offsets-3 since its associated leader epoch 0 matches the current leader epoch (state.change.logger)
[2025-03-08 05:15:18,783] INFO [Broker id=0] Ignoring LeaderAndIsr request from controller 0 with correlation id 1 epoch 7 for partition __consumer_offsets-36 since its associated leader epoch 0 matches the current leader epoch (state.change.logger)
[2025-03-08 05:15:18,783] INFO [Broker id=0] Ignoring LeaderAndIsr request from controller 0 with correlation id 1 epoch 7 for partition __consumer_offsets-47 since its associated leader epoch 0 matches the current leader epoch (state.change.logger)
[2025-03-08 05:15:18,783] INFO [Broker id=0] Ignoring LeaderAndIsr request from controller 0 with correlation id 1 epoch 7 for partition __consumer_offsets-14 since its associated leader epoch 0 matches the current leader epoch (state.change.logger)
[2025-03-08 05:15:18,783] INFO [Broker id=0] Ignoring LeaderAndIsr request from controller 0 with correlation id 1 epoch 7 for partition __consumer_offsets-43 since its associated leader epoch 0 matches the current leader epoch (state.change.logger)
[2025-03-08 05:15:18,783] INFO [Broker id=0] Ignoring LeaderAndIsr request from controller 0 with correlation id 1 epoch 7 for partition __consumer_offsets-10 since its associated leader epoch 0 matches the current leader epoch (state.change.logger)
[2025-03-08 05:15:18,783] INFO [Broker id=0] Ignoring LeaderAndIsr request from controller 0 with correlation id 1 epoch 7 for partition __consumer_offsets-22 since its associated leader epoch 0 matches the current leader epoch (state.change.logger)
[2025-03-08 05:15:18,783] INFO [Broker id=0] Ignoring LeaderAndIsr request from controller 0 with correlation id 1 epoch 7 for partition __consumer_offsets-18 since its associated leader epoch 0 matches the current leader epoch (state.change.logger)
[2025-03-08 05:15:18,783] INFO [Broker id=0] Ignoring LeaderAndIsr request from controller 0 with correlation id 1 epoch 7 for partition __consumer_offsets-31 since its associated leader epoch 0 matches the current leader epoch (state.change.logger)
[2025-03-08 05:15:18,791] INFO [Broker id=0] Ignoring LeaderAndIsr request from controller 0 with correlation id 1 epoch 7 for partition __consumer_offsets-27 since its associated leader epoch 0 matches the current leader epoch (state.change.logger)
[2025-03-08 05:15:18,791] INFO [Broker id=0] Ignoring LeaderAndIsr request from controller 0 with correlation id 1 epoch 7 for partition __consumer_offsets-39 since its associated leader epoch 0 matches the current leader epoch (state.change.logger)
[2025-03-08 05:15:18,791] INFO [Broker id=0] Ignoring LeaderAndIsr request from controller 0 with correlation id 1 epoch 7 for partition __consumer_offsets-6 since its associated leader epoch 0 matches the current leader epoch (state.change.logger)
[2025-03-08 05:15:18,791] INFO [Broker id=0] Ignoring LeaderAndIsr request from controller 0 with correlation id 1 epoch 7 for partition __consumer_offsets-35 since its associated leader epoch 0 matches the current leader epoch (state.change.logger)
[2025-03-08 05:15:18,791] INFO [Broker id=0] Ignoring LeaderAndIsr request from controller 0 with correlation id 1 epoch 7 for partition __consumer_offsets-2 since its associated leader epoch 0 matches the current leader epoch (state.change.logger)
[2025-03-08 05:15:18,791] INFO [Broker id=0] Ignoring LeaderAndIsr request from controller 0 with correlation id 1 epoch 7 for partition team-service-invite-members-0 since its associated leader epoch 0 matches the current leader epoch (state.change.logger)
[2025-03-08 05:15:18,791] INFO [Broker id=0] Finished LeaderAndIsr request in 8ms correlationId 1 from controller 0 for 56 partitions (state.change.logger)
[2025-03-08 05:15:18,802] INFO [Broker id=0] Add 56 partitions and deleted 0 partitions from metadata cache in response to UpdateMetadata request sent by controller 0 epoch 7 with correlation id 2 (state.change.logger)
[2025-03-08 22:43:35,233] INFO [Controller id=0 epoch=8] Sending UpdateMetadata request to brokers HashSet(0) for 0 partitions (state.change.logger)
[2025-03-08 22:43:35,271] INFO [Controller id=0 epoch=8] Sending LeaderAndIsr request to broker 0 with 56 become-leader and 0 become-follower partitions (state.change.logger)
[2025-03-08 22:43:35,274] INFO [Controller id=0 epoch=8] Sending UpdateMetadata request to brokers HashSet(0) for 56 partitions (state.change.logger)
[2025-03-08 22:43:35,834] INFO [Broker id=0] Handling LeaderAndIsr request correlationId 1 from controller 0 for 56 partitions (state.change.logger)
[2025-03-08 22:43:35,860] INFO [Broker id=0] Stopped fetchers as part of LeaderAndIsr request correlationId 1 from controller 0 epoch 8 as part of the become-leader transition for 56 partitions (state.change.logger)
[2025-03-08 22:43:35,883] INFO [Broker id=0] Leader __consumer_offsets-3 with topic id Some(yVtNvhpQTZS9kaCM_OMWFA) starts at leader epoch 0 from offset 0 with partition epoch 0, high watermark 0, ISR [0], adding replicas [] and removing replicas [] . Previous leader None and previous leader epoch was -1. (state.change.logger)
[2025-03-08 22:43:35,889] INFO [Broker id=0] Leader __consumer_offsets-18 with topic id Some(yVtNvhpQTZS9kaCM_OMWFA) starts at leader epoch 0 from offset 0 with partition epoch 0, high watermark 0, ISR [0], adding replicas [] and removing replicas [] . Previous leader None and previous leader epoch was -1. (state.change.logger)
[2025-03-08 22:43:35,894] INFO [Broker id=0] Leader __consumer_offsets-41 with topic id Some(yVtNvhpQTZS9kaCM_OMWFA) starts at leader epoch 0 from offset 0 with partition epoch 0, high watermark 0, ISR [0], adding replicas [] and removing replicas [] . Previous leader None and previous leader epoch was -1. (state.change.logger)
[2025-03-08 22:43:35,899] INFO [Broker id=0] Leader __consumer_offsets-10 with topic id Some(yVtNvhpQTZS9kaCM_OMWFA) starts at leader epoch 0 from offset 0 with partition epoch 0, high watermark 0, ISR [0], adding replicas [] and removing replicas [] . Previous leader None and previous leader epoch was -1. (state.change.logger)
[2025-03-08 22:43:35,904] INFO [Broker id=0] Leader team-service-topic-0 with topic id Some(lreTNefUT5azin5IkbKUjA) starts at leader epoch 0 from offset 5 with partition epoch 0, high watermark 5, ISR [0], adding replicas [] and removing replicas [] . Previous leader None and previous leader epoch was -1. (state.change.logger)
[2025-03-08 22:43:35,905] INFO [Broker id=0] Leader __consumer_offsets-33 with topic id Some(yVtNvhpQTZS9kaCM_OMWFA) starts at leader epoch 0 from offset 0 with partition epoch 0, high watermark 0, ISR [0], adding replicas [] and removing replicas [] . Previous leader None and previous leader epoch was -1. (state.change.logger)
[2025-03-08 22:43:35,910] INFO [Broker id=0] Leader __consumer_offsets-48 with topic id Some(yVtNvhpQTZS9kaCM_OMWFA) starts at leader epoch 0 from offset 0 with partition epoch 0, high watermark 0, ISR [0], adding replicas [] and removing replicas [] . Previous leader None and previous leader epoch was -1. (state.change.logger)
[2025-03-08 22:43:35,914] INFO [Broker id=0] Leader __consumer_offsets-19 with topic id Some(yVtNvhpQTZS9kaCM_OMWFA) starts at leader epoch 0 from offset 0 with partition epoch 0, high watermark 0, ISR [0], adding replicas [] and removing replicas [] . Previous leader None and previous leader epoch was -1. (state.change.logger)
[2025-03-08 22:43:35,919] INFO [Broker id=0] Leader __consumer_offsets-34 with topic id Some(yVtNvhpQTZS9kaCM_OMWFA) starts at leader epoch 0 from offset 16 with partition epoch 0, high watermark 16, ISR [0], adding replicas [] and removing replicas [] . Previous leader None and previous leader epoch was -1. (state.change.logger)
[2025-03-08 22:43:35,920] INFO [Broker id=0] Leader user-avatar-updated-0 with topic id Some(nLkwmfBmRj-stt_3pcinFQ) starts at leader epoch 0 from offset 1 with partition epoch 0, high watermark 1, ISR [0], adding replicas [] and removing replicas [] . Previous leader None and previous leader epoch was -1. (state.change.logger)
[2025-03-08 22:43:35,921] INFO [Broker id=0] Leader __consumer_offsets-4 with topic id Some(yVtNvhpQTZS9kaCM_OMWFA) starts at leader epoch 0 from offset 0 with partition epoch 0, high watermark 0, ISR [0], adding replicas [] and removing replicas [] . Previous leader None and previous leader epoch was -1. (state.change.logger)
[2025-03-08 22:43:35,925] INFO [Broker id=0] Leader __consumer_offsets-11 with topic id Some(yVtNvhpQTZS9kaCM_OMWFA) starts at leader epoch 0 from offset 0 with partition epoch 0, high watermark 0, ISR [0], adding replicas [] and removing replicas [] . Previous leader None and previous leader epoch was -1. (state.change.logger)
[2025-03-08 22:43:35,930] INFO [Broker id=0] Leader __consumer_offsets-26 with topic id Some(yVtNvhpQTZS9kaCM_OMWFA) starts at leader epoch 0 from offset 0 with partition epoch 0, high watermark 0, ISR [0], adding replicas [] and removing replicas [] . Previous leader None and previous leader epoch was -1. (state.change.logger)
[2025-03-08 22:43:35,935] INFO [Broker id=0] Leader __consumer_offsets-49 with topic id Some(yVtNvhpQTZS9kaCM_OMWFA) starts at leader epoch 0 from offset 0 with partition epoch 0, high watermark 0, ISR [0], adding replicas [] and removing replicas [] . Previous leader None and previous leader epoch was -1. (state.change.logger)
[2025-03-08 22:43:35,939] INFO [Broker id=0] Leader __consumer_offsets-39 with topic id Some(yVtNvhpQTZS9kaCM_OMWFA) starts at leader epoch 0 from offset 0 with partition epoch 0, high watermark 0, ISR [0], adding replicas [] and removing replicas [] . Previous leader None and previous leader epoch was -1. (state.change.logger)
[2025-03-08 22:43:35,944] INFO [Broker id=0] Leader __consumer_offsets-9 with topic id Some(yVtNvhpQTZS9kaCM_OMWFA) starts at leader epoch 0 from offset 0 with partition epoch 0, high watermark 0, ISR [0], adding replicas [] and removing replicas [] . Previous leader None and previous leader epoch was -1. (state.change.logger)
[2025-03-08 22:43:35,948] INFO [Broker id=0] Leader __consumer_offsets-24 with topic id Some(yVtNvhpQTZS9kaCM_OMWFA) starts at leader epoch 0 from offset 0 with partition epoch 0, high watermark 0, ISR [0], adding replicas [] and removing replicas [] . Previous leader None and previous leader epoch was -1. (state.change.logger)
[2025-03-08 22:43:35,952] INFO [Broker id=0] Leader __consumer_offsets-31 with topic id Some(yVtNvhpQTZS9kaCM_OMWFA) starts at leader epoch 0 from offset 0 with partition epoch 0, high watermark 0, ISR [0], adding replicas [] and removing replicas [] . Previous leader None and previous leader epoch was -1. (state.change.logger)
[2025-03-08 22:43:35,957] INFO [Broker id=0] Leader __consumer_offsets-46 with topic id Some(yVtNvhpQTZS9kaCM_OMWFA) starts at leader epoch 0 from offset 0 with partition epoch 0, high watermark 0, ISR [0], adding replicas [] and removing replicas [] . Previous leader None and previous leader epoch was -1. (state.change.logger)
[2025-03-08 22:43:35,961] INFO [Broker id=0] Leader __consumer_offsets-1 with topic id Some(yVtNvhpQTZS9kaCM_OMWFA) starts at leader epoch 0 from offset 0 with partition epoch 0, high watermark 0, ISR [0], adding replicas [] and removing replicas [] . Previous leader None and previous leader epoch was -1. (state.change.logger)
[2025-03-08 22:43:35,965] INFO [Broker id=0] Leader __consumer_offsets-16 with topic id Some(yVtNvhpQTZS9kaCM_OMWFA) starts at leader epoch 0 from offset 0 with partition epoch 0, high watermark 0, ISR [0], adding replicas [] and removing replicas [] . Previous leader None and previous leader epoch was -1. (state.change.logger)
[2025-03-08 22:43:35,970] INFO [Broker id=0] Leader __consumer_offsets-2 with topic id Some(yVtNvhpQTZS9kaCM_OMWFA) starts at leader epoch 0 from offset 0 with partition epoch 0, high watermark 0, ISR [0], adding replicas [] and removing replicas [] . Previous leader None and previous leader epoch was -1. (state.change.logger)
[2025-03-08 22:43:35,974] INFO [Broker id=0] Leader __consumer_offsets-25 with topic id Some(yVtNvhpQTZS9kaCM_OMWFA) starts at leader epoch 0 from offset 0 with partition epoch 0, high watermark 0, ISR [0], adding replicas [] and removing replicas [] . Previous leader None and previous leader epoch was -1. (state.change.logger)
[2025-03-08 22:43:35,978] INFO [Broker id=0] Leader __consumer_offsets-40 with topic id Some(yVtNvhpQTZS9kaCM_OMWFA) starts at leader epoch 0 from offset 0 with partition epoch 0, high watermark 0, ISR [0], adding replicas [] and removing replicas [] . Previous leader None and previous leader epoch was -1. (state.change.logger)
[2025-03-08 22:43:35,983] INFO [Broker id=0] Leader __consumer_offsets-47 with topic id Some(yVtNvhpQTZS9kaCM_OMWFA) starts at leader epoch 0 from offset 0 with partition epoch 0, high watermark 0, ISR [0], adding replicas [] and removing replicas [] . Previous leader None and previous leader epoch was -1. (state.change.logger)
[2025-03-08 22:43:35,987] INFO [Broker id=0] Leader __consumer_offsets-17 with topic id Some(yVtNvhpQTZS9kaCM_OMWFA) starts at leader epoch 0 from offset 0 with partition epoch 0, high watermark 0, ISR [0], adding replicas [] and removing replicas [] . Previous leader None and previous leader epoch was -1. (state.change.logger)
[2025-03-08 22:43:35,992] INFO [Broker id=0] Leader __consumer_offsets-32 with topic id Some(yVtNvhpQTZS9kaCM_OMWFA) starts at leader epoch 0 from offset 0 with partition epoch 0, high watermark 0, ISR [0], adding replicas [] and removing replicas [] . Previous leader None and previous leader epoch was -1. (state.change.logger)
[2025-03-08 22:43:35,996] INFO [Broker id=0] Leader __consumer_offsets-37 with topic id Some(yVtNvhpQTZS9kaCM_OMWFA) starts at leader epoch 0 from offset 0 with partition epoch 0, high watermark 0, ISR [0], adding replicas [] and removing replicas [] . Previous leader None and previous leader epoch was -1. (state.change.logger)
[2025-03-08 22:43:36,001] INFO [Broker id=0] Leader __consumer_offsets-7 with topic id Some(yVtNvhpQTZS9kaCM_OMWFA) starts at leader epoch 0 from offset 0 with partition epoch 0, high watermark 0, ISR [0], adding replicas [] and removing replicas [] . Previous leader None and previous leader epoch was -1. (state.change.logger)
[2025-03-08 22:43:36,005] INFO [Broker id=0] Leader __consumer_offsets-22 with topic id Some(yVtNvhpQTZS9kaCM_OMWFA) starts at leader epoch 0 from offset 0 with partition epoch 0, high watermark 0, ISR [0], adding replicas [] and removing replicas [] . Previous leader None and previous leader epoch was -1. (state.change.logger)
[2025-03-08 22:43:36,010] INFO [Broker id=0] Leader __consumer_offsets-29 with topic id Some(yVtNvhpQTZS9kaCM_OMWFA) starts at leader epoch 0 from offset 0 with partition epoch 0, high watermark 0, ISR [0], adding replicas [] and removing replicas [] . Previous leader None and previous leader epoch was -1. (state.change.logger)
[2025-03-08 22:43:36,015] INFO [Broker id=0] Leader __consumer_offsets-44 with topic id Some(yVtNvhpQTZS9kaCM_OMWFA) starts at leader epoch 0 from offset 0 with partition epoch 0, high watermark 0, ISR [0], adding replicas [] and removing replicas [] . Previous leader None and previous leader epoch was -1. (state.change.logger)
[2025-03-08 22:43:36,020] INFO [Broker id=0] Leader __consumer_offsets-14 with topic id Some(yVtNvhpQTZS9kaCM_OMWFA) starts at leader epoch 0 from offset 0 with partition epoch 0, high watermark 0, ISR [0], adding replicas [] and removing replicas [] . Previous leader None and previous leader epoch was -1. (state.change.logger)
[2025-03-08 22:43:36,025] INFO [Broker id=0] Leader team-service-invite-members-0 with topic id Some(hcxIX7ZES2-b0VR4LFe_IA) starts at leader epoch 0 from offset 13 with partition epoch 0, high watermark 13, ISR [0], adding replicas [] and removing replicas [] . Previous leader None and previous leader epoch was -1. (state.change.logger)
[2025-03-08 22:43:36,026] INFO [Broker id=0] Leader __consumer_offsets-23 with topic id Some(yVtNvhpQTZS9kaCM_OMWFA) starts at leader epoch 0 from offset 0 with partition epoch 0, high watermark 0, ISR [0], adding replicas [] and removing replicas [] . Previous leader None and previous leader epoch was -1. (state.change.logger)
[2025-03-08 22:43:36,030] INFO [Broker id=0] Leader __consumer_offsets-38 with topic id Some(yVtNvhpQTZS9kaCM_OMWFA) starts at leader epoch 0 from offset 0 with partition epoch 0, high watermark 0, ISR [0], adding replicas [] and removing replicas [] . Previous leader None and previous leader epoch was -1. (state.change.logger)
[2025-03-08 22:43:36,034] INFO [Broker id=0] Leader __consumer_offsets-8 with topic id Some(yVtNvhpQTZS9kaCM_OMWFA) starts at leader epoch 0 from offset 0 with partition epoch 0, high watermark 0, ISR [0], adding replicas [] and removing replicas [] . Previous leader None and previous leader epoch was -1. (state.change.logger)
[2025-03-08 22:43:36,038] INFO [Broker id=0] Leader __consumer_offsets-45 with topic id Some(yVtNvhpQTZS9kaCM_OMWFA) starts at leader epoch 0 from offset 0 with partition epoch 0, high watermark 0, ISR [0], adding replicas [] and removing replicas [] . Previous leader None and previous leader epoch was -1. (state.change.logger)
[2025-03-08 22:43:36,042] INFO [Broker id=0] Leader __consumer_offsets-15 with topic id Some(yVtNvhpQTZS9kaCM_OMWFA) starts at leader epoch 0 from offset 0 with partition epoch 0, high watermark 0, ISR [0], adding replicas [] and removing replicas [] . Previous leader None and previous leader epoch was -1. (state.change.logger)
[2025-03-08 22:43:36,046] INFO [Broker id=0] Leader __consumer_offsets-30 with topic id Some(yVtNvhpQTZS9kaCM_OMWFA) starts at leader epoch 0 from offset 0 with partition epoch 0, high watermark 0, ISR [0], adding replicas [] and removing replicas [] . Previous leader None and previous leader epoch was -1. (state.change.logger)
[2025-03-08 22:43:36,050] INFO [Broker id=0] Leader __consumer_offsets-0 with topic id Some(yVtNvhpQTZS9kaCM_OMWFA) starts at leader epoch 0 from offset 0 with partition epoch 0, high watermark 0, ISR [0], adding replicas [] and removing replicas [] . Previous leader None and previous leader epoch was -1. (state.change.logger)
[2025-03-08 22:43:36,055] INFO [Broker id=0] Leader __consumer_offsets-35 with topic id Some(yVtNvhpQTZS9kaCM_OMWFA) starts at leader epoch 0 from offset 0 with partition epoch 0, high watermark 0, ISR [0], adding replicas [] and removing replicas [] . Previous leader None and previous leader epoch was -1. (state.change.logger)
[2025-03-08 22:43:36,059] INFO [Broker id=0] Leader user-service-invite-members-0 with topic id Some(tkMgJy84QbGlJWP-QyYtQQ) starts at leader epoch 0 from offset 13 with partition epoch 0, high watermark 13, ISR [0], adding replicas [] and removing replicas [] . Previous leader None and previous leader epoch was -1. (state.change.logger)
[2025-03-08 22:43:36,060] INFO [Broker id=0] Leader file-upload-0 with topic id Some(qUUkEhR0T9aNij5ZNHVOoQ) starts at leader epoch 0 from offset 1 with partition epoch 0, high watermark 1, ISR [0], adding replicas [] and removing replicas [] . Previous leader None and previous leader epoch was -1. (state.change.logger)
[2025-03-08 22:43:36,061] INFO [Broker id=0] Leader __consumer_offsets-5 with topic id Some(yVtNvhpQTZS9kaCM_OMWFA) starts at leader epoch 0 from offset 0 with partition epoch 0, high watermark 0, ISR [0], adding replicas [] and removing replicas [] . Previous leader None and previous leader epoch was -1. (state.change.logger)
[2025-03-08 22:43:36,065] INFO [Broker id=0] Leader __consumer_offsets-20 with topic id Some(yVtNvhpQTZS9kaCM_OMWFA) starts at leader epoch 0 from offset 0 with partition epoch 0, high watermark 0, ISR [0], adding replicas [] and removing replicas [] . Previous leader None and previous leader epoch was -1. (state.change.logger)
[2025-03-08 22:43:36,069] INFO [Broker id=0] Leader __consumer_offsets-27 with topic id Some(yVtNvhpQTZS9kaCM_OMWFA) starts at leader epoch 0 from offset 85 with partition epoch 0, high watermark 85, ISR [0], adding replicas [] and removing replicas [] . Previous leader None and previous leader epoch was -1. (state.change.logger)
[2025-03-08 22:43:36,070] INFO [Broker id=0] Leader __consumer_offsets-42 with topic id Some(yVtNvhpQTZS9kaCM_OMWFA) starts at leader epoch 0 from offset 0 with partition epoch 0, high watermark 0, ISR [0], adding replicas [] and removing replicas [] . Previous leader None and previous leader epoch was -1. (state.change.logger)
[2025-03-08 22:43:36,075] INFO [Broker id=0] Leader __consumer_offsets-12 with topic id Some(yVtNvhpQTZS9kaCM_OMWFA) starts at leader epoch 0 from offset 0 with partition epoch 0, high watermark 0, ISR [0], adding replicas [] and removing replicas [] . Previous leader None and previous leader epoch was -1. (state.change.logger)
[2025-03-08 22:43:36,081] INFO [Broker id=0] Leader user-service-project-created-0 with topic id Some(ullV932RTQKVu3UQX2PkBQ) starts at leader epoch 0 from offset 5 with partition epoch 0, high watermark 5, ISR [0], adding replicas [] and removing replicas [] . Previous leader None and previous leader epoch was -1. (state.change.logger)
[2025-03-08 22:43:36,082] INFO [Broker id=0] Leader __consumer_offsets-21 with topic id Some(yVtNvhpQTZS9kaCM_OMWFA) starts at leader epoch 0 from offset 0 with partition epoch 0, high watermark 0, ISR [0], adding replicas [] and removing replicas [] . Previous leader None and previous leader epoch was -1. (state.change.logger)
[2025-03-08 22:43:36,086] INFO [Broker id=0] Leader __consumer_offsets-36 with topic id Some(yVtNvhpQTZS9kaCM_OMWFA) starts at leader epoch 0 from offset 0 with partition epoch 0, high watermark 0, ISR [0], adding replicas [] and removing replicas [] . Previous leader None and previous leader epoch was -1. (state.change.logger)
[2025-03-08 22:43:36,090] INFO [Broker id=0] Leader __consumer_offsets-6 with topic id Some(yVtNvhpQTZS9kaCM_OMWFA) starts at leader epoch 0 from offset 0 with partition epoch 0, high watermark 0, ISR [0], adding replicas [] and removing replicas [] . Previous leader None and previous leader epoch was -1. (state.change.logger)
[2025-03-08 22:43:36,094] INFO [Broker id=0] Leader __consumer_offsets-43 with topic id Some(yVtNvhpQTZS9kaCM_OMWFA) starts at leader epoch 0 from offset 0 with partition epoch 0, high watermark 0, ISR [0], adding replicas [] and removing replicas [] . Previous leader None and previous leader epoch was -1. (state.change.logger)
[2025-03-08 22:43:36,097] INFO [Broker id=0] Leader __consumer_offsets-13 with topic id Some(yVtNvhpQTZS9kaCM_OMWFA) starts at leader epoch 0 from offset 42 with partition epoch 0, high watermark 42, ISR [0], adding replicas [] and removing replicas [] . Previous leader None and previous leader epoch was -1. (state.change.logger)
[2025-03-08 22:43:36,098] INFO [Broker id=0] Leader __consumer_offsets-28 with topic id Some(yVtNvhpQTZS9kaCM_OMWFA) starts at leader epoch 0 from offset 0 with partition epoch 0, high watermark 0, ISR [0], adding replicas [] and removing replicas [] . Previous leader None and previous leader epoch was -1. (state.change.logger)
[2025-03-08 22:43:36,142] INFO [Broker id=0] Finished LeaderAndIsr request in 308ms correlationId 1 from controller 0 for 56 partitions (state.change.logger)
[2025-03-08 22:43:36,151] INFO [Broker id=0] Add 56 partitions and deleted 0 partitions from metadata cache in response to UpdateMetadata request sent by controller 0 epoch 8 with correlation id 2 (state.change.logger)
[2025-03-08 23:27:03,017] INFO [Controller id=0 epoch=9] Sending UpdateMetadata request to brokers HashSet(0) for 0 partitions (state.change.logger)
[2025-03-08 23:27:03,017] INFO [Controller id=0 epoch=9] Sending LeaderAndIsr request to broker 0 with 56 become-leader and 0 become-follower partitions (state.change.logger)
[2025-03-08 23:27:03,032] INFO [Controller id=0 epoch=9] Sending UpdateMetadata request to brokers HashSet(0) for 56 partitions (state.change.logger)
[2025-03-08 23:27:03,032] INFO [Broker id=0] Handling LeaderAndIsr request correlationId 1 from controller 0 for 56 partitions (state.change.logger)
[2025-03-08 23:27:03,032] INFO [Broker id=0] Ignoring LeaderAndIsr request from controller 0 with correlation id 1 epoch 9 for partition user-service-invite-members-0 since its associated leader epoch 0 matches the current leader epoch (state.change.logger)
[2025-03-08 23:27:03,032] INFO [Broker id=0] Ignoring LeaderAndIsr request from controller 0 with correlation id 1 epoch 9 for partition file-upload-0 since its associated leader epoch 0 matches the current leader epoch (state.change.logger)
[2025-03-08 23:27:03,032] INFO [Broker id=0] Ignoring LeaderAndIsr request from controller 0 with correlation id 1 epoch 9 for partition user-avatar-updated-0 since its associated leader epoch 0 matches the current leader epoch (state.change.logger)
[2025-03-08 23:27:03,032] INFO [Broker id=0] Ignoring LeaderAndIsr request from controller 0 with correlation id 1 epoch 9 for partition team-service-topic-0 since its associated leader epoch 0 matches the current leader epoch (state.change.logger)
[2025-03-08 23:27:03,032] INFO [Broker id=0] Ignoring LeaderAndIsr request from controller 0 with correlation id 1 epoch 9 for partition user-service-project-created-0 since its associated leader epoch 0 matches the current leader epoch (state.change.logger)
[2025-03-08 23:27:03,032] INFO [Broker id=0] Ignoring LeaderAndIsr request from controller 0 with correlation id 1 epoch 9 for partition __consumer_offsets-13 since its associated leader epoch 0 matches the current leader epoch (state.change.logger)
[2025-03-08 23:27:03,032] INFO [Broker id=0] Ignoring LeaderAndIsr request from controller 0 with correlation id 1 epoch 9 for partition __consumer_offsets-46 since its associated leader epoch 0 matches the current leader epoch (state.change.logger)
[2025-03-08 23:27:03,032] INFO [Broker id=0] Ignoring LeaderAndIsr request from controller 0 with correlation id 1 epoch 9 for partition __consumer_offsets-9 since its associated leader epoch 0 matches the current leader epoch (state.change.logger)
[2025-03-08 23:27:03,032] INFO [Broker id=0] Ignoring LeaderAndIsr request from controller 0 with correlation id 1 epoch 9 for partition __consumer_offsets-42 since its associated leader epoch 0 matches the current leader epoch (state.change.logger)
[2025-03-08 23:27:03,032] INFO [Broker id=0] Ignoring LeaderAndIsr request from controller 0 with correlation id 1 epoch 9 for partition __consumer_offsets-21 since its associated leader epoch 0 matches the current leader epoch (state.change.logger)
[2025-03-08 23:27:03,032] INFO [Broker id=0] Ignoring LeaderAndIsr request from controller 0 with correlation id 1 epoch 9 for partition __consumer_offsets-17 since its associated leader epoch 0 matches the current leader epoch (state.change.logger)
[2025-03-08 23:27:03,032] INFO [Broker id=0] Ignoring LeaderAndIsr request from controller 0 with correlation id 1 epoch 9 for partition __consumer_offsets-30 since its associated leader epoch 0 matches the current leader epoch (state.change.logger)
[2025-03-08 23:27:03,032] INFO [Broker id=0] Ignoring LeaderAndIsr request from controller 0 with correlation id 1 epoch 9 for partition __consumer_offsets-26 since its associated leader epoch 0 matches the current leader epoch (state.change.logger)
[2025-03-08 23:27:03,032] INFO [Broker id=0] Ignoring LeaderAndIsr request from controller 0 with correlation id 1 epoch 9 for partition __consumer_offsets-5 since its associated leader epoch 0 matches the current leader epoch (state.change.logger)
[2025-03-08 23:27:03,032] INFO [Broker id=0] Ignoring LeaderAndIsr request from controller 0 with correlation id 1 epoch 9 for partition __consumer_offsets-38 since its associated leader epoch 0 matches the current leader epoch (state.change.logger)
[2025-03-08 23:27:03,032] INFO [Broker id=0] Ignoring LeaderAndIsr request from controller 0 with correlation id 1 epoch 9 for partition __consumer_offsets-1 since its associated leader epoch 0 matches the current leader epoch (state.change.logger)
[2025-03-08 23:27:03,032] INFO [Broker id=0] Ignoring LeaderAndIsr request from controller 0 with correlation id 1 epoch 9 for partition __consumer_offsets-34 since its associated leader epoch 0 matches the current leader epoch (state.change.logger)
[2025-03-08 23:27:03,032] INFO [Broker id=0] Ignoring LeaderAndIsr request from controller 0 with correlation id 1 epoch 9 for partition __consumer_offsets-16 since its associated leader epoch 0 matches the current leader epoch (state.change.logger)
[2025-03-08 23:27:03,032] INFO [Broker id=0] Ignoring LeaderAndIsr request from controller 0 with correlation id 1 epoch 9 for partition __consumer_offsets-45 since its associated leader epoch 0 matches the current leader epoch (state.change.logger)
[2025-03-08 23:27:03,032] INFO [Broker id=0] Ignoring LeaderAndIsr request from controller 0 with correlation id 1 epoch 9 for partition __consumer_offsets-12 since its associated leader epoch 0 matches the current leader epoch (state.change.logger)
[2025-03-08 23:27:03,032] INFO [Broker id=0] Ignoring LeaderAndIsr request from controller 0 with correlation id 1 epoch 9 for partition __consumer_offsets-41 since its associated leader epoch 0 matches the current leader epoch (state.change.logger)
[2025-03-08 23:27:03,032] INFO [Broker id=0] Ignoring LeaderAndIsr request from controller 0 with correlation id 1 epoch 9 for partition __consumer_offsets-24 since its associated leader epoch 0 matches the current leader epoch (state.change.logger)
[2025-03-08 23:27:03,032] INFO [Broker id=0] Ignoring LeaderAndIsr request from controller 0 with correlation id 1 epoch 9 for partition __consumer_offsets-20 since its associated leader epoch 0 matches the current leader epoch (state.change.logger)
[2025-03-08 23:27:03,032] INFO [Broker id=0] Ignoring LeaderAndIsr request from controller 0 with correlation id 1 epoch 9 for partition __consumer_offsets-49 since its associated leader epoch 0 matches the current leader epoch (state.change.logger)
[2025-03-08 23:27:03,032] INFO [Broker id=0] Ignoring LeaderAndIsr request from controller 0 with correlation id 1 epoch 9 for partition __consumer_offsets-0 since its associated leader epoch 0 matches the current leader epoch (state.change.logger)
[2025-03-08 23:27:03,032] INFO [Broker id=0] Ignoring LeaderAndIsr request from controller 0 with correlation id 1 epoch 9 for partition __consumer_offsets-29 since its associated leader epoch 0 matches the current leader epoch (state.change.logger)
[2025-03-08 23:27:03,032] INFO [Broker id=0] Ignoring LeaderAndIsr request from controller 0 with correlation id 1 epoch 9 for partition __consumer_offsets-25 since its associated leader epoch 0 matches the current leader epoch (state.change.logger)
[2025-03-08 23:27:03,032] INFO [Broker id=0] Ignoring LeaderAndIsr request from controller 0 with correlation id 1 epoch 9 for partition __consumer_offsets-8 since its associated leader epoch 0 matches the current leader epoch (state.change.logger)
[2025-03-08 23:27:03,032] INFO [Broker id=0] Ignoring LeaderAndIsr request from controller 0 with correlation id 1 epoch 9 for partition __consumer_offsets-37 since its associated leader epoch 0 matches the current leader epoch (state.change.logger)
[2025-03-08 23:27:03,032] INFO [Broker id=0] Ignoring LeaderAndIsr request from controller 0 with correlation id 1 epoch 9 for partition __consumer_offsets-4 since its associated leader epoch 0 matches the current leader epoch (state.change.logger)
[2025-03-08 23:27:03,032] INFO [Broker id=0] Ignoring LeaderAndIsr request from controller 0 with correlation id 1 epoch 9 for partition __consumer_offsets-33 since its associated leader epoch 0 matches the current leader epoch (state.change.logger)
[2025-03-08 23:27:03,032] INFO [Broker id=0] Ignoring LeaderAndIsr request from controller 0 with correlation id 1 epoch 9 for partition __consumer_offsets-15 since its associated leader epoch 0 matches the current leader epoch (state.change.logger)
[2025-03-08 23:27:03,032] INFO [Broker id=0] Ignoring LeaderAndIsr request from controller 0 with correlation id 1 epoch 9 for partition __consumer_offsets-48 since its associated leader epoch 0 matches the current leader epoch (state.change.logger)
[2025-03-08 23:27:03,032] INFO [Broker id=0] Ignoring LeaderAndIsr request from controller 0 with correlation id 1 epoch 9 for partition __consumer_offsets-11 since its associated leader epoch 0 matches the current leader epoch (state.change.logger)
[2025-03-08 23:27:03,032] INFO [Broker id=0] Ignoring LeaderAndIsr request from controller 0 with correlation id 1 epoch 9 for partition __consumer_offsets-44 since its associated leader epoch 0 matches the current leader epoch (state.change.logger)
[2025-03-08 23:27:03,032] INFO [Broker id=0] Ignoring LeaderAndIsr request from controller 0 with correlation id 1 epoch 9 for partition __consumer_offsets-23 since its associated leader epoch 0 matches the current leader epoch (state.change.logger)
[2025-03-08 23:27:03,032] INFO [Broker id=0] Ignoring LeaderAndIsr request from controller 0 with correlation id 1 epoch 9 for partition __consumer_offsets-19 since its associated leader epoch 0 matches the current leader epoch (state.change.logger)
[2025-03-08 23:27:03,032] INFO [Broker id=0] Ignoring LeaderAndIsr request from controller 0 with correlation id 1 epoch 9 for partition __consumer_offsets-32 since its associated leader epoch 0 matches the current leader epoch (state.change.logger)
[2025-03-08 23:27:03,032] INFO [Broker id=0] Ignoring LeaderAndIsr request from controller 0 with correlation id 1 epoch 9 for partition __consumer_offsets-28 since its associated leader epoch 0 matches the current leader epoch (state.change.logger)
[2025-03-08 23:27:03,032] INFO [Broker id=0] Ignoring LeaderAndIsr request from controller 0 with correlation id 1 epoch 9 for partition __consumer_offsets-7 since its associated leader epoch 0 matches the current leader epoch (state.change.logger)
[2025-03-08 23:27:03,032] INFO [Broker id=0] Ignoring LeaderAndIsr request from controller 0 with correlation id 1 epoch 9 for partition __consumer_offsets-40 since its associated leader epoch 0 matches the current leader epoch (state.change.logger)
[2025-03-08 23:27:03,032] INFO [Broker id=0] Ignoring LeaderAndIsr request from controller 0 with correlation id 1 epoch 9 for partition __consumer_offsets-3 since its associated leader epoch 0 matches the current leader epoch (state.change.logger)
[2025-03-08 23:27:03,032] INFO [Broker id=0] Ignoring LeaderAndIsr request from controller 0 with correlation id 1 epoch 9 for partition __consumer_offsets-36 since its associated leader epoch 0 matches the current leader epoch (state.change.logger)
[2025-03-08 23:27:03,032] INFO [Broker id=0] Ignoring LeaderAndIsr request from controller 0 with correlation id 1 epoch 9 for partition __consumer_offsets-47 since its associated leader epoch 0 matches the current leader epoch (state.change.logger)
[2025-03-08 23:27:03,032] INFO [Broker id=0] Ignoring LeaderAndIsr request from controller 0 with correlation id 1 epoch 9 for partition __consumer_offsets-14 since its associated leader epoch 0 matches the current leader epoch (state.change.logger)
[2025-03-08 23:27:03,032] INFO [Broker id=0] Ignoring LeaderAndIsr request from controller 0 with correlation id 1 epoch 9 for partition __consumer_offsets-43 since its associated leader epoch 0 matches the current leader epoch (state.change.logger)
[2025-03-08 23:27:03,032] INFO [Broker id=0] Ignoring LeaderAndIsr request from controller 0 with correlation id 1 epoch 9 for partition __consumer_offsets-10 since its associated leader epoch 0 matches the current leader epoch (state.change.logger)
[2025-03-08 23:27:03,032] INFO [Broker id=0] Ignoring LeaderAndIsr request from controller 0 with correlation id 1 epoch 9 for partition __consumer_offsets-22 since its associated leader epoch 0 matches the current leader epoch (state.change.logger)
[2025-03-08 23:27:03,032] INFO [Broker id=0] Ignoring LeaderAndIsr request from controller 0 with correlation id 1 epoch 9 for partition __consumer_offsets-18 since its associated leader epoch 0 matches the current leader epoch (state.change.logger)
[2025-03-08 23:27:03,032] INFO [Broker id=0] Ignoring LeaderAndIsr request from controller 0 with correlation id 1 epoch 9 for partition __consumer_offsets-31 since its associated leader epoch 0 matches the current leader epoch (state.change.logger)
[2025-03-08 23:27:03,032] INFO [Broker id=0] Ignoring LeaderAndIsr request from controller 0 with correlation id 1 epoch 9 for partition __consumer_offsets-27 since its associated leader epoch 0 matches the current leader epoch (state.change.logger)
[2025-03-08 23:27:03,032] INFO [Broker id=0] Ignoring LeaderAndIsr request from controller 0 with correlation id 1 epoch 9 for partition __consumer_offsets-39 since its associated leader epoch 0 matches the current leader epoch (state.change.logger)
[2025-03-08 23:27:03,032] INFO [Broker id=0] Ignoring LeaderAndIsr request from controller 0 with correlation id 1 epoch 9 for partition __consumer_offsets-6 since its associated leader epoch 0 matches the current leader epoch (state.change.logger)
[2025-03-08 23:27:03,032] INFO [Broker id=0] Ignoring LeaderAndIsr request from controller 0 with correlation id 1 epoch 9 for partition __consumer_offsets-35 since its associated leader epoch 0 matches the current leader epoch (state.change.logger)
[2025-03-08 23:27:03,032] INFO [Broker id=0] Ignoring LeaderAndIsr request from controller 0 with correlation id 1 epoch 9 for partition __consumer_offsets-2 since its associated leader epoch 0 matches the current leader epoch (state.change.logger)
[2025-03-08 23:27:03,032] INFO [Broker id=0] Ignoring LeaderAndIsr request from controller 0 with correlation id 1 epoch 9 for partition team-service-invite-members-0 since its associated leader epoch 0 matches the current leader epoch (state.change.logger)
[2025-03-08 23:27:03,032] INFO [Broker id=0] Finished LeaderAndIsr request in 0ms correlationId 1 from controller 0 for 56 partitions (state.change.logger)
[2025-03-08 23:27:03,032] INFO [Broker id=0] Add 56 partitions and deleted 0 partitions from metadata cache in response to UpdateMetadata request sent by controller 0 epoch 9 with correlation id 2 (state.change.logger)
[2025-03-09 02:34:41,250] INFO [Controller id=0 epoch=10] Sending UpdateMetadata request to brokers HashSet(0) for 0 partitions (state.change.logger)
[2025-03-09 02:34:41,266] INFO [Controller id=0 epoch=10] Sending LeaderAndIsr request to broker 0 with 56 become-leader and 0 become-follower partitions (state.change.logger)
[2025-03-09 02:34:41,268] INFO [Controller id=0 epoch=10] Sending UpdateMetadata request to brokers HashSet(0) for 56 partitions (state.change.logger)
[2025-03-09 02:34:41,274] INFO [Broker id=0] Handling LeaderAndIsr request correlationId 1 from controller 0 for 56 partitions (state.change.logger)
[2025-03-09 02:34:41,276] INFO [Broker id=0] Ignoring LeaderAndIsr request from controller 0 with correlation id 1 epoch 10 for partition user-service-invite-members-0 since its associated leader epoch 0 matches the current leader epoch (state.change.logger)
[2025-03-09 02:34:41,276] INFO [Broker id=0] Ignoring LeaderAndIsr request from controller 0 with correlation id 1 epoch 10 for partition file-upload-0 since its associated leader epoch 0 matches the current leader epoch (state.change.logger)
[2025-03-09 02:34:41,276] INFO [Broker id=0] Ignoring LeaderAndIsr request from controller 0 with correlation id 1 epoch 10 for partition user-avatar-updated-0 since its associated leader epoch 0 matches the current leader epoch (state.change.logger)
[2025-03-09 02:34:41,276] INFO [Broker id=0] Ignoring LeaderAndIsr request from controller 0 with correlation id 1 epoch 10 for partition team-service-topic-0 since its associated leader epoch 0 matches the current leader epoch (state.change.logger)
[2025-03-09 02:34:41,277] INFO [Broker id=0] Ignoring LeaderAndIsr request from controller 0 with correlation id 1 epoch 10 for partition user-service-project-created-0 since its associated leader epoch 0 matches the current leader epoch (state.change.logger)
[2025-03-09 02:34:41,277] INFO [Broker id=0] Ignoring LeaderAndIsr request from controller 0 with correlation id 1 epoch 10 for partition __consumer_offsets-13 since its associated leader epoch 0 matches the current leader epoch (state.change.logger)
[2025-03-09 02:34:41,277] INFO [Broker id=0] Ignoring LeaderAndIsr request from controller 0 with correlation id 1 epoch 10 for partition __consumer_offsets-46 since its associated leader epoch 0 matches the current leader epoch (state.change.logger)
[2025-03-09 02:34:41,277] INFO [Broker id=0] Ignoring LeaderAndIsr request from controller 0 with correlation id 1 epoch 10 for partition __consumer_offsets-9 since its associated leader epoch 0 matches the current leader epoch (state.change.logger)
[2025-03-09 02:34:41,277] INFO [Broker id=0] Ignoring LeaderAndIsr request from controller 0 with correlation id 1 epoch 10 for partition __consumer_offsets-42 since its associated leader epoch 0 matches the current leader epoch (state.change.logger)
[2025-03-09 02:34:41,277] INFO [Broker id=0] Ignoring LeaderAndIsr request from controller 0 with correlation id 1 epoch 10 for partition __consumer_offsets-21 since its associated leader epoch 0 matches the current leader epoch (state.change.logger)
[2025-03-09 02:34:41,277] INFO [Broker id=0] Ignoring LeaderAndIsr request from controller 0 with correlation id 1 epoch 10 for partition __consumer_offsets-17 since its associated leader epoch 0 matches the current leader epoch (state.change.logger)
[2025-03-09 02:34:41,277] INFO [Broker id=0] Ignoring LeaderAndIsr request from controller 0 with correlation id 1 epoch 10 for partition __consumer_offsets-30 since its associated leader epoch 0 matches the current leader epoch (state.change.logger)
[2025-03-09 02:34:41,277] INFO [Broker id=0] Ignoring LeaderAndIsr request from controller 0 with correlation id 1 epoch 10 for partition __consumer_offsets-26 since its associated leader epoch 0 matches the current leader epoch (state.change.logger)
[2025-03-09 02:34:41,277] INFO [Broker id=0] Ignoring LeaderAndIsr request from controller 0 with correlation id 1 epoch 10 for partition __consumer_offsets-5 since its associated leader epoch 0 matches the current leader epoch (state.change.logger)
[2025-03-09 02:34:41,277] INFO [Broker id=0] Ignoring LeaderAndIsr request from controller 0 with correlation id 1 epoch 10 for partition __consumer_offsets-38 since its associated leader epoch 0 matches the current leader epoch (state.change.logger)
[2025-03-09 02:34:41,278] INFO [Broker id=0] Ignoring LeaderAndIsr request from controller 0 with correlation id 1 epoch 10 for partition __consumer_offsets-1 since its associated leader epoch 0 matches the current leader epoch (state.change.logger)
[2025-03-09 02:34:41,278] INFO [Broker id=0] Ignoring LeaderAndIsr request from controller 0 with correlation id 1 epoch 10 for partition __consumer_offsets-34 since its associated leader epoch 0 matches the current leader epoch (state.change.logger)
[2025-03-09 02:34:41,278] INFO [Broker id=0] Ignoring LeaderAndIsr request from controller 0 with correlation id 1 epoch 10 for partition __consumer_offsets-16 since its associated leader epoch 0 matches the current leader epoch (state.change.logger)
[2025-03-09 02:34:41,278] INFO [Broker id=0] Ignoring LeaderAndIsr request from controller 0 with correlation id 1 epoch 10 for partition __consumer_offsets-45 since its associated leader epoch 0 matches the current leader epoch (state.change.logger)
[2025-03-09 02:34:41,278] INFO [Broker id=0] Ignoring LeaderAndIsr request from controller 0 with correlation id 1 epoch 10 for partition __consumer_offsets-12 since its associated leader epoch 0 matches the current leader epoch (state.change.logger)
[2025-03-09 02:34:41,278] INFO [Broker id=0] Ignoring LeaderAndIsr request from controller 0 with correlation id 1 epoch 10 for partition __consumer_offsets-41 since its associated leader epoch 0 matches the current leader epoch (state.change.logger)
[2025-03-09 02:34:41,278] INFO [Broker id=0] Ignoring LeaderAndIsr request from controller 0 with correlation id 1 epoch 10 for partition __consumer_offsets-24 since its associated leader epoch 0 matches the current leader epoch (state.change.logger)
[2025-03-09 02:34:41,278] INFO [Broker id=0] Ignoring LeaderAndIsr request from controller 0 with correlation id 1 epoch 10 for partition __consumer_offsets-20 since its associated leader epoch 0 matches the current leader epoch (state.change.logger)
[2025-03-09 02:34:41,278] INFO [Broker id=0] Ignoring LeaderAndIsr request from controller 0 with correlation id 1 epoch 10 for partition __consumer_offsets-49 since its associated leader epoch 0 matches the current leader epoch (state.change.logger)
[2025-03-09 02:34:41,278] INFO [Broker id=0] Ignoring LeaderAndIsr request from controller 0 with correlation id 1 epoch 10 for partition __consumer_offsets-0 since its associated leader epoch 0 matches the current leader epoch (state.change.logger)
[2025-03-09 02:34:41,278] INFO [Broker id=0] Ignoring LeaderAndIsr request from controller 0 with correlation id 1 epoch 10 for partition __consumer_offsets-29 since its associated leader epoch 0 matches the current leader epoch (state.change.logger)
[2025-03-09 02:34:41,278] INFO [Broker id=0] Ignoring LeaderAndIsr request from controller 0 with correlation id 1 epoch 10 for partition __consumer_offsets-25 since its associated leader epoch 0 matches the current leader epoch (state.change.logger)
[2025-03-09 02:34:41,278] INFO [Broker id=0] Ignoring LeaderAndIsr request from controller 0 with correlation id 1 epoch 10 for partition __consumer_offsets-8 since its associated leader epoch 0 matches the current leader epoch (state.change.logger)
[2025-03-09 02:34:41,278] INFO [Broker id=0] Ignoring LeaderAndIsr request from controller 0 with correlation id 1 epoch 10 for partition __consumer_offsets-37 since its associated leader epoch 0 matches the current leader epoch (state.change.logger)
[2025-03-09 02:34:41,278] INFO [Broker id=0] Ignoring LeaderAndIsr request from controller 0 with correlation id 1 epoch 10 for partition __consumer_offsets-4 since its associated leader epoch 0 matches the current leader epoch (state.change.logger)
[2025-03-09 02:34:41,278] INFO [Broker id=0] Ignoring LeaderAndIsr request from controller 0 with correlation id 1 epoch 10 for partition __consumer_offsets-33 since its associated leader epoch 0 matches the current leader epoch (state.change.logger)
[2025-03-09 02:34:41,278] INFO [Broker id=0] Ignoring LeaderAndIsr request from controller 0 with correlation id 1 epoch 10 for partition __consumer_offsets-15 since its associated leader epoch 0 matches the current leader epoch (state.change.logger)
[2025-03-09 02:34:41,278] INFO [Broker id=0] Ignoring LeaderAndIsr request from controller 0 with correlation id 1 epoch 10 for partition __consumer_offsets-48 since its associated leader epoch 0 matches the current leader epoch (state.change.logger)
[2025-03-09 02:34:41,278] INFO [Broker id=0] Ignoring LeaderAndIsr request from controller 0 with correlation id 1 epoch 10 for partition __consumer_offsets-11 since its associated leader epoch 0 matches the current leader epoch (state.change.logger)
[2025-03-09 02:34:41,278] INFO [Broker id=0] Ignoring LeaderAndIsr request from controller 0 with correlation id 1 epoch 10 for partition __consumer_offsets-44 since its associated leader epoch 0 matches the current leader epoch (state.change.logger)
[2025-03-09 02:34:41,278] INFO [Broker id=0] Ignoring LeaderAndIsr request from controller 0 with correlation id 1 epoch 10 for partition __consumer_offsets-23 since its associated leader epoch 0 matches the current leader epoch (state.change.logger)
[2025-03-09 02:34:41,278] INFO [Broker id=0] Ignoring LeaderAndIsr request from controller 0 with correlation id 1 epoch 10 for partition __consumer_offsets-19 since its associated leader epoch 0 matches the current leader epoch (state.change.logger)
[2025-03-09 02:34:41,278] INFO [Broker id=0] Ignoring LeaderAndIsr request from controller 0 with correlation id 1 epoch 10 for partition __consumer_offsets-32 since its associated leader epoch 0 matches the current leader epoch (state.change.logger)
[2025-03-09 02:34:41,279] INFO [Broker id=0] Ignoring LeaderAndIsr request from controller 0 with correlation id 1 epoch 10 for partition __consumer_offsets-28 since its associated leader epoch 0 matches the current leader epoch (state.change.logger)
[2025-03-09 02:34:41,279] INFO [Broker id=0] Ignoring LeaderAndIsr request from controller 0 with correlation id 1 epoch 10 for partition __consumer_offsets-7 since its associated leader epoch 0 matches the current leader epoch (state.change.logger)
[2025-03-09 02:34:41,279] INFO [Broker id=0] Ignoring LeaderAndIsr request from controller 0 with correlation id 1 epoch 10 for partition __consumer_offsets-40 since its associated leader epoch 0 matches the current leader epoch (state.change.logger)
[2025-03-09 02:34:41,279] INFO [Broker id=0] Ignoring LeaderAndIsr request from controller 0 with correlation id 1 epoch 10 for partition __consumer_offsets-3 since its associated leader epoch 0 matches the current leader epoch (state.change.logger)
[2025-03-09 02:34:41,279] INFO [Broker id=0] Ignoring LeaderAndIsr request from controller 0 with correlation id 1 epoch 10 for partition __consumer_offsets-36 since its associated leader epoch 0 matches the current leader epoch (state.change.logger)
[2025-03-09 02:34:41,279] INFO [Broker id=0] Ignoring LeaderAndIsr request from controller 0 with correlation id 1 epoch 10 for partition __consumer_offsets-47 since its associated leader epoch 0 matches the current leader epoch (state.change.logger)
[2025-03-09 02:34:41,279] INFO [Broker id=0] Ignoring LeaderAndIsr request from controller 0 with correlation id 1 epoch 10 for partition __consumer_offsets-14 since its associated leader epoch 0 matches the current leader epoch (state.change.logger)
[2025-03-09 02:34:41,279] INFO [Broker id=0] Ignoring LeaderAndIsr request from controller 0 with correlation id 1 epoch 10 for partition __consumer_offsets-43 since its associated leader epoch 0 matches the current leader epoch (state.change.logger)
[2025-03-09 02:34:41,279] INFO [Broker id=0] Ignoring LeaderAndIsr request from controller 0 with correlation id 1 epoch 10 for partition __consumer_offsets-10 since its associated leader epoch 0 matches the current leader epoch (state.change.logger)
[2025-03-09 02:34:41,279] INFO [Broker id=0] Ignoring LeaderAndIsr request from controller 0 with correlation id 1 epoch 10 for partition __consumer_offsets-22 since its associated leader epoch 0 matches the current leader epoch (state.change.logger)
[2025-03-09 02:34:41,279] INFO [Broker id=0] Ignoring LeaderAndIsr request from controller 0 with correlation id 1 epoch 10 for partition __consumer_offsets-18 since its associated leader epoch 0 matches the current leader epoch (state.change.logger)
[2025-03-09 02:34:41,279] INFO [Broker id=0] Ignoring LeaderAndIsr request from controller 0 with correlation id 1 epoch 10 for partition __consumer_offsets-31 since its associated leader epoch 0 matches the current leader epoch (state.change.logger)
[2025-03-09 02:34:41,279] INFO [Broker id=0] Ignoring LeaderAndIsr request from controller 0 with correlation id 1 epoch 10 for partition __consumer_offsets-27 since its associated leader epoch 0 matches the current leader epoch (state.change.logger)
[2025-03-09 02:34:41,279] INFO [Broker id=0] Ignoring LeaderAndIsr request from controller 0 with correlation id 1 epoch 10 for partition __consumer_offsets-39 since its associated leader epoch 0 matches the current leader epoch (state.change.logger)
[2025-03-09 02:34:41,279] INFO [Broker id=0] Ignoring LeaderAndIsr request from controller 0 with correlation id 1 epoch 10 for partition __consumer_offsets-6 since its associated leader epoch 0 matches the current leader epoch (state.change.logger)
[2025-03-09 02:34:41,279] INFO [Broker id=0] Ignoring LeaderAndIsr request from controller 0 with correlation id 1 epoch 10 for partition __consumer_offsets-35 since its associated leader epoch 0 matches the current leader epoch (state.change.logger)
[2025-03-09 02:34:41,279] INFO [Broker id=0] Ignoring LeaderAndIsr request from controller 0 with correlation id 1 epoch 10 for partition __consumer_offsets-2 since its associated leader epoch 0 matches the current leader epoch (state.change.logger)
[2025-03-09 02:34:41,279] INFO [Broker id=0] Ignoring LeaderAndIsr request from controller 0 with correlation id 1 epoch 10 for partition team-service-invite-members-0 since its associated leader epoch 0 matches the current leader epoch (state.change.logger)
[2025-03-09 02:34:41,284] INFO [Broker id=0] Finished LeaderAndIsr request in 10ms correlationId 1 from controller 0 for 56 partitions (state.change.logger)
[2025-03-09 02:34:41,289] INFO [Broker id=0] Add 56 partitions and deleted 0 partitions from metadata cache in response to UpdateMetadata request sent by controller 0 epoch 10 with correlation id 2 (state.change.logger)
[2025-03-09 02:46:11,695] INFO [Controller id=0 epoch=11] Sending UpdateMetadata request to brokers HashSet(0) for 0 partitions (state.change.logger)
[2025-03-09 02:46:11,699] INFO [Controller id=0 epoch=11] Sending LeaderAndIsr request to broker 0 with 56 become-leader and 0 become-follower partitions (state.change.logger)
[2025-03-09 02:46:11,699] INFO [Controller id=0 epoch=11] Sending UpdateMetadata request to brokers HashSet(0) for 56 partitions (state.change.logger)
[2025-03-09 02:46:11,700] INFO [Broker id=0] Handling LeaderAndIsr request correlationId 1 from controller 0 for 56 partitions (state.change.logger)
[2025-03-09 02:46:11,701] INFO [Broker id=0] Ignoring LeaderAndIsr request from controller 0 with correlation id 1 epoch 11 for partition user-service-invite-members-0 since its associated leader epoch 0 matches the current leader epoch (state.change.logger)
[2025-03-09 02:46:11,701] INFO [Broker id=0] Ignoring LeaderAndIsr request from controller 0 with correlation id 1 epoch 11 for partition file-upload-0 since its associated leader epoch 0 matches the current leader epoch (state.change.logger)
[2025-03-09 02:46:11,701] INFO [Broker id=0] Ignoring LeaderAndIsr request from controller 0 with correlation id 1 epoch 11 for partition user-avatar-updated-0 since its associated leader epoch 0 matches the current leader epoch (state.change.logger)
[2025-03-09 02:46:11,701] INFO [Broker id=0] Ignoring LeaderAndIsr request from controller 0 with correlation id 1 epoch 11 for partition team-service-topic-0 since its associated leader epoch 0 matches the current leader epoch (state.change.logger)
[2025-03-09 02:46:11,701] INFO [Broker id=0] Ignoring LeaderAndIsr request from controller 0 with correlation id 1 epoch 11 for partition user-service-project-created-0 since its associated leader epoch 0 matches the current leader epoch (state.change.logger)
[2025-03-09 02:46:11,701] INFO [Broker id=0] Ignoring LeaderAndIsr request from controller 0 with correlation id 1 epoch 11 for partition __consumer_offsets-13 since its associated leader epoch 0 matches the current leader epoch (state.change.logger)
[2025-03-09 02:46:11,701] INFO [Broker id=0] Ignoring LeaderAndIsr request from controller 0 with correlation id 1 epoch 11 for partition __consumer_offsets-46 since its associated leader epoch 0 matches the current leader epoch (state.change.logger)
[2025-03-09 02:46:11,701] INFO [Broker id=0] Ignoring LeaderAndIsr request from controller 0 with correlation id 1 epoch 11 for partition __consumer_offsets-9 since its associated leader epoch 0 matches the current leader epoch (state.change.logger)
[2025-03-09 02:46:11,701] INFO [Broker id=0] Ignoring LeaderAndIsr request from controller 0 with correlation id 1 epoch 11 for partition __consumer_offsets-42 since its associated leader epoch 0 matches the current leader epoch (state.change.logger)
[2025-03-09 02:46:11,701] INFO [Broker id=0] Ignoring LeaderAndIsr request from controller 0 with correlation id 1 epoch 11 for partition __consumer_offsets-21 since its associated leader epoch 0 matches the current leader epoch (state.change.logger)
[2025-03-09 02:46:11,701] INFO [Broker id=0] Ignoring LeaderAndIsr request from controller 0 with correlation id 1 epoch 11 for partition __consumer_offsets-17 since its associated leader epoch 0 matches the current leader epoch (state.change.logger)
[2025-03-09 02:46:11,701] INFO [Broker id=0] Ignoring LeaderAndIsr request from controller 0 with correlation id 1 epoch 11 for partition __consumer_offsets-30 since its associated leader epoch 0 matches the current leader epoch (state.change.logger)
[2025-03-09 02:46:11,701] INFO [Broker id=0] Ignoring LeaderAndIsr request from controller 0 with correlation id 1 epoch 11 for partition __consumer_offsets-26 since its associated leader epoch 0 matches the current leader epoch (state.change.logger)
[2025-03-09 02:46:11,701] INFO [Broker id=0] Ignoring LeaderAndIsr request from controller 0 with correlation id 1 epoch 11 for partition __consumer_offsets-5 since its associated leader epoch 0 matches the current leader epoch (state.change.logger)
[2025-03-09 02:46:11,701] INFO [Broker id=0] Ignoring LeaderAndIsr request from controller 0 with correlation id 1 epoch 11 for partition __consumer_offsets-38 since its associated leader epoch 0 matches the current leader epoch (state.change.logger)
[2025-03-09 02:46:11,701] INFO [Broker id=0] Ignoring LeaderAndIsr request from controller 0 with correlation id 1 epoch 11 for partition __consumer_offsets-1 since its associated leader epoch 0 matches the current leader epoch (state.change.logger)
[2025-03-09 02:46:11,701] INFO [Broker id=0] Ignoring LeaderAndIsr request from controller 0 with correlation id 1 epoch 11 for partition __consumer_offsets-34 since its associated leader epoch 0 matches the current leader epoch (state.change.logger)
[2025-03-09 02:46:11,701] INFO [Broker id=0] Ignoring LeaderAndIsr request from controller 0 with correlation id 1 epoch 11 for partition __consumer_offsets-16 since its associated leader epoch 0 matches the current leader epoch (state.change.logger)
[2025-03-09 02:46:11,701] INFO [Broker id=0] Ignoring LeaderAndIsr request from controller 0 with correlation id 1 epoch 11 for partition __consumer_offsets-45 since its associated leader epoch 0 matches the current leader epoch (state.change.logger)
[2025-03-09 02:46:11,701] INFO [Broker id=0] Ignoring LeaderAndIsr request from controller 0 with correlation id 1 epoch 11 for partition __consumer_offsets-12 since its associated leader epoch 0 matches the current leader epoch (state.change.logger)
[2025-03-09 02:46:11,701] INFO [Broker id=0] Ignoring LeaderAndIsr request from controller 0 with correlation id 1 epoch 11 for partition __consumer_offsets-41 since its associated leader epoch 0 matches the current leader epoch (state.change.logger)
[2025-03-09 02:46:11,701] INFO [Broker id=0] Ignoring LeaderAndIsr request from controller 0 with correlation id 1 epoch 11 for partition __consumer_offsets-24 since its associated leader epoch 0 matches the current leader epoch (state.change.logger)
[2025-03-09 02:46:11,701] INFO [Broker id=0] Ignoring LeaderAndIsr request from controller 0 with correlation id 1 epoch 11 for partition __consumer_offsets-20 since its associated leader epoch 0 matches the current leader epoch (state.change.logger)
[2025-03-09 02:46:11,702] INFO [Broker id=0] Ignoring LeaderAndIsr request from controller 0 with correlation id 1 epoch 11 for partition __consumer_offsets-49 since its associated leader epoch 0 matches the current leader epoch (state.change.logger)
[2025-03-09 02:46:11,702] INFO [Broker id=0] Ignoring LeaderAndIsr request from controller 0 with correlation id 1 epoch 11 for partition __consumer_offsets-0 since its associated leader epoch 0 matches the current leader epoch (state.change.logger)
[2025-03-09 02:46:11,702] INFO [Broker id=0] Ignoring LeaderAndIsr request from controller 0 with correlation id 1 epoch 11 for partition __consumer_offsets-29 since its associated leader epoch 0 matches the current leader epoch (state.change.logger)
[2025-03-09 02:46:11,702] INFO [Broker id=0] Ignoring LeaderAndIsr request from controller 0 with correlation id 1 epoch 11 for partition __consumer_offsets-25 since its associated leader epoch 0 matches the current leader epoch (state.change.logger)
[2025-03-09 02:46:11,702] INFO [Broker id=0] Ignoring LeaderAndIsr request from controller 0 with correlation id 1 epoch 11 for partition __consumer_offsets-8 since its associated leader epoch 0 matches the current leader epoch (state.change.logger)
[2025-03-09 02:46:11,702] INFO [Broker id=0] Ignoring LeaderAndIsr request from controller 0 with correlation id 1 epoch 11 for partition __consumer_offsets-37 since its associated leader epoch 0 matches the current leader epoch (state.change.logger)
[2025-03-09 02:46:11,702] INFO [Broker id=0] Ignoring LeaderAndIsr request from controller 0 with correlation id 1 epoch 11 for partition __consumer_offsets-4 since its associated leader epoch 0 matches the current leader epoch (state.change.logger)
[2025-03-09 02:46:11,702] INFO [Broker id=0] Ignoring LeaderAndIsr request from controller 0 with correlation id 1 epoch 11 for partition __consumer_offsets-33 since its associated leader epoch 0 matches the current leader epoch (state.change.logger)
[2025-03-09 02:46:11,702] INFO [Broker id=0] Ignoring LeaderAndIsr request from controller 0 with correlation id 1 epoch 11 for partition __consumer_offsets-15 since its associated leader epoch 0 matches the current leader epoch (state.change.logger)
[2025-03-09 02:46:11,702] INFO [Broker id=0] Ignoring LeaderAndIsr request from controller 0 with correlation id 1 epoch 11 for partition __consumer_offsets-48 since its associated leader epoch 0 matches the current leader epoch (state.change.logger)
[2025-03-09 02:46:11,702] INFO [Broker id=0] Ignoring LeaderAndIsr request from controller 0 with correlation id 1 epoch 11 for partition __consumer_offsets-11 since its associated leader epoch 0 matches the current leader epoch (state.change.logger)
[2025-03-09 02:46:11,702] INFO [Broker id=0] Ignoring LeaderAndIsr request from controller 0 with correlation id 1 epoch 11 for partition __consumer_offsets-44 since its associated leader epoch 0 matches the current leader epoch (state.change.logger)
[2025-03-09 02:46:11,702] INFO [Broker id=0] Ignoring LeaderAndIsr request from controller 0 with correlation id 1 epoch 11 for partition __consumer_offsets-23 since its associated leader epoch 0 matches the current leader epoch (state.change.logger)
[2025-03-09 02:46:11,702] INFO [Broker id=0] Ignoring LeaderAndIsr request from controller 0 with correlation id 1 epoch 11 for partition __consumer_offsets-19 since its associated leader epoch 0 matches the current leader epoch (state.change.logger)
[2025-03-09 02:46:11,702] INFO [Broker id=0] Ignoring LeaderAndIsr request from controller 0 with correlation id 1 epoch 11 for partition __consumer_offsets-32 since its associated leader epoch 0 matches the current leader epoch (state.change.logger)
[2025-03-09 02:46:11,702] INFO [Broker id=0] Ignoring LeaderAndIsr request from controller 0 with correlation id 1 epoch 11 for partition __consumer_offsets-28 since its associated leader epoch 0 matches the current leader epoch (state.change.logger)
[2025-03-09 02:46:11,702] INFO [Broker id=0] Ignoring LeaderAndIsr request from controller 0 with correlation id 1 epoch 11 for partition __consumer_offsets-7 since its associated leader epoch 0 matches the current leader epoch (state.change.logger)
[2025-03-09 02:46:11,702] INFO [Broker id=0] Ignoring LeaderAndIsr request from controller 0 with correlation id 1 epoch 11 for partition __consumer_offsets-40 since its associated leader epoch 0 matches the current leader epoch (state.change.logger)
[2025-03-09 02:46:11,702] INFO [Broker id=0] Ignoring LeaderAndIsr request from controller 0 with correlation id 1 epoch 11 for partition __consumer_offsets-3 since its associated leader epoch 0 matches the current leader epoch (state.change.logger)
[2025-03-09 02:46:11,702] INFO [Broker id=0] Ignoring LeaderAndIsr request from controller 0 with correlation id 1 epoch 11 for partition __consumer_offsets-36 since its associated leader epoch 0 matches the current leader epoch (state.change.logger)
[2025-03-09 02:46:11,702] INFO [Broker id=0] Ignoring LeaderAndIsr request from controller 0 with correlation id 1 epoch 11 for partition __consumer_offsets-47 since its associated leader epoch 0 matches the current leader epoch (state.change.logger)
[2025-03-09 02:46:11,702] INFO [Broker id=0] Ignoring LeaderAndIsr request from controller 0 with correlation id 1 epoch 11 for partition __consumer_offsets-14 since its associated leader epoch 0 matches the current leader epoch (state.change.logger)
[2025-03-09 02:46:11,702] INFO [Broker id=0] Ignoring LeaderAndIsr request from controller 0 with correlation id 1 epoch 11 for partition __consumer_offsets-43 since its associated leader epoch 0 matches the current leader epoch (state.change.logger)
[2025-03-09 02:46:11,702] INFO [Broker id=0] Ignoring LeaderAndIsr request from controller 0 with correlation id 1 epoch 11 for partition __consumer_offsets-10 since its associated leader epoch 0 matches the current leader epoch (state.change.logger)
[2025-03-09 02:46:11,702] INFO [Broker id=0] Ignoring LeaderAndIsr request from controller 0 with correlation id 1 epoch 11 for partition __consumer_offsets-22 since its associated leader epoch 0 matches the current leader epoch (state.change.logger)
[2025-03-09 02:46:11,702] INFO [Broker id=0] Ignoring LeaderAndIsr request from controller 0 with correlation id 1 epoch 11 for partition __consumer_offsets-18 since its associated leader epoch 0 matches the current leader epoch (state.change.logger)
[2025-03-09 02:46:11,702] INFO [Broker id=0] Ignoring LeaderAndIsr request from controller 0 with correlation id 1 epoch 11 for partition __consumer_offsets-31 since its associated leader epoch 0 matches the current leader epoch (state.change.logger)
[2025-03-09 02:46:11,702] INFO [Broker id=0] Ignoring LeaderAndIsr request from controller 0 with correlation id 1 epoch 11 for partition __consumer_offsets-27 since its associated leader epoch 0 matches the current leader epoch (state.change.logger)
[2025-03-09 02:46:11,703] INFO [Broker id=0] Ignoring LeaderAndIsr request from controller 0 with correlation id 1 epoch 11 for partition __consumer_offsets-39 since its associated leader epoch 0 matches the current leader epoch (state.change.logger)
[2025-03-09 02:46:11,703] INFO [Broker id=0] Ignoring LeaderAndIsr request from controller 0 with correlation id 1 epoch 11 for partition __consumer_offsets-6 since its associated leader epoch 0 matches the current leader epoch (state.change.logger)
[2025-03-09 02:46:11,703] INFO [Broker id=0] Ignoring LeaderAndIsr request from controller 0 with correlation id 1 epoch 11 for partition __consumer_offsets-35 since its associated leader epoch 0 matches the current leader epoch (state.change.logger)
[2025-03-09 02:46:11,703] INFO [Broker id=0] Ignoring LeaderAndIsr request from controller 0 with correlation id 1 epoch 11 for partition __consumer_offsets-2 since its associated leader epoch 0 matches the current leader epoch (state.change.logger)
[2025-03-09 02:46:11,703] INFO [Broker id=0] Ignoring LeaderAndIsr request from controller 0 with correlation id 1 epoch 11 for partition team-service-invite-members-0 since its associated leader epoch 0 matches the current leader epoch (state.change.logger)
[2025-03-09 02:46:11,704] INFO [Broker id=0] Finished LeaderAndIsr request in 4ms correlationId 1 from controller 0 for 56 partitions (state.change.logger)
[2025-03-09 02:46:11,710] INFO [Broker id=0] Add 56 partitions and deleted 0 partitions from metadata cache in response to UpdateMetadata request sent by controller 0 epoch 11 with correlation id 2 (state.change.logger)
[2025-03-09 03:09:26,057] INFO [Controller id=0 epoch=12] Sending UpdateMetadata request to brokers HashSet(0) for 0 partitions (state.change.logger)
[2025-03-09 03:09:26,067] INFO [Controller id=0 epoch=12] Sending LeaderAndIsr request to broker 0 with 56 become-leader and 0 become-follower partitions (state.change.logger)
[2025-03-09 03:09:26,068] INFO [Controller id=0 epoch=12] Sending UpdateMetadata request to brokers HashSet(0) for 56 partitions (state.change.logger)
[2025-03-09 03:09:26,071] INFO [Broker id=0] Handling LeaderAndIsr request correlationId 1 from controller 0 for 56 partitions (state.change.logger)
[2025-03-09 03:09:26,071] INFO [Broker id=0] Ignoring LeaderAndIsr request from controller 0 with correlation id 1 epoch 12 for partition user-service-invite-members-0 since its associated leader epoch 0 matches the current leader epoch (state.change.logger)
[2025-03-09 03:09:26,071] INFO [Broker id=0] Ignoring LeaderAndIsr request from controller 0 with correlation id 1 epoch 12 for partition file-upload-0 since its associated leader epoch 0 matches the current leader epoch (state.change.logger)
[2025-03-09 03:09:26,072] INFO [Broker id=0] Ignoring LeaderAndIsr request from controller 0 with correlation id 1 epoch 12 for partition user-avatar-updated-0 since its associated leader epoch 0 matches the current leader epoch (state.change.logger)
[2025-03-09 03:09:26,072] INFO [Broker id=0] Ignoring LeaderAndIsr request from controller 0 with correlation id 1 epoch 12 for partition team-service-topic-0 since its associated leader epoch 0 matches the current leader epoch (state.change.logger)
[2025-03-09 03:09:26,072] INFO [Broker id=0] Ignoring LeaderAndIsr request from controller 0 with correlation id 1 epoch 12 for partition user-service-project-created-0 since its associated leader epoch 0 matches the current leader epoch (state.change.logger)
[2025-03-09 03:09:26,072] INFO [Broker id=0] Ignoring LeaderAndIsr request from controller 0 with correlation id 1 epoch 12 for partition __consumer_offsets-13 since its associated leader epoch 0 matches the current leader epoch (state.change.logger)
[2025-03-09 03:09:26,072] INFO [Broker id=0] Ignoring LeaderAndIsr request from controller 0 with correlation id 1 epoch 12 for partition __consumer_offsets-46 since its associated leader epoch 0 matches the current leader epoch (state.change.logger)
[2025-03-09 03:09:26,072] INFO [Broker id=0] Ignoring LeaderAndIsr request from controller 0 with correlation id 1 epoch 12 for partition __consumer_offsets-9 since its associated leader epoch 0 matches the current leader epoch (state.change.logger)
[2025-03-09 03:09:26,072] INFO [Broker id=0] Ignoring LeaderAndIsr request from controller 0 with correlation id 1 epoch 12 for partition __consumer_offsets-42 since its associated leader epoch 0 matches the current leader epoch (state.change.logger)
[2025-03-09 03:09:26,072] INFO [Broker id=0] Ignoring LeaderAndIsr request from controller 0 with correlation id 1 epoch 12 for partition __consumer_offsets-21 since its associated leader epoch 0 matches the current leader epoch (state.change.logger)
[2025-03-09 03:09:26,072] INFO [Broker id=0] Ignoring LeaderAndIsr request from controller 0 with correlation id 1 epoch 12 for partition __consumer_offsets-17 since its associated leader epoch 0 matches the current leader epoch (state.change.logger)
[2025-03-09 03:09:26,072] INFO [Broker id=0] Ignoring LeaderAndIsr request from controller 0 with correlation id 1 epoch 12 for partition __consumer_offsets-30 since its associated leader epoch 0 matches the current leader epoch (state.change.logger)
[2025-03-09 03:09:26,072] INFO [Broker id=0] Ignoring LeaderAndIsr request from controller 0 with correlation id 1 epoch 12 for partition __consumer_offsets-26 since its associated leader epoch 0 matches the current leader epoch (state.change.logger)
[2025-03-09 03:09:26,072] INFO [Broker id=0] Ignoring LeaderAndIsr request from controller 0 with correlation id 1 epoch 12 for partition __consumer_offsets-5 since its associated leader epoch 0 matches the current leader epoch (state.change.logger)
[2025-03-09 03:09:26,072] INFO [Broker id=0] Ignoring LeaderAndIsr request from controller 0 with correlation id 1 epoch 12 for partition __consumer_offsets-38 since its associated leader epoch 0 matches the current leader epoch (state.change.logger)
[2025-03-09 03:09:26,072] INFO [Broker id=0] Ignoring LeaderAndIsr request from controller 0 with correlation id 1 epoch 12 for partition __consumer_offsets-1 since its associated leader epoch 0 matches the current leader epoch (state.change.logger)
[2025-03-09 03:09:26,072] INFO [Broker id=0] Ignoring LeaderAndIsr request from controller 0 with correlation id 1 epoch 12 for partition __consumer_offsets-34 since its associated leader epoch 0 matches the current leader epoch (state.change.logger)
[2025-03-09 03:09:26,072] INFO [Broker id=0] Ignoring LeaderAndIsr request from controller 0 with correlation id 1 epoch 12 for partition __consumer_offsets-16 since its associated leader epoch 0 matches the current leader epoch (state.change.logger)
[2025-03-09 03:09:26,072] INFO [Broker id=0] Ignoring LeaderAndIsr request from controller 0 with correlation id 1 epoch 12 for partition __consumer_offsets-45 since its associated leader epoch 0 matches the current leader epoch (state.change.logger)
[2025-03-09 03:09:26,072] INFO [Broker id=0] Ignoring LeaderAndIsr request from controller 0 with correlation id 1 epoch 12 for partition __consumer_offsets-12 since its associated leader epoch 0 matches the current leader epoch (state.change.logger)
[2025-03-09 03:09:26,072] INFO [Broker id=0] Ignoring LeaderAndIsr request from controller 0 with correlation id 1 epoch 12 for partition __consumer_offsets-41 since its associated leader epoch 0 matches the current leader epoch (state.change.logger)
[2025-03-09 03:09:26,072] INFO [Broker id=0] Ignoring LeaderAndIsr request from controller 0 with correlation id 1 epoch 12 for partition __consumer_offsets-24 since its associated leader epoch 0 matches the current leader epoch (state.change.logger)
[2025-03-09 03:09:26,072] INFO [Broker id=0] Ignoring LeaderAndIsr request from controller 0 with correlation id 1 epoch 12 for partition __consumer_offsets-20 since its associated leader epoch 0 matches the current leader epoch (state.change.logger)
[2025-03-09 03:09:26,072] INFO [Broker id=0] Ignoring LeaderAndIsr request from controller 0 with correlation id 1 epoch 12 for partition __consumer_offsets-49 since its associated leader epoch 0 matches the current leader epoch (state.change.logger)
[2025-03-09 03:09:26,072] INFO [Broker id=0] Ignoring LeaderAndIsr request from controller 0 with correlation id 1 epoch 12 for partition __consumer_offsets-0 since its associated leader epoch 0 matches the current leader epoch (state.change.logger)
[2025-03-09 03:09:26,072] INFO [Broker id=0] Ignoring LeaderAndIsr request from controller 0 with correlation id 1 epoch 12 for partition __consumer_offsets-29 since its associated leader epoch 0 matches the current leader epoch (state.change.logger)
[2025-03-09 03:09:26,072] INFO [Broker id=0] Ignoring LeaderAndIsr request from controller 0 with correlation id 1 epoch 12 for partition __consumer_offsets-25 since its associated leader epoch 0 matches the current leader epoch (state.change.logger)
[2025-03-09 03:09:26,073] INFO [Broker id=0] Ignoring LeaderAndIsr request from controller 0 with correlation id 1 epoch 12 for partition __consumer_offsets-8 since its associated leader epoch 0 matches the current leader epoch (state.change.logger)
[2025-03-09 03:09:26,073] INFO [Broker id=0] Ignoring LeaderAndIsr request from controller 0 with correlation id 1 epoch 12 for partition __consumer_offsets-37 since its associated leader epoch 0 matches the current leader epoch (state.change.logger)
[2025-03-09 03:09:26,073] INFO [Broker id=0] Ignoring LeaderAndIsr request from controller 0 with correlation id 1 epoch 12 for partition __consumer_offsets-4 since its associated leader epoch 0 matches the current leader epoch (state.change.logger)
[2025-03-09 03:09:26,073] INFO [Broker id=0] Ignoring LeaderAndIsr request from controller 0 with correlation id 1 epoch 12 for partition __consumer_offsets-33 since its associated leader epoch 0 matches the current leader epoch (state.change.logger)
[2025-03-09 03:09:26,073] INFO [Broker id=0] Ignoring LeaderAndIsr request from controller 0 with correlation id 1 epoch 12 for partition __consumer_offsets-15 since its associated leader epoch 0 matches the current leader epoch (state.change.logger)
[2025-03-09 03:09:26,073] INFO [Broker id=0] Ignoring LeaderAndIsr request from controller 0 with correlation id 1 epoch 12 for partition __consumer_offsets-48 since its associated leader epoch 0 matches the current leader epoch (state.change.logger)
[2025-03-09 03:09:26,073] INFO [Broker id=0] Ignoring LeaderAndIsr request from controller 0 with correlation id 1 epoch 12 for partition __consumer_offsets-11 since its associated leader epoch 0 matches the current leader epoch (state.change.logger)
[2025-03-09 03:09:26,073] INFO [Broker id=0] Ignoring LeaderAndIsr request from controller 0 with correlation id 1 epoch 12 for partition __consumer_offsets-44 since its associated leader epoch 0 matches the current leader epoch (state.change.logger)
[2025-03-09 03:09:26,073] INFO [Broker id=0] Ignoring LeaderAndIsr request from controller 0 with correlation id 1 epoch 12 for partition __consumer_offsets-23 since its associated leader epoch 0 matches the current leader epoch (state.change.logger)
[2025-03-09 03:09:26,073] INFO [Broker id=0] Ignoring LeaderAndIsr request from controller 0 with correlation id 1 epoch 12 for partition __consumer_offsets-19 since its associated leader epoch 0 matches the current leader epoch (state.change.logger)
[2025-03-09 03:09:26,073] INFO [Broker id=0] Ignoring LeaderAndIsr request from controller 0 with correlation id 1 epoch 12 for partition __consumer_offsets-32 since its associated leader epoch 0 matches the current leader epoch (state.change.logger)
[2025-03-09 03:09:26,073] INFO [Broker id=0] Ignoring LeaderAndIsr request from controller 0 with correlation id 1 epoch 12 for partition __consumer_offsets-28 since its associated leader epoch 0 matches the current leader epoch (state.change.logger)
[2025-03-09 03:09:26,073] INFO [Broker id=0] Ignoring LeaderAndIsr request from controller 0 with correlation id 1 epoch 12 for partition __consumer_offsets-7 since its associated leader epoch 0 matches the current leader epoch (state.change.logger)
[2025-03-09 03:09:26,073] INFO [Broker id=0] Ignoring LeaderAndIsr request from controller 0 with correlation id 1 epoch 12 for partition __consumer_offsets-40 since its associated leader epoch 0 matches the current leader epoch (state.change.logger)
[2025-03-09 03:09:26,073] INFO [Broker id=0] Ignoring LeaderAndIsr request from controller 0 with correlation id 1 epoch 12 for partition __consumer_offsets-3 since its associated leader epoch 0 matches the current leader epoch (state.change.logger)
[2025-03-09 03:09:26,073] INFO [Broker id=0] Ignoring LeaderAndIsr request from controller 0 with correlation id 1 epoch 12 for partition __consumer_offsets-36 since its associated leader epoch 0 matches the current leader epoch (state.change.logger)
[2025-03-09 03:09:26,073] INFO [Broker id=0] Ignoring LeaderAndIsr request from controller 0 with correlation id 1 epoch 12 for partition __consumer_offsets-47 since its associated leader epoch 0 matches the current leader epoch (state.change.logger)
[2025-03-09 03:09:26,073] INFO [Broker id=0] Ignoring LeaderAndIsr request from controller 0 with correlation id 1 epoch 12 for partition __consumer_offsets-14 since its associated leader epoch 0 matches the current leader epoch (state.change.logger)
[2025-03-09 03:09:26,073] INFO [Broker id=0] Ignoring LeaderAndIsr request from controller 0 with correlation id 1 epoch 12 for partition __consumer_offsets-43 since its associated leader epoch 0 matches the current leader epoch (state.change.logger)
[2025-03-09 03:09:26,073] INFO [Broker id=0] Ignoring LeaderAndIsr request from controller 0 with correlation id 1 epoch 12 for partition __consumer_offsets-10 since its associated leader epoch 0 matches the current leader epoch (state.change.logger)
[2025-03-09 03:09:26,073] INFO [Broker id=0] Ignoring LeaderAndIsr request from controller 0 with correlation id 1 epoch 12 for partition __consumer_offsets-22 since its associated leader epoch 0 matches the current leader epoch (state.change.logger)
[2025-03-09 03:09:26,073] INFO [Broker id=0] Ignoring LeaderAndIsr request from controller 0 with correlation id 1 epoch 12 for partition __consumer_offsets-18 since its associated leader epoch 0 matches the current leader epoch (state.change.logger)
[2025-03-09 03:09:26,073] INFO [Broker id=0] Ignoring LeaderAndIsr request from controller 0 with correlation id 1 epoch 12 for partition __consumer_offsets-31 since its associated leader epoch 0 matches the current leader epoch (state.change.logger)
[2025-03-09 03:09:26,073] INFO [Broker id=0] Ignoring LeaderAndIsr request from controller 0 with correlation id 1 epoch 12 for partition __consumer_offsets-27 since its associated leader epoch 0 matches the current leader epoch (state.change.logger)
[2025-03-09 03:09:26,073] INFO [Broker id=0] Ignoring LeaderAndIsr request from controller 0 with correlation id 1 epoch 12 for partition __consumer_offsets-39 since its associated leader epoch 0 matches the current leader epoch (state.change.logger)
[2025-03-09 03:09:26,073] INFO [Broker id=0] Ignoring LeaderAndIsr request from controller 0 with correlation id 1 epoch 12 for partition __consumer_offsets-6 since its associated leader epoch 0 matches the current leader epoch (state.change.logger)
[2025-03-09 03:09:26,073] INFO [Broker id=0] Ignoring LeaderAndIsr request from controller 0 with correlation id 1 epoch 12 for partition __consumer_offsets-35 since its associated leader epoch 0 matches the current leader epoch (state.change.logger)
[2025-03-09 03:09:26,073] INFO [Broker id=0] Ignoring LeaderAndIsr request from controller 0 with correlation id 1 epoch 12 for partition __consumer_offsets-2 since its associated leader epoch 0 matches the current leader epoch (state.change.logger)
[2025-03-09 03:09:26,073] INFO [Broker id=0] Ignoring LeaderAndIsr request from controller 0 with correlation id 1 epoch 12 for partition team-service-invite-members-0 since its associated leader epoch 0 matches the current leader epoch (state.change.logger)
[2025-03-09 03:09:26,075] INFO [Broker id=0] Finished LeaderAndIsr request in 4ms correlationId 1 from controller 0 for 56 partitions (state.change.logger)
[2025-03-09 03:09:26,078] INFO [Broker id=0] Add 56 partitions and deleted 0 partitions from metadata cache in response to UpdateMetadata request sent by controller 0 epoch 12 with correlation id 2 (state.change.logger)
[2025-03-24 01:53:51,196] INFO [Controller id=0 epoch=13] Sending UpdateMetadata request to brokers HashSet(0) for 0 partitions (state.change.logger)
[2025-03-24 01:53:51,243] INFO [Controller id=0 epoch=13] Sending LeaderAndIsr request to broker 0 with 56 become-leader and 0 become-follower partitions (state.change.logger)
[2025-03-24 01:53:51,248] INFO [Controller id=0 epoch=13] Sending UpdateMetadata request to brokers HashSet(0) for 56 partitions (state.change.logger)
[2025-03-24 01:53:51,769] INFO [Broker id=0] Handling LeaderAndIsr request correlationId 1 from controller 0 for 56 partitions (state.change.logger)
[2025-03-24 01:53:51,801] INFO [Broker id=0] Stopped fetchers as part of LeaderAndIsr request correlationId 1 from controller 0 epoch 13 as part of the become-leader transition for 56 partitions (state.change.logger)
[2025-03-24 01:53:51,833] INFO [Broker id=0] Leader __consumer_offsets-3 with topic id Some(yVtNvhpQTZS9kaCM_OMWFA) starts at leader epoch 0 from offset 0 with partition epoch 0, high watermark 0, ISR [0], adding replicas [] and removing replicas [] . Previous leader None and previous leader epoch was -1. (state.change.logger)
[2025-03-24 01:53:51,843] INFO [Broker id=0] Leader __consumer_offsets-18 with topic id Some(yVtNvhpQTZS9kaCM_OMWFA) starts at leader epoch 0 from offset 0 with partition epoch 0, high watermark 0, ISR [0], adding replicas [] and removing replicas [] . Previous leader None and previous leader epoch was -1. (state.change.logger)
[2025-03-24 01:53:51,849] INFO [Broker id=0] Leader __consumer_offsets-41 with topic id Some(yVtNvhpQTZS9kaCM_OMWFA) starts at leader epoch 0 from offset 0 with partition epoch 0, high watermark 0, ISR [0], adding replicas [] and removing replicas [] . Previous leader None and previous leader epoch was -1. (state.change.logger)
[2025-03-24 01:53:51,856] INFO [Broker id=0] Leader __consumer_offsets-10 with topic id Some(yVtNvhpQTZS9kaCM_OMWFA) starts at leader epoch 0 from offset 0 with partition epoch 0, high watermark 0, ISR [0], adding replicas [] and removing replicas [] . Previous leader None and previous leader epoch was -1. (state.change.logger)
[2025-03-24 01:53:51,862] INFO [Broker id=0] Leader team-service-topic-0 with topic id Some(lreTNefUT5azin5IkbKUjA) starts at leader epoch 0 from offset 6 with partition epoch 0, high watermark 6, ISR [0], adding replicas [] and removing replicas [] . Previous leader None and previous leader epoch was -1. (state.change.logger)
[2025-03-24 01:53:51,863] INFO [Broker id=0] Leader __consumer_offsets-33 with topic id Some(yVtNvhpQTZS9kaCM_OMWFA) starts at leader epoch 0 from offset 0 with partition epoch 0, high watermark 0, ISR [0], adding replicas [] and removing replicas [] . Previous leader None and previous leader epoch was -1. (state.change.logger)
[2025-03-24 01:53:51,871] INFO [Broker id=0] Leader __consumer_offsets-48 with topic id Some(yVtNvhpQTZS9kaCM_OMWFA) starts at leader epoch 0 from offset 0 with partition epoch 0, high watermark 0, ISR [0], adding replicas [] and removing replicas [] . Previous leader None and previous leader epoch was -1. (state.change.logger)
[2025-03-24 01:53:51,876] INFO [Broker id=0] Leader __consumer_offsets-19 with topic id Some(yVtNvhpQTZS9kaCM_OMWFA) starts at leader epoch 0 from offset 0 with partition epoch 0, high watermark 0, ISR [0], adding replicas [] and removing replicas [] . Previous leader None and previous leader epoch was -1. (state.change.logger)
[2025-03-24 01:53:51,918] INFO [Broker id=0] Leader __consumer_offsets-34 with topic id Some(yVtNvhpQTZS9kaCM_OMWFA) starts at leader epoch 0 from offset 26 with partition epoch 0, high watermark 26, ISR [0], adding replicas [] and removing replicas [] . Previous leader None and previous leader epoch was -1. (state.change.logger)
[2025-03-24 01:53:51,929] INFO [Broker id=0] Leader user-avatar-updated-0 with topic id Some(nLkwmfBmRj-stt_3pcinFQ) starts at leader epoch 0 from offset 1 with partition epoch 0, high watermark 1, ISR [0], adding replicas [] and removing replicas [] . Previous leader None and previous leader epoch was -1. (state.change.logger)
[2025-03-24 01:53:51,931] INFO [Broker id=0] Leader __consumer_offsets-4 with topic id Some(yVtNvhpQTZS9kaCM_OMWFA) starts at leader epoch 0 from offset 0 with partition epoch 0, high watermark 0, ISR [0], adding replicas [] and removing replicas [] . Previous leader None and previous leader epoch was -1. (state.change.logger)
[2025-03-24 01:53:51,937] INFO [Broker id=0] Leader __consumer_offsets-11 with topic id Some(yVtNvhpQTZS9kaCM_OMWFA) starts at leader epoch 0 from offset 0 with partition epoch 0, high watermark 0, ISR [0], adding replicas [] and removing replicas [] . Previous leader None and previous leader epoch was -1. (state.change.logger)
[2025-03-24 01:53:51,944] INFO [Broker id=0] Leader __consumer_offsets-26 with topic id Some(yVtNvhpQTZS9kaCM_OMWFA) starts at leader epoch 0 from offset 0 with partition epoch 0, high watermark 0, ISR [0], adding replicas [] and removing replicas [] . Previous leader None and previous leader epoch was -1. (state.change.logger)
[2025-03-24 01:53:51,956] INFO [Broker id=0] Leader __consumer_offsets-49 with topic id Some(yVtNvhpQTZS9kaCM_OMWFA) starts at leader epoch 0 from offset 0 with partition epoch 0, high watermark 0, ISR [0], adding replicas [] and removing replicas [] . Previous leader None and previous leader epoch was -1. (state.change.logger)
[2025-03-24 01:53:51,962] INFO [Broker id=0] Leader __consumer_offsets-39 with topic id Some(yVtNvhpQTZS9kaCM_OMWFA) starts at leader epoch 0 from offset 0 with partition epoch 0, high watermark 0, ISR [0], adding replicas [] and removing replicas [] . Previous leader None and previous leader epoch was -1. (state.change.logger)
[2025-03-24 01:53:52,135] INFO [Broker id=0] Leader __consumer_offsets-9 with topic id Some(yVtNvhpQTZS9kaCM_OMWFA) starts at leader epoch 0 from offset 0 with partition epoch 0, high watermark 0, ISR [0], adding replicas [] and removing replicas [] . Previous leader None and previous leader epoch was -1. (state.change.logger)
[2025-03-24 01:53:52,167] INFO [Broker id=0] Leader __consumer_offsets-24 with topic id Some(yVtNvhpQTZS9kaCM_OMWFA) starts at leader epoch 0 from offset 0 with partition epoch 0, high watermark 0, ISR [0], adding replicas [] and removing replicas [] . Previous leader None and previous leader epoch was -1. (state.change.logger)
[2025-03-24 01:53:52,171] INFO [Broker id=0] Leader __consumer_offsets-31 with topic id Some(yVtNvhpQTZS9kaCM_OMWFA) starts at leader epoch 0 from offset 0 with partition epoch 0, high watermark 0, ISR [0], adding replicas [] and removing replicas [] . Previous leader None and previous leader epoch was -1. (state.change.logger)
[2025-03-24 01:53:52,175] INFO [Broker id=0] Leader __consumer_offsets-46 with topic id Some(yVtNvhpQTZS9kaCM_OMWFA) starts at leader epoch 0 from offset 0 with partition epoch 0, high watermark 0, ISR [0], adding replicas [] and removing replicas [] . Previous leader None and previous leader epoch was -1. (state.change.logger)
[2025-03-24 01:53:52,180] INFO [Broker id=0] Leader __consumer_offsets-1 with topic id Some(yVtNvhpQTZS9kaCM_OMWFA) starts at leader epoch 0 from offset 0 with partition epoch 0, high watermark 0, ISR [0], adding replicas [] and removing replicas [] . Previous leader None and previous leader epoch was -1. (state.change.logger)
[2025-03-24 01:53:52,184] INFO [Broker id=0] Leader __consumer_offsets-16 with topic id Some(yVtNvhpQTZS9kaCM_OMWFA) starts at leader epoch 0 from offset 0 with partition epoch 0, high watermark 0, ISR [0], adding replicas [] and removing replicas [] . Previous leader None and previous leader epoch was -1. (state.change.logger)
[2025-03-24 01:53:52,189] INFO [Broker id=0] Leader __consumer_offsets-2 with topic id Some(yVtNvhpQTZS9kaCM_OMWFA) starts at leader epoch 0 from offset 0 with partition epoch 0, high watermark 0, ISR [0], adding replicas [] and removing replicas [] . Previous leader None and previous leader epoch was -1. (state.change.logger)
[2025-03-24 01:53:52,193] INFO [Broker id=0] Leader __consumer_offsets-25 with topic id Some(yVtNvhpQTZS9kaCM_OMWFA) starts at leader epoch 0 from offset 0 with partition epoch 0, high watermark 0, ISR [0], adding replicas [] and removing replicas [] . Previous leader None and previous leader epoch was -1. (state.change.logger)
[2025-03-24 01:53:52,198] INFO [Broker id=0] Leader __consumer_offsets-40 with topic id Some(yVtNvhpQTZS9kaCM_OMWFA) starts at leader epoch 0 from offset 0 with partition epoch 0, high watermark 0, ISR [0], adding replicas [] and removing replicas [] . Previous leader None and previous leader epoch was -1. (state.change.logger)
[2025-03-24 01:53:52,201] INFO [Broker id=0] Leader __consumer_offsets-47 with topic id Some(yVtNvhpQTZS9kaCM_OMWFA) starts at leader epoch 0 from offset 0 with partition epoch 0, high watermark 0, ISR [0], adding replicas [] and removing replicas [] . Previous leader None and previous leader epoch was -1. (state.change.logger)
[2025-03-24 01:53:52,206] INFO [Broker id=0] Leader __consumer_offsets-17 with topic id Some(yVtNvhpQTZS9kaCM_OMWFA) starts at leader epoch 0 from offset 0 with partition epoch 0, high watermark 0, ISR [0], adding replicas [] and removing replicas [] . Previous leader None and previous leader epoch was -1. (state.change.logger)
[2025-03-24 01:53:52,210] INFO [Broker id=0] Leader __consumer_offsets-32 with topic id Some(yVtNvhpQTZS9kaCM_OMWFA) starts at leader epoch 0 from offset 0 with partition epoch 0, high watermark 0, ISR [0], adding replicas [] and removing replicas [] . Previous leader None and previous leader epoch was -1. (state.change.logger)
[2025-03-24 01:53:52,214] INFO [Broker id=0] Leader __consumer_offsets-37 with topic id Some(yVtNvhpQTZS9kaCM_OMWFA) starts at leader epoch 0 from offset 0 with partition epoch 0, high watermark 0, ISR [0], adding replicas [] and removing replicas [] . Previous leader None and previous leader epoch was -1. (state.change.logger)
[2025-03-24 01:53:52,219] INFO [Broker id=0] Leader __consumer_offsets-7 with topic id Some(yVtNvhpQTZS9kaCM_OMWFA) starts at leader epoch 0 from offset 0 with partition epoch 0, high watermark 0, ISR [0], adding replicas [] and removing replicas [] . Previous leader None and previous leader epoch was -1. (state.change.logger)
[2025-03-24 01:53:52,223] INFO [Broker id=0] Leader __consumer_offsets-22 with topic id Some(yVtNvhpQTZS9kaCM_OMWFA) starts at leader epoch 0 from offset 0 with partition epoch 0, high watermark 0, ISR [0], adding replicas [] and removing replicas [] . Previous leader None and previous leader epoch was -1. (state.change.logger)
[2025-03-24 01:53:52,227] INFO [Broker id=0] Leader __consumer_offsets-29 with topic id Some(yVtNvhpQTZS9kaCM_OMWFA) starts at leader epoch 0 from offset 0 with partition epoch 0, high watermark 0, ISR [0], adding replicas [] and removing replicas [] . Previous leader None and previous leader epoch was -1. (state.change.logger)
[2025-03-24 01:53:52,231] INFO [Broker id=0] Leader __consumer_offsets-44 with topic id Some(yVtNvhpQTZS9kaCM_OMWFA) starts at leader epoch 0 from offset 0 with partition epoch 0, high watermark 0, ISR [0], adding replicas [] and removing replicas [] . Previous leader None and previous leader epoch was -1. (state.change.logger)
[2025-03-24 01:53:52,236] INFO [Broker id=0] Leader __consumer_offsets-14 with topic id Some(yVtNvhpQTZS9kaCM_OMWFA) starts at leader epoch 0 from offset 0 with partition epoch 0, high watermark 0, ISR [0], adding replicas [] and removing replicas [] . Previous leader None and previous leader epoch was -1. (state.change.logger)
[2025-03-24 01:53:52,240] INFO [Broker id=0] Leader team-service-invite-members-0 with topic id Some(hcxIX7ZES2-b0VR4LFe_IA) starts at leader epoch 0 from offset 14 with partition epoch 0, high watermark 14, ISR [0], adding replicas [] and removing replicas [] . Previous leader None and previous leader epoch was -1. (state.change.logger)
[2025-03-24 01:53:52,241] INFO [Broker id=0] Leader __consumer_offsets-23 with topic id Some(yVtNvhpQTZS9kaCM_OMWFA) starts at leader epoch 0 from offset 0 with partition epoch 0, high watermark 0, ISR [0], adding replicas [] and removing replicas [] . Previous leader None and previous leader epoch was -1. (state.change.logger)
[2025-03-24 01:53:52,245] INFO [Broker id=0] Leader __consumer_offsets-38 with topic id Some(yVtNvhpQTZS9kaCM_OMWFA) starts at leader epoch 0 from offset 0 with partition epoch 0, high watermark 0, ISR [0], adding replicas [] and removing replicas [] . Previous leader None and previous leader epoch was -1. (state.change.logger)
[2025-03-24 01:53:52,250] INFO [Broker id=0] Leader __consumer_offsets-8 with topic id Some(yVtNvhpQTZS9kaCM_OMWFA) starts at leader epoch 0 from offset 0 with partition epoch 0, high watermark 0, ISR [0], adding replicas [] and removing replicas [] . Previous leader None and previous leader epoch was -1. (state.change.logger)
[2025-03-24 01:53:52,255] INFO [Broker id=0] Leader __consumer_offsets-45 with topic id Some(yVtNvhpQTZS9kaCM_OMWFA) starts at leader epoch 0 from offset 0 with partition epoch 0, high watermark 0, ISR [0], adding replicas [] and removing replicas [] . Previous leader None and previous leader epoch was -1. (state.change.logger)
[2025-03-24 01:53:52,259] INFO [Broker id=0] Leader __consumer_offsets-15 with topic id Some(yVtNvhpQTZS9kaCM_OMWFA) starts at leader epoch 0 from offset 0 with partition epoch 0, high watermark 0, ISR [0], adding replicas [] and removing replicas [] . Previous leader None and previous leader epoch was -1. (state.change.logger)
[2025-03-24 01:53:52,264] INFO [Broker id=0] Leader __consumer_offsets-30 with topic id Some(yVtNvhpQTZS9kaCM_OMWFA) starts at leader epoch 0 from offset 0 with partition epoch 0, high watermark 0, ISR [0], adding replicas [] and removing replicas [] . Previous leader None and previous leader epoch was -1. (state.change.logger)
[2025-03-24 01:53:52,267] INFO [Broker id=0] Leader __consumer_offsets-0 with topic id Some(yVtNvhpQTZS9kaCM_OMWFA) starts at leader epoch 0 from offset 0 with partition epoch 0, high watermark 0, ISR [0], adding replicas [] and removing replicas [] . Previous leader None and previous leader epoch was -1. (state.change.logger)
[2025-03-24 01:53:52,272] INFO [Broker id=0] Leader __consumer_offsets-35 with topic id Some(yVtNvhpQTZS9kaCM_OMWFA) starts at leader epoch 0 from offset 0 with partition epoch 0, high watermark 0, ISR [0], adding replicas [] and removing replicas [] . Previous leader None and previous leader epoch was -1. (state.change.logger)
[2025-03-24 01:53:52,277] INFO [Broker id=0] Leader user-service-invite-members-0 with topic id Some(tkMgJy84QbGlJWP-QyYtQQ) starts at leader epoch 0 from offset 14 with partition epoch 0, high watermark 14, ISR [0], adding replicas [] and removing replicas [] . Previous leader None and previous leader epoch was -1. (state.change.logger)
[2025-03-24 01:53:52,277] INFO [Broker id=0] Leader file-upload-0 with topic id Some(qUUkEhR0T9aNij5ZNHVOoQ) starts at leader epoch 0 from offset 1 with partition epoch 0, high watermark 1, ISR [0], adding replicas [] and removing replicas [] . Previous leader None and previous leader epoch was -1. (state.change.logger)
[2025-03-24 01:53:52,278] INFO [Broker id=0] Leader __consumer_offsets-5 with topic id Some(yVtNvhpQTZS9kaCM_OMWFA) starts at leader epoch 0 from offset 0 with partition epoch 0, high watermark 0, ISR [0], adding replicas [] and removing replicas [] . Previous leader None and previous leader epoch was -1. (state.change.logger)
[2025-03-24 01:53:52,283] INFO [Broker id=0] Leader __consumer_offsets-20 with topic id Some(yVtNvhpQTZS9kaCM_OMWFA) starts at leader epoch 0 from offset 0 with partition epoch 0, high watermark 0, ISR [0], adding replicas [] and removing replicas [] . Previous leader None and previous leader epoch was -1. (state.change.logger)
[2025-03-24 01:53:52,288] INFO [Broker id=0] Leader __consumer_offsets-27 with topic id Some(yVtNvhpQTZS9kaCM_OMWFA) starts at leader epoch 0 from offset 125 with partition epoch 0, high watermark 125, ISR [0], adding replicas [] and removing replicas [] . Previous leader None and previous leader epoch was -1. (state.change.logger)
[2025-03-24 01:53:52,289] INFO [Broker id=0] Leader __consumer_offsets-42 with topic id Some(yVtNvhpQTZS9kaCM_OMWFA) starts at leader epoch 0 from offset 0 with partition epoch 0, high watermark 0, ISR [0], adding replicas [] and removing replicas [] . Previous leader None and previous leader epoch was -1. (state.change.logger)
[2025-03-24 01:53:52,294] INFO [Broker id=0] Leader __consumer_offsets-12 with topic id Some(yVtNvhpQTZS9kaCM_OMWFA) starts at leader epoch 0 from offset 0 with partition epoch 0, high watermark 0, ISR [0], adding replicas [] and removing replicas [] . Previous leader None and previous leader epoch was -1. (state.change.logger)
[2025-03-24 01:53:52,298] INFO [Broker id=0] Leader user-service-project-created-0 with topic id Some(ullV932RTQKVu3UQX2PkBQ) starts at leader epoch 0 from offset 6 with partition epoch 0, high watermark 6, ISR [0], adding replicas [] and removing replicas [] . Previous leader None and previous leader epoch was -1. (state.change.logger)
[2025-03-24 01:53:52,298] INFO [Broker id=0] Leader __consumer_offsets-21 with topic id Some(yVtNvhpQTZS9kaCM_OMWFA) starts at leader epoch 0 from offset 0 with partition epoch 0, high watermark 0, ISR [0], adding replicas [] and removing replicas [] . Previous leader None and previous leader epoch was -1. (state.change.logger)
[2025-03-24 01:53:52,302] INFO [Broker id=0] Leader __consumer_offsets-36 with topic id Some(yVtNvhpQTZS9kaCM_OMWFA) starts at leader epoch 0 from offset 0 with partition epoch 0, high watermark 0, ISR [0], adding replicas [] and removing replicas [] . Previous leader None and previous leader epoch was -1. (state.change.logger)
[2025-03-24 01:53:52,308] INFO [Broker id=0] Leader __consumer_offsets-6 with topic id Some(yVtNvhpQTZS9kaCM_OMWFA) starts at leader epoch 0 from offset 0 with partition epoch 0, high watermark 0, ISR [0], adding replicas [] and removing replicas [] . Previous leader None and previous leader epoch was -1. (state.change.logger)
[2025-03-24 01:53:52,313] INFO [Broker id=0] Leader __consumer_offsets-43 with topic id Some(yVtNvhpQTZS9kaCM_OMWFA) starts at leader epoch 0 from offset 0 with partition epoch 0, high watermark 0, ISR [0], adding replicas [] and removing replicas [] . Previous leader None and previous leader epoch was -1. (state.change.logger)
[2025-03-24 01:53:52,317] INFO [Broker id=0] Leader __consumer_offsets-13 with topic id Some(yVtNvhpQTZS9kaCM_OMWFA) starts at leader epoch 0 from offset 55 with partition epoch 0, high watermark 55, ISR [0], adding replicas [] and removing replicas [] . Previous leader None and previous leader epoch was -1. (state.change.logger)
[2025-03-24 01:53:52,318] INFO [Broker id=0] Leader __consumer_offsets-28 with topic id Some(yVtNvhpQTZS9kaCM_OMWFA) starts at leader epoch 0 from offset 0 with partition epoch 0, high watermark 0, ISR [0], adding replicas [] and removing replicas [] . Previous leader None and previous leader epoch was -1. (state.change.logger)
[2025-03-24 01:53:52,367] INFO [Broker id=0] Finished LeaderAndIsr request in 600ms correlationId 1 from controller 0 for 56 partitions (state.change.logger)
[2025-03-24 01:53:52,384] INFO [Broker id=0] Add 56 partitions and deleted 0 partitions from metadata cache in response to UpdateMetadata request sent by controller 0 epoch 13 with correlation id 2 (state.change.logger)
[2025-03-24 01:56:44,365] INFO [Controller id=0 epoch=14] Sending UpdateMetadata request to brokers HashSet(0) for 0 partitions (state.change.logger)
[2025-03-24 01:56:44,404] INFO [Controller id=0 epoch=14] Sending LeaderAndIsr request to broker 0 with 56 become-leader and 0 become-follower partitions (state.change.logger)
[2025-03-24 01:56:44,409] INFO [Controller id=0 epoch=14] Sending UpdateMetadata request to brokers HashSet(0) for 56 partitions (state.change.logger)
[2025-03-24 01:56:44,949] INFO [Broker id=0] Handling LeaderAndIsr request correlationId 1 from controller 0 for 56 partitions (state.change.logger)
[2025-03-24 01:56:44,980] INFO [Broker id=0] Stopped fetchers as part of LeaderAndIsr request correlationId 1 from controller 0 epoch 14 as part of the become-leader transition for 56 partitions (state.change.logger)
[2025-03-24 01:56:44,998] INFO [Broker id=0] Leader __consumer_offsets-3 with topic id Some(yVtNvhpQTZS9kaCM_OMWFA) starts at leader epoch 0 from offset 0 with partition epoch 0, high watermark 0, ISR [0], adding replicas [] and removing replicas [] . Previous leader None and previous leader epoch was -1. (state.change.logger)
[2025-03-24 01:56:45,011] INFO [Broker id=0] Leader __consumer_offsets-18 with topic id Some(yVtNvhpQTZS9kaCM_OMWFA) starts at leader epoch 0 from offset 0 with partition epoch 0, high watermark 0, ISR [0], adding replicas [] and removing replicas [] . Previous leader None and previous leader epoch was -1. (state.change.logger)
[2025-03-24 01:56:45,017] INFO [Broker id=0] Leader __consumer_offsets-41 with topic id Some(yVtNvhpQTZS9kaCM_OMWFA) starts at leader epoch 0 from offset 0 with partition epoch 0, high watermark 0, ISR [0], adding replicas [] and removing replicas [] . Previous leader None and previous leader epoch was -1. (state.change.logger)
[2025-03-24 01:56:45,023] INFO [Broker id=0] Leader __consumer_offsets-10 with topic id Some(yVtNvhpQTZS9kaCM_OMWFA) starts at leader epoch 0 from offset 0 with partition epoch 0, high watermark 0, ISR [0], adding replicas [] and removing replicas [] . Previous leader None and previous leader epoch was -1. (state.change.logger)
[2025-03-24 01:56:45,030] INFO [Broker id=0] Leader team-service-topic-0 with topic id Some(lreTNefUT5azin5IkbKUjA) starts at leader epoch 0 from offset 6 with partition epoch 0, high watermark 6, ISR [0], adding replicas [] and removing replicas [] . Previous leader None and previous leader epoch was -1. (state.change.logger)
[2025-03-24 01:56:45,031] INFO [Broker id=0] Leader __consumer_offsets-33 with topic id Some(yVtNvhpQTZS9kaCM_OMWFA) starts at leader epoch 0 from offset 0 with partition epoch 0, high watermark 0, ISR [0], adding replicas [] and removing replicas [] . Previous leader None and previous leader epoch was -1. (state.change.logger)
[2025-03-24 01:56:45,037] INFO [Broker id=0] Leader __consumer_offsets-48 with topic id Some(yVtNvhpQTZS9kaCM_OMWFA) starts at leader epoch 0 from offset 0 with partition epoch 0, high watermark 0, ISR [0], adding replicas [] and removing replicas [] . Previous leader None and previous leader epoch was -1. (state.change.logger)
[2025-03-24 01:56:45,044] INFO [Broker id=0] Leader __consumer_offsets-19 with topic id Some(yVtNvhpQTZS9kaCM_OMWFA) starts at leader epoch 0 from offset 0 with partition epoch 0, high watermark 0, ISR [0], adding replicas [] and removing replicas [] . Previous leader None and previous leader epoch was -1. (state.change.logger)
[2025-03-24 01:56:45,051] INFO [Broker id=0] Leader __consumer_offsets-34 with topic id Some(yVtNvhpQTZS9kaCM_OMWFA) starts at leader epoch 0 from offset 26 with partition epoch 0, high watermark 26, ISR [0], adding replicas [] and removing replicas [] . Previous leader None and previous leader epoch was -1. (state.change.logger)
[2025-03-24 01:56:45,052] INFO [Broker id=0] Leader user-avatar-updated-0 with topic id Some(nLkwmfBmRj-stt_3pcinFQ) starts at leader epoch 0 from offset 1 with partition epoch 0, high watermark 1, ISR [0], adding replicas [] and removing replicas [] . Previous leader None and previous leader epoch was -1. (state.change.logger)
[2025-03-24 01:56:45,053] INFO [Broker id=0] Leader __consumer_offsets-4 with topic id Some(yVtNvhpQTZS9kaCM_OMWFA) starts at leader epoch 0 from offset 0 with partition epoch 0, high watermark 0, ISR [0], adding replicas [] and removing replicas [] . Previous leader None and previous leader epoch was -1. (state.change.logger)
[2025-03-24 01:56:45,062] INFO [Broker id=0] Leader __consumer_offsets-11 with topic id Some(yVtNvhpQTZS9kaCM_OMWFA) starts at leader epoch 0 from offset 0 with partition epoch 0, high watermark 0, ISR [0], adding replicas [] and removing replicas [] . Previous leader None and previous leader epoch was -1. (state.change.logger)
[2025-03-24 01:56:45,073] INFO [Broker id=0] Leader __consumer_offsets-26 with topic id Some(yVtNvhpQTZS9kaCM_OMWFA) starts at leader epoch 0 from offset 0 with partition epoch 0, high watermark 0, ISR [0], adding replicas [] and removing replicas [] . Previous leader None and previous leader epoch was -1. (state.change.logger)
[2025-03-24 01:56:45,088] INFO [Broker id=0] Leader __consumer_offsets-49 with topic id Some(yVtNvhpQTZS9kaCM_OMWFA) starts at leader epoch 0 from offset 0 with partition epoch 0, high watermark 0, ISR [0], adding replicas [] and removing replicas [] . Previous leader None and previous leader epoch was -1. (state.change.logger)
[2025-03-24 01:56:45,096] INFO [Broker id=0] Leader __consumer_offsets-39 with topic id Some(yVtNvhpQTZS9kaCM_OMWFA) starts at leader epoch 0 from offset 0 with partition epoch 0, high watermark 0, ISR [0], adding replicas [] and removing replicas [] . Previous leader None and previous leader epoch was -1. (state.change.logger)
[2025-03-24 01:56:45,104] INFO [Broker id=0] Leader __consumer_offsets-9 with topic id Some(yVtNvhpQTZS9kaCM_OMWFA) starts at leader epoch 0 from offset 0 with partition epoch 0, high watermark 0, ISR [0], adding replicas [] and removing replicas [] . Previous leader None and previous leader epoch was -1. (state.change.logger)
[2025-03-24 01:56:45,110] INFO [Broker id=0] Leader __consumer_offsets-24 with topic id Some(yVtNvhpQTZS9kaCM_OMWFA) starts at leader epoch 0 from offset 0 with partition epoch 0, high watermark 0, ISR [0], adding replicas [] and removing replicas [] . Previous leader None and previous leader epoch was -1. (state.change.logger)
[2025-03-24 01:56:45,115] INFO [Broker id=0] Leader __consumer_offsets-31 with topic id Some(yVtNvhpQTZS9kaCM_OMWFA) starts at leader epoch 0 from offset 0 with partition epoch 0, high watermark 0, ISR [0], adding replicas [] and removing replicas [] . Previous leader None and previous leader epoch was -1. (state.change.logger)
[2025-03-24 01:56:45,120] INFO [Broker id=0] Leader __consumer_offsets-46 with topic id Some(yVtNvhpQTZS9kaCM_OMWFA) starts at leader epoch 0 from offset 0 with partition epoch 0, high watermark 0, ISR [0], adding replicas [] and removing replicas [] . Previous leader None and previous leader epoch was -1. (state.change.logger)
[2025-03-24 01:56:45,126] INFO [Broker id=0] Leader __consumer_offsets-1 with topic id Some(yVtNvhpQTZS9kaCM_OMWFA) starts at leader epoch 0 from offset 0 with partition epoch 0, high watermark 0, ISR [0], adding replicas [] and removing replicas [] . Previous leader None and previous leader epoch was -1. (state.change.logger)
[2025-03-24 01:56:45,131] INFO [Broker id=0] Leader __consumer_offsets-16 with topic id Some(yVtNvhpQTZS9kaCM_OMWFA) starts at leader epoch 0 from offset 0 with partition epoch 0, high watermark 0, ISR [0], adding replicas [] and removing replicas [] . Previous leader None and previous leader epoch was -1. (state.change.logger)
[2025-03-24 01:56:45,137] INFO [Broker id=0] Leader __consumer_offsets-2 with topic id Some(yVtNvhpQTZS9kaCM_OMWFA) starts at leader epoch 0 from offset 0 with partition epoch 0, high watermark 0, ISR [0], adding replicas [] and removing replicas [] . Previous leader None and previous leader epoch was -1. (state.change.logger)
[2025-03-24 01:56:45,145] INFO [Broker id=0] Leader __consumer_offsets-25 with topic id Some(yVtNvhpQTZS9kaCM_OMWFA) starts at leader epoch 0 from offset 0 with partition epoch 0, high watermark 0, ISR [0], adding replicas [] and removing replicas [] . Previous leader None and previous leader epoch was -1. (state.change.logger)
[2025-03-24 01:56:45,152] INFO [Broker id=0] Leader __consumer_offsets-40 with topic id Some(yVtNvhpQTZS9kaCM_OMWFA) starts at leader epoch 0 from offset 0 with partition epoch 0, high watermark 0, ISR [0], adding replicas [] and removing replicas [] . Previous leader None and previous leader epoch was -1. (state.change.logger)
[2025-03-24 01:56:45,157] INFO [Broker id=0] Leader __consumer_offsets-47 with topic id Some(yVtNvhpQTZS9kaCM_OMWFA) starts at leader epoch 0 from offset 0 with partition epoch 0, high watermark 0, ISR [0], adding replicas [] and removing replicas [] . Previous leader None and previous leader epoch was -1. (state.change.logger)
[2025-03-24 01:56:45,162] INFO [Broker id=0] Leader __consumer_offsets-17 with topic id Some(yVtNvhpQTZS9kaCM_OMWFA) starts at leader epoch 0 from offset 0 with partition epoch 0, high watermark 0, ISR [0], adding replicas [] and removing replicas [] . Previous leader None and previous leader epoch was -1. (state.change.logger)
[2025-03-24 01:56:45,169] INFO [Broker id=0] Leader __consumer_offsets-32 with topic id Some(yVtNvhpQTZS9kaCM_OMWFA) starts at leader epoch 0 from offset 0 with partition epoch 0, high watermark 0, ISR [0], adding replicas [] and removing replicas [] . Previous leader None and previous leader epoch was -1. (state.change.logger)
[2025-03-24 01:56:45,176] INFO [Broker id=0] Leader __consumer_offsets-37 with topic id Some(yVtNvhpQTZS9kaCM_OMWFA) starts at leader epoch 0 from offset 0 with partition epoch 0, high watermark 0, ISR [0], adding replicas [] and removing replicas [] . Previous leader None and previous leader epoch was -1. (state.change.logger)
[2025-03-24 01:56:45,180] INFO [Broker id=0] Leader __consumer_offsets-7 with topic id Some(yVtNvhpQTZS9kaCM_OMWFA) starts at leader epoch 0 from offset 0 with partition epoch 0, high watermark 0, ISR [0], adding replicas [] and removing replicas [] . Previous leader None and previous leader epoch was -1. (state.change.logger)
[2025-03-24 01:56:45,186] INFO [Broker id=0] Leader __consumer_offsets-22 with topic id Some(yVtNvhpQTZS9kaCM_OMWFA) starts at leader epoch 0 from offset 0 with partition epoch 0, high watermark 0, ISR [0], adding replicas [] and removing replicas [] . Previous leader None and previous leader epoch was -1. (state.change.logger)
[2025-03-24 01:56:45,192] INFO [Broker id=0] Leader __consumer_offsets-29 with topic id Some(yVtNvhpQTZS9kaCM_OMWFA) starts at leader epoch 0 from offset 0 with partition epoch 0, high watermark 0, ISR [0], adding replicas [] and removing replicas [] . Previous leader None and previous leader epoch was -1. (state.change.logger)
[2025-03-24 01:56:45,198] INFO [Broker id=0] Leader __consumer_offsets-44 with topic id Some(yVtNvhpQTZS9kaCM_OMWFA) starts at leader epoch 0 from offset 0 with partition epoch 0, high watermark 0, ISR [0], adding replicas [] and removing replicas [] . Previous leader None and previous leader epoch was -1. (state.change.logger)
[2025-03-24 01:56:45,203] INFO [Broker id=0] Leader __consumer_offsets-14 with topic id Some(yVtNvhpQTZS9kaCM_OMWFA) starts at leader epoch 0 from offset 0 with partition epoch 0, high watermark 0, ISR [0], adding replicas [] and removing replicas [] . Previous leader None and previous leader epoch was -1. (state.change.logger)
[2025-03-24 01:56:45,209] INFO [Broker id=0] Leader team-service-invite-members-0 with topic id Some(hcxIX7ZES2-b0VR4LFe_IA) starts at leader epoch 0 from offset 14 with partition epoch 0, high watermark 14, ISR [0], adding replicas [] and removing replicas [] . Previous leader None and previous leader epoch was -1. (state.change.logger)
[2025-03-24 01:56:45,210] INFO [Broker id=0] Leader __consumer_offsets-23 with topic id Some(yVtNvhpQTZS9kaCM_OMWFA) starts at leader epoch 0 from offset 0 with partition epoch 0, high watermark 0, ISR [0], adding replicas [] and removing replicas [] . Previous leader None and previous leader epoch was -1. (state.change.logger)
[2025-03-24 01:56:45,217] INFO [Broker id=0] Leader __consumer_offsets-38 with topic id Some(yVtNvhpQTZS9kaCM_OMWFA) starts at leader epoch 0 from offset 0 with partition epoch 0, high watermark 0, ISR [0], adding replicas [] and removing replicas [] . Previous leader None and previous leader epoch was -1. (state.change.logger)
[2025-03-24 01:56:45,222] INFO [Broker id=0] Leader __consumer_offsets-8 with topic id Some(yVtNvhpQTZS9kaCM_OMWFA) starts at leader epoch 0 from offset 0 with partition epoch 0, high watermark 0, ISR [0], adding replicas [] and removing replicas [] . Previous leader None and previous leader epoch was -1. (state.change.logger)
[2025-03-24 01:56:45,227] INFO [Broker id=0] Leader __consumer_offsets-45 with topic id Some(yVtNvhpQTZS9kaCM_OMWFA) starts at leader epoch 0 from offset 0 with partition epoch 0, high watermark 0, ISR [0], adding replicas [] and removing replicas [] . Previous leader None and previous leader epoch was -1. (state.change.logger)
[2025-03-24 01:56:45,232] INFO [Broker id=0] Leader __consumer_offsets-15 with topic id Some(yVtNvhpQTZS9kaCM_OMWFA) starts at leader epoch 0 from offset 0 with partition epoch 0, high watermark 0, ISR [0], adding replicas [] and removing replicas [] . Previous leader None and previous leader epoch was -1. (state.change.logger)
[2025-03-24 01:56:45,238] INFO [Broker id=0] Leader __consumer_offsets-30 with topic id Some(yVtNvhpQTZS9kaCM_OMWFA) starts at leader epoch 0 from offset 0 with partition epoch 0, high watermark 0, ISR [0], adding replicas [] and removing replicas [] . Previous leader None and previous leader epoch was -1. (state.change.logger)
[2025-03-24 01:56:45,244] INFO [Broker id=0] Leader __consumer_offsets-0 with topic id Some(yVtNvhpQTZS9kaCM_OMWFA) starts at leader epoch 0 from offset 0 with partition epoch 0, high watermark 0, ISR [0], adding replicas [] and removing replicas [] . Previous leader None and previous leader epoch was -1. (state.change.logger)
[2025-03-24 01:56:45,248] INFO [Broker id=0] Leader __consumer_offsets-35 with topic id Some(yVtNvhpQTZS9kaCM_OMWFA) starts at leader epoch 0 from offset 0 with partition epoch 0, high watermark 0, ISR [0], adding replicas [] and removing replicas [] . Previous leader None and previous leader epoch was -1. (state.change.logger)
[2025-03-24 01:56:45,253] INFO [Broker id=0] Leader user-service-invite-members-0 with topic id Some(tkMgJy84QbGlJWP-QyYtQQ) starts at leader epoch 0 from offset 14 with partition epoch 0, high watermark 14, ISR [0], adding replicas [] and removing replicas [] . Previous leader None and previous leader epoch was -1. (state.change.logger)
[2025-03-24 01:56:45,255] INFO [Broker id=0] Leader file-upload-0 with topic id Some(qUUkEhR0T9aNij5ZNHVOoQ) starts at leader epoch 0 from offset 1 with partition epoch 0, high watermark 1, ISR [0], adding replicas [] and removing replicas [] . Previous leader None and previous leader epoch was -1. (state.change.logger)
[2025-03-24 01:56:45,256] INFO [Broker id=0] Leader __consumer_offsets-5 with topic id Some(yVtNvhpQTZS9kaCM_OMWFA) starts at leader epoch 0 from offset 0 with partition epoch 0, high watermark 0, ISR [0], adding replicas [] and removing replicas [] . Previous leader None and previous leader epoch was -1. (state.change.logger)
[2025-03-24 01:56:45,262] INFO [Broker id=0] Leader __consumer_offsets-20 with topic id Some(yVtNvhpQTZS9kaCM_OMWFA) starts at leader epoch 0 from offset 0 with partition epoch 0, high watermark 0, ISR [0], adding replicas [] and removing replicas [] . Previous leader None and previous leader epoch was -1. (state.change.logger)
[2025-03-24 01:56:45,268] INFO [Broker id=0] Leader __consumer_offsets-27 with topic id Some(yVtNvhpQTZS9kaCM_OMWFA) starts at leader epoch 0 from offset 125 with partition epoch 0, high watermark 125, ISR [0], adding replicas [] and removing replicas [] . Previous leader None and previous leader epoch was -1. (state.change.logger)
[2025-03-24 01:56:45,269] INFO [Broker id=0] Leader __consumer_offsets-42 with topic id Some(yVtNvhpQTZS9kaCM_OMWFA) starts at leader epoch 0 from offset 0 with partition epoch 0, high watermark 0, ISR [0], adding replicas [] and removing replicas [] . Previous leader None and previous leader epoch was -1. (state.change.logger)
[2025-03-24 01:56:45,273] INFO [Broker id=0] Leader __consumer_offsets-12 with topic id Some(yVtNvhpQTZS9kaCM_OMWFA) starts at leader epoch 0 from offset 0 with partition epoch 0, high watermark 0, ISR [0], adding replicas [] and removing replicas [] . Previous leader None and previous leader epoch was -1. (state.change.logger)
[2025-03-24 01:56:45,279] INFO [Broker id=0] Leader user-service-project-created-0 with topic id Some(ullV932RTQKVu3UQX2PkBQ) starts at leader epoch 0 from offset 6 with partition epoch 0, high watermark 6, ISR [0], adding replicas [] and removing replicas [] . Previous leader None and previous leader epoch was -1. (state.change.logger)
[2025-03-24 01:56:45,285] INFO [Broker id=0] Leader __consumer_offsets-21 with topic id Some(yVtNvhpQTZS9kaCM_OMWFA) starts at leader epoch 0 from offset 0 with partition epoch 0, high watermark 0, ISR [0], adding replicas [] and removing replicas [] . Previous leader None and previous leader epoch was -1. (state.change.logger)
[2025-03-24 01:56:45,289] INFO [Broker id=0] Leader __consumer_offsets-36 with topic id Some(yVtNvhpQTZS9kaCM_OMWFA) starts at leader epoch 0 from offset 0 with partition epoch 0, high watermark 0, ISR [0], adding replicas [] and removing replicas [] . Previous leader None and previous leader epoch was -1. (state.change.logger)
[2025-03-24 01:56:45,295] INFO [Broker id=0] Leader __consumer_offsets-6 with topic id Some(yVtNvhpQTZS9kaCM_OMWFA) starts at leader epoch 0 from offset 0 with partition epoch 0, high watermark 0, ISR [0], adding replicas [] and removing replicas [] . Previous leader None and previous leader epoch was -1. (state.change.logger)
[2025-03-24 01:56:45,301] INFO [Broker id=0] Leader __consumer_offsets-43 with topic id Some(yVtNvhpQTZS9kaCM_OMWFA) starts at leader epoch 0 from offset 0 with partition epoch 0, high watermark 0, ISR [0], adding replicas [] and removing replicas [] . Previous leader None and previous leader epoch was -1. (state.change.logger)
[2025-03-24 01:56:45,307] INFO [Broker id=0] Leader __consumer_offsets-13 with topic id Some(yVtNvhpQTZS9kaCM_OMWFA) starts at leader epoch 0 from offset 55 with partition epoch 0, high watermark 55, ISR [0], adding replicas [] and removing replicas [] . Previous leader None and previous leader epoch was -1. (state.change.logger)
[2025-03-24 01:56:45,314] INFO [Broker id=0] Leader __consumer_offsets-28 with topic id Some(yVtNvhpQTZS9kaCM_OMWFA) starts at leader epoch 0 from offset 0 with partition epoch 0, high watermark 0, ISR [0], adding replicas [] and removing replicas [] . Previous leader None and previous leader epoch was -1. (state.change.logger)
[2025-03-24 01:56:45,430] INFO [Broker id=0] Finished LeaderAndIsr request in 483ms correlationId 1 from controller 0 for 56 partitions (state.change.logger)
[2025-03-24 01:56:45,442] INFO [Broker id=0] Add 56 partitions and deleted 0 partitions from metadata cache in response to UpdateMetadata request sent by controller 0 epoch 14 with correlation id 2 (state.change.logger)
[2025-03-24 01:57:51,270] INFO [Controller id=0 epoch=15] Sending UpdateMetadata request to brokers HashSet(0) for 0 partitions (state.change.logger)
[2025-03-24 01:57:51,322] INFO [Controller id=0 epoch=15] Sending LeaderAndIsr request to broker 0 with 56 become-leader and 0 become-follower partitions (state.change.logger)
[2025-03-24 01:57:51,336] INFO [Controller id=0 epoch=15] Sending UpdateMetadata request to brokers HashSet(0) for 56 partitions (state.change.logger)
[2025-03-24 01:57:51,851] INFO [Broker id=0] Handling LeaderAndIsr request correlationId 1 from controller 0 for 56 partitions (state.change.logger)
[2025-03-24 01:57:51,880] INFO [Broker id=0] Stopped fetchers as part of LeaderAndIsr request correlationId 1 from controller 0 epoch 15 as part of the become-leader transition for 56 partitions (state.change.logger)
[2025-03-24 01:57:52,006] INFO [Broker id=0] Leader __consumer_offsets-3 with topic id Some(yVtNvhpQTZS9kaCM_OMWFA) starts at leader epoch 0 from offset 0 with partition epoch 0, high watermark 0, ISR [0], adding replicas [] and removing replicas [] . Previous leader None and previous leader epoch was -1. (state.change.logger)
[2025-03-24 01:57:52,042] INFO [Broker id=0] Leader __consumer_offsets-18 with topic id Some(yVtNvhpQTZS9kaCM_OMWFA) starts at leader epoch 0 from offset 0 with partition epoch 0, high watermark 0, ISR [0], adding replicas [] and removing replicas [] . Previous leader None and previous leader epoch was -1. (state.change.logger)
[2025-03-24 01:57:52,068] INFO [Broker id=0] Leader __consumer_offsets-41 with topic id Some(yVtNvhpQTZS9kaCM_OMWFA) starts at leader epoch 0 from offset 0 with partition epoch 0, high watermark 0, ISR [0], adding replicas [] and removing replicas [] . Previous leader None and previous leader epoch was -1. (state.change.logger)
[2025-03-24 01:57:52,093] INFO [Broker id=0] Leader __consumer_offsets-10 with topic id Some(yVtNvhpQTZS9kaCM_OMWFA) starts at leader epoch 0 from offset 0 with partition epoch 0, high watermark 0, ISR [0], adding replicas [] and removing replicas [] . Previous leader None and previous leader epoch was -1. (state.change.logger)
[2025-03-24 01:57:52,113] INFO [Broker id=0] Leader team-service-topic-0 with topic id Some(lreTNefUT5azin5IkbKUjA) starts at leader epoch 0 from offset 0 with partition epoch 0, high watermark 0, ISR [0], adding replicas [] and removing replicas [] . Previous leader None and previous leader epoch was -1. (state.change.logger)
[2025-03-24 01:57:52,137] INFO [Broker id=0] Leader __consumer_offsets-33 with topic id Some(yVtNvhpQTZS9kaCM_OMWFA) starts at leader epoch 0 from offset 0 with partition epoch 0, high watermark 0, ISR [0], adding replicas [] and removing replicas [] . Previous leader None and previous leader epoch was -1. (state.change.logger)
[2025-03-24 01:57:52,155] INFO [Broker id=0] Leader __consumer_offsets-48 with topic id Some(yVtNvhpQTZS9kaCM_OMWFA) starts at leader epoch 0 from offset 0 with partition epoch 0, high watermark 0, ISR [0], adding replicas [] and removing replicas [] . Previous leader None and previous leader epoch was -1. (state.change.logger)
[2025-03-24 01:57:52,176] INFO [Broker id=0] Leader __consumer_offsets-19 with topic id Some(yVtNvhpQTZS9kaCM_OMWFA) starts at leader epoch 0 from offset 0 with partition epoch 0, high watermark 0, ISR [0], adding replicas [] and removing replicas [] . Previous leader None and previous leader epoch was -1. (state.change.logger)
[2025-03-24 01:57:52,196] INFO [Broker id=0] Leader __consumer_offsets-34 with topic id Some(yVtNvhpQTZS9kaCM_OMWFA) starts at leader epoch 0 from offset 0 with partition epoch 0, high watermark 0, ISR [0], adding replicas [] and removing replicas [] . Previous leader None and previous leader epoch was -1. (state.change.logger)
[2025-03-24 01:57:52,228] INFO [Broker id=0] Leader user-avatar-updated-0 with topic id Some(nLkwmfBmRj-stt_3pcinFQ) starts at leader epoch 0 from offset 0 with partition epoch 0, high watermark 0, ISR [0], adding replicas [] and removing replicas [] . Previous leader None and previous leader epoch was -1. (state.change.logger)
[2025-03-24 01:57:52,269] INFO [Broker id=0] Leader __consumer_offsets-4 with topic id Some(yVtNvhpQTZS9kaCM_OMWFA) starts at leader epoch 0 from offset 0 with partition epoch 0, high watermark 0, ISR [0], adding replicas [] and removing replicas [] . Previous leader None and previous leader epoch was -1. (state.change.logger)
[2025-03-24 01:57:52,301] INFO [Broker id=0] Leader __consumer_offsets-11 with topic id Some(yVtNvhpQTZS9kaCM_OMWFA) starts at leader epoch 0 from offset 0 with partition epoch 0, high watermark 0, ISR [0], adding replicas [] and removing replicas [] . Previous leader None and previous leader epoch was -1. (state.change.logger)
[2025-03-24 01:57:52,328] INFO [Broker id=0] Leader __consumer_offsets-26 with topic id Some(yVtNvhpQTZS9kaCM_OMWFA) starts at leader epoch 0 from offset 0 with partition epoch 0, high watermark 0, ISR [0], adding replicas [] and removing replicas [] . Previous leader None and previous leader epoch was -1. (state.change.logger)
[2025-03-24 01:57:52,347] INFO [Broker id=0] Leader __consumer_offsets-49 with topic id Some(yVtNvhpQTZS9kaCM_OMWFA) starts at leader epoch 0 from offset 0 with partition epoch 0, high watermark 0, ISR [0], adding replicas [] and removing replicas [] . Previous leader None and previous leader epoch was -1. (state.change.logger)
[2025-03-24 01:57:52,370] INFO [Broker id=0] Leader __consumer_offsets-39 with topic id Some(yVtNvhpQTZS9kaCM_OMWFA) starts at leader epoch 0 from offset 0 with partition epoch 0, high watermark 0, ISR [0], adding replicas [] and removing replicas [] . Previous leader None and previous leader epoch was -1. (state.change.logger)
[2025-03-24 01:57:52,395] INFO [Broker id=0] Leader __consumer_offsets-9 with topic id Some(yVtNvhpQTZS9kaCM_OMWFA) starts at leader epoch 0 from offset 0 with partition epoch 0, high watermark 0, ISR [0], adding replicas [] and removing replicas [] . Previous leader None and previous leader epoch was -1. (state.change.logger)
[2025-03-24 01:57:52,420] INFO [Broker id=0] Leader __consumer_offsets-24 with topic id Some(yVtNvhpQTZS9kaCM_OMWFA) starts at leader epoch 0 from offset 0 with partition epoch 0, high watermark 0, ISR [0], adding replicas [] and removing replicas [] . Previous leader None and previous leader epoch was -1. (state.change.logger)
[2025-03-24 01:57:52,444] INFO [Broker id=0] Leader __consumer_offsets-31 with topic id Some(yVtNvhpQTZS9kaCM_OMWFA) starts at leader epoch 0 from offset 0 with partition epoch 0, high watermark 0, ISR [0], adding replicas [] and removing replicas [] . Previous leader None and previous leader epoch was -1. (state.change.logger)
[2025-03-24 01:57:52,470] INFO [Broker id=0] Leader __consumer_offsets-46 with topic id Some(yVtNvhpQTZS9kaCM_OMWFA) starts at leader epoch 0 from offset 0 with partition epoch 0, high watermark 0, ISR [0], adding replicas [] and removing replicas [] . Previous leader None and previous leader epoch was -1. (state.change.logger)
[2025-03-24 01:57:52,489] INFO [Broker id=0] Leader __consumer_offsets-1 with topic id Some(yVtNvhpQTZS9kaCM_OMWFA) starts at leader epoch 0 from offset 0 with partition epoch 0, high watermark 0, ISR [0], adding replicas [] and removing replicas [] . Previous leader None and previous leader epoch was -1. (state.change.logger)
[2025-03-24 01:57:52,513] INFO [Broker id=0] Leader __consumer_offsets-16 with topic id Some(yVtNvhpQTZS9kaCM_OMWFA) starts at leader epoch 0 from offset 0 with partition epoch 0, high watermark 0, ISR [0], adding replicas [] and removing replicas [] . Previous leader None and previous leader epoch was -1. (state.change.logger)
[2025-03-24 01:57:52,538] INFO [Broker id=0] Leader __consumer_offsets-2 with topic id Some(yVtNvhpQTZS9kaCM_OMWFA) starts at leader epoch 0 from offset 0 with partition epoch 0, high watermark 0, ISR [0], adding replicas [] and removing replicas [] . Previous leader None and previous leader epoch was -1. (state.change.logger)
[2025-03-24 01:57:52,556] INFO [Broker id=0] Leader __consumer_offsets-25 with topic id Some(yVtNvhpQTZS9kaCM_OMWFA) starts at leader epoch 0 from offset 0 with partition epoch 0, high watermark 0, ISR [0], adding replicas [] and removing replicas [] . Previous leader None and previous leader epoch was -1. (state.change.logger)
[2025-03-24 01:57:52,580] INFO [Broker id=0] Leader __consumer_offsets-40 with topic id Some(yVtNvhpQTZS9kaCM_OMWFA) starts at leader epoch 0 from offset 0 with partition epoch 0, high watermark 0, ISR [0], adding replicas [] and removing replicas [] . Previous leader None and previous leader epoch was -1. (state.change.logger)
[2025-03-24 01:57:52,599] INFO [Broker id=0] Leader __consumer_offsets-47 with topic id Some(yVtNvhpQTZS9kaCM_OMWFA) starts at leader epoch 0 from offset 0 with partition epoch 0, high watermark 0, ISR [0], adding replicas [] and removing replicas [] . Previous leader None and previous leader epoch was -1. (state.change.logger)
[2025-03-24 01:57:52,627] INFO [Broker id=0] Leader __consumer_offsets-17 with topic id Some(yVtNvhpQTZS9kaCM_OMWFA) starts at leader epoch 0 from offset 0 with partition epoch 0, high watermark 0, ISR [0], adding replicas [] and removing replicas [] . Previous leader None and previous leader epoch was -1. (state.change.logger)
[2025-03-24 01:57:52,650] INFO [Broker id=0] Leader __consumer_offsets-32 with topic id Some(yVtNvhpQTZS9kaCM_OMWFA) starts at leader epoch 0 from offset 0 with partition epoch 0, high watermark 0, ISR [0], adding replicas [] and removing replicas [] . Previous leader None and previous leader epoch was -1. (state.change.logger)
[2025-03-24 01:57:52,676] INFO [Broker id=0] Leader __consumer_offsets-37 with topic id Some(yVtNvhpQTZS9kaCM_OMWFA) starts at leader epoch 0 from offset 0 with partition epoch 0, high watermark 0, ISR [0], adding replicas [] and removing replicas [] . Previous leader None and previous leader epoch was -1. (state.change.logger)
[2025-03-24 01:57:52,696] INFO [Broker id=0] Leader __consumer_offsets-7 with topic id Some(yVtNvhpQTZS9kaCM_OMWFA) starts at leader epoch 0 from offset 0 with partition epoch 0, high watermark 0, ISR [0], adding replicas [] and removing replicas [] . Previous leader None and previous leader epoch was -1. (state.change.logger)
[2025-03-24 01:57:52,716] INFO [Broker id=0] Leader __consumer_offsets-22 with topic id Some(yVtNvhpQTZS9kaCM_OMWFA) starts at leader epoch 0 from offset 0 with partition epoch 0, high watermark 0, ISR [0], adding replicas [] and removing replicas [] . Previous leader None and previous leader epoch was -1. (state.change.logger)
[2025-03-24 01:57:52,737] INFO [Broker id=0] Leader __consumer_offsets-29 with topic id Some(yVtNvhpQTZS9kaCM_OMWFA) starts at leader epoch 0 from offset 0 with partition epoch 0, high watermark 0, ISR [0], adding replicas [] and removing replicas [] . Previous leader None and previous leader epoch was -1. (state.change.logger)
[2025-03-24 01:57:52,760] INFO [Broker id=0] Leader __consumer_offsets-44 with topic id Some(yVtNvhpQTZS9kaCM_OMWFA) starts at leader epoch 0 from offset 0 with partition epoch 0, high watermark 0, ISR [0], adding replicas [] and removing replicas [] . Previous leader None and previous leader epoch was -1. (state.change.logger)
[2025-03-24 01:57:52,781] INFO [Broker id=0] Leader __consumer_offsets-14 with topic id Some(yVtNvhpQTZS9kaCM_OMWFA) starts at leader epoch 0 from offset 0 with partition epoch 0, high watermark 0, ISR [0], adding replicas [] and removing replicas [] . Previous leader None and previous leader epoch was -1. (state.change.logger)
[2025-03-24 01:57:52,799] INFO [Broker id=0] Leader team-service-invite-members-0 with topic id Some(hcxIX7ZES2-b0VR4LFe_IA) starts at leader epoch 0 from offset 0 with partition epoch 0, high watermark 0, ISR [0], adding replicas [] and removing replicas [] . Previous leader None and previous leader epoch was -1. (state.change.logger)
[2025-03-24 01:57:52,820] INFO [Broker id=0] Leader __consumer_offsets-23 with topic id Some(yVtNvhpQTZS9kaCM_OMWFA) starts at leader epoch 0 from offset 0 with partition epoch 0, high watermark 0, ISR [0], adding replicas [] and removing replicas [] . Previous leader None and previous leader epoch was -1. (state.change.logger)
[2025-03-24 01:57:52,840] INFO [Broker id=0] Leader __consumer_offsets-38 with topic id Some(yVtNvhpQTZS9kaCM_OMWFA) starts at leader epoch 0 from offset 0 with partition epoch 0, high watermark 0, ISR [0], adding replicas [] and removing replicas [] . Previous leader None and previous leader epoch was -1. (state.change.logger)
[2025-03-24 01:57:52,862] INFO [Broker id=0] Leader __consumer_offsets-8 with topic id Some(yVtNvhpQTZS9kaCM_OMWFA) starts at leader epoch 0 from offset 0 with partition epoch 0, high watermark 0, ISR [0], adding replicas [] and removing replicas [] . Previous leader None and previous leader epoch was -1. (state.change.logger)
[2025-03-24 01:57:52,880] INFO [Broker id=0] Leader __consumer_offsets-45 with topic id Some(yVtNvhpQTZS9kaCM_OMWFA) starts at leader epoch 0 from offset 0 with partition epoch 0, high watermark 0, ISR [0], adding replicas [] and removing replicas [] . Previous leader None and previous leader epoch was -1. (state.change.logger)
[2025-03-24 01:57:52,898] INFO [Broker id=0] Leader __consumer_offsets-15 with topic id Some(yVtNvhpQTZS9kaCM_OMWFA) starts at leader epoch 0 from offset 0 with partition epoch 0, high watermark 0, ISR [0], adding replicas [] and removing replicas [] . Previous leader None and previous leader epoch was -1. (state.change.logger)
[2025-03-24 01:57:52,919] INFO [Broker id=0] Leader __consumer_offsets-30 with topic id Some(yVtNvhpQTZS9kaCM_OMWFA) starts at leader epoch 0 from offset 0 with partition epoch 0, high watermark 0, ISR [0], adding replicas [] and removing replicas [] . Previous leader None and previous leader epoch was -1. (state.change.logger)
[2025-03-24 01:57:52,946] INFO [Broker id=0] Leader __consumer_offsets-0 with topic id Some(yVtNvhpQTZS9kaCM_OMWFA) starts at leader epoch 0 from offset 0 with partition epoch 0, high watermark 0, ISR [0], adding replicas [] and removing replicas [] . Previous leader None and previous leader epoch was -1. (state.change.logger)
[2025-03-24 01:57:52,975] INFO [Broker id=0] Leader __consumer_offsets-35 with topic id Some(yVtNvhpQTZS9kaCM_OMWFA) starts at leader epoch 0 from offset 0 with partition epoch 0, high watermark 0, ISR [0], adding replicas [] and removing replicas [] . Previous leader None and previous leader epoch was -1. (state.change.logger)
[2025-03-24 01:57:52,994] INFO [Broker id=0] Leader user-service-invite-members-0 with topic id Some(tkMgJy84QbGlJWP-QyYtQQ) starts at leader epoch 0 from offset 0 with partition epoch 0, high watermark 0, ISR [0], adding replicas [] and removing replicas [] . Previous leader None and previous leader epoch was -1. (state.change.logger)
[2025-03-24 01:57:53,019] INFO [Broker id=0] Leader file-upload-0 with topic id Some(qUUkEhR0T9aNij5ZNHVOoQ) starts at leader epoch 0 from offset 0 with partition epoch 0, high watermark 0, ISR [0], adding replicas [] and removing replicas [] . Previous leader None and previous leader epoch was -1. (state.change.logger)
[2025-03-24 01:57:53,039] INFO [Broker id=0] Leader __consumer_offsets-5 with topic id Some(yVtNvhpQTZS9kaCM_OMWFA) starts at leader epoch 0 from offset 0 with partition epoch 0, high watermark 0, ISR [0], adding replicas [] and removing replicas [] . Previous leader None and previous leader epoch was -1. (state.change.logger)
[2025-03-24 01:57:53,098] INFO [Broker id=0] Leader __consumer_offsets-20 with topic id Some(yVtNvhpQTZS9kaCM_OMWFA) starts at leader epoch 0 from offset 0 with partition epoch 0, high watermark 0, ISR [0], adding replicas [] and removing replicas [] . Previous leader None and previous leader epoch was -1. (state.change.logger)
[2025-03-24 01:57:53,119] INFO [Broker id=0] Leader __consumer_offsets-27 with topic id Some(yVtNvhpQTZS9kaCM_OMWFA) starts at leader epoch 0 from offset 0 with partition epoch 0, high watermark 0, ISR [0], adding replicas [] and removing replicas [] . Previous leader None and previous leader epoch was -1. (state.change.logger)
[2025-03-24 01:57:53,137] INFO [Broker id=0] Leader __consumer_offsets-42 with topic id Some(yVtNvhpQTZS9kaCM_OMWFA) starts at leader epoch 0 from offset 0 with partition epoch 0, high watermark 0, ISR [0], adding replicas [] and removing replicas [] . Previous leader None and previous leader epoch was -1. (state.change.logger)
[2025-03-24 01:57:53,158] INFO [Broker id=0] Leader __consumer_offsets-12 with topic id Some(yVtNvhpQTZS9kaCM_OMWFA) starts at leader epoch 0 from offset 0 with partition epoch 0, high watermark 0, ISR [0], adding replicas [] and removing replicas [] . Previous leader None and previous leader epoch was -1. (state.change.logger)
[2025-03-24 01:57:53,178] INFO [Broker id=0] Leader user-service-project-created-0 with topic id Some(ullV932RTQKVu3UQX2PkBQ) starts at leader epoch 0 from offset 0 with partition epoch 0, high watermark 0, ISR [0], adding replicas [] and removing replicas [] . Previous leader None and previous leader epoch was -1. (state.change.logger)
[2025-03-24 01:57:53,195] INFO [Broker id=0] Leader __consumer_offsets-21 with topic id Some(yVtNvhpQTZS9kaCM_OMWFA) starts at leader epoch 0 from offset 0 with partition epoch 0, high watermark 0, ISR [0], adding replicas [] and removing replicas [] . Previous leader None and previous leader epoch was -1. (state.change.logger)
[2025-03-24 01:57:53,219] INFO [Broker id=0] Leader __consumer_offsets-36 with topic id Some(yVtNvhpQTZS9kaCM_OMWFA) starts at leader epoch 0 from offset 0 with partition epoch 0, high watermark 0, ISR [0], adding replicas [] and removing replicas [] . Previous leader None and previous leader epoch was -1. (state.change.logger)
[2025-03-24 01:57:53,237] INFO [Broker id=0] Leader __consumer_offsets-6 with topic id Some(yVtNvhpQTZS9kaCM_OMWFA) starts at leader epoch 0 from offset 0 with partition epoch 0, high watermark 0, ISR [0], adding replicas [] and removing replicas [] . Previous leader None and previous leader epoch was -1. (state.change.logger)
[2025-03-24 01:57:53,255] INFO [Broker id=0] Leader __consumer_offsets-43 with topic id Some(yVtNvhpQTZS9kaCM_OMWFA) starts at leader epoch 0 from offset 0 with partition epoch 0, high watermark 0, ISR [0], adding replicas [] and removing replicas [] . Previous leader None and previous leader epoch was -1. (state.change.logger)
[2025-03-24 01:57:53,274] INFO [Broker id=0] Leader __consumer_offsets-13 with topic id Some(yVtNvhpQTZS9kaCM_OMWFA) starts at leader epoch 0 from offset 0 with partition epoch 0, high watermark 0, ISR [0], adding replicas [] and removing replicas [] . Previous leader None and previous leader epoch was -1. (state.change.logger)
[2025-03-24 01:57:53,293] INFO [Broker id=0] Leader __consumer_offsets-28 with topic id Some(yVtNvhpQTZS9kaCM_OMWFA) starts at leader epoch 0 from offset 0 with partition epoch 0, high watermark 0, ISR [0], adding replicas [] and removing replicas [] . Previous leader None and previous leader epoch was -1. (state.change.logger)
[2025-03-24 01:57:53,392] INFO [Broker id=0] Finished LeaderAndIsr request in 1539ms correlationId 1 from controller 0 for 56 partitions (state.change.logger)
[2025-03-24 01:57:53,405] INFO [Broker id=0] Add 56 partitions and deleted 0 partitions from metadata cache in response to UpdateMetadata request sent by controller 0 epoch 15 with correlation id 2 (state.change.logger)
[2025-03-25 23:10:42,546] INFO [Controller id=0 epoch=16] Sending UpdateMetadata request to brokers HashSet(0) for 0 partitions (state.change.logger)
[2025-03-25 23:10:42,667] INFO [Controller id=0 epoch=16] Sending LeaderAndIsr request to broker 0 with 56 become-leader and 0 become-follower partitions (state.change.logger)
[2025-03-25 23:10:42,672] INFO [Controller id=0 epoch=16] Sending UpdateMetadata request to brokers HashSet(0) for 56 partitions (state.change.logger)
[2025-03-25 23:10:43,304] INFO [Broker id=0] Handling LeaderAndIsr request correlationId 1 from controller 0 for 56 partitions (state.change.logger)
[2025-03-25 23:10:43,343] INFO [Broker id=0] Stopped fetchers as part of LeaderAndIsr request correlationId 1 from controller 0 epoch 16 as part of the become-leader transition for 56 partitions (state.change.logger)
[2025-03-25 23:10:43,397] INFO [Broker id=0] Leader __consumer_offsets-3 with topic id Some(yVtNvhpQTZS9kaCM_OMWFA) starts at leader epoch 0 from offset 0 with partition epoch 0, high watermark 0, ISR [0], adding replicas [] and removing replicas [] . Previous leader None and previous leader epoch was -1. (state.change.logger)
[2025-03-25 23:10:43,413] INFO [Broker id=0] Leader __consumer_offsets-18 with topic id Some(yVtNvhpQTZS9kaCM_OMWFA) starts at leader epoch 0 from offset 0 with partition epoch 0, high watermark 0, ISR [0], adding replicas [] and removing replicas [] . Previous leader None and previous leader epoch was -1. (state.change.logger)
[2025-03-25 23:10:43,421] INFO [Broker id=0] Leader __consumer_offsets-41 with topic id Some(yVtNvhpQTZS9kaCM_OMWFA) starts at leader epoch 0 from offset 0 with partition epoch 0, high watermark 0, ISR [0], adding replicas [] and removing replicas [] . Previous leader None and previous leader epoch was -1. (state.change.logger)
[2025-03-25 23:10:43,429] INFO [Broker id=0] Leader __consumer_offsets-10 with topic id Some(yVtNvhpQTZS9kaCM_OMWFA) starts at leader epoch 0 from offset 0 with partition epoch 0, high watermark 0, ISR [0], adding replicas [] and removing replicas [] . Previous leader None and previous leader epoch was -1. (state.change.logger)
[2025-03-25 23:10:43,438] INFO [Broker id=0] Leader team-service-topic-0 with topic id Some(lreTNefUT5azin5IkbKUjA) starts at leader epoch 0 from offset 0 with partition epoch 0, high watermark 0, ISR [0], adding replicas [] and removing replicas [] . Previous leader None and previous leader epoch was -1. (state.change.logger)
[2025-03-25 23:10:43,446] INFO [Broker id=0] Leader __consumer_offsets-33 with topic id Some(yVtNvhpQTZS9kaCM_OMWFA) starts at leader epoch 0 from offset 0 with partition epoch 0, high watermark 0, ISR [0], adding replicas [] and removing replicas [] . Previous leader None and previous leader epoch was -1. (state.change.logger)
[2025-03-25 23:10:43,454] INFO [Broker id=0] Leader __consumer_offsets-48 with topic id Some(yVtNvhpQTZS9kaCM_OMWFA) starts at leader epoch 0 from offset 0 with partition epoch 0, high watermark 0, ISR [0], adding replicas [] and removing replicas [] . Previous leader None and previous leader epoch was -1. (state.change.logger)
[2025-03-25 23:10:43,463] INFO [Broker id=0] Leader __consumer_offsets-19 with topic id Some(yVtNvhpQTZS9kaCM_OMWFA) starts at leader epoch 0 from offset 0 with partition epoch 0, high watermark 0, ISR [0], adding replicas [] and removing replicas [] . Previous leader None and previous leader epoch was -1. (state.change.logger)
[2025-03-25 23:10:43,474] INFO [Broker id=0] Leader __consumer_offsets-34 with topic id Some(yVtNvhpQTZS9kaCM_OMWFA) starts at leader epoch 0 from offset 0 with partition epoch 0, high watermark 0, ISR [0], adding replicas [] and removing replicas [] . Previous leader None and previous leader epoch was -1. (state.change.logger)
[2025-03-25 23:10:43,485] INFO [Broker id=0] Leader user-avatar-updated-0 with topic id Some(nLkwmfBmRj-stt_3pcinFQ) starts at leader epoch 0 from offset 0 with partition epoch 0, high watermark 0, ISR [0], adding replicas [] and removing replicas [] . Previous leader None and previous leader epoch was -1. (state.change.logger)
[2025-03-25 23:10:43,498] INFO [Broker id=0] Leader __consumer_offsets-4 with topic id Some(yVtNvhpQTZS9kaCM_OMWFA) starts at leader epoch 0 from offset 0 with partition epoch 0, high watermark 0, ISR [0], adding replicas [] and removing replicas [] . Previous leader None and previous leader epoch was -1. (state.change.logger)
[2025-03-25 23:10:43,510] INFO [Broker id=0] Leader __consumer_offsets-11 with topic id Some(yVtNvhpQTZS9kaCM_OMWFA) starts at leader epoch 0 from offset 0 with partition epoch 0, high watermark 0, ISR [0], adding replicas [] and removing replicas [] . Previous leader None and previous leader epoch was -1. (state.change.logger)
[2025-03-25 23:10:43,524] INFO [Broker id=0] Leader __consumer_offsets-26 with topic id Some(yVtNvhpQTZS9kaCM_OMWFA) starts at leader epoch 0 from offset 0 with partition epoch 0, high watermark 0, ISR [0], adding replicas [] and removing replicas [] . Previous leader None and previous leader epoch was -1. (state.change.logger)
[2025-03-25 23:10:43,537] INFO [Broker id=0] Leader __consumer_offsets-49 with topic id Some(yVtNvhpQTZS9kaCM_OMWFA) starts at leader epoch 0 from offset 0 with partition epoch 0, high watermark 0, ISR [0], adding replicas [] and removing replicas [] . Previous leader None and previous leader epoch was -1. (state.change.logger)
[2025-03-25 23:10:43,551] INFO [Broker id=0] Leader __consumer_offsets-39 with topic id Some(yVtNvhpQTZS9kaCM_OMWFA) starts at leader epoch 0 from offset 0 with partition epoch 0, high watermark 0, ISR [0], adding replicas [] and removing replicas [] . Previous leader None and previous leader epoch was -1. (state.change.logger)
[2025-03-25 23:10:43,562] INFO [Broker id=0] Leader __consumer_offsets-9 with topic id Some(yVtNvhpQTZS9kaCM_OMWFA) starts at leader epoch 0 from offset 0 with partition epoch 0, high watermark 0, ISR [0], adding replicas [] and removing replicas [] . Previous leader None and previous leader epoch was -1. (state.change.logger)
[2025-03-25 23:10:43,571] INFO [Broker id=0] Leader __consumer_offsets-24 with topic id Some(yVtNvhpQTZS9kaCM_OMWFA) starts at leader epoch 0 from offset 0 with partition epoch 0, high watermark 0, ISR [0], adding replicas [] and removing replicas [] . Previous leader None and previous leader epoch was -1. (state.change.logger)
[2025-03-25 23:10:43,579] INFO [Broker id=0] Leader __consumer_offsets-31 with topic id Some(yVtNvhpQTZS9kaCM_OMWFA) starts at leader epoch 0 from offset 0 with partition epoch 0, high watermark 0, ISR [0], adding replicas [] and removing replicas [] . Previous leader None and previous leader epoch was -1. (state.change.logger)
[2025-03-25 23:10:43,587] INFO [Broker id=0] Leader __consumer_offsets-46 with topic id Some(yVtNvhpQTZS9kaCM_OMWFA) starts at leader epoch 0 from offset 0 with partition epoch 0, high watermark 0, ISR [0], adding replicas [] and removing replicas [] . Previous leader None and previous leader epoch was -1. (state.change.logger)
[2025-03-25 23:10:43,594] INFO [Broker id=0] Leader __consumer_offsets-1 with topic id Some(yVtNvhpQTZS9kaCM_OMWFA) starts at leader epoch 0 from offset 0 with partition epoch 0, high watermark 0, ISR [0], adding replicas [] and removing replicas [] . Previous leader None and previous leader epoch was -1. (state.change.logger)
[2025-03-25 23:10:43,600] INFO [Broker id=0] Leader __consumer_offsets-16 with topic id Some(yVtNvhpQTZS9kaCM_OMWFA) starts at leader epoch 0 from offset 0 with partition epoch 0, high watermark 0, ISR [0], adding replicas [] and removing replicas [] . Previous leader None and previous leader epoch was -1. (state.change.logger)
[2025-03-25 23:10:43,606] INFO [Broker id=0] Leader __consumer_offsets-2 with topic id Some(yVtNvhpQTZS9kaCM_OMWFA) starts at leader epoch 0 from offset 0 with partition epoch 0, high watermark 0, ISR [0], adding replicas [] and removing replicas [] . Previous leader None and previous leader epoch was -1. (state.change.logger)
[2025-03-25 23:10:43,615] INFO [Broker id=0] Leader __consumer_offsets-25 with topic id Some(yVtNvhpQTZS9kaCM_OMWFA) starts at leader epoch 0 from offset 0 with partition epoch 0, high watermark 0, ISR [0], adding replicas [] and removing replicas [] . Previous leader None and previous leader epoch was -1. (state.change.logger)
[2025-03-25 23:10:43,622] INFO [Broker id=0] Leader __consumer_offsets-40 with topic id Some(yVtNvhpQTZS9kaCM_OMWFA) starts at leader epoch 0 from offset 0 with partition epoch 0, high watermark 0, ISR [0], adding replicas [] and removing replicas [] . Previous leader None and previous leader epoch was -1. (state.change.logger)
[2025-03-25 23:10:43,628] INFO [Broker id=0] Leader __consumer_offsets-47 with topic id Some(yVtNvhpQTZS9kaCM_OMWFA) starts at leader epoch 0 from offset 0 with partition epoch 0, high watermark 0, ISR [0], adding replicas [] and removing replicas [] . Previous leader None and previous leader epoch was -1. (state.change.logger)
[2025-03-25 23:10:43,635] INFO [Broker id=0] Leader __consumer_offsets-17 with topic id Some(yVtNvhpQTZS9kaCM_OMWFA) starts at leader epoch 0 from offset 0 with partition epoch 0, high watermark 0, ISR [0], adding replicas [] and removing replicas [] . Previous leader None and previous leader epoch was -1. (state.change.logger)
[2025-03-25 23:10:43,642] INFO [Broker id=0] Leader __consumer_offsets-32 with topic id Some(yVtNvhpQTZS9kaCM_OMWFA) starts at leader epoch 0 from offset 0 with partition epoch 0, high watermark 0, ISR [0], adding replicas [] and removing replicas [] . Previous leader None and previous leader epoch was -1. (state.change.logger)
[2025-03-25 23:10:43,648] INFO [Broker id=0] Leader __consumer_offsets-37 with topic id Some(yVtNvhpQTZS9kaCM_OMWFA) starts at leader epoch 0 from offset 0 with partition epoch 0, high watermark 0, ISR [0], adding replicas [] and removing replicas [] . Previous leader None and previous leader epoch was -1. (state.change.logger)
[2025-03-25 23:10:43,655] INFO [Broker id=0] Leader __consumer_offsets-7 with topic id Some(yVtNvhpQTZS9kaCM_OMWFA) starts at leader epoch 0 from offset 0 with partition epoch 0, high watermark 0, ISR [0], adding replicas [] and removing replicas [] . Previous leader None and previous leader epoch was -1. (state.change.logger)
[2025-03-25 23:10:43,661] INFO [Broker id=0] Leader __consumer_offsets-22 with topic id Some(yVtNvhpQTZS9kaCM_OMWFA) starts at leader epoch 0 from offset 0 with partition epoch 0, high watermark 0, ISR [0], adding replicas [] and removing replicas [] . Previous leader None and previous leader epoch was -1. (state.change.logger)
[2025-03-25 23:10:43,668] INFO [Broker id=0] Leader __consumer_offsets-29 with topic id Some(yVtNvhpQTZS9kaCM_OMWFA) starts at leader epoch 0 from offset 0 with partition epoch 0, high watermark 0, ISR [0], adding replicas [] and removing replicas [] . Previous leader None and previous leader epoch was -1. (state.change.logger)
[2025-03-25 23:10:43,676] INFO [Broker id=0] Leader __consumer_offsets-44 with topic id Some(yVtNvhpQTZS9kaCM_OMWFA) starts at leader epoch 0 from offset 0 with partition epoch 0, high watermark 0, ISR [0], adding replicas [] and removing replicas [] . Previous leader None and previous leader epoch was -1. (state.change.logger)
[2025-03-25 23:10:43,683] INFO [Broker id=0] Leader __consumer_offsets-14 with topic id Some(yVtNvhpQTZS9kaCM_OMWFA) starts at leader epoch 0 from offset 0 with partition epoch 0, high watermark 0, ISR [0], adding replicas [] and removing replicas [] . Previous leader None and previous leader epoch was -1. (state.change.logger)
[2025-03-25 23:10:43,692] INFO [Broker id=0] Leader team-service-invite-members-0 with topic id Some(hcxIX7ZES2-b0VR4LFe_IA) starts at leader epoch 0 from offset 0 with partition epoch 0, high watermark 0, ISR [0], adding replicas [] and removing replicas [] . Previous leader None and previous leader epoch was -1. (state.change.logger)
[2025-03-25 23:10:43,702] INFO [Broker id=0] Leader __consumer_offsets-23 with topic id Some(yVtNvhpQTZS9kaCM_OMWFA) starts at leader epoch 0 from offset 0 with partition epoch 0, high watermark 0, ISR [0], adding replicas [] and removing replicas [] . Previous leader None and previous leader epoch was -1. (state.change.logger)
[2025-03-25 23:10:43,712] INFO [Broker id=0] Leader __consumer_offsets-38 with topic id Some(yVtNvhpQTZS9kaCM_OMWFA) starts at leader epoch 0 from offset 0 with partition epoch 0, high watermark 0, ISR [0], adding replicas [] and removing replicas [] . Previous leader None and previous leader epoch was -1. (state.change.logger)
[2025-03-25 23:10:43,722] INFO [Broker id=0] Leader __consumer_offsets-8 with topic id Some(yVtNvhpQTZS9kaCM_OMWFA) starts at leader epoch 0 from offset 0 with partition epoch 0, high watermark 0, ISR [0], adding replicas [] and removing replicas [] . Previous leader None and previous leader epoch was -1. (state.change.logger)
[2025-03-25 23:10:43,732] INFO [Broker id=0] Leader __consumer_offsets-45 with topic id Some(yVtNvhpQTZS9kaCM_OMWFA) starts at leader epoch 0 from offset 0 with partition epoch 0, high watermark 0, ISR [0], adding replicas [] and removing replicas [] . Previous leader None and previous leader epoch was -1. (state.change.logger)
[2025-03-25 23:10:43,742] INFO [Broker id=0] Leader __consumer_offsets-15 with topic id Some(yVtNvhpQTZS9kaCM_OMWFA) starts at leader epoch 0 from offset 0 with partition epoch 0, high watermark 0, ISR [0], adding replicas [] and removing replicas [] . Previous leader None and previous leader epoch was -1. (state.change.logger)
[2025-03-25 23:10:43,753] INFO [Broker id=0] Leader __consumer_offsets-30 with topic id Some(yVtNvhpQTZS9kaCM_OMWFA) starts at leader epoch 0 from offset 0 with partition epoch 0, high watermark 0, ISR [0], adding replicas [] and removing replicas [] . Previous leader None and previous leader epoch was -1. (state.change.logger)
[2025-03-25 23:10:43,762] INFO [Broker id=0] Leader __consumer_offsets-0 with topic id Some(yVtNvhpQTZS9kaCM_OMWFA) starts at leader epoch 0 from offset 0 with partition epoch 0, high watermark 0, ISR [0], adding replicas [] and removing replicas [] . Previous leader None and previous leader epoch was -1. (state.change.logger)
[2025-03-25 23:10:43,773] INFO [Broker id=0] Leader __consumer_offsets-35 with topic id Some(yVtNvhpQTZS9kaCM_OMWFA) starts at leader epoch 0 from offset 0 with partition epoch 0, high watermark 0, ISR [0], adding replicas [] and removing replicas [] . Previous leader None and previous leader epoch was -1. (state.change.logger)
[2025-03-25 23:10:43,786] INFO [Broker id=0] Leader user-service-invite-members-0 with topic id Some(tkMgJy84QbGlJWP-QyYtQQ) starts at leader epoch 0 from offset 0 with partition epoch 0, high watermark 0, ISR [0], adding replicas [] and removing replicas [] . Previous leader None and previous leader epoch was -1. (state.change.logger)
[2025-03-25 23:10:43,794] INFO [Broker id=0] Leader file-upload-0 with topic id Some(qUUkEhR0T9aNij5ZNHVOoQ) starts at leader epoch 0 from offset 0 with partition epoch 0, high watermark 0, ISR [0], adding replicas [] and removing replicas [] . Previous leader None and previous leader epoch was -1. (state.change.logger)
[2025-03-25 23:10:43,805] INFO [Broker id=0] Leader __consumer_offsets-5 with topic id Some(yVtNvhpQTZS9kaCM_OMWFA) starts at leader epoch 0 from offset 0 with partition epoch 0, high watermark 0, ISR [0], adding replicas [] and removing replicas [] . Previous leader None and previous leader epoch was -1. (state.change.logger)
[2025-03-25 23:10:43,814] INFO [Broker id=0] Leader __consumer_offsets-20 with topic id Some(yVtNvhpQTZS9kaCM_OMWFA) starts at leader epoch 0 from offset 0 with partition epoch 0, high watermark 0, ISR [0], adding replicas [] and removing replicas [] . Previous leader None and previous leader epoch was -1. (state.change.logger)
[2025-03-25 23:10:43,825] INFO [Broker id=0] Leader __consumer_offsets-27 with topic id Some(yVtNvhpQTZS9kaCM_OMWFA) starts at leader epoch 0 from offset 5 with partition epoch 0, high watermark 5, ISR [0], adding replicas [] and removing replicas [] . Previous leader None and previous leader epoch was -1. (state.change.logger)
[2025-03-25 23:10:43,828] INFO [Broker id=0] Leader __consumer_offsets-42 with topic id Some(yVtNvhpQTZS9kaCM_OMWFA) starts at leader epoch 0 from offset 0 with partition epoch 0, high watermark 0, ISR [0], adding replicas [] and removing replicas [] . Previous leader None and previous leader epoch was -1. (state.change.logger)
[2025-03-25 23:10:43,839] INFO [Broker id=0] Leader __consumer_offsets-12 with topic id Some(yVtNvhpQTZS9kaCM_OMWFA) starts at leader epoch 0 from offset 0 with partition epoch 0, high watermark 0, ISR [0], adding replicas [] and removing replicas [] . Previous leader None and previous leader epoch was -1. (state.change.logger)
[2025-03-25 23:10:43,847] INFO [Broker id=0] Leader user-service-project-created-0 with topic id Some(ullV932RTQKVu3UQX2PkBQ) starts at leader epoch 0 from offset 0 with partition epoch 0, high watermark 0, ISR [0], adding replicas [] and removing replicas [] . Previous leader None and previous leader epoch was -1. (state.change.logger)
[2025-03-25 23:10:43,855] INFO [Broker id=0] Leader __consumer_offsets-21 with topic id Some(yVtNvhpQTZS9kaCM_OMWFA) starts at leader epoch 0 from offset 0 with partition epoch 0, high watermark 0, ISR [0], adding replicas [] and removing replicas [] . Previous leader None and previous leader epoch was -1. (state.change.logger)
[2025-03-25 23:10:43,862] INFO [Broker id=0] Leader __consumer_offsets-36 with topic id Some(yVtNvhpQTZS9kaCM_OMWFA) starts at leader epoch 0 from offset 0 with partition epoch 0, high watermark 0, ISR [0], adding replicas [] and removing replicas [] . Previous leader None and previous leader epoch was -1. (state.change.logger)
[2025-03-25 23:10:43,869] INFO [Broker id=0] Leader __consumer_offsets-6 with topic id Some(yVtNvhpQTZS9kaCM_OMWFA) starts at leader epoch 0 from offset 0 with partition epoch 0, high watermark 0, ISR [0], adding replicas [] and removing replicas [] . Previous leader None and previous leader epoch was -1. (state.change.logger)
[2025-03-25 23:10:43,876] INFO [Broker id=0] Leader __consumer_offsets-43 with topic id Some(yVtNvhpQTZS9kaCM_OMWFA) starts at leader epoch 0 from offset 0 with partition epoch 0, high watermark 0, ISR [0], adding replicas [] and removing replicas [] . Previous leader None and previous leader epoch was -1. (state.change.logger)
[2025-03-25 23:10:43,884] INFO [Broker id=0] Leader __consumer_offsets-13 with topic id Some(yVtNvhpQTZS9kaCM_OMWFA) starts at leader epoch 0 from offset 1 with partition epoch 0, high watermark 1, ISR [0], adding replicas [] and removing replicas [] . Previous leader None and previous leader epoch was -1. (state.change.logger)
[2025-03-25 23:10:43,885] INFO [Broker id=0] Leader __consumer_offsets-28 with topic id Some(yVtNvhpQTZS9kaCM_OMWFA) starts at leader epoch 0 from offset 0 with partition epoch 0, high watermark 0, ISR [0], adding replicas [] and removing replicas [] . Previous leader None and previous leader epoch was -1. (state.change.logger)
[2025-03-25 23:10:44,019] INFO [Broker id=0] Finished LeaderAndIsr request in 714ms correlationId 1 from controller 0 for 56 partitions (state.change.logger)
[2025-03-25 23:10:44,040] INFO [Broker id=0] Add 56 partitions and deleted 0 partitions from metadata cache in response to UpdateMetadata request sent by controller 0 epoch 16 with correlation id 2 (state.change.logger)
[2025-03-25 23:20:36,674] INFO [Controller id=0 epoch=16] Sending UpdateMetadata request to brokers HashSet() for 0 partitions (state.change.logger)
[2025-03-25 23:23:34,125] INFO [Controller id=0 epoch=17] Sending UpdateMetadata request to brokers HashSet(0) for 0 partitions (state.change.logger)
[2025-03-25 23:23:34,199] INFO [Controller id=0 epoch=17] Sending LeaderAndIsr request to broker 0 with 56 become-leader and 0 become-follower partitions (state.change.logger)
[2025-03-25 23:23:34,208] INFO [Controller id=0 epoch=17] Sending UpdateMetadata request to brokers HashSet(0) for 56 partitions (state.change.logger)
[2025-03-25 23:23:34,910] INFO [Broker id=0] Handling LeaderAndIsr request correlationId 1 from controller 0 for 56 partitions (state.change.logger)
[2025-03-25 23:23:34,988] INFO [Broker id=0] Stopped fetchers as part of LeaderAndIsr request correlationId 1 from controller 0 epoch 17 as part of the become-leader transition for 56 partitions (state.change.logger)
[2025-03-25 23:23:35,032] INFO [Broker id=0] Leader __consumer_offsets-3 with topic id Some(yVtNvhpQTZS9kaCM_OMWFA) starts at leader epoch 0 from offset 0 with partition epoch 0, high watermark 0, ISR [0], adding replicas [] and removing replicas [] . Previous leader None and previous leader epoch was -1. (state.change.logger)
[2025-03-25 23:23:35,042] INFO [Broker id=0] Leader __consumer_offsets-18 with topic id Some(yVtNvhpQTZS9kaCM_OMWFA) starts at leader epoch 0 from offset 0 with partition epoch 0, high watermark 0, ISR [0], adding replicas [] and removing replicas [] . Previous leader None and previous leader epoch was -1. (state.change.logger)
[2025-03-25 23:23:35,047] INFO [Broker id=0] Leader __consumer_offsets-41 with topic id Some(yVtNvhpQTZS9kaCM_OMWFA) starts at leader epoch 0 from offset 0 with partition epoch 0, high watermark 0, ISR [0], adding replicas [] and removing replicas [] . Previous leader None and previous leader epoch was -1. (state.change.logger)
[2025-03-25 23:23:35,053] INFO [Broker id=0] Leader __consumer_offsets-10 with topic id Some(yVtNvhpQTZS9kaCM_OMWFA) starts at leader epoch 0 from offset 0 with partition epoch 0, high watermark 0, ISR [0], adding replicas [] and removing replicas [] . Previous leader None and previous leader epoch was -1. (state.change.logger)
[2025-03-25 23:23:35,059] INFO [Broker id=0] Leader team-service-topic-0 with topic id Some(lreTNefUT5azin5IkbKUjA) starts at leader epoch 0 from offset 0 with partition epoch 0, high watermark 0, ISR [0], adding replicas [] and removing replicas [] . Previous leader None and previous leader epoch was -1. (state.change.logger)
[2025-03-25 23:23:35,069] INFO [Broker id=0] Leader __consumer_offsets-33 with topic id Some(yVtNvhpQTZS9kaCM_OMWFA) starts at leader epoch 0 from offset 0 with partition epoch 0, high watermark 0, ISR [0], adding replicas [] and removing replicas [] . Previous leader None and previous leader epoch was -1. (state.change.logger)
[2025-03-25 23:23:35,076] INFO [Broker id=0] Leader __consumer_offsets-48 with topic id Some(yVtNvhpQTZS9kaCM_OMWFA) starts at leader epoch 0 from offset 0 with partition epoch 0, high watermark 0, ISR [0], adding replicas [] and removing replicas [] . Previous leader None and previous leader epoch was -1. (state.change.logger)
[2025-03-25 23:23:35,083] INFO [Broker id=0] Leader __consumer_offsets-19 with topic id Some(yVtNvhpQTZS9kaCM_OMWFA) starts at leader epoch 0 from offset 0 with partition epoch 0, high watermark 0, ISR [0], adding replicas [] and removing replicas [] . Previous leader None and previous leader epoch was -1. (state.change.logger)
[2025-03-25 23:23:35,089] INFO [Broker id=0] Leader __consumer_offsets-34 with topic id Some(yVtNvhpQTZS9kaCM_OMWFA) starts at leader epoch 0 from offset 0 with partition epoch 0, high watermark 0, ISR [0], adding replicas [] and removing replicas [] . Previous leader None and previous leader epoch was -1. (state.change.logger)
[2025-03-25 23:23:35,096] INFO [Broker id=0] Leader user-avatar-updated-0 with topic id Some(nLkwmfBmRj-stt_3pcinFQ) starts at leader epoch 0 from offset 0 with partition epoch 0, high watermark 0, ISR [0], adding replicas [] and removing replicas [] . Previous leader None and previous leader epoch was -1. (state.change.logger)
[2025-03-25 23:23:35,103] INFO [Broker id=0] Leader __consumer_offsets-4 with topic id Some(yVtNvhpQTZS9kaCM_OMWFA) starts at leader epoch 0 from offset 0 with partition epoch 0, high watermark 0, ISR [0], adding replicas [] and removing replicas [] . Previous leader None and previous leader epoch was -1. (state.change.logger)
[2025-03-25 23:23:35,110] INFO [Broker id=0] Leader __consumer_offsets-11 with topic id Some(yVtNvhpQTZS9kaCM_OMWFA) starts at leader epoch 0 from offset 0 with partition epoch 0, high watermark 0, ISR [0], adding replicas [] and removing replicas [] . Previous leader None and previous leader epoch was -1. (state.change.logger)
[2025-03-25 23:23:35,118] INFO [Broker id=0] Leader __consumer_offsets-26 with topic id Some(yVtNvhpQTZS9kaCM_OMWFA) starts at leader epoch 0 from offset 0 with partition epoch 0, high watermark 0, ISR [0], adding replicas [] and removing replicas [] . Previous leader None and previous leader epoch was -1. (state.change.logger)
[2025-03-25 23:23:35,125] INFO [Broker id=0] Leader __consumer_offsets-49 with topic id Some(yVtNvhpQTZS9kaCM_OMWFA) starts at leader epoch 0 from offset 0 with partition epoch 0, high watermark 0, ISR [0], adding replicas [] and removing replicas [] . Previous leader None and previous leader epoch was -1. (state.change.logger)
[2025-03-25 23:23:35,132] INFO [Broker id=0] Leader __consumer_offsets-39 with topic id Some(yVtNvhpQTZS9kaCM_OMWFA) starts at leader epoch 0 from offset 0 with partition epoch 0, high watermark 0, ISR [0], adding replicas [] and removing replicas [] . Previous leader None and previous leader epoch was -1. (state.change.logger)
[2025-03-25 23:23:35,137] INFO [Broker id=0] Leader __consumer_offsets-9 with topic id Some(yVtNvhpQTZS9kaCM_OMWFA) starts at leader epoch 0 from offset 0 with partition epoch 0, high watermark 0, ISR [0], adding replicas [] and removing replicas [] . Previous leader None and previous leader epoch was -1. (state.change.logger)
[2025-03-25 23:23:35,145] INFO [Broker id=0] Leader __consumer_offsets-24 with topic id Some(yVtNvhpQTZS9kaCM_OMWFA) starts at leader epoch 0 from offset 0 with partition epoch 0, high watermark 0, ISR [0], adding replicas [] and removing replicas [] . Previous leader None and previous leader epoch was -1. (state.change.logger)
[2025-03-25 23:23:35,152] INFO [Broker id=0] Leader __consumer_offsets-31 with topic id Some(yVtNvhpQTZS9kaCM_OMWFA) starts at leader epoch 0 from offset 0 with partition epoch 0, high watermark 0, ISR [0], adding replicas [] and removing replicas [] . Previous leader None and previous leader epoch was -1. (state.change.logger)
[2025-03-25 23:23:35,159] INFO [Broker id=0] Leader __consumer_offsets-46 with topic id Some(yVtNvhpQTZS9kaCM_OMWFA) starts at leader epoch 0 from offset 0 with partition epoch 0, high watermark 0, ISR [0], adding replicas [] and removing replicas [] . Previous leader None and previous leader epoch was -1. (state.change.logger)
[2025-03-25 23:23:35,165] INFO [Broker id=0] Leader __consumer_offsets-1 with topic id Some(yVtNvhpQTZS9kaCM_OMWFA) starts at leader epoch 0 from offset 0 with partition epoch 0, high watermark 0, ISR [0], adding replicas [] and removing replicas [] . Previous leader None and previous leader epoch was -1. (state.change.logger)
[2025-03-25 23:23:35,171] INFO [Broker id=0] Leader __consumer_offsets-16 with topic id Some(yVtNvhpQTZS9kaCM_OMWFA) starts at leader epoch 0 from offset 0 with partition epoch 0, high watermark 0, ISR [0], adding replicas [] and removing replicas [] . Previous leader None and previous leader epoch was -1. (state.change.logger)
[2025-03-25 23:23:35,178] INFO [Broker id=0] Leader __consumer_offsets-2 with topic id Some(yVtNvhpQTZS9kaCM_OMWFA) starts at leader epoch 0 from offset 0 with partition epoch 0, high watermark 0, ISR [0], adding replicas [] and removing replicas [] . Previous leader None and previous leader epoch was -1. (state.change.logger)
[2025-03-25 23:23:35,184] INFO [Broker id=0] Leader __consumer_offsets-25 with topic id Some(yVtNvhpQTZS9kaCM_OMWFA) starts at leader epoch 0 from offset 0 with partition epoch 0, high watermark 0, ISR [0], adding replicas [] and removing replicas [] . Previous leader None and previous leader epoch was -1. (state.change.logger)
[2025-03-25 23:23:35,189] INFO [Broker id=0] Leader __consumer_offsets-40 with topic id Some(yVtNvhpQTZS9kaCM_OMWFA) starts at leader epoch 0 from offset 0 with partition epoch 0, high watermark 0, ISR [0], adding replicas [] and removing replicas [] . Previous leader None and previous leader epoch was -1. (state.change.logger)
[2025-03-25 23:23:35,195] INFO [Broker id=0] Leader __consumer_offsets-47 with topic id Some(yVtNvhpQTZS9kaCM_OMWFA) starts at leader epoch 0 from offset 0 with partition epoch 0, high watermark 0, ISR [0], adding replicas [] and removing replicas [] . Previous leader None and previous leader epoch was -1. (state.change.logger)
[2025-03-25 23:23:35,201] INFO [Broker id=0] Leader __consumer_offsets-17 with topic id Some(yVtNvhpQTZS9kaCM_OMWFA) starts at leader epoch 0 from offset 0 with partition epoch 0, high watermark 0, ISR [0], adding replicas [] and removing replicas [] . Previous leader None and previous leader epoch was -1. (state.change.logger)
[2025-03-25 23:23:35,206] INFO [Broker id=0] Leader __consumer_offsets-32 with topic id Some(yVtNvhpQTZS9kaCM_OMWFA) starts at leader epoch 0 from offset 0 with partition epoch 0, high watermark 0, ISR [0], adding replicas [] and removing replicas [] . Previous leader None and previous leader epoch was -1. (state.change.logger)
[2025-03-25 23:23:35,212] INFO [Broker id=0] Leader __consumer_offsets-37 with topic id Some(yVtNvhpQTZS9kaCM_OMWFA) starts at leader epoch 0 from offset 0 with partition epoch 0, high watermark 0, ISR [0], adding replicas [] and removing replicas [] . Previous leader None and previous leader epoch was -1. (state.change.logger)
[2025-03-25 23:23:35,220] INFO [Broker id=0] Leader __consumer_offsets-7 with topic id Some(yVtNvhpQTZS9kaCM_OMWFA) starts at leader epoch 0 from offset 0 with partition epoch 0, high watermark 0, ISR [0], adding replicas [] and removing replicas [] . Previous leader None and previous leader epoch was -1. (state.change.logger)
[2025-03-25 23:23:35,228] INFO [Broker id=0] Leader __consumer_offsets-22 with topic id Some(yVtNvhpQTZS9kaCM_OMWFA) starts at leader epoch 0 from offset 0 with partition epoch 0, high watermark 0, ISR [0], adding replicas [] and removing replicas [] . Previous leader None and previous leader epoch was -1. (state.change.logger)
[2025-03-25 23:23:35,236] INFO [Broker id=0] Leader __consumer_offsets-29 with topic id Some(yVtNvhpQTZS9kaCM_OMWFA) starts at leader epoch 0 from offset 0 with partition epoch 0, high watermark 0, ISR [0], adding replicas [] and removing replicas [] . Previous leader None and previous leader epoch was -1. (state.change.logger)
[2025-03-25 23:23:35,245] INFO [Broker id=0] Leader __consumer_offsets-44 with topic id Some(yVtNvhpQTZS9kaCM_OMWFA) starts at leader epoch 0 from offset 0 with partition epoch 0, high watermark 0, ISR [0], adding replicas [] and removing replicas [] . Previous leader None and previous leader epoch was -1. (state.change.logger)
[2025-03-25 23:23:35,254] INFO [Broker id=0] Leader __consumer_offsets-14 with topic id Some(yVtNvhpQTZS9kaCM_OMWFA) starts at leader epoch 0 from offset 0 with partition epoch 0, high watermark 0, ISR [0], adding replicas [] and removing replicas [] . Previous leader None and previous leader epoch was -1. (state.change.logger)
[2025-03-25 23:23:35,262] INFO [Broker id=0] Leader team-service-invite-members-0 with topic id Some(hcxIX7ZES2-b0VR4LFe_IA) starts at leader epoch 0 from offset 0 with partition epoch 0, high watermark 0, ISR [0], adding replicas [] and removing replicas [] . Previous leader None and previous leader epoch was -1. (state.change.logger)
[2025-03-25 23:23:35,270] INFO [Broker id=0] Leader __consumer_offsets-23 with topic id Some(yVtNvhpQTZS9kaCM_OMWFA) starts at leader epoch 0 from offset 0 with partition epoch 0, high watermark 0, ISR [0], adding replicas [] and removing replicas [] . Previous leader None and previous leader epoch was -1. (state.change.logger)
[2025-03-25 23:23:35,279] INFO [Broker id=0] Leader __consumer_offsets-38 with topic id Some(yVtNvhpQTZS9kaCM_OMWFA) starts at leader epoch 0 from offset 0 with partition epoch 0, high watermark 0, ISR [0], adding replicas [] and removing replicas [] . Previous leader None and previous leader epoch was -1. (state.change.logger)
[2025-03-25 23:23:35,287] INFO [Broker id=0] Leader __consumer_offsets-8 with topic id Some(yVtNvhpQTZS9kaCM_OMWFA) starts at leader epoch 0 from offset 0 with partition epoch 0, high watermark 0, ISR [0], adding replicas [] and removing replicas [] . Previous leader None and previous leader epoch was -1. (state.change.logger)
[2025-03-25 23:23:35,294] INFO [Broker id=0] Leader __consumer_offsets-45 with topic id Some(yVtNvhpQTZS9kaCM_OMWFA) starts at leader epoch 0 from offset 0 with partition epoch 0, high watermark 0, ISR [0], adding replicas [] and removing replicas [] . Previous leader None and previous leader epoch was -1. (state.change.logger)
[2025-03-25 23:23:35,302] INFO [Broker id=0] Leader __consumer_offsets-15 with topic id Some(yVtNvhpQTZS9kaCM_OMWFA) starts at leader epoch 0 from offset 0 with partition epoch 0, high watermark 0, ISR [0], adding replicas [] and removing replicas [] . Previous leader None and previous leader epoch was -1. (state.change.logger)
[2025-03-25 23:23:35,309] INFO [Broker id=0] Leader __consumer_offsets-30 with topic id Some(yVtNvhpQTZS9kaCM_OMWFA) starts at leader epoch 0 from offset 0 with partition epoch 0, high watermark 0, ISR [0], adding replicas [] and removing replicas [] . Previous leader None and previous leader epoch was -1. (state.change.logger)
[2025-03-25 23:23:35,315] INFO [Broker id=0] Leader __consumer_offsets-0 with topic id Some(yVtNvhpQTZS9kaCM_OMWFA) starts at leader epoch 0 from offset 0 with partition epoch 0, high watermark 0, ISR [0], adding replicas [] and removing replicas [] . Previous leader None and previous leader epoch was -1. (state.change.logger)
[2025-03-25 23:23:35,320] INFO [Broker id=0] Leader __consumer_offsets-35 with topic id Some(yVtNvhpQTZS9kaCM_OMWFA) starts at leader epoch 0 from offset 0 with partition epoch 0, high watermark 0, ISR [0], adding replicas [] and removing replicas [] . Previous leader None and previous leader epoch was -1. (state.change.logger)
[2025-03-25 23:23:35,326] INFO [Broker id=0] Leader user-service-invite-members-0 with topic id Some(tkMgJy84QbGlJWP-QyYtQQ) starts at leader epoch 0 from offset 0 with partition epoch 0, high watermark 0, ISR [0], adding replicas [] and removing replicas [] . Previous leader None and previous leader epoch was -1. (state.change.logger)
[2025-03-25 23:23:35,334] INFO [Broker id=0] Leader file-upload-0 with topic id Some(qUUkEhR0T9aNij5ZNHVOoQ) starts at leader epoch 0 from offset 0 with partition epoch 0, high watermark 0, ISR [0], adding replicas [] and removing replicas [] . Previous leader None and previous leader epoch was -1. (state.change.logger)
[2025-03-25 23:23:35,339] INFO [Broker id=0] Leader __consumer_offsets-5 with topic id Some(yVtNvhpQTZS9kaCM_OMWFA) starts at leader epoch 0 from offset 0 with partition epoch 0, high watermark 0, ISR [0], adding replicas [] and removing replicas [] . Previous leader None and previous leader epoch was -1. (state.change.logger)
[2025-03-25 23:23:35,345] INFO [Broker id=0] Leader __consumer_offsets-20 with topic id Some(yVtNvhpQTZS9kaCM_OMWFA) starts at leader epoch 0 from offset 0 with partition epoch 0, high watermark 0, ISR [0], adding replicas [] and removing replicas [] . Previous leader None and previous leader epoch was -1. (state.change.logger)
[2025-03-25 23:23:35,352] INFO [Broker id=0] Leader __consumer_offsets-27 with topic id Some(yVtNvhpQTZS9kaCM_OMWFA) starts at leader epoch 0 from offset 7 with partition epoch 0, high watermark 7, ISR [0], adding replicas [] and removing replicas [] . Previous leader None and previous leader epoch was -1. (state.change.logger)
[2025-03-25 23:23:35,353] INFO [Broker id=0] Leader __consumer_offsets-42 with topic id Some(yVtNvhpQTZS9kaCM_OMWFA) starts at leader epoch 0 from offset 0 with partition epoch 0, high watermark 0, ISR [0], adding replicas [] and removing replicas [] . Previous leader None and previous leader epoch was -1. (state.change.logger)
[2025-03-25 23:23:35,359] INFO [Broker id=0] Leader __consumer_offsets-12 with topic id Some(yVtNvhpQTZS9kaCM_OMWFA) starts at leader epoch 0 from offset 0 with partition epoch 0, high watermark 0, ISR [0], adding replicas [] and removing replicas [] . Previous leader None and previous leader epoch was -1. (state.change.logger)
[2025-03-25 23:23:35,364] INFO [Broker id=0] Leader user-service-project-created-0 with topic id Some(ullV932RTQKVu3UQX2PkBQ) starts at leader epoch 0 from offset 0 with partition epoch 0, high watermark 0, ISR [0], adding replicas [] and removing replicas [] . Previous leader None and previous leader epoch was -1. (state.change.logger)
[2025-03-25 23:23:35,370] INFO [Broker id=0] Leader __consumer_offsets-21 with topic id Some(yVtNvhpQTZS9kaCM_OMWFA) starts at leader epoch 0 from offset 0 with partition epoch 0, high watermark 0, ISR [0], adding replicas [] and removing replicas [] . Previous leader None and previous leader epoch was -1. (state.change.logger)
[2025-03-25 23:23:35,376] INFO [Broker id=0] Leader __consumer_offsets-36 with topic id Some(yVtNvhpQTZS9kaCM_OMWFA) starts at leader epoch 0 from offset 0 with partition epoch 0, high watermark 0, ISR [0], adding replicas [] and removing replicas [] . Previous leader None and previous leader epoch was -1. (state.change.logger)
[2025-03-25 23:23:35,381] INFO [Broker id=0] Leader __consumer_offsets-6 with topic id Some(yVtNvhpQTZS9kaCM_OMWFA) starts at leader epoch 0 from offset 0 with partition epoch 0, high watermark 0, ISR [0], adding replicas [] and removing replicas [] . Previous leader None and previous leader epoch was -1. (state.change.logger)
[2025-03-25 23:23:35,387] INFO [Broker id=0] Leader __consumer_offsets-43 with topic id Some(yVtNvhpQTZS9kaCM_OMWFA) starts at leader epoch 0 from offset 0 with partition epoch 0, high watermark 0, ISR [0], adding replicas [] and removing replicas [] . Previous leader None and previous leader epoch was -1. (state.change.logger)
[2025-03-25 23:23:35,393] INFO [Broker id=0] Leader __consumer_offsets-13 with topic id Some(yVtNvhpQTZS9kaCM_OMWFA) starts at leader epoch 0 from offset 3 with partition epoch 0, high watermark 3, ISR [0], adding replicas [] and removing replicas [] . Previous leader None and previous leader epoch was -1. (state.change.logger)
[2025-03-25 23:23:35,394] INFO [Broker id=0] Leader __consumer_offsets-28 with topic id Some(yVtNvhpQTZS9kaCM_OMWFA) starts at leader epoch 0 from offset 0 with partition epoch 0, high watermark 0, ISR [0], adding replicas [] and removing replicas [] . Previous leader None and previous leader epoch was -1. (state.change.logger)
[2025-03-25 23:23:35,523] INFO [Broker id=0] Finished LeaderAndIsr request in 621ms correlationId 1 from controller 0 for 56 partitions (state.change.logger)
[2025-03-25 23:23:35,545] INFO [Broker id=0] Add 56 partitions and deleted 0 partitions from metadata cache in response to UpdateMetadata request sent by controller 0 epoch 17 with correlation id 2 (state.change.logger)
[2025-03-26 00:22:28,874] INFO [Controller id=0 epoch=18] Sending UpdateMetadata request to brokers HashSet(0) for 0 partitions (state.change.logger)
[2025-03-26 00:22:28,884] INFO [Controller id=0 epoch=18] Sending LeaderAndIsr request to broker 0 with 56 become-leader and 0 become-follower partitions (state.change.logger)
[2025-03-26 00:22:28,885] INFO [Controller id=0 epoch=18] Sending UpdateMetadata request to brokers HashSet(0) for 56 partitions (state.change.logger)
[2025-03-26 00:22:28,888] INFO [Broker id=0] Handling LeaderAndIsr request correlationId 1 from controller 0 for 56 partitions (state.change.logger)
[2025-03-26 00:22:28,891] INFO [Broker id=0] Ignoring LeaderAndIsr request from controller 0 with correlation id 1 epoch 18 for partition user-service-invite-members-0 since its associated leader epoch 0 matches the current leader epoch (state.change.logger)
[2025-03-26 00:22:28,891] INFO [Broker id=0] Ignoring LeaderAndIsr request from controller 0 with correlation id 1 epoch 18 for partition file-upload-0 since its associated leader epoch 0 matches the current leader epoch (state.change.logger)
[2025-03-26 00:22:28,891] INFO [Broker id=0] Ignoring LeaderAndIsr request from controller 0 with correlation id 1 epoch 18 for partition user-avatar-updated-0 since its associated leader epoch 0 matches the current leader epoch (state.change.logger)
[2025-03-26 00:22:28,891] INFO [Broker id=0] Ignoring LeaderAndIsr request from controller 0 with correlation id 1 epoch 18 for partition team-service-topic-0 since its associated leader epoch 0 matches the current leader epoch (state.change.logger)
[2025-03-26 00:22:28,891] INFO [Broker id=0] Ignoring LeaderAndIsr request from controller 0 with correlation id 1 epoch 18 for partition user-service-project-created-0 since its associated leader epoch 0 matches the current leader epoch (state.change.logger)
[2025-03-26 00:22:28,891] INFO [Broker id=0] Ignoring LeaderAndIsr request from controller 0 with correlation id 1 epoch 18 for partition __consumer_offsets-13 since its associated leader epoch 0 matches the current leader epoch (state.change.logger)
[2025-03-26 00:22:28,891] INFO [Broker id=0] Ignoring LeaderAndIsr request from controller 0 with correlation id 1 epoch 18 for partition __consumer_offsets-46 since its associated leader epoch 0 matches the current leader epoch (state.change.logger)
[2025-03-26 00:22:28,891] INFO [Broker id=0] Ignoring LeaderAndIsr request from controller 0 with correlation id 1 epoch 18 for partition __consumer_offsets-9 since its associated leader epoch 0 matches the current leader epoch (state.change.logger)
[2025-03-26 00:22:28,891] INFO [Broker id=0] Ignoring LeaderAndIsr request from controller 0 with correlation id 1 epoch 18 for partition __consumer_offsets-42 since its associated leader epoch 0 matches the current leader epoch (state.change.logger)
[2025-03-26 00:22:28,891] INFO [Broker id=0] Ignoring LeaderAndIsr request from controller 0 with correlation id 1 epoch 18 for partition __consumer_offsets-21 since its associated leader epoch 0 matches the current leader epoch (state.change.logger)
[2025-03-26 00:22:28,891] INFO [Broker id=0] Ignoring LeaderAndIsr request from controller 0 with correlation id 1 epoch 18 for partition __consumer_offsets-17 since its associated leader epoch 0 matches the current leader epoch (state.change.logger)
[2025-03-26 00:22:28,891] INFO [Broker id=0] Ignoring LeaderAndIsr request from controller 0 with correlation id 1 epoch 18 for partition __consumer_offsets-30 since its associated leader epoch 0 matches the current leader epoch (state.change.logger)
[2025-03-26 00:22:28,891] INFO [Broker id=0] Ignoring LeaderAndIsr request from controller 0 with correlation id 1 epoch 18 for partition __consumer_offsets-26 since its associated leader epoch 0 matches the current leader epoch (state.change.logger)
[2025-03-26 00:22:28,891] INFO [Broker id=0] Ignoring LeaderAndIsr request from controller 0 with correlation id 1 epoch 18 for partition __consumer_offsets-5 since its associated leader epoch 0 matches the current leader epoch (state.change.logger)
[2025-03-26 00:22:28,891] INFO [Broker id=0] Ignoring LeaderAndIsr request from controller 0 with correlation id 1 epoch 18 for partition __consumer_offsets-38 since its associated leader epoch 0 matches the current leader epoch (state.change.logger)
[2025-03-26 00:22:28,891] INFO [Broker id=0] Ignoring LeaderAndIsr request from controller 0 with correlation id 1 epoch 18 for partition __consumer_offsets-1 since its associated leader epoch 0 matches the current leader epoch (state.change.logger)
[2025-03-26 00:22:28,891] INFO [Broker id=0] Ignoring LeaderAndIsr request from controller 0 with correlation id 1 epoch 18 for partition __consumer_offsets-34 since its associated leader epoch 0 matches the current leader epoch (state.change.logger)
[2025-03-26 00:22:28,891] INFO [Broker id=0] Ignoring LeaderAndIsr request from controller 0 with correlation id 1 epoch 18 for partition __consumer_offsets-16 since its associated leader epoch 0 matches the current leader epoch (state.change.logger)
[2025-03-26 00:22:28,891] INFO [Broker id=0] Ignoring LeaderAndIsr request from controller 0 with correlation id 1 epoch 18 for partition __consumer_offsets-45 since its associated leader epoch 0 matches the current leader epoch (state.change.logger)
[2025-03-26 00:22:28,892] INFO [Broker id=0] Ignoring LeaderAndIsr request from controller 0 with correlation id 1 epoch 18 for partition __consumer_offsets-12 since its associated leader epoch 0 matches the current leader epoch (state.change.logger)
[2025-03-26 00:22:28,892] INFO [Broker id=0] Ignoring LeaderAndIsr request from controller 0 with correlation id 1 epoch 18 for partition __consumer_offsets-41 since its associated leader epoch 0 matches the current leader epoch (state.change.logger)
[2025-03-26 00:22:28,892] INFO [Broker id=0] Ignoring LeaderAndIsr request from controller 0 with correlation id 1 epoch 18 for partition __consumer_offsets-24 since its associated leader epoch 0 matches the current leader epoch (state.change.logger)
[2025-03-26 00:22:28,892] INFO [Broker id=0] Ignoring LeaderAndIsr request from controller 0 with correlation id 1 epoch 18 for partition __consumer_offsets-20 since its associated leader epoch 0 matches the current leader epoch (state.change.logger)
[2025-03-26 00:22:28,892] INFO [Broker id=0] Ignoring LeaderAndIsr request from controller 0 with correlation id 1 epoch 18 for partition __consumer_offsets-49 since its associated leader epoch 0 matches the current leader epoch (state.change.logger)
[2025-03-26 00:22:28,892] INFO [Broker id=0] Ignoring LeaderAndIsr request from controller 0 with correlation id 1 epoch 18 for partition __consumer_offsets-0 since its associated leader epoch 0 matches the current leader epoch (state.change.logger)
[2025-03-26 00:22:28,892] INFO [Broker id=0] Ignoring LeaderAndIsr request from controller 0 with correlation id 1 epoch 18 for partition __consumer_offsets-29 since its associated leader epoch 0 matches the current leader epoch (state.change.logger)
[2025-03-26 00:22:28,892] INFO [Broker id=0] Ignoring LeaderAndIsr request from controller 0 with correlation id 1 epoch 18 for partition __consumer_offsets-25 since its associated leader epoch 0 matches the current leader epoch (state.change.logger)
[2025-03-26 00:22:28,892] INFO [Broker id=0] Ignoring LeaderAndIsr request from controller 0 with correlation id 1 epoch 18 for partition __consumer_offsets-8 since its associated leader epoch 0 matches the current leader epoch (state.change.logger)
[2025-03-26 00:22:28,892] INFO [Broker id=0] Ignoring LeaderAndIsr request from controller 0 with correlation id 1 epoch 18 for partition __consumer_offsets-37 since its associated leader epoch 0 matches the current leader epoch (state.change.logger)
[2025-03-26 00:22:28,892] INFO [Broker id=0] Ignoring LeaderAndIsr request from controller 0 with correlation id 1 epoch 18 for partition __consumer_offsets-4 since its associated leader epoch 0 matches the current leader epoch (state.change.logger)
[2025-03-26 00:22:28,892] INFO [Broker id=0] Ignoring LeaderAndIsr request from controller 0 with correlation id 1 epoch 18 for partition __consumer_offsets-33 since its associated leader epoch 0 matches the current leader epoch (state.change.logger)
[2025-03-26 00:22:28,892] INFO [Broker id=0] Ignoring LeaderAndIsr request from controller 0 with correlation id 1 epoch 18 for partition __consumer_offsets-15 since its associated leader epoch 0 matches the current leader epoch (state.change.logger)
[2025-03-26 00:22:28,892] INFO [Broker id=0] Ignoring LeaderAndIsr request from controller 0 with correlation id 1 epoch 18 for partition __consumer_offsets-48 since its associated leader epoch 0 matches the current leader epoch (state.change.logger)
[2025-03-26 00:22:28,892] INFO [Broker id=0] Ignoring LeaderAndIsr request from controller 0 with correlation id 1 epoch 18 for partition __consumer_offsets-11 since its associated leader epoch 0 matches the current leader epoch (state.change.logger)
[2025-03-26 00:22:28,892] INFO [Broker id=0] Ignoring LeaderAndIsr request from controller 0 with correlation id 1 epoch 18 for partition __consumer_offsets-44 since its associated leader epoch 0 matches the current leader epoch (state.change.logger)
[2025-03-26 00:22:28,892] INFO [Broker id=0] Ignoring LeaderAndIsr request from controller 0 with correlation id 1 epoch 18 for partition __consumer_offsets-23 since its associated leader epoch 0 matches the current leader epoch (state.change.logger)
[2025-03-26 00:22:28,892] INFO [Broker id=0] Ignoring LeaderAndIsr request from controller 0 with correlation id 1 epoch 18 for partition __consumer_offsets-19 since its associated leader epoch 0 matches the current leader epoch (state.change.logger)
[2025-03-26 00:22:28,892] INFO [Broker id=0] Ignoring LeaderAndIsr request from controller 0 with correlation id 1 epoch 18 for partition __consumer_offsets-32 since its associated leader epoch 0 matches the current leader epoch (state.change.logger)
[2025-03-26 00:22:28,892] INFO [Broker id=0] Ignoring LeaderAndIsr request from controller 0 with correlation id 1 epoch 18 for partition __consumer_offsets-28 since its associated leader epoch 0 matches the current leader epoch (state.change.logger)
[2025-03-26 00:22:28,892] INFO [Broker id=0] Ignoring LeaderAndIsr request from controller 0 with correlation id 1 epoch 18 for partition __consumer_offsets-7 since its associated leader epoch 0 matches the current leader epoch (state.change.logger)
[2025-03-26 00:22:28,892] INFO [Broker id=0] Ignoring LeaderAndIsr request from controller 0 with correlation id 1 epoch 18 for partition __consumer_offsets-40 since its associated leader epoch 0 matches the current leader epoch (state.change.logger)
[2025-03-26 00:22:28,892] INFO [Broker id=0] Ignoring LeaderAndIsr request from controller 0 with correlation id 1 epoch 18 for partition __consumer_offsets-3 since its associated leader epoch 0 matches the current leader epoch (state.change.logger)
[2025-03-26 00:22:28,892] INFO [Broker id=0] Ignoring LeaderAndIsr request from controller 0 with correlation id 1 epoch 18 for partition __consumer_offsets-36 since its associated leader epoch 0 matches the current leader epoch (state.change.logger)
[2025-03-26 00:22:28,892] INFO [Broker id=0] Ignoring LeaderAndIsr request from controller 0 with correlation id 1 epoch 18 for partition __consumer_offsets-47 since its associated leader epoch 0 matches the current leader epoch (state.change.logger)
[2025-03-26 00:22:28,892] INFO [Broker id=0] Ignoring LeaderAndIsr request from controller 0 with correlation id 1 epoch 18 for partition __consumer_offsets-14 since its associated leader epoch 0 matches the current leader epoch (state.change.logger)
[2025-03-26 00:22:28,892] INFO [Broker id=0] Ignoring LeaderAndIsr request from controller 0 with correlation id 1 epoch 18 for partition __consumer_offsets-43 since its associated leader epoch 0 matches the current leader epoch (state.change.logger)
[2025-03-26 00:22:28,893] INFO [Broker id=0] Ignoring LeaderAndIsr request from controller 0 with correlation id 1 epoch 18 for partition __consumer_offsets-10 since its associated leader epoch 0 matches the current leader epoch (state.change.logger)
[2025-03-26 00:22:28,893] INFO [Broker id=0] Ignoring LeaderAndIsr request from controller 0 with correlation id 1 epoch 18 for partition __consumer_offsets-22 since its associated leader epoch 0 matches the current leader epoch (state.change.logger)
[2025-03-26 00:22:28,893] INFO [Broker id=0] Ignoring LeaderAndIsr request from controller 0 with correlation id 1 epoch 18 for partition __consumer_offsets-18 since its associated leader epoch 0 matches the current leader epoch (state.change.logger)
[2025-03-26 00:22:28,893] INFO [Broker id=0] Ignoring LeaderAndIsr request from controller 0 with correlation id 1 epoch 18 for partition __consumer_offsets-31 since its associated leader epoch 0 matches the current leader epoch (state.change.logger)
[2025-03-26 00:22:28,893] INFO [Broker id=0] Ignoring LeaderAndIsr request from controller 0 with correlation id 1 epoch 18 for partition __consumer_offsets-27 since its associated leader epoch 0 matches the current leader epoch (state.change.logger)
[2025-03-26 00:22:28,893] INFO [Broker id=0] Ignoring LeaderAndIsr request from controller 0 with correlation id 1 epoch 18 for partition __consumer_offsets-39 since its associated leader epoch 0 matches the current leader epoch (state.change.logger)
[2025-03-26 00:22:28,893] INFO [Broker id=0] Ignoring LeaderAndIsr request from controller 0 with correlation id 1 epoch 18 for partition __consumer_offsets-6 since its associated leader epoch 0 matches the current leader epoch (state.change.logger)
[2025-03-26 00:22:28,893] INFO [Broker id=0] Ignoring LeaderAndIsr request from controller 0 with correlation id 1 epoch 18 for partition __consumer_offsets-35 since its associated leader epoch 0 matches the current leader epoch (state.change.logger)
[2025-03-26 00:22:28,893] INFO [Broker id=0] Ignoring LeaderAndIsr request from controller 0 with correlation id 1 epoch 18 for partition __consumer_offsets-2 since its associated leader epoch 0 matches the current leader epoch (state.change.logger)
[2025-03-26 00:22:28,893] INFO [Broker id=0] Ignoring LeaderAndIsr request from controller 0 with correlation id 1 epoch 18 for partition team-service-invite-members-0 since its associated leader epoch 0 matches the current leader epoch (state.change.logger)
[2025-03-26 00:22:28,894] INFO [Broker id=0] Finished LeaderAndIsr request in 7ms correlationId 1 from controller 0 for 56 partitions (state.change.logger)
[2025-03-26 00:22:28,899] INFO [Broker id=0] Add 56 partitions and deleted 0 partitions from metadata cache in response to UpdateMetadata request sent by controller 0 epoch 18 with correlation id 2 (state.change.logger)
[2025-03-26 01:12:53,366] INFO [Controller id=0 epoch=19] Sending UpdateMetadata request to brokers HashSet(0) for 0 partitions (state.change.logger)
[2025-03-26 01:12:53,373] INFO [Controller id=0 epoch=19] Sending LeaderAndIsr request to broker 0 with 56 become-leader and 0 become-follower partitions (state.change.logger)
[2025-03-26 01:12:53,374] INFO [Controller id=0 epoch=19] Sending UpdateMetadata request to brokers HashSet(0) for 56 partitions (state.change.logger)
[2025-03-26 01:12:53,376] INFO [Broker id=0] Handling LeaderAndIsr request correlationId 1 from controller 0 for 56 partitions (state.change.logger)
[2025-03-26 01:12:53,376] INFO [Broker id=0] Ignoring LeaderAndIsr request from controller 0 with correlation id 1 epoch 19 for partition user-service-invite-members-0 since its associated leader epoch 0 matches the current leader epoch (state.change.logger)
[2025-03-26 01:12:53,376] INFO [Broker id=0] Ignoring LeaderAndIsr request from controller 0 with correlation id 1 epoch 19 for partition file-upload-0 since its associated leader epoch 0 matches the current leader epoch (state.change.logger)
[2025-03-26 01:12:53,376] INFO [Broker id=0] Ignoring LeaderAndIsr request from controller 0 with correlation id 1 epoch 19 for partition user-avatar-updated-0 since its associated leader epoch 0 matches the current leader epoch (state.change.logger)
[2025-03-26 01:12:53,376] INFO [Broker id=0] Ignoring LeaderAndIsr request from controller 0 with correlation id 1 epoch 19 for partition team-service-topic-0 since its associated leader epoch 0 matches the current leader epoch (state.change.logger)
[2025-03-26 01:12:53,376] INFO [Broker id=0] Ignoring LeaderAndIsr request from controller 0 with correlation id 1 epoch 19 for partition user-service-project-created-0 since its associated leader epoch 0 matches the current leader epoch (state.change.logger)
[2025-03-26 01:12:53,377] INFO [Broker id=0] Ignoring LeaderAndIsr request from controller 0 with correlation id 1 epoch 19 for partition __consumer_offsets-13 since its associated leader epoch 0 matches the current leader epoch (state.change.logger)
[2025-03-26 01:12:53,377] INFO [Broker id=0] Ignoring LeaderAndIsr request from controller 0 with correlation id 1 epoch 19 for partition __consumer_offsets-46 since its associated leader epoch 0 matches the current leader epoch (state.change.logger)
[2025-03-26 01:12:53,377] INFO [Broker id=0] Ignoring LeaderAndIsr request from controller 0 with correlation id 1 epoch 19 for partition __consumer_offsets-9 since its associated leader epoch 0 matches the current leader epoch (state.change.logger)
[2025-03-26 01:12:53,377] INFO [Broker id=0] Ignoring LeaderAndIsr request from controller 0 with correlation id 1 epoch 19 for partition __consumer_offsets-42 since its associated leader epoch 0 matches the current leader epoch (state.change.logger)
[2025-03-26 01:12:53,377] INFO [Broker id=0] Ignoring LeaderAndIsr request from controller 0 with correlation id 1 epoch 19 for partition __consumer_offsets-21 since its associated leader epoch 0 matches the current leader epoch (state.change.logger)
[2025-03-26 01:12:53,377] INFO [Broker id=0] Ignoring LeaderAndIsr request from controller 0 with correlation id 1 epoch 19 for partition __consumer_offsets-17 since its associated leader epoch 0 matches the current leader epoch (state.change.logger)
[2025-03-26 01:12:53,377] INFO [Broker id=0] Ignoring LeaderAndIsr request from controller 0 with correlation id 1 epoch 19 for partition __consumer_offsets-30 since its associated leader epoch 0 matches the current leader epoch (state.change.logger)
[2025-03-26 01:12:53,377] INFO [Broker id=0] Ignoring LeaderAndIsr request from controller 0 with correlation id 1 epoch 19 for partition __consumer_offsets-26 since its associated leader epoch 0 matches the current leader epoch (state.change.logger)
[2025-03-26 01:12:53,377] INFO [Broker id=0] Ignoring LeaderAndIsr request from controller 0 with correlation id 1 epoch 19 for partition __consumer_offsets-5 since its associated leader epoch 0 matches the current leader epoch (state.change.logger)
[2025-03-26 01:12:53,377] INFO [Broker id=0] Ignoring LeaderAndIsr request from controller 0 with correlation id 1 epoch 19 for partition __consumer_offsets-38 since its associated leader epoch 0 matches the current leader epoch (state.change.logger)
[2025-03-26 01:12:53,377] INFO [Broker id=0] Ignoring LeaderAndIsr request from controller 0 with correlation id 1 epoch 19 for partition __consumer_offsets-1 since its associated leader epoch 0 matches the current leader epoch (state.change.logger)
[2025-03-26 01:12:53,377] INFO [Broker id=0] Ignoring LeaderAndIsr request from controller 0 with correlation id 1 epoch 19 for partition __consumer_offsets-34 since its associated leader epoch 0 matches the current leader epoch (state.change.logger)
[2025-03-26 01:12:53,377] INFO [Broker id=0] Ignoring LeaderAndIsr request from controller 0 with correlation id 1 epoch 19 for partition __consumer_offsets-16 since its associated leader epoch 0 matches the current leader epoch (state.change.logger)
[2025-03-26 01:12:53,377] INFO [Broker id=0] Ignoring LeaderAndIsr request from controller 0 with correlation id 1 epoch 19 for partition __consumer_offsets-45 since its associated leader epoch 0 matches the current leader epoch (state.change.logger)
[2025-03-26 01:12:53,377] INFO [Broker id=0] Ignoring LeaderAndIsr request from controller 0 with correlation id 1 epoch 19 for partition __consumer_offsets-12 since its associated leader epoch 0 matches the current leader epoch (state.change.logger)
[2025-03-26 01:12:53,377] INFO [Broker id=0] Ignoring LeaderAndIsr request from controller 0 with correlation id 1 epoch 19 for partition __consumer_offsets-41 since its associated leader epoch 0 matches the current leader epoch (state.change.logger)
[2025-03-26 01:12:53,377] INFO [Broker id=0] Ignoring LeaderAndIsr request from controller 0 with correlation id 1 epoch 19 for partition __consumer_offsets-24 since its associated leader epoch 0 matches the current leader epoch (state.change.logger)
[2025-03-26 01:12:53,377] INFO [Broker id=0] Ignoring LeaderAndIsr request from controller 0 with correlation id 1 epoch 19 for partition __consumer_offsets-20 since its associated leader epoch 0 matches the current leader epoch (state.change.logger)
[2025-03-26 01:12:53,377] INFO [Broker id=0] Ignoring LeaderAndIsr request from controller 0 with correlation id 1 epoch 19 for partition __consumer_offsets-49 since its associated leader epoch 0 matches the current leader epoch (state.change.logger)
[2025-03-26 01:12:53,377] INFO [Broker id=0] Ignoring LeaderAndIsr request from controller 0 with correlation id 1 epoch 19 for partition __consumer_offsets-0 since its associated leader epoch 0 matches the current leader epoch (state.change.logger)
[2025-03-26 01:12:53,377] INFO [Broker id=0] Ignoring LeaderAndIsr request from controller 0 with correlation id 1 epoch 19 for partition __consumer_offsets-29 since its associated leader epoch 0 matches the current leader epoch (state.change.logger)
[2025-03-26 01:12:53,377] INFO [Broker id=0] Ignoring LeaderAndIsr request from controller 0 with correlation id 1 epoch 19 for partition __consumer_offsets-25 since its associated leader epoch 0 matches the current leader epoch (state.change.logger)
[2025-03-26 01:12:53,377] INFO [Broker id=0] Ignoring LeaderAndIsr request from controller 0 with correlation id 1 epoch 19 for partition __consumer_offsets-8 since its associated leader epoch 0 matches the current leader epoch (state.change.logger)
[2025-03-26 01:12:53,377] INFO [Broker id=0] Ignoring LeaderAndIsr request from controller 0 with correlation id 1 epoch 19 for partition __consumer_offsets-37 since its associated leader epoch 0 matches the current leader epoch (state.change.logger)
[2025-03-26 01:12:53,377] INFO [Broker id=0] Ignoring LeaderAndIsr request from controller 0 with correlation id 1 epoch 19 for partition __consumer_offsets-4 since its associated leader epoch 0 matches the current leader epoch (state.change.logger)
[2025-03-26 01:12:53,377] INFO [Broker id=0] Ignoring LeaderAndIsr request from controller 0 with correlation id 1 epoch 19 for partition __consumer_offsets-33 since its associated leader epoch 0 matches the current leader epoch (state.change.logger)
[2025-03-26 01:12:53,377] INFO [Broker id=0] Ignoring LeaderAndIsr request from controller 0 with correlation id 1 epoch 19 for partition __consumer_offsets-15 since its associated leader epoch 0 matches the current leader epoch (state.change.logger)
[2025-03-26 01:12:53,377] INFO [Broker id=0] Ignoring LeaderAndIsr request from controller 0 with correlation id 1 epoch 19 for partition __consumer_offsets-48 since its associated leader epoch 0 matches the current leader epoch (state.change.logger)
[2025-03-26 01:12:53,377] INFO [Broker id=0] Ignoring LeaderAndIsr request from controller 0 with correlation id 1 epoch 19 for partition __consumer_offsets-11 since its associated leader epoch 0 matches the current leader epoch (state.change.logger)
[2025-03-26 01:12:53,377] INFO [Broker id=0] Ignoring LeaderAndIsr request from controller 0 with correlation id 1 epoch 19 for partition __consumer_offsets-44 since its associated leader epoch 0 matches the current leader epoch (state.change.logger)
[2025-03-26 01:12:53,377] INFO [Broker id=0] Ignoring LeaderAndIsr request from controller 0 with correlation id 1 epoch 19 for partition __consumer_offsets-23 since its associated leader epoch 0 matches the current leader epoch (state.change.logger)
[2025-03-26 01:12:53,377] INFO [Broker id=0] Ignoring LeaderAndIsr request from controller 0 with correlation id 1 epoch 19 for partition __consumer_offsets-19 since its associated leader epoch 0 matches the current leader epoch (state.change.logger)
[2025-03-26 01:12:53,377] INFO [Broker id=0] Ignoring LeaderAndIsr request from controller 0 with correlation id 1 epoch 19 for partition __consumer_offsets-32 since its associated leader epoch 0 matches the current leader epoch (state.change.logger)
[2025-03-26 01:12:53,377] INFO [Broker id=0] Ignoring LeaderAndIsr request from controller 0 with correlation id 1 epoch 19 for partition __consumer_offsets-28 since its associated leader epoch 0 matches the current leader epoch (state.change.logger)
[2025-03-26 01:12:53,378] INFO [Broker id=0] Ignoring LeaderAndIsr request from controller 0 with correlation id 1 epoch 19 for partition __consumer_offsets-7 since its associated leader epoch 0 matches the current leader epoch (state.change.logger)
[2025-03-26 01:12:53,378] INFO [Broker id=0] Ignoring LeaderAndIsr request from controller 0 with correlation id 1 epoch 19 for partition __consumer_offsets-40 since its associated leader epoch 0 matches the current leader epoch (state.change.logger)
[2025-03-26 01:12:53,378] INFO [Broker id=0] Ignoring LeaderAndIsr request from controller 0 with correlation id 1 epoch 19 for partition __consumer_offsets-3 since its associated leader epoch 0 matches the current leader epoch (state.change.logger)
[2025-03-26 01:12:53,378] INFO [Broker id=0] Ignoring LeaderAndIsr request from controller 0 with correlation id 1 epoch 19 for partition __consumer_offsets-36 since its associated leader epoch 0 matches the current leader epoch (state.change.logger)
[2025-03-26 01:12:53,378] INFO [Broker id=0] Ignoring LeaderAndIsr request from controller 0 with correlation id 1 epoch 19 for partition __consumer_offsets-47 since its associated leader epoch 0 matches the current leader epoch (state.change.logger)
[2025-03-26 01:12:53,378] INFO [Broker id=0] Ignoring LeaderAndIsr request from controller 0 with correlation id 1 epoch 19 for partition __consumer_offsets-14 since its associated leader epoch 0 matches the current leader epoch (state.change.logger)
[2025-03-26 01:12:53,378] INFO [Broker id=0] Ignoring LeaderAndIsr request from controller 0 with correlation id 1 epoch 19 for partition __consumer_offsets-43 since its associated leader epoch 0 matches the current leader epoch (state.change.logger)
[2025-03-26 01:12:53,378] INFO [Broker id=0] Ignoring LeaderAndIsr request from controller 0 with correlation id 1 epoch 19 for partition __consumer_offsets-10 since its associated leader epoch 0 matches the current leader epoch (state.change.logger)
[2025-03-26 01:12:53,378] INFO [Broker id=0] Ignoring LeaderAndIsr request from controller 0 with correlation id 1 epoch 19 for partition __consumer_offsets-22 since its associated leader epoch 0 matches the current leader epoch (state.change.logger)
[2025-03-26 01:12:53,378] INFO [Broker id=0] Ignoring LeaderAndIsr request from controller 0 with correlation id 1 epoch 19 for partition __consumer_offsets-18 since its associated leader epoch 0 matches the current leader epoch (state.change.logger)
[2025-03-26 01:12:53,378] INFO [Broker id=0] Ignoring LeaderAndIsr request from controller 0 with correlation id 1 epoch 19 for partition __consumer_offsets-31 since its associated leader epoch 0 matches the current leader epoch (state.change.logger)
[2025-03-26 01:12:53,378] INFO [Broker id=0] Ignoring LeaderAndIsr request from controller 0 with correlation id 1 epoch 19 for partition __consumer_offsets-27 since its associated leader epoch 0 matches the current leader epoch (state.change.logger)
[2025-03-26 01:12:53,378] INFO [Broker id=0] Ignoring LeaderAndIsr request from controller 0 with correlation id 1 epoch 19 for partition __consumer_offsets-39 since its associated leader epoch 0 matches the current leader epoch (state.change.logger)
[2025-03-26 01:12:53,378] INFO [Broker id=0] Ignoring LeaderAndIsr request from controller 0 with correlation id 1 epoch 19 for partition __consumer_offsets-6 since its associated leader epoch 0 matches the current leader epoch (state.change.logger)
[2025-03-26 01:12:53,378] INFO [Broker id=0] Ignoring LeaderAndIsr request from controller 0 with correlation id 1 epoch 19 for partition __consumer_offsets-35 since its associated leader epoch 0 matches the current leader epoch (state.change.logger)
[2025-03-26 01:12:53,378] INFO [Broker id=0] Ignoring LeaderAndIsr request from controller 0 with correlation id 1 epoch 19 for partition __consumer_offsets-2 since its associated leader epoch 0 matches the current leader epoch (state.change.logger)
[2025-03-26 01:12:53,378] INFO [Broker id=0] Ignoring LeaderAndIsr request from controller 0 with correlation id 1 epoch 19 for partition team-service-invite-members-0 since its associated leader epoch 0 matches the current leader epoch (state.change.logger)
[2025-03-26 01:12:53,379] INFO [Broker id=0] Finished LeaderAndIsr request in 4ms correlationId 1 from controller 0 for 56 partitions (state.change.logger)
[2025-03-26 01:12:53,382] INFO [Broker id=0] Add 56 partitions and deleted 0 partitions from metadata cache in response to UpdateMetadata request sent by controller 0 epoch 19 with correlation id 2 (state.change.logger)
[2025-03-30 00:07:35,187] INFO [Controller id=0 epoch=20] Sending UpdateMetadata request to brokers HashSet(0) for 0 partitions (state.change.logger)
[2025-03-30 00:07:35,253] INFO [Controller id=0 epoch=20] Sending LeaderAndIsr request to broker 0 with 56 become-leader and 0 become-follower partitions (state.change.logger)
[2025-03-30 00:07:35,257] INFO [Controller id=0 epoch=20] Sending UpdateMetadata request to brokers HashSet(0) for 56 partitions (state.change.logger)
[2025-03-30 00:07:35,833] INFO [Broker id=0] Handling LeaderAndIsr request correlationId 1 from controller 0 for 56 partitions (state.change.logger)
[2025-03-30 00:07:35,888] INFO [Broker id=0] Stopped fetchers as part of LeaderAndIsr request correlationId 1 from controller 0 epoch 20 as part of the become-leader transition for 56 partitions (state.change.logger)
[2025-03-30 00:07:35,932] INFO [Broker id=0] Leader __consumer_offsets-3 with topic id Some(yVtNvhpQTZS9kaCM_OMWFA) starts at leader epoch 0 from offset 0 with partition epoch 0, high watermark 0, ISR [0], adding replicas [] and removing replicas [] . Previous leader None and previous leader epoch was -1. (state.change.logger)
[2025-03-30 00:07:35,945] INFO [Broker id=0] Leader __consumer_offsets-18 with topic id Some(yVtNvhpQTZS9kaCM_OMWFA) starts at leader epoch 0 from offset 0 with partition epoch 0, high watermark 0, ISR [0], adding replicas [] and removing replicas [] . Previous leader None and previous leader epoch was -1. (state.change.logger)
[2025-03-30 00:07:35,951] INFO [Broker id=0] Leader __consumer_offsets-41 with topic id Some(yVtNvhpQTZS9kaCM_OMWFA) starts at leader epoch 0 from offset 0 with partition epoch 0, high watermark 0, ISR [0], adding replicas [] and removing replicas [] . Previous leader None and previous leader epoch was -1. (state.change.logger)
[2025-03-30 00:07:35,957] INFO [Broker id=0] Leader __consumer_offsets-10 with topic id Some(yVtNvhpQTZS9kaCM_OMWFA) starts at leader epoch 0 from offset 0 with partition epoch 0, high watermark 0, ISR [0], adding replicas [] and removing replicas [] . Previous leader None and previous leader epoch was -1. (state.change.logger)
[2025-03-30 00:07:35,963] INFO [Broker id=0] Leader team-service-topic-0 with topic id Some(lreTNefUT5azin5IkbKUjA) starts at leader epoch 0 from offset 0 with partition epoch 0, high watermark 0, ISR [0], adding replicas [] and removing replicas [] . Previous leader None and previous leader epoch was -1. (state.change.logger)
[2025-03-30 00:07:35,970] INFO [Broker id=0] Leader __consumer_offsets-33 with topic id Some(yVtNvhpQTZS9kaCM_OMWFA) starts at leader epoch 0 from offset 0 with partition epoch 0, high watermark 0, ISR [0], adding replicas [] and removing replicas [] . Previous leader None and previous leader epoch was -1. (state.change.logger)
[2025-03-30 00:07:35,977] INFO [Broker id=0] Leader __consumer_offsets-48 with topic id Some(yVtNvhpQTZS9kaCM_OMWFA) starts at leader epoch 0 from offset 0 with partition epoch 0, high watermark 0, ISR [0], adding replicas [] and removing replicas [] . Previous leader None and previous leader epoch was -1. (state.change.logger)
[2025-03-30 00:07:35,982] INFO [Broker id=0] Leader __consumer_offsets-19 with topic id Some(yVtNvhpQTZS9kaCM_OMWFA) starts at leader epoch 0 from offset 0 with partition epoch 0, high watermark 0, ISR [0], adding replicas [] and removing replicas [] . Previous leader None and previous leader epoch was -1. (state.change.logger)
[2025-03-30 00:07:35,988] INFO [Broker id=0] Leader __consumer_offsets-34 with topic id Some(yVtNvhpQTZS9kaCM_OMWFA) starts at leader epoch 0 from offset 0 with partition epoch 0, high watermark 0, ISR [0], adding replicas [] and removing replicas [] . Previous leader None and previous leader epoch was -1. (state.change.logger)
[2025-03-30 00:07:35,994] INFO [Broker id=0] Leader user-avatar-updated-0 with topic id Some(nLkwmfBmRj-stt_3pcinFQ) starts at leader epoch 0 from offset 0 with partition epoch 0, high watermark 0, ISR [0], adding replicas [] and removing replicas [] . Previous leader None and previous leader epoch was -1. (state.change.logger)
[2025-03-30 00:07:35,999] INFO [Broker id=0] Leader __consumer_offsets-4 with topic id Some(yVtNvhpQTZS9kaCM_OMWFA) starts at leader epoch 0 from offset 0 with partition epoch 0, high watermark 0, ISR [0], adding replicas [] and removing replicas [] . Previous leader None and previous leader epoch was -1. (state.change.logger)
[2025-03-30 00:07:36,006] INFO [Broker id=0] Leader __consumer_offsets-11 with topic id Some(yVtNvhpQTZS9kaCM_OMWFA) starts at leader epoch 0 from offset 0 with partition epoch 0, high watermark 0, ISR [0], adding replicas [] and removing replicas [] . Previous leader None and previous leader epoch was -1. (state.change.logger)
[2025-03-30 00:07:36,012] INFO [Broker id=0] Leader __consumer_offsets-26 with topic id Some(yVtNvhpQTZS9kaCM_OMWFA) starts at leader epoch 0 from offset 0 with partition epoch 0, high watermark 0, ISR [0], adding replicas [] and removing replicas [] . Previous leader None and previous leader epoch was -1. (state.change.logger)
[2025-03-30 00:07:36,018] INFO [Broker id=0] Leader __consumer_offsets-49 with topic id Some(yVtNvhpQTZS9kaCM_OMWFA) starts at leader epoch 0 from offset 0 with partition epoch 0, high watermark 0, ISR [0], adding replicas [] and removing replicas [] . Previous leader None and previous leader epoch was -1. (state.change.logger)
[2025-03-30 00:07:36,024] INFO [Broker id=0] Leader __consumer_offsets-39 with topic id Some(yVtNvhpQTZS9kaCM_OMWFA) starts at leader epoch 0 from offset 0 with partition epoch 0, high watermark 0, ISR [0], adding replicas [] and removing replicas [] . Previous leader None and previous leader epoch was -1. (state.change.logger)
[2025-03-30 00:07:36,030] INFO [Broker id=0] Leader __consumer_offsets-9 with topic id Some(yVtNvhpQTZS9kaCM_OMWFA) starts at leader epoch 0 from offset 0 with partition epoch 0, high watermark 0, ISR [0], adding replicas [] and removing replicas [] . Previous leader None and previous leader epoch was -1. (state.change.logger)
[2025-03-30 00:07:36,037] INFO [Broker id=0] Leader __consumer_offsets-24 with topic id Some(yVtNvhpQTZS9kaCM_OMWFA) starts at leader epoch 0 from offset 0 with partition epoch 0, high watermark 0, ISR [0], adding replicas [] and removing replicas [] . Previous leader None and previous leader epoch was -1. (state.change.logger)
[2025-03-30 00:07:36,044] INFO [Broker id=0] Leader __consumer_offsets-31 with topic id Some(yVtNvhpQTZS9kaCM_OMWFA) starts at leader epoch 0 from offset 0 with partition epoch 0, high watermark 0, ISR [0], adding replicas [] and removing replicas [] . Previous leader None and previous leader epoch was -1. (state.change.logger)
[2025-03-30 00:07:36,049] INFO [Broker id=0] Leader __consumer_offsets-46 with topic id Some(yVtNvhpQTZS9kaCM_OMWFA) starts at leader epoch 0 from offset 0 with partition epoch 0, high watermark 0, ISR [0], adding replicas [] and removing replicas [] . Previous leader None and previous leader epoch was -1. (state.change.logger)
[2025-03-30 00:07:36,055] INFO [Broker id=0] Leader __consumer_offsets-1 with topic id Some(yVtNvhpQTZS9kaCM_OMWFA) starts at leader epoch 0 from offset 0 with partition epoch 0, high watermark 0, ISR [0], adding replicas [] and removing replicas [] . Previous leader None and previous leader epoch was -1. (state.change.logger)
[2025-03-30 00:07:36,061] INFO [Broker id=0] Leader __consumer_offsets-16 with topic id Some(yVtNvhpQTZS9kaCM_OMWFA) starts at leader epoch 0 from offset 0 with partition epoch 0, high watermark 0, ISR [0], adding replicas [] and removing replicas [] . Previous leader None and previous leader epoch was -1. (state.change.logger)
[2025-03-30 00:07:36,069] INFO [Broker id=0] Leader __consumer_offsets-2 with topic id Some(yVtNvhpQTZS9kaCM_OMWFA) starts at leader epoch 0 from offset 0 with partition epoch 0, high watermark 0, ISR [0], adding replicas [] and removing replicas [] . Previous leader None and previous leader epoch was -1. (state.change.logger)
[2025-03-30 00:07:36,074] INFO [Broker id=0] Leader __consumer_offsets-25 with topic id Some(yVtNvhpQTZS9kaCM_OMWFA) starts at leader epoch 0 from offset 0 with partition epoch 0, high watermark 0, ISR [0], adding replicas [] and removing replicas [] . Previous leader None and previous leader epoch was -1. (state.change.logger)
[2025-03-30 00:07:36,080] INFO [Broker id=0] Leader __consumer_offsets-40 with topic id Some(yVtNvhpQTZS9kaCM_OMWFA) starts at leader epoch 0 from offset 0 with partition epoch 0, high watermark 0, ISR [0], adding replicas [] and removing replicas [] . Previous leader None and previous leader epoch was -1. (state.change.logger)
[2025-03-30 00:07:36,086] INFO [Broker id=0] Leader __consumer_offsets-47 with topic id Some(yVtNvhpQTZS9kaCM_OMWFA) starts at leader epoch 0 from offset 0 with partition epoch 0, high watermark 0, ISR [0], adding replicas [] and removing replicas [] . Previous leader None and previous leader epoch was -1. (state.change.logger)
[2025-03-30 00:07:36,091] INFO [Broker id=0] Leader __consumer_offsets-17 with topic id Some(yVtNvhpQTZS9kaCM_OMWFA) starts at leader epoch 0 from offset 0 with partition epoch 0, high watermark 0, ISR [0], adding replicas [] and removing replicas [] . Previous leader None and previous leader epoch was -1. (state.change.logger)
[2025-03-30 00:07:36,098] INFO [Broker id=0] Leader __consumer_offsets-32 with topic id Some(yVtNvhpQTZS9kaCM_OMWFA) starts at leader epoch 0 from offset 0 with partition epoch 0, high watermark 0, ISR [0], adding replicas [] and removing replicas [] . Previous leader None and previous leader epoch was -1. (state.change.logger)
[2025-03-30 00:07:36,110] INFO [Broker id=0] Leader __consumer_offsets-37 with topic id Some(yVtNvhpQTZS9kaCM_OMWFA) starts at leader epoch 0 from offset 0 with partition epoch 0, high watermark 0, ISR [0], adding replicas [] and removing replicas [] . Previous leader None and previous leader epoch was -1. (state.change.logger)
[2025-03-30 00:07:36,128] INFO [Broker id=0] Leader __consumer_offsets-7 with topic id Some(yVtNvhpQTZS9kaCM_OMWFA) starts at leader epoch 0 from offset 0 with partition epoch 0, high watermark 0, ISR [0], adding replicas [] and removing replicas [] . Previous leader None and previous leader epoch was -1. (state.change.logger)
[2025-03-30 00:07:36,140] INFO [Broker id=0] Leader __consumer_offsets-22 with topic id Some(yVtNvhpQTZS9kaCM_OMWFA) starts at leader epoch 0 from offset 0 with partition epoch 0, high watermark 0, ISR [0], adding replicas [] and removing replicas [] . Previous leader None and previous leader epoch was -1. (state.change.logger)
[2025-03-30 00:07:36,145] INFO [Broker id=0] Leader __consumer_offsets-29 with topic id Some(yVtNvhpQTZS9kaCM_OMWFA) starts at leader epoch 0 from offset 0 with partition epoch 0, high watermark 0, ISR [0], adding replicas [] and removing replicas [] . Previous leader None and previous leader epoch was -1. (state.change.logger)
[2025-03-30 00:07:36,151] INFO [Broker id=0] Leader __consumer_offsets-44 with topic id Some(yVtNvhpQTZS9kaCM_OMWFA) starts at leader epoch 0 from offset 0 with partition epoch 0, high watermark 0, ISR [0], adding replicas [] and removing replicas [] . Previous leader None and previous leader epoch was -1. (state.change.logger)
[2025-03-30 00:07:36,156] INFO [Broker id=0] Leader __consumer_offsets-14 with topic id Some(yVtNvhpQTZS9kaCM_OMWFA) starts at leader epoch 0 from offset 0 with partition epoch 0, high watermark 0, ISR [0], adding replicas [] and removing replicas [] . Previous leader None and previous leader epoch was -1. (state.change.logger)
[2025-03-30 00:07:36,162] INFO [Broker id=0] Leader team-service-invite-members-0 with topic id Some(hcxIX7ZES2-b0VR4LFe_IA) starts at leader epoch 0 from offset 0 with partition epoch 0, high watermark 0, ISR [0], adding replicas [] and removing replicas [] . Previous leader None and previous leader epoch was -1. (state.change.logger)
[2025-03-30 00:07:36,168] INFO [Broker id=0] Leader __consumer_offsets-23 with topic id Some(yVtNvhpQTZS9kaCM_OMWFA) starts at leader epoch 0 from offset 0 with partition epoch 0, high watermark 0, ISR [0], adding replicas [] and removing replicas [] . Previous leader None and previous leader epoch was -1. (state.change.logger)
[2025-03-30 00:07:36,174] INFO [Broker id=0] Leader __consumer_offsets-38 with topic id Some(yVtNvhpQTZS9kaCM_OMWFA) starts at leader epoch 0 from offset 0 with partition epoch 0, high watermark 0, ISR [0], adding replicas [] and removing replicas [] . Previous leader None and previous leader epoch was -1. (state.change.logger)
[2025-03-30 00:07:36,187] INFO [Broker id=0] Leader __consumer_offsets-8 with topic id Some(yVtNvhpQTZS9kaCM_OMWFA) starts at leader epoch 0 from offset 0 with partition epoch 0, high watermark 0, ISR [0], adding replicas [] and removing replicas [] . Previous leader None and previous leader epoch was -1. (state.change.logger)
[2025-03-30 00:07:36,192] INFO [Broker id=0] Leader __consumer_offsets-45 with topic id Some(yVtNvhpQTZS9kaCM_OMWFA) starts at leader epoch 0 from offset 0 with partition epoch 0, high watermark 0, ISR [0], adding replicas [] and removing replicas [] . Previous leader None and previous leader epoch was -1. (state.change.logger)
[2025-03-30 00:07:36,198] INFO [Broker id=0] Leader __consumer_offsets-15 with topic id Some(yVtNvhpQTZS9kaCM_OMWFA) starts at leader epoch 0 from offset 0 with partition epoch 0, high watermark 0, ISR [0], adding replicas [] and removing replicas [] . Previous leader None and previous leader epoch was -1. (state.change.logger)
[2025-03-30 00:07:36,204] INFO [Broker id=0] Leader __consumer_offsets-30 with topic id Some(yVtNvhpQTZS9kaCM_OMWFA) starts at leader epoch 0 from offset 0 with partition epoch 0, high watermark 0, ISR [0], adding replicas [] and removing replicas [] . Previous leader None and previous leader epoch was -1. (state.change.logger)
[2025-03-30 00:07:36,209] INFO [Broker id=0] Leader __consumer_offsets-0 with topic id Some(yVtNvhpQTZS9kaCM_OMWFA) starts at leader epoch 0 from offset 0 with partition epoch 0, high watermark 0, ISR [0], adding replicas [] and removing replicas [] . Previous leader None and previous leader epoch was -1. (state.change.logger)
[2025-03-30 00:07:36,229] INFO [Broker id=0] Leader __consumer_offsets-35 with topic id Some(yVtNvhpQTZS9kaCM_OMWFA) starts at leader epoch 0 from offset 0 with partition epoch 0, high watermark 0, ISR [0], adding replicas [] and removing replicas [] . Previous leader None and previous leader epoch was -1. (state.change.logger)
[2025-03-30 00:07:36,234] INFO [Broker id=0] Leader user-service-invite-members-0 with topic id Some(tkMgJy84QbGlJWP-QyYtQQ) starts at leader epoch 0 from offset 0 with partition epoch 0, high watermark 0, ISR [0], adding replicas [] and removing replicas [] . Previous leader None and previous leader epoch was -1. (state.change.logger)
[2025-03-30 00:07:36,240] INFO [Broker id=0] Leader file-upload-0 with topic id Some(qUUkEhR0T9aNij5ZNHVOoQ) starts at leader epoch 0 from offset 0 with partition epoch 0, high watermark 0, ISR [0], adding replicas [] and removing replicas [] . Previous leader None and previous leader epoch was -1. (state.change.logger)
[2025-03-30 00:07:36,247] INFO [Broker id=0] Leader __consumer_offsets-5 with topic id Some(yVtNvhpQTZS9kaCM_OMWFA) starts at leader epoch 0 from offset 0 with partition epoch 0, high watermark 0, ISR [0], adding replicas [] and removing replicas [] . Previous leader None and previous leader epoch was -1. (state.change.logger)
[2025-03-30 00:07:36,253] INFO [Broker id=0] Leader __consumer_offsets-20 with topic id Some(yVtNvhpQTZS9kaCM_OMWFA) starts at leader epoch 0 from offset 0 with partition epoch 0, high watermark 0, ISR [0], adding replicas [] and removing replicas [] . Previous leader None and previous leader epoch was -1. (state.change.logger)
[2025-03-30 00:07:36,258] INFO [Broker id=0] Leader __consumer_offsets-27 with topic id Some(yVtNvhpQTZS9kaCM_OMWFA) starts at leader epoch 0 from offset 23 with partition epoch 0, high watermark 23, ISR [0], adding replicas [] and removing replicas [] . Previous leader None and previous leader epoch was -1. (state.change.logger)
[2025-03-30 00:07:36,259] INFO [Broker id=0] Leader __consumer_offsets-42 with topic id Some(yVtNvhpQTZS9kaCM_OMWFA) starts at leader epoch 0 from offset 0 with partition epoch 0, high watermark 0, ISR [0], adding replicas [] and removing replicas [] . Previous leader None and previous leader epoch was -1. (state.change.logger)
[2025-03-30 00:07:36,266] INFO [Broker id=0] Leader __consumer_offsets-12 with topic id Some(yVtNvhpQTZS9kaCM_OMWFA) starts at leader epoch 0 from offset 0 with partition epoch 0, high watermark 0, ISR [0], adding replicas [] and removing replicas [] . Previous leader None and previous leader epoch was -1. (state.change.logger)
[2025-03-30 00:07:36,271] INFO [Broker id=0] Leader user-service-project-created-0 with topic id Some(ullV932RTQKVu3UQX2PkBQ) starts at leader epoch 0 from offset 0 with partition epoch 0, high watermark 0, ISR [0], adding replicas [] and removing replicas [] . Previous leader None and previous leader epoch was -1. (state.change.logger)
[2025-03-30 00:07:36,277] INFO [Broker id=0] Leader __consumer_offsets-21 with topic id Some(yVtNvhpQTZS9kaCM_OMWFA) starts at leader epoch 0 from offset 0 with partition epoch 0, high watermark 0, ISR [0], adding replicas [] and removing replicas [] . Previous leader None and previous leader epoch was -1. (state.change.logger)
[2025-03-30 00:07:36,283] INFO [Broker id=0] Leader __consumer_offsets-36 with topic id Some(yVtNvhpQTZS9kaCM_OMWFA) starts at leader epoch 0 from offset 0 with partition epoch 0, high watermark 0, ISR [0], adding replicas [] and removing replicas [] . Previous leader None and previous leader epoch was -1. (state.change.logger)
[2025-03-30 00:07:36,289] INFO [Broker id=0] Leader __consumer_offsets-6 with topic id Some(yVtNvhpQTZS9kaCM_OMWFA) starts at leader epoch 0 from offset 0 with partition epoch 0, high watermark 0, ISR [0], adding replicas [] and removing replicas [] . Previous leader None and previous leader epoch was -1. (state.change.logger)
[2025-03-30 00:07:36,307] INFO [Broker id=0] Leader __consumer_offsets-43 with topic id Some(yVtNvhpQTZS9kaCM_OMWFA) starts at leader epoch 0 from offset 0 with partition epoch 0, high watermark 0, ISR [0], adding replicas [] and removing replicas [] . Previous leader None and previous leader epoch was -1. (state.change.logger)
[2025-03-30 00:07:36,313] INFO [Broker id=0] Leader __consumer_offsets-13 with topic id Some(yVtNvhpQTZS9kaCM_OMWFA) starts at leader epoch 0 from offset 9 with partition epoch 0, high watermark 9, ISR [0], adding replicas [] and removing replicas [] . Previous leader None and previous leader epoch was -1. (state.change.logger)
[2025-03-30 00:07:36,314] INFO [Broker id=0] Leader __consumer_offsets-28 with topic id Some(yVtNvhpQTZS9kaCM_OMWFA) starts at leader epoch 0 from offset 0 with partition epoch 0, high watermark 0, ISR [0], adding replicas [] and removing replicas [] . Previous leader None and previous leader epoch was -1. (state.change.logger)
[2025-03-30 00:07:36,389] INFO [Broker id=0] Finished LeaderAndIsr request in 558ms correlationId 1 from controller 0 for 56 partitions (state.change.logger)
[2025-03-30 00:07:36,410] INFO [Broker id=0] Add 56 partitions and deleted 0 partitions from metadata cache in response to UpdateMetadata request sent by controller 0 epoch 20 with correlation id 2 (state.change.logger)
[2025-03-30 00:52:53,957] INFO [Controller id=0 epoch=21] Sending UpdateMetadata request to brokers HashSet(0) for 0 partitions (state.change.logger)
[2025-03-30 00:52:53,968] INFO [Controller id=0 epoch=21] Sending LeaderAndIsr request to broker 0 with 56 become-leader and 0 become-follower partitions (state.change.logger)
[2025-03-30 00:52:53,969] INFO [Controller id=0 epoch=21] Sending UpdateMetadata request to brokers HashSet(0) for 56 partitions (state.change.logger)
[2025-03-30 00:52:53,975] INFO [Broker id=0] Handling LeaderAndIsr request correlationId 1 from controller 0 for 56 partitions (state.change.logger)
[2025-03-30 00:52:53,982] INFO [Broker id=0] Ignoring LeaderAndIsr request from controller 0 with correlation id 1 epoch 21 for partition user-service-invite-members-0 since its associated leader epoch 0 matches the current leader epoch (state.change.logger)
[2025-03-30 00:52:53,982] INFO [Broker id=0] Ignoring LeaderAndIsr request from controller 0 with correlation id 1 epoch 21 for partition file-upload-0 since its associated leader epoch 0 matches the current leader epoch (state.change.logger)
[2025-03-30 00:52:53,982] INFO [Broker id=0] Ignoring LeaderAndIsr request from controller 0 with correlation id 1 epoch 21 for partition user-avatar-updated-0 since its associated leader epoch 0 matches the current leader epoch (state.change.logger)
[2025-03-30 00:52:53,983] INFO [Broker id=0] Ignoring LeaderAndIsr request from controller 0 with correlation id 1 epoch 21 for partition team-service-topic-0 since its associated leader epoch 0 matches the current leader epoch (state.change.logger)
[2025-03-30 00:52:53,983] INFO [Broker id=0] Ignoring LeaderAndIsr request from controller 0 with correlation id 1 epoch 21 for partition user-service-project-created-0 since its associated leader epoch 0 matches the current leader epoch (state.change.logger)
[2025-03-30 00:52:53,983] INFO [Broker id=0] Ignoring LeaderAndIsr request from controller 0 with correlation id 1 epoch 21 for partition __consumer_offsets-13 since its associated leader epoch 0 matches the current leader epoch (state.change.logger)
[2025-03-30 00:52:53,983] INFO [Broker id=0] Ignoring LeaderAndIsr request from controller 0 with correlation id 1 epoch 21 for partition __consumer_offsets-46 since its associated leader epoch 0 matches the current leader epoch (state.change.logger)
[2025-03-30 00:52:53,983] INFO [Broker id=0] Ignoring LeaderAndIsr request from controller 0 with correlation id 1 epoch 21 for partition __consumer_offsets-9 since its associated leader epoch 0 matches the current leader epoch (state.change.logger)
[2025-03-30 00:52:53,983] INFO [Broker id=0] Ignoring LeaderAndIsr request from controller 0 with correlation id 1 epoch 21 for partition __consumer_offsets-42 since its associated leader epoch 0 matches the current leader epoch (state.change.logger)
[2025-03-30 00:52:53,983] INFO [Broker id=0] Ignoring LeaderAndIsr request from controller 0 with correlation id 1 epoch 21 for partition __consumer_offsets-21 since its associated leader epoch 0 matches the current leader epoch (state.change.logger)
[2025-03-30 00:52:53,983] INFO [Broker id=0] Ignoring LeaderAndIsr request from controller 0 with correlation id 1 epoch 21 for partition __consumer_offsets-17 since its associated leader epoch 0 matches the current leader epoch (state.change.logger)
[2025-03-30 00:52:53,983] INFO [Broker id=0] Ignoring LeaderAndIsr request from controller 0 with correlation id 1 epoch 21 for partition __consumer_offsets-30 since its associated leader epoch 0 matches the current leader epoch (state.change.logger)
[2025-03-30 00:52:53,983] INFO [Broker id=0] Ignoring LeaderAndIsr request from controller 0 with correlation id 1 epoch 21 for partition __consumer_offsets-26 since its associated leader epoch 0 matches the current leader epoch (state.change.logger)
[2025-03-30 00:52:53,983] INFO [Broker id=0] Ignoring LeaderAndIsr request from controller 0 with correlation id 1 epoch 21 for partition __consumer_offsets-5 since its associated leader epoch 0 matches the current leader epoch (state.change.logger)
[2025-03-30 00:52:53,983] INFO [Broker id=0] Ignoring LeaderAndIsr request from controller 0 with correlation id 1 epoch 21 for partition __consumer_offsets-38 since its associated leader epoch 0 matches the current leader epoch (state.change.logger)
[2025-03-30 00:52:53,983] INFO [Broker id=0] Ignoring LeaderAndIsr request from controller 0 with correlation id 1 epoch 21 for partition __consumer_offsets-1 since its associated leader epoch 0 matches the current leader epoch (state.change.logger)
[2025-03-30 00:52:53,983] INFO [Broker id=0] Ignoring LeaderAndIsr request from controller 0 with correlation id 1 epoch 21 for partition __consumer_offsets-34 since its associated leader epoch 0 matches the current leader epoch (state.change.logger)
[2025-03-30 00:52:53,983] INFO [Broker id=0] Ignoring LeaderAndIsr request from controller 0 with correlation id 1 epoch 21 for partition __consumer_offsets-16 since its associated leader epoch 0 matches the current leader epoch (state.change.logger)
[2025-03-30 00:52:53,983] INFO [Broker id=0] Ignoring LeaderAndIsr request from controller 0 with correlation id 1 epoch 21 for partition __consumer_offsets-45 since its associated leader epoch 0 matches the current leader epoch (state.change.logger)
[2025-03-30 00:52:53,983] INFO [Broker id=0] Ignoring LeaderAndIsr request from controller 0 with correlation id 1 epoch 21 for partition __consumer_offsets-12 since its associated leader epoch 0 matches the current leader epoch (state.change.logger)
[2025-03-30 00:52:53,983] INFO [Broker id=0] Ignoring LeaderAndIsr request from controller 0 with correlation id 1 epoch 21 for partition __consumer_offsets-41 since its associated leader epoch 0 matches the current leader epoch (state.change.logger)
[2025-03-30 00:52:53,983] INFO [Broker id=0] Ignoring LeaderAndIsr request from controller 0 with correlation id 1 epoch 21 for partition __consumer_offsets-24 since its associated leader epoch 0 matches the current leader epoch (state.change.logger)
[2025-03-30 00:52:53,983] INFO [Broker id=0] Ignoring LeaderAndIsr request from controller 0 with correlation id 1 epoch 21 for partition __consumer_offsets-20 since its associated leader epoch 0 matches the current leader epoch (state.change.logger)
[2025-03-30 00:52:53,983] INFO [Broker id=0] Ignoring LeaderAndIsr request from controller 0 with correlation id 1 epoch 21 for partition __consumer_offsets-49 since its associated leader epoch 0 matches the current leader epoch (state.change.logger)
[2025-03-30 00:52:53,983] INFO [Broker id=0] Ignoring LeaderAndIsr request from controller 0 with correlation id 1 epoch 21 for partition __consumer_offsets-0 since its associated leader epoch 0 matches the current leader epoch (state.change.logger)
[2025-03-30 00:52:53,983] INFO [Broker id=0] Ignoring LeaderAndIsr request from controller 0 with correlation id 1 epoch 21 for partition __consumer_offsets-29 since its associated leader epoch 0 matches the current leader epoch (state.change.logger)
[2025-03-30 00:52:53,983] INFO [Broker id=0] Ignoring LeaderAndIsr request from controller 0 with correlation id 1 epoch 21 for partition __consumer_offsets-25 since its associated leader epoch 0 matches the current leader epoch (state.change.logger)
[2025-03-30 00:52:53,983] INFO [Broker id=0] Ignoring LeaderAndIsr request from controller 0 with correlation id 1 epoch 21 for partition __consumer_offsets-8 since its associated leader epoch 0 matches the current leader epoch (state.change.logger)
[2025-03-30 00:52:53,983] INFO [Broker id=0] Ignoring LeaderAndIsr request from controller 0 with correlation id 1 epoch 21 for partition __consumer_offsets-37 since its associated leader epoch 0 matches the current leader epoch (state.change.logger)
[2025-03-30 00:52:53,983] INFO [Broker id=0] Ignoring LeaderAndIsr request from controller 0 with correlation id 1 epoch 21 for partition __consumer_offsets-4 since its associated leader epoch 0 matches the current leader epoch (state.change.logger)
[2025-03-30 00:52:53,983] INFO [Broker id=0] Ignoring LeaderAndIsr request from controller 0 with correlation id 1 epoch 21 for partition __consumer_offsets-33 since its associated leader epoch 0 matches the current leader epoch (state.change.logger)
[2025-03-30 00:52:53,983] INFO [Broker id=0] Ignoring LeaderAndIsr request from controller 0 with correlation id 1 epoch 21 for partition __consumer_offsets-15 since its associated leader epoch 0 matches the current leader epoch (state.change.logger)
[2025-03-30 00:52:53,983] INFO [Broker id=0] Ignoring LeaderAndIsr request from controller 0 with correlation id 1 epoch 21 for partition __consumer_offsets-48 since its associated leader epoch 0 matches the current leader epoch (state.change.logger)
[2025-03-30 00:52:53,983] INFO [Broker id=0] Ignoring LeaderAndIsr request from controller 0 with correlation id 1 epoch 21 for partition __consumer_offsets-11 since its associated leader epoch 0 matches the current leader epoch (state.change.logger)
[2025-03-30 00:52:53,983] INFO [Broker id=0] Ignoring LeaderAndIsr request from controller 0 with correlation id 1 epoch 21 for partition __consumer_offsets-44 since its associated leader epoch 0 matches the current leader epoch (state.change.logger)
[2025-03-30 00:52:53,983] INFO [Broker id=0] Ignoring LeaderAndIsr request from controller 0 with correlation id 1 epoch 21 for partition __consumer_offsets-23 since its associated leader epoch 0 matches the current leader epoch (state.change.logger)
[2025-03-30 00:52:53,984] INFO [Broker id=0] Ignoring LeaderAndIsr request from controller 0 with correlation id 1 epoch 21 for partition __consumer_offsets-19 since its associated leader epoch 0 matches the current leader epoch (state.change.logger)
[2025-03-30 00:52:53,984] INFO [Broker id=0] Ignoring LeaderAndIsr request from controller 0 with correlation id 1 epoch 21 for partition __consumer_offsets-32 since its associated leader epoch 0 matches the current leader epoch (state.change.logger)
[2025-03-30 00:52:53,984] INFO [Broker id=0] Ignoring LeaderAndIsr request from controller 0 with correlation id 1 epoch 21 for partition __consumer_offsets-28 since its associated leader epoch 0 matches the current leader epoch (state.change.logger)
[2025-03-30 00:52:53,984] INFO [Broker id=0] Ignoring LeaderAndIsr request from controller 0 with correlation id 1 epoch 21 for partition __consumer_offsets-7 since its associated leader epoch 0 matches the current leader epoch (state.change.logger)
[2025-03-30 00:52:53,984] INFO [Broker id=0] Ignoring LeaderAndIsr request from controller 0 with correlation id 1 epoch 21 for partition __consumer_offsets-40 since its associated leader epoch 0 matches the current leader epoch (state.change.logger)
[2025-03-30 00:52:53,984] INFO [Broker id=0] Ignoring LeaderAndIsr request from controller 0 with correlation id 1 epoch 21 for partition __consumer_offsets-3 since its associated leader epoch 0 matches the current leader epoch (state.change.logger)
[2025-03-30 00:52:53,984] INFO [Broker id=0] Ignoring LeaderAndIsr request from controller 0 with correlation id 1 epoch 21 for partition __consumer_offsets-36 since its associated leader epoch 0 matches the current leader epoch (state.change.logger)
[2025-03-30 00:52:53,984] INFO [Broker id=0] Ignoring LeaderAndIsr request from controller 0 with correlation id 1 epoch 21 for partition __consumer_offsets-47 since its associated leader epoch 0 matches the current leader epoch (state.change.logger)
[2025-03-30 00:52:53,984] INFO [Broker id=0] Ignoring LeaderAndIsr request from controller 0 with correlation id 1 epoch 21 for partition __consumer_offsets-14 since its associated leader epoch 0 matches the current leader epoch (state.change.logger)
[2025-03-30 00:52:53,984] INFO [Broker id=0] Ignoring LeaderAndIsr request from controller 0 with correlation id 1 epoch 21 for partition __consumer_offsets-43 since its associated leader epoch 0 matches the current leader epoch (state.change.logger)
[2025-03-30 00:52:53,984] INFO [Broker id=0] Ignoring LeaderAndIsr request from controller 0 with correlation id 1 epoch 21 for partition __consumer_offsets-10 since its associated leader epoch 0 matches the current leader epoch (state.change.logger)
[2025-03-30 00:52:53,984] INFO [Broker id=0] Ignoring LeaderAndIsr request from controller 0 with correlation id 1 epoch 21 for partition __consumer_offsets-22 since its associated leader epoch 0 matches the current leader epoch (state.change.logger)
[2025-03-30 00:52:53,984] INFO [Broker id=0] Ignoring LeaderAndIsr request from controller 0 with correlation id 1 epoch 21 for partition __consumer_offsets-18 since its associated leader epoch 0 matches the current leader epoch (state.change.logger)
[2025-03-30 00:52:53,984] INFO [Broker id=0] Ignoring LeaderAndIsr request from controller 0 with correlation id 1 epoch 21 for partition __consumer_offsets-31 since its associated leader epoch 0 matches the current leader epoch (state.change.logger)
[2025-03-30 00:52:53,984] INFO [Broker id=0] Ignoring LeaderAndIsr request from controller 0 with correlation id 1 epoch 21 for partition __consumer_offsets-27 since its associated leader epoch 0 matches the current leader epoch (state.change.logger)
[2025-03-30 00:52:53,984] INFO [Broker id=0] Ignoring LeaderAndIsr request from controller 0 with correlation id 1 epoch 21 for partition __consumer_offsets-39 since its associated leader epoch 0 matches the current leader epoch (state.change.logger)
[2025-03-30 00:52:53,984] INFO [Broker id=0] Ignoring LeaderAndIsr request from controller 0 with correlation id 1 epoch 21 for partition __consumer_offsets-6 since its associated leader epoch 0 matches the current leader epoch (state.change.logger)
[2025-03-30 00:52:53,984] INFO [Broker id=0] Ignoring LeaderAndIsr request from controller 0 with correlation id 1 epoch 21 for partition __consumer_offsets-35 since its associated leader epoch 0 matches the current leader epoch (state.change.logger)
[2025-03-30 00:52:53,984] INFO [Broker id=0] Ignoring LeaderAndIsr request from controller 0 with correlation id 1 epoch 21 for partition __consumer_offsets-2 since its associated leader epoch 0 matches the current leader epoch (state.change.logger)
[2025-03-30 00:52:53,984] INFO [Broker id=0] Ignoring LeaderAndIsr request from controller 0 with correlation id 1 epoch 21 for partition team-service-invite-members-0 since its associated leader epoch 0 matches the current leader epoch (state.change.logger)
[2025-03-30 00:52:53,986] INFO [Broker id=0] Finished LeaderAndIsr request in 12ms correlationId 1 from controller 0 for 56 partitions (state.change.logger)
[2025-03-30 00:52:53,991] INFO [Broker id=0] Add 56 partitions and deleted 0 partitions from metadata cache in response to UpdateMetadata request sent by controller 0 epoch 21 with correlation id 2 (state.change.logger)
[2025-03-30 01:48:19,645] INFO [Controller id=0 epoch=22] Sending UpdateMetadata request to brokers HashSet(0) for 0 partitions (state.change.logger)
[2025-03-30 01:48:19,653] INFO [Controller id=0 epoch=22] Sending LeaderAndIsr request to broker 0 with 56 become-leader and 0 become-follower partitions (state.change.logger)
[2025-03-30 01:48:19,654] INFO [Controller id=0 epoch=22] Sending UpdateMetadata request to brokers HashSet(0) for 56 partitions (state.change.logger)
[2025-03-30 01:48:19,656] INFO [Broker id=0] Handling LeaderAndIsr request correlationId 1 from controller 0 for 56 partitions (state.change.logger)
[2025-03-30 01:48:19,657] INFO [Broker id=0] Ignoring LeaderAndIsr request from controller 0 with correlation id 1 epoch 22 for partition user-service-invite-members-0 since its associated leader epoch 0 matches the current leader epoch (state.change.logger)
[2025-03-30 01:48:19,657] INFO [Broker id=0] Ignoring LeaderAndIsr request from controller 0 with correlation id 1 epoch 22 for partition file-upload-0 since its associated leader epoch 0 matches the current leader epoch (state.change.logger)
[2025-03-30 01:48:19,657] INFO [Broker id=0] Ignoring LeaderAndIsr request from controller 0 with correlation id 1 epoch 22 for partition user-avatar-updated-0 since its associated leader epoch 0 matches the current leader epoch (state.change.logger)
[2025-03-30 01:48:19,657] INFO [Broker id=0] Ignoring LeaderAndIsr request from controller 0 with correlation id 1 epoch 22 for partition team-service-topic-0 since its associated leader epoch 0 matches the current leader epoch (state.change.logger)
[2025-03-30 01:48:19,657] INFO [Broker id=0] Ignoring LeaderAndIsr request from controller 0 with correlation id 1 epoch 22 for partition user-service-project-created-0 since its associated leader epoch 0 matches the current leader epoch (state.change.logger)
[2025-03-30 01:48:19,657] INFO [Broker id=0] Ignoring LeaderAndIsr request from controller 0 with correlation id 1 epoch 22 for partition __consumer_offsets-13 since its associated leader epoch 0 matches the current leader epoch (state.change.logger)
[2025-03-30 01:48:19,657] INFO [Broker id=0] Ignoring LeaderAndIsr request from controller 0 with correlation id 1 epoch 22 for partition __consumer_offsets-46 since its associated leader epoch 0 matches the current leader epoch (state.change.logger)
[2025-03-30 01:48:19,657] INFO [Broker id=0] Ignoring LeaderAndIsr request from controller 0 with correlation id 1 epoch 22 for partition __consumer_offsets-9 since its associated leader epoch 0 matches the current leader epoch (state.change.logger)
[2025-03-30 01:48:19,657] INFO [Broker id=0] Ignoring LeaderAndIsr request from controller 0 with correlation id 1 epoch 22 for partition __consumer_offsets-42 since its associated leader epoch 0 matches the current leader epoch (state.change.logger)
[2025-03-30 01:48:19,658] INFO [Broker id=0] Ignoring LeaderAndIsr request from controller 0 with correlation id 1 epoch 22 for partition __consumer_offsets-21 since its associated leader epoch 0 matches the current leader epoch (state.change.logger)
[2025-03-30 01:48:19,658] INFO [Broker id=0] Ignoring LeaderAndIsr request from controller 0 with correlation id 1 epoch 22 for partition __consumer_offsets-17 since its associated leader epoch 0 matches the current leader epoch (state.change.logger)
[2025-03-30 01:48:19,658] INFO [Broker id=0] Ignoring LeaderAndIsr request from controller 0 with correlation id 1 epoch 22 for partition __consumer_offsets-30 since its associated leader epoch 0 matches the current leader epoch (state.change.logger)
[2025-03-30 01:48:19,658] INFO [Broker id=0] Ignoring LeaderAndIsr request from controller 0 with correlation id 1 epoch 22 for partition __consumer_offsets-26 since its associated leader epoch 0 matches the current leader epoch (state.change.logger)
[2025-03-30 01:48:19,658] INFO [Broker id=0] Ignoring LeaderAndIsr request from controller 0 with correlation id 1 epoch 22 for partition __consumer_offsets-5 since its associated leader epoch 0 matches the current leader epoch (state.change.logger)
[2025-03-30 01:48:19,659] INFO [Broker id=0] Ignoring LeaderAndIsr request from controller 0 with correlation id 1 epoch 22 for partition __consumer_offsets-38 since its associated leader epoch 0 matches the current leader epoch (state.change.logger)
[2025-03-30 01:48:19,659] INFO [Broker id=0] Ignoring LeaderAndIsr request from controller 0 with correlation id 1 epoch 22 for partition __consumer_offsets-1 since its associated leader epoch 0 matches the current leader epoch (state.change.logger)
[2025-03-30 01:48:19,659] INFO [Broker id=0] Ignoring LeaderAndIsr request from controller 0 with correlation id 1 epoch 22 for partition __consumer_offsets-34 since its associated leader epoch 0 matches the current leader epoch (state.change.logger)
[2025-03-30 01:48:19,659] INFO [Broker id=0] Ignoring LeaderAndIsr request from controller 0 with correlation id 1 epoch 22 for partition __consumer_offsets-16 since its associated leader epoch 0 matches the current leader epoch (state.change.logger)
[2025-03-30 01:48:19,659] INFO [Broker id=0] Ignoring LeaderAndIsr request from controller 0 with correlation id 1 epoch 22 for partition __consumer_offsets-45 since its associated leader epoch 0 matches the current leader epoch (state.change.logger)
[2025-03-30 01:48:19,659] INFO [Broker id=0] Ignoring LeaderAndIsr request from controller 0 with correlation id 1 epoch 22 for partition __consumer_offsets-12 since its associated leader epoch 0 matches the current leader epoch (state.change.logger)
[2025-03-30 01:48:19,659] INFO [Broker id=0] Ignoring LeaderAndIsr request from controller 0 with correlation id 1 epoch 22 for partition __consumer_offsets-41 since its associated leader epoch 0 matches the current leader epoch (state.change.logger)
[2025-03-30 01:48:19,659] INFO [Broker id=0] Ignoring LeaderAndIsr request from controller 0 with correlation id 1 epoch 22 for partition __consumer_offsets-24 since its associated leader epoch 0 matches the current leader epoch (state.change.logger)
[2025-03-30 01:48:19,659] INFO [Broker id=0] Ignoring LeaderAndIsr request from controller 0 with correlation id 1 epoch 22 for partition __consumer_offsets-20 since its associated leader epoch 0 matches the current leader epoch (state.change.logger)
[2025-03-30 01:48:19,659] INFO [Broker id=0] Ignoring LeaderAndIsr request from controller 0 with correlation id 1 epoch 22 for partition __consumer_offsets-49 since its associated leader epoch 0 matches the current leader epoch (state.change.logger)
[2025-03-30 01:48:19,659] INFO [Broker id=0] Ignoring LeaderAndIsr request from controller 0 with correlation id 1 epoch 22 for partition __consumer_offsets-0 since its associated leader epoch 0 matches the current leader epoch (state.change.logger)
[2025-03-30 01:48:19,659] INFO [Broker id=0] Ignoring LeaderAndIsr request from controller 0 with correlation id 1 epoch 22 for partition __consumer_offsets-29 since its associated leader epoch 0 matches the current leader epoch (state.change.logger)
[2025-03-30 01:48:19,659] INFO [Broker id=0] Ignoring LeaderAndIsr request from controller 0 with correlation id 1 epoch 22 for partition __consumer_offsets-25 since its associated leader epoch 0 matches the current leader epoch (state.change.logger)
[2025-03-30 01:48:19,659] INFO [Broker id=0] Ignoring LeaderAndIsr request from controller 0 with correlation id 1 epoch 22 for partition __consumer_offsets-8 since its associated leader epoch 0 matches the current leader epoch (state.change.logger)
[2025-03-30 01:48:19,659] INFO [Broker id=0] Ignoring LeaderAndIsr request from controller 0 with correlation id 1 epoch 22 for partition __consumer_offsets-37 since its associated leader epoch 0 matches the current leader epoch (state.change.logger)
[2025-03-30 01:48:19,659] INFO [Broker id=0] Ignoring LeaderAndIsr request from controller 0 with correlation id 1 epoch 22 for partition __consumer_offsets-4 since its associated leader epoch 0 matches the current leader epoch (state.change.logger)
[2025-03-30 01:48:19,659] INFO [Broker id=0] Ignoring LeaderAndIsr request from controller 0 with correlation id 1 epoch 22 for partition __consumer_offsets-33 since its associated leader epoch 0 matches the current leader epoch (state.change.logger)
[2025-03-30 01:48:19,659] INFO [Broker id=0] Ignoring LeaderAndIsr request from controller 0 with correlation id 1 epoch 22 for partition __consumer_offsets-15 since its associated leader epoch 0 matches the current leader epoch (state.change.logger)
[2025-03-30 01:48:19,659] INFO [Broker id=0] Ignoring LeaderAndIsr request from controller 0 with correlation id 1 epoch 22 for partition __consumer_offsets-48 since its associated leader epoch 0 matches the current leader epoch (state.change.logger)
[2025-03-30 01:48:19,659] INFO [Broker id=0] Ignoring LeaderAndIsr request from controller 0 with correlation id 1 epoch 22 for partition __consumer_offsets-11 since its associated leader epoch 0 matches the current leader epoch (state.change.logger)
[2025-03-30 01:48:19,659] INFO [Broker id=0] Ignoring LeaderAndIsr request from controller 0 with correlation id 1 epoch 22 for partition __consumer_offsets-44 since its associated leader epoch 0 matches the current leader epoch (state.change.logger)
[2025-03-30 01:48:19,659] INFO [Broker id=0] Ignoring LeaderAndIsr request from controller 0 with correlation id 1 epoch 22 for partition __consumer_offsets-23 since its associated leader epoch 0 matches the current leader epoch (state.change.logger)
[2025-03-30 01:48:19,659] INFO [Broker id=0] Ignoring LeaderAndIsr request from controller 0 with correlation id 1 epoch 22 for partition __consumer_offsets-19 since its associated leader epoch 0 matches the current leader epoch (state.change.logger)
[2025-03-30 01:48:19,659] INFO [Broker id=0] Ignoring LeaderAndIsr request from controller 0 with correlation id 1 epoch 22 for partition __consumer_offsets-32 since its associated leader epoch 0 matches the current leader epoch (state.change.logger)
[2025-03-30 01:48:19,659] INFO [Broker id=0] Ignoring LeaderAndIsr request from controller 0 with correlation id 1 epoch 22 for partition __consumer_offsets-28 since its associated leader epoch 0 matches the current leader epoch (state.change.logger)
[2025-03-30 01:48:19,659] INFO [Broker id=0] Ignoring LeaderAndIsr request from controller 0 with correlation id 1 epoch 22 for partition __consumer_offsets-7 since its associated leader epoch 0 matches the current leader epoch (state.change.logger)
[2025-03-30 01:48:19,659] INFO [Broker id=0] Ignoring LeaderAndIsr request from controller 0 with correlation id 1 epoch 22 for partition __consumer_offsets-40 since its associated leader epoch 0 matches the current leader epoch (state.change.logger)
[2025-03-30 01:48:19,659] INFO [Broker id=0] Ignoring LeaderAndIsr request from controller 0 with correlation id 1 epoch 22 for partition __consumer_offsets-3 since its associated leader epoch 0 matches the current leader epoch (state.change.logger)
[2025-03-30 01:48:19,659] INFO [Broker id=0] Ignoring LeaderAndIsr request from controller 0 with correlation id 1 epoch 22 for partition __consumer_offsets-36 since its associated leader epoch 0 matches the current leader epoch (state.change.logger)
[2025-03-30 01:48:19,659] INFO [Broker id=0] Ignoring LeaderAndIsr request from controller 0 with correlation id 1 epoch 22 for partition __consumer_offsets-47 since its associated leader epoch 0 matches the current leader epoch (state.change.logger)
[2025-03-30 01:48:19,659] INFO [Broker id=0] Ignoring LeaderAndIsr request from controller 0 with correlation id 1 epoch 22 for partition __consumer_offsets-14 since its associated leader epoch 0 matches the current leader epoch (state.change.logger)
[2025-03-30 01:48:19,659] INFO [Broker id=0] Ignoring LeaderAndIsr request from controller 0 with correlation id 1 epoch 22 for partition __consumer_offsets-43 since its associated leader epoch 0 matches the current leader epoch (state.change.logger)
[2025-03-30 01:48:19,659] INFO [Broker id=0] Ignoring LeaderAndIsr request from controller 0 with correlation id 1 epoch 22 for partition __consumer_offsets-10 since its associated leader epoch 0 matches the current leader epoch (state.change.logger)
[2025-03-30 01:48:19,659] INFO [Broker id=0] Ignoring LeaderAndIsr request from controller 0 with correlation id 1 epoch 22 for partition __consumer_offsets-22 since its associated leader epoch 0 matches the current leader epoch (state.change.logger)
[2025-03-30 01:48:19,659] INFO [Broker id=0] Ignoring LeaderAndIsr request from controller 0 with correlation id 1 epoch 22 for partition __consumer_offsets-18 since its associated leader epoch 0 matches the current leader epoch (state.change.logger)
[2025-03-30 01:48:19,659] INFO [Broker id=0] Ignoring LeaderAndIsr request from controller 0 with correlation id 1 epoch 22 for partition __consumer_offsets-31 since its associated leader epoch 0 matches the current leader epoch (state.change.logger)
[2025-03-30 01:48:19,659] INFO [Broker id=0] Ignoring LeaderAndIsr request from controller 0 with correlation id 1 epoch 22 for partition __consumer_offsets-27 since its associated leader epoch 0 matches the current leader epoch (state.change.logger)
[2025-03-30 01:48:19,659] INFO [Broker id=0] Ignoring LeaderAndIsr request from controller 0 with correlation id 1 epoch 22 for partition __consumer_offsets-39 since its associated leader epoch 0 matches the current leader epoch (state.change.logger)
[2025-03-30 01:48:19,659] INFO [Broker id=0] Ignoring LeaderAndIsr request from controller 0 with correlation id 1 epoch 22 for partition __consumer_offsets-6 since its associated leader epoch 0 matches the current leader epoch (state.change.logger)
[2025-03-30 01:48:19,659] INFO [Broker id=0] Ignoring LeaderAndIsr request from controller 0 with correlation id 1 epoch 22 for partition __consumer_offsets-35 since its associated leader epoch 0 matches the current leader epoch (state.change.logger)
[2025-03-30 01:48:19,659] INFO [Broker id=0] Ignoring LeaderAndIsr request from controller 0 with correlation id 1 epoch 22 for partition __consumer_offsets-2 since its associated leader epoch 0 matches the current leader epoch (state.change.logger)
[2025-03-30 01:48:19,659] INFO [Broker id=0] Ignoring LeaderAndIsr request from controller 0 with correlation id 1 epoch 22 for partition team-service-invite-members-0 since its associated leader epoch 0 matches the current leader epoch (state.change.logger)
[2025-03-30 01:48:19,661] INFO [Broker id=0] Finished LeaderAndIsr request in 5ms correlationId 1 from controller 0 for 56 partitions (state.change.logger)
[2025-03-30 01:48:19,663] INFO [Broker id=0] Add 56 partitions and deleted 0 partitions from metadata cache in response to UpdateMetadata request sent by controller 0 epoch 22 with correlation id 2 (state.change.logger)
[2025-03-30 02:10:24,650] INFO [Controller id=0 epoch=23] Sending UpdateMetadata request to brokers HashSet(0) for 0 partitions (state.change.logger)
[2025-03-30 02:10:24,655] INFO [Controller id=0 epoch=23] Sending LeaderAndIsr request to broker 0 with 56 become-leader and 0 become-follower partitions (state.change.logger)
[2025-03-30 02:10:24,655] INFO [Controller id=0 epoch=23] Sending UpdateMetadata request to brokers HashSet(0) for 56 partitions (state.change.logger)
[2025-03-30 02:10:24,656] INFO [Broker id=0] Handling LeaderAndIsr request correlationId 1 from controller 0 for 56 partitions (state.change.logger)
[2025-03-30 02:10:24,657] INFO [Broker id=0] Ignoring LeaderAndIsr request from controller 0 with correlation id 1 epoch 23 for partition user-service-invite-members-0 since its associated leader epoch 0 matches the current leader epoch (state.change.logger)
[2025-03-30 02:10:24,657] INFO [Broker id=0] Ignoring LeaderAndIsr request from controller 0 with correlation id 1 epoch 23 for partition file-upload-0 since its associated leader epoch 0 matches the current leader epoch (state.change.logger)
[2025-03-30 02:10:24,657] INFO [Broker id=0] Ignoring LeaderAndIsr request from controller 0 with correlation id 1 epoch 23 for partition user-avatar-updated-0 since its associated leader epoch 0 matches the current leader epoch (state.change.logger)
[2025-03-30 02:10:24,657] INFO [Broker id=0] Ignoring LeaderAndIsr request from controller 0 with correlation id 1 epoch 23 for partition team-service-topic-0 since its associated leader epoch 0 matches the current leader epoch (state.change.logger)
[2025-03-30 02:10:24,657] INFO [Broker id=0] Ignoring LeaderAndIsr request from controller 0 with correlation id 1 epoch 23 for partition user-service-project-created-0 since its associated leader epoch 0 matches the current leader epoch (state.change.logger)
[2025-03-30 02:10:24,657] INFO [Broker id=0] Ignoring LeaderAndIsr request from controller 0 with correlation id 1 epoch 23 for partition __consumer_offsets-13 since its associated leader epoch 0 matches the current leader epoch (state.change.logger)
[2025-03-30 02:10:24,657] INFO [Broker id=0] Ignoring LeaderAndIsr request from controller 0 with correlation id 1 epoch 23 for partition __consumer_offsets-46 since its associated leader epoch 0 matches the current leader epoch (state.change.logger)
[2025-03-30 02:10:24,657] INFO [Broker id=0] Ignoring LeaderAndIsr request from controller 0 with correlation id 1 epoch 23 for partition __consumer_offsets-9 since its associated leader epoch 0 matches the current leader epoch (state.change.logger)
[2025-03-30 02:10:24,657] INFO [Broker id=0] Ignoring LeaderAndIsr request from controller 0 with correlation id 1 epoch 23 for partition __consumer_offsets-42 since its associated leader epoch 0 matches the current leader epoch (state.change.logger)
[2025-03-30 02:10:24,657] INFO [Broker id=0] Ignoring LeaderAndIsr request from controller 0 with correlation id 1 epoch 23 for partition __consumer_offsets-21 since its associated leader epoch 0 matches the current leader epoch (state.change.logger)
[2025-03-30 02:10:24,657] INFO [Broker id=0] Ignoring LeaderAndIsr request from controller 0 with correlation id 1 epoch 23 for partition __consumer_offsets-17 since its associated leader epoch 0 matches the current leader epoch (state.change.logger)
[2025-03-30 02:10:24,657] INFO [Broker id=0] Ignoring LeaderAndIsr request from controller 0 with correlation id 1 epoch 23 for partition __consumer_offsets-30 since its associated leader epoch 0 matches the current leader epoch (state.change.logger)
[2025-03-30 02:10:24,657] INFO [Broker id=0] Ignoring LeaderAndIsr request from controller 0 with correlation id 1 epoch 23 for partition __consumer_offsets-26 since its associated leader epoch 0 matches the current leader epoch (state.change.logger)
[2025-03-30 02:10:24,657] INFO [Broker id=0] Ignoring LeaderAndIsr request from controller 0 with correlation id 1 epoch 23 for partition __consumer_offsets-5 since its associated leader epoch 0 matches the current leader epoch (state.change.logger)
[2025-03-30 02:10:24,657] INFO [Broker id=0] Ignoring LeaderAndIsr request from controller 0 with correlation id 1 epoch 23 for partition __consumer_offsets-38 since its associated leader epoch 0 matches the current leader epoch (state.change.logger)
[2025-03-30 02:10:24,657] INFO [Broker id=0] Ignoring LeaderAndIsr request from controller 0 with correlation id 1 epoch 23 for partition __consumer_offsets-1 since its associated leader epoch 0 matches the current leader epoch (state.change.logger)
[2025-03-30 02:10:24,657] INFO [Broker id=0] Ignoring LeaderAndIsr request from controller 0 with correlation id 1 epoch 23 for partition __consumer_offsets-34 since its associated leader epoch 0 matches the current leader epoch (state.change.logger)
[2025-03-30 02:10:24,657] INFO [Broker id=0] Ignoring LeaderAndIsr request from controller 0 with correlation id 1 epoch 23 for partition __consumer_offsets-16 since its associated leader epoch 0 matches the current leader epoch (state.change.logger)
[2025-03-30 02:10:24,657] INFO [Broker id=0] Ignoring LeaderAndIsr request from controller 0 with correlation id 1 epoch 23 for partition __consumer_offsets-45 since its associated leader epoch 0 matches the current leader epoch (state.change.logger)
[2025-03-30 02:10:24,657] INFO [Broker id=0] Ignoring LeaderAndIsr request from controller 0 with correlation id 1 epoch 23 for partition __consumer_offsets-12 since its associated leader epoch 0 matches the current leader epoch (state.change.logger)
[2025-03-30 02:10:24,657] INFO [Broker id=0] Ignoring LeaderAndIsr request from controller 0 with correlation id 1 epoch 23 for partition __consumer_offsets-41 since its associated leader epoch 0 matches the current leader epoch (state.change.logger)
[2025-03-30 02:10:24,657] INFO [Broker id=0] Ignoring LeaderAndIsr request from controller 0 with correlation id 1 epoch 23 for partition __consumer_offsets-24 since its associated leader epoch 0 matches the current leader epoch (state.change.logger)
[2025-03-30 02:10:24,657] INFO [Broker id=0] Ignoring LeaderAndIsr request from controller 0 with correlation id 1 epoch 23 for partition __consumer_offsets-20 since its associated leader epoch 0 matches the current leader epoch (state.change.logger)
[2025-03-30 02:10:24,657] INFO [Broker id=0] Ignoring LeaderAndIsr request from controller 0 with correlation id 1 epoch 23 for partition __consumer_offsets-49 since its associated leader epoch 0 matches the current leader epoch (state.change.logger)
[2025-03-30 02:10:24,657] INFO [Broker id=0] Ignoring LeaderAndIsr request from controller 0 with correlation id 1 epoch 23 for partition __consumer_offsets-0 since its associated leader epoch 0 matches the current leader epoch (state.change.logger)
[2025-03-30 02:10:24,657] INFO [Broker id=0] Ignoring LeaderAndIsr request from controller 0 with correlation id 1 epoch 23 for partition __consumer_offsets-29 since its associated leader epoch 0 matches the current leader epoch (state.change.logger)
[2025-03-30 02:10:24,657] INFO [Broker id=0] Ignoring LeaderAndIsr request from controller 0 with correlation id 1 epoch 23 for partition __consumer_offsets-25 since its associated leader epoch 0 matches the current leader epoch (state.change.logger)
[2025-03-30 02:10:24,657] INFO [Broker id=0] Ignoring LeaderAndIsr request from controller 0 with correlation id 1 epoch 23 for partition __consumer_offsets-8 since its associated leader epoch 0 matches the current leader epoch (state.change.logger)
[2025-03-30 02:10:24,657] INFO [Broker id=0] Ignoring LeaderAndIsr request from controller 0 with correlation id 1 epoch 23 for partition __consumer_offsets-37 since its associated leader epoch 0 matches the current leader epoch (state.change.logger)
[2025-03-30 02:10:24,657] INFO [Broker id=0] Ignoring LeaderAndIsr request from controller 0 with correlation id 1 epoch 23 for partition __consumer_offsets-4 since its associated leader epoch 0 matches the current leader epoch (state.change.logger)
[2025-03-30 02:10:24,657] INFO [Broker id=0] Ignoring LeaderAndIsr request from controller 0 with correlation id 1 epoch 23 for partition __consumer_offsets-33 since its associated leader epoch 0 matches the current leader epoch (state.change.logger)
[2025-03-30 02:10:24,657] INFO [Broker id=0] Ignoring LeaderAndIsr request from controller 0 with correlation id 1 epoch 23 for partition __consumer_offsets-15 since its associated leader epoch 0 matches the current leader epoch (state.change.logger)
[2025-03-30 02:10:24,657] INFO [Broker id=0] Ignoring LeaderAndIsr request from controller 0 with correlation id 1 epoch 23 for partition __consumer_offsets-48 since its associated leader epoch 0 matches the current leader epoch (state.change.logger)
[2025-03-30 02:10:24,657] INFO [Broker id=0] Ignoring LeaderAndIsr request from controller 0 with correlation id 1 epoch 23 for partition __consumer_offsets-11 since its associated leader epoch 0 matches the current leader epoch (state.change.logger)
[2025-03-30 02:10:24,657] INFO [Broker id=0] Ignoring LeaderAndIsr request from controller 0 with correlation id 1 epoch 23 for partition __consumer_offsets-44 since its associated leader epoch 0 matches the current leader epoch (state.change.logger)
[2025-03-30 02:10:24,657] INFO [Broker id=0] Ignoring LeaderAndIsr request from controller 0 with correlation id 1 epoch 23 for partition __consumer_offsets-23 since its associated leader epoch 0 matches the current leader epoch (state.change.logger)
[2025-03-30 02:10:24,657] INFO [Broker id=0] Ignoring LeaderAndIsr request from controller 0 with correlation id 1 epoch 23 for partition __consumer_offsets-19 since its associated leader epoch 0 matches the current leader epoch (state.change.logger)
[2025-03-30 02:10:24,657] INFO [Broker id=0] Ignoring LeaderAndIsr request from controller 0 with correlation id 1 epoch 23 for partition __consumer_offsets-32 since its associated leader epoch 0 matches the current leader epoch (state.change.logger)
[2025-03-30 02:10:24,657] INFO [Broker id=0] Ignoring LeaderAndIsr request from controller 0 with correlation id 1 epoch 23 for partition __consumer_offsets-28 since its associated leader epoch 0 matches the current leader epoch (state.change.logger)
[2025-03-30 02:10:24,657] INFO [Broker id=0] Ignoring LeaderAndIsr request from controller 0 with correlation id 1 epoch 23 for partition __consumer_offsets-7 since its associated leader epoch 0 matches the current leader epoch (state.change.logger)
[2025-03-30 02:10:24,657] INFO [Broker id=0] Ignoring LeaderAndIsr request from controller 0 with correlation id 1 epoch 23 for partition __consumer_offsets-40 since its associated leader epoch 0 matches the current leader epoch (state.change.logger)
[2025-03-30 02:10:24,658] INFO [Broker id=0] Ignoring LeaderAndIsr request from controller 0 with correlation id 1 epoch 23 for partition __consumer_offsets-3 since its associated leader epoch 0 matches the current leader epoch (state.change.logger)
[2025-03-30 02:10:24,658] INFO [Broker id=0] Ignoring LeaderAndIsr request from controller 0 with correlation id 1 epoch 23 for partition __consumer_offsets-36 since its associated leader epoch 0 matches the current leader epoch (state.change.logger)
[2025-03-30 02:10:24,658] INFO [Broker id=0] Ignoring LeaderAndIsr request from controller 0 with correlation id 1 epoch 23 for partition __consumer_offsets-47 since its associated leader epoch 0 matches the current leader epoch (state.change.logger)
[2025-03-30 02:10:24,658] INFO [Broker id=0] Ignoring LeaderAndIsr request from controller 0 with correlation id 1 epoch 23 for partition __consumer_offsets-14 since its associated leader epoch 0 matches the current leader epoch (state.change.logger)
[2025-03-30 02:10:24,658] INFO [Broker id=0] Ignoring LeaderAndIsr request from controller 0 with correlation id 1 epoch 23 for partition __consumer_offsets-43 since its associated leader epoch 0 matches the current leader epoch (state.change.logger)
[2025-03-30 02:10:24,658] INFO [Broker id=0] Ignoring LeaderAndIsr request from controller 0 with correlation id 1 epoch 23 for partition __consumer_offsets-10 since its associated leader epoch 0 matches the current leader epoch (state.change.logger)
[2025-03-30 02:10:24,658] INFO [Broker id=0] Ignoring LeaderAndIsr request from controller 0 with correlation id 1 epoch 23 for partition __consumer_offsets-22 since its associated leader epoch 0 matches the current leader epoch (state.change.logger)
[2025-03-30 02:10:24,658] INFO [Broker id=0] Ignoring LeaderAndIsr request from controller 0 with correlation id 1 epoch 23 for partition __consumer_offsets-18 since its associated leader epoch 0 matches the current leader epoch (state.change.logger)
[2025-03-30 02:10:24,658] INFO [Broker id=0] Ignoring LeaderAndIsr request from controller 0 with correlation id 1 epoch 23 for partition __consumer_offsets-31 since its associated leader epoch 0 matches the current leader epoch (state.change.logger)
[2025-03-30 02:10:24,658] INFO [Broker id=0] Ignoring LeaderAndIsr request from controller 0 with correlation id 1 epoch 23 for partition __consumer_offsets-27 since its associated leader epoch 0 matches the current leader epoch (state.change.logger)
[2025-03-30 02:10:24,658] INFO [Broker id=0] Ignoring LeaderAndIsr request from controller 0 with correlation id 1 epoch 23 for partition __consumer_offsets-39 since its associated leader epoch 0 matches the current leader epoch (state.change.logger)
[2025-03-30 02:10:24,658] INFO [Broker id=0] Ignoring LeaderAndIsr request from controller 0 with correlation id 1 epoch 23 for partition __consumer_offsets-6 since its associated leader epoch 0 matches the current leader epoch (state.change.logger)
[2025-03-30 02:10:24,658] INFO [Broker id=0] Ignoring LeaderAndIsr request from controller 0 with correlation id 1 epoch 23 for partition __consumer_offsets-35 since its associated leader epoch 0 matches the current leader epoch (state.change.logger)
[2025-03-30 02:10:24,658] INFO [Broker id=0] Ignoring LeaderAndIsr request from controller 0 with correlation id 1 epoch 23 for partition __consumer_offsets-2 since its associated leader epoch 0 matches the current leader epoch (state.change.logger)
[2025-03-30 02:10:24,658] INFO [Broker id=0] Ignoring LeaderAndIsr request from controller 0 with correlation id 1 epoch 23 for partition team-service-invite-members-0 since its associated leader epoch 0 matches the current leader epoch (state.change.logger)
[2025-03-30 02:10:24,659] INFO [Broker id=0] Finished LeaderAndIsr request in 3ms correlationId 1 from controller 0 for 56 partitions (state.change.logger)
[2025-03-30 02:10:24,662] INFO [Broker id=0] Add 56 partitions and deleted 0 partitions from metadata cache in response to UpdateMetadata request sent by controller 0 epoch 23 with correlation id 2 (state.change.logger)
